
C:/Users/domin/Desktop/Computerarchitektur/Labor2_Template/lab2a/build/src/lab2a.elf:     file format elf32-littleriscv

Sections:
Idx Name          Size      VMA       LMA       File off  Algn
  0 .text         00003f70  10000000  10000000  00001000  2**2
                  CONTENTS, ALLOC, LOAD, READONLY, CODE
  1 .rodata       000003fc  10003f70  10003f70  00004f70  2**3
                  CONTENTS, ALLOC, LOAD, READONLY, DATA
  2 .binary_info  00000028  1000436c  1000436c  0000536c  2**2
                  CONTENTS, ALLOC, LOAD, READONLY, DATA
  3 .uninitialized_data 00000000  20000000  20000000  00008534  2**0
                  CONTENTS
  4 .data         0000218c  20000000  10004394  00006000  2**6
                  CONTENTS, ALLOC, LOAD, CODE
  5 .tdata        00000000  2000218c  2000218c  00008534  2**0
                  CONTENTS, ALLOC, LOAD, DATA, THREAD_LOCAL
  6 .tbss         00000000  2000218c  2000218c  00000000  2**0
                  ALLOC, THREAD_LOCAL
  7 .bss          00000258  20002190  10006520  00009190  2**3
                  ALLOC
  8 .heap         00000800  200023e8  200023e8  00008534  2**2
                  CONTENTS, READONLY
  9 .scratch_x    00000000  20080000  20080000  00008d34  2**0
                  CONTENTS
 10 .scratch_y    00000000  20081000  20081000  00008d34  2**0
                  CONTENTS
 11 .stack_dummy  00000800  20081000  20081000  00008d40  2**5
                  CONTENTS, READONLY
 12 .flash_end    00000014  10006520  10006520  00008520  2**2
                  CONTENTS, ALLOC, LOAD, READONLY, DATA
 13 .comment      00000021  00000000  00000000  00009540  2**0
                  CONTENTS, READONLY
 14 .riscv.attributes 00000098  00000000  00000000  00009561  2**0
                  CONTENTS, READONLY
 15 .debug_info   000235fe  00000000  00000000  000095f9  2**0
                  CONTENTS, READONLY, DEBUGGING, OCTETS
 16 .debug_abbrev 00006b05  00000000  00000000  0002cbf7  2**0
                  CONTENTS, READONLY, DEBUGGING, OCTETS
 17 .debug_loclists 000174bf  00000000  00000000  000336fc  2**0
                  CONTENTS, READONLY, DEBUGGING, OCTETS
 18 .debug_aranges 00000c98  00000000  00000000  0004abc0  2**3
                  CONTENTS, READONLY, DEBUGGING, OCTETS
 19 .debug_rnglists 00003c0c  00000000  00000000  0004b858  2**0
                  CONTENTS, READONLY, DEBUGGING, OCTETS
 20 .debug_line   0002684d  00000000  00000000  0004f464  2**0
                  CONTENTS, READONLY, DEBUGGING, OCTETS
 21 .debug_str    00005094  00000000  00000000  00075cb1  2**0
                  CONTENTS, READONLY, DEBUGGING, OCTETS
 22 .debug_line_str 0000313c  00000000  00000000  0007ad45  2**0
                  CONTENTS, READONLY, DEBUGGING, OCTETS
 23 .debug_frame  00002058  00000000  00000000  0007de84  2**2
                  CONTENTS, READONLY, DEBUGGING, OCTETS

C:/Users/domin/Desktop/Computerarchitektur/Labor2_Template/lab2a/build/src/lab2a.elf:     file format elf32-littleriscv


Disassembly of section .text:

10000000 <__flash_binary_start>:
10000000:	ebf2                	.insn	2, 0xebf2
10000002:	7188                	.insn	2, 0x7188
10000004:	436c                	lw	a1,68(a4)
10000006:	1000                	addi	s0,sp,32
10000008:	4394                	lw	a3,0(a5)
1000000a:	1000                	addi	s0,sp,32
1000000c:	00a8                	addi	a0,sp,72
1000000e:	1000                	addi	s0,sp,32
10000010:	a390                	.insn	2, 0xa390
10000012:	e71a                	.insn	2, 0xe71a

10000014 <__binary_info_header_end>:
10000014:	ffffded3          	.insn	4, 0xffffded3
10000018:	0142                	slli	sp,sp,0x10
1000001a:	1101                	addi	sp,sp,-32
1000001c:	0344                	addi	s1,sp,388
1000001e:	0000                	unimp
10000020:	0036                	c.slli	zero,0xd
10000022:	1000                	addi	s0,sp,32
10000024:	2000                	.insn	2, 0x2000
10000026:	2008                	.insn	2, 0x2008
10000028:	04ff 0000 650c 0000 	.insn	10, 0x35790000650c000004ff
10000030:	3579 
10000032:	ab12                	.insn	2, 0xab12

10000034 <__embedded_block_end>:
10000034:	a879                	j	100000d2 <reenter_bootrom>

10000036 <_reset_handler>:
10000036:	10003197          	auipc	gp,0x10003
1000003a:	b5e18193          	addi	gp,gp,-1186 # 20002b94 <__global_pointer$>
1000003e:	10082117          	auipc	sp,0x10082
10000042:	fc210113          	addi	sp,sp,-62 # 20082000 <__StackTop>
10000046:	10002517          	auipc	a0,0x10002
1000004a:	f7b50513          	addi	a0,a0,-133 # 20001fc1 <__VECTOR_TABLE+0x1>
1000004e:	30551073          	csrw	mtvec,a0
10000052:	f1402573          	csrr	a0,mhartid
10000056:	ed35                	bnez	a0,100000d2 <reenter_bootrom>
10000058:	00000717          	auipc	a4,0x0
1000005c:	05070713          	addi	a4,a4,80 # 100000a8 <data_cpy_table>
10000060:	430c                	lw	a1,0(a4)
10000062:	c591                	beqz	a1,1000006e <_reset_handler+0x38>
10000064:	4350                	lw	a2,4(a4)
10000066:	4714                	lw	a3,8(a4)
10000068:	0731                	addi	a4,a4,12
1000006a:	281d                	jal	100000a0 <data_cpy>
1000006c:	bfd5                	j	10000060 <_reset_handler+0x2a>
1000006e:	10002597          	auipc	a1,0x10002
10000072:	11e58593          	addi	a1,a1,286 # 2000218c <__bss_start__>
10000076:	10002617          	auipc	a2,0x10002
1000007a:	37260613          	addi	a2,a2,882 # 200023e8 <__bss_end__>
1000007e:	a021                	j	10000086 <bss_fill_test>

10000080 <bss_fill_loop>:
10000080:	0005a023          	sw	zero,0(a1)
10000084:	0591                	addi	a1,a1,4

10000086 <bss_fill_test>:
10000086:	fec59de3          	bne	a1,a2,10000080 <bss_fill_loop>

1000008a <platform_entry>:
1000008a:	7e8030ef          	jal	10003872 <runtime_init>
1000008e:	2abd                	jal	1000020c <main>
10000090:	7dc030ef          	jal	1000386c <exit>
10000094:	9002                	ebreak
10000096:	bffd                	j	10000094 <platform_entry+0xa>

10000098 <data_cpy_loop>:
10000098:	4188                	lw	a0,0(a1)
1000009a:	c208                	sw	a0,0(a2)
1000009c:	0591                	addi	a1,a1,4
1000009e:	0611                	addi	a2,a2,4

100000a0 <data_cpy>:
100000a0:	fed66ce3          	bltu	a2,a3,10000098 <data_cpy_loop>
100000a4:	8082                	ret
100000a6:	0001                	nop

100000a8 <data_cpy_table>:
100000a8:	10004394          	.word	0x10004394
100000ac:	20000000          	.word	0x20000000
100000b0:	2000218c          	.word	0x2000218c
100000b4:	10006520          	.word	0x10006520
100000b8:	20080000          	.word	0x20080000
100000bc:	20080000          	.word	0x20080000
100000c0:	10006520          	.word	0x10006520
100000c4:	20081000          	.word	0x20081000
100000c8:	20081000          	.word	0x20081000
100000cc:	00000000          	.word	0x00000000
100000d0:	8082                	ret

100000d2 <reenter_bootrom>:
100000d2:	6521                	lui	a0,0x8
100000d4:	dfc50513          	addi	a0,a0,-516 # 7dfc <HeapSize+0x75fc>
100000d8:	8502                	jr	a0

100000da <__do_global_dtors_aux>:
100000da:	b852                	cm.push	{ra,s0},-16
100000dc:	20002437          	lui	s0,0x20002
100000e0:	31044783          	lbu	a5,784(s0) # 20002310 <completed.1>
100000e4:	ef99                	bnez	a5,10000102 <__do_global_dtors_aux+0x28>
100000e6:	00000793          	li	a5,0
100000ea:	cb89                	beqz	a5,100000fc <__do_global_dtors_aux+0x22>
100000ec:	10004537          	lui	a0,0x10004
100000f0:	f7050513          	addi	a0,a0,-144 # 10003f70 <__EH_FRAME_BEGIN__>
100000f4:	00000097          	auipc	ra,0x0
100000f8:	000000e7          	jalr	zero # 0 <next_slot_number-0x5>
100000fc:	4785                	li	a5,1
100000fe:	30f40823          	sb	a5,784(s0)
10000102:	be52                	cm.popret	{ra,s0},16

10000104 <frame_dummy>:
10000104:	00000793          	li	a5,0
10000108:	cf89                	beqz	a5,10000122 <frame_dummy+0x1e>
1000010a:	200025b7          	lui	a1,0x20002
1000010e:	10004537          	lui	a0,0x10004
10000112:	31458593          	addi	a1,a1,788 # 20002314 <object.0>
10000116:	f7050513          	addi	a0,a0,-144 # 10003f70 <__EH_FRAME_BEGIN__>
1000011a:	00000317          	auipc	t1,0x0
1000011e:	00000067          	jr	zero # 0 <next_slot_number-0x5>
10000122:	8082                	ret

10000124 <gpio_callback>:
10000124:	1141                	addi	sp,sp,-16
10000126:	c422                	sw	s0,8(sp)
10000128:	c606                	sw	ra,12(sp)
1000012a:	842e                	mv	s0,a1
1000012c:	0e5010ef          	jal	10001a10 <time_us_64>
10000130:	20002737          	lui	a4,0x20002
10000134:	39872683          	lw	a3,920(a4) # 20002398 <last_interrupt_time>
10000138:	39c72783          	lw	a5,924(a4)
1000013c:	40d506b3          	sub	a3,a0,a3
10000140:	00d53633          	sltu	a2,a0,a3
10000144:	40f587b3          	sub	a5,a1,a5
10000148:	8f91                	sub	a5,a5,a2
1000014a:	06f05e63          	blez	a5,100001c6 <gpio_callback+0xa2>
1000014e:	200027b7          	lui	a5,0x20002
10000152:	3887aa23          	sw	s0,916(a5) # 20002394 <last_event>
10000156:	38a72c23          	sw	a0,920(a4)
1000015a:	38b72e23          	sw	a1,924(a4)
1000015e:	00847793          	andi	a5,s0,8
10000162:	c7b1                	beqz	a5,100001ae <gpio_callback+0x8a>
10000164:	200027b7          	lui	a5,0x20002
10000168:	3a07a703          	lw	a4,928(a5) # 200023a0 <press_start_time>
1000016c:	8101a783          	lw	a5,-2032(gp) # 200023a4 <press_start_time+0x4>
10000170:	d00006b7          	lui	a3,0xd0000
10000174:	4621                	li	a2,8
10000176:	d290                	sw	a2,32(a3)
10000178:	40e50733          	sub	a4,a0,a4
1000017c:	4641                	li	a2,16
1000017e:	d290                	sw	a2,32(a3)
10000180:	40f587b3          	sub	a5,a1,a5
10000184:	00e53833          	sltu	a6,a0,a4
10000188:	02000613          	li	a2,32
1000018c:	410787b3          	sub	a5,a5,a6
10000190:	d290                	sw	a2,32(a3)
10000192:	04f05163          	blez	a5,100001d4 <gpio_callback+0xb0>
10000196:	8181a683          	lw	a3,-2024(gp) # 200023ac <button_press>
1000019a:	0685                	addi	a3,a3,1 # d0000001 <__StackTop+0xaff7e001>
1000019c:	06f04063          	bgtz	a5,100001fc <gpio_callback+0xd8>
100001a0:	cba1                	beqz	a5,100001f0 <gpio_callback+0xcc>
100001a2:	d00007b7          	lui	a5,0xd0000
100001a6:	4741                	li	a4,16
100001a8:	cf98                	sw	a4,24(a5)
100001aa:	80d1ac23          	sw	a3,-2024(gp) # 200023ac <button_press>
100001ae:	8811                	andi	s0,s0,4
100001b0:	c419                	beqz	s0,100001be <gpio_callback+0x9a>
100001b2:	200027b7          	lui	a5,0x20002
100001b6:	3aa7a023          	sw	a0,928(a5) # 200023a0 <press_start_time>
100001ba:	80b1a823          	sw	a1,-2032(gp) # 200023a4 <press_start_time+0x4>
100001be:	40b2                	lw	ra,12(sp)
100001c0:	4422                	lw	s0,8(sp)
100001c2:	0141                	addi	sp,sp,16
100001c4:	8082                	ret
100001c6:	ffe5                	bnez	a5,100001be <gpio_callback+0x9a>
100001c8:	67b1                	lui	a5,0xc
100001ca:	34f78793          	addi	a5,a5,847 # c34f <HeapSize+0xbb4f>
100001ce:	f8d7e0e3          	bltu	a5,a3,1000014e <gpio_callback+0x2a>
100001d2:	b7f5                	j	100001be <gpio_callback+0x9a>
100001d4:	e799                	bnez	a5,100001e2 <gpio_callback+0xbe>
100001d6:	000316b7          	lui	a3,0x31
100001da:	d3f68693          	addi	a3,a3,-705 # 30d3f <HeapSize+0x3053f>
100001de:	fae6ece3          	bltu	a3,a4,10000196 <gpio_callback+0x72>
100001e2:	d00007b7          	lui	a5,0xd0000
100001e6:	4721                	li	a4,8
100001e8:	cf98                	sw	a4,24(a5)
100001ea:	8811                	andi	s0,s0,4
100001ec:	d869                	beqz	s0,100001be <gpio_callback+0x9a>
100001ee:	b7d1                	j	100001b2 <gpio_callback+0x8e>
100001f0:	000f47b7          	lui	a5,0xf4
100001f4:	62778793          	addi	a5,a5,1575 # f4627 <HeapSize+0xf3e27>
100001f8:	fae7f5e3          	bgeu	a5,a4,100001a2 <gpio_callback+0x7e>
100001fc:	d00007b7          	lui	a5,0xd0000
10000200:	02000713          	li	a4,32
10000204:	cf98                	sw	a4,24(a5)
10000206:	80d1ac23          	sw	a3,-2024(gp) # 200023ac <button_press>
1000020a:	b755                	j	100001ae <gpio_callback+0x8a>

1000020c <main>:
1000020c:	1101                	addi	sp,sp,-32
1000020e:	ce06                	sw	ra,28(sp)
10000210:	cc22                	sw	s0,24(sp)
10000212:	ca26                	sw	s1,20(sp)
10000214:	c84a                	sw	s2,16(sp)
10000216:	c64e                	sw	s3,12(sp)
10000218:	0f9030ef          	jal	10003b10 <stdio_init_all>
1000021c:	4501                	li	a0,0
1000021e:	21ad                	jal	10000688 <gpio_init>
10000220:	d0000437          	lui	s0,0xd0000
10000224:	4485                	li	s1,1
10000226:	85a6                	mv	a1,s1
10000228:	4601                	li	a2,0
1000022a:	c024                	sw	s1,64(s0)
1000022c:	4501                	li	a0,0
1000022e:	26a5                	jal	10000596 <gpio_set_pulls>
10000230:	450d                	li	a0,3
10000232:	2999                	jal	10000688 <gpio_init>
10000234:	49a1                	li	s3,8
10000236:	03342c23          	sw	s3,56(s0) # d0000038 <__StackTop+0xaff7e038>
1000023a:	4511                	li	a0,4
1000023c:	21b1                	jal	10000688 <gpio_init>
1000023e:	4941                	li	s2,16
10000240:	03242c23          	sw	s2,56(s0)
10000244:	4515                	li	a0,5
10000246:	2189                	jal	10000688 <gpio_init>
10000248:	02000793          	li	a5,32
1000024c:	dc1c                	sw	a5,56(s0)
1000024e:	03342023          	sw	s3,32(s0)
10000252:	03242023          	sw	s2,32(s0)
10000256:	d01c                	sw	a5,32(s0)
10000258:	7b8010ef          	jal	10001a10 <time_us_64>
1000025c:	100006b7          	lui	a3,0x10000
10000260:	882a                	mv	a6,a0
10000262:	88ae                	mv	a7,a1
10000264:	200027b7          	lui	a5,0x20002
10000268:	8626                	mv	a2,s1
1000026a:	12468693          	addi	a3,a3,292 # 10000124 <gpio_callback>
1000026e:	45b1                	li	a1,12
10000270:	4501                	li	a0,0
10000272:	10004937          	lui	s2,0x10004
10000276:	3907ac23          	sw	a6,920(a5) # 20002398 <last_interrupt_time>
1000027a:	3917ae23          	sw	a7,924(a5)
1000027e:	f7090913          	addi	s2,s2,-144 # 10003f70 <__EH_FRAME_BEGIN__>
10000282:	2e0d                	jal	100005b4 <gpio_set_irq_enabled_with_callback>
10000284:	8181a583          	lw	a1,-2024(gp) # 200023ac <button_press>
10000288:	8141a783          	lw	a5,-2028(gp) # 200023a8 <last_button_press>
1000028c:	854a                	mv	a0,s2
1000028e:	00b78863          	beq	a5,a1,1000029e <main+0x92>
10000292:	23d030ef          	jal	10003cce <__wrap_printf>
10000296:	8181a783          	lw	a5,-2024(gp) # 200023ac <button_press>
1000029a:	80f1aa23          	sw	a5,-2028(gp) # 200023a8 <last_button_press>
1000029e:	4551                	li	a0,20
100002a0:	50a010ef          	jal	100017aa <sleep_ms>
100002a4:	b7c5                	j	10000284 <main+0x78>

100002a6 <gpio_default_irq_handler>:
100002a6:	d00007b7          	lui	a5,0xd0000
100002aa:	4390                	lw	a2,0(a5)
100002ac:	1101                	addi	sp,sp,-32
100002ae:	82418793          	addi	a5,gp,-2012 # 200023b8 <callbacks>
100002b2:	c84a                	sw	s2,16(sp)
100002b4:	c64e                	sw	s3,12(sp)
100002b6:	20f647b3          	sh2add	a5,a2,a5
100002ba:	ce06                	sw	ra,28(sp)
100002bc:	c452                	sw	s4,8(sp)
100002be:	0007a983          	lw	s3,0(a5) # d0000000 <__StackTop+0xaff7e000>
100002c2:	40028937          	lui	s2,0x40028
100002c6:	c651                	beqz	a2,10000352 <gpio_default_irq_handler+0xac>
100002c8:	29090913          	addi	s2,s2,656 # 40028290 <__StackTop+0x1ffa6290>
100002cc:	4a01                	li	s4,0
100002ce:	08098763          	beqz	s3,1000035c <gpio_default_irq_handler+0xb6>
100002d2:	c256                	sw	s5,4(sp)
100002d4:	81c18a93          	addi	s5,gp,-2020 # 200023b0 <raw_irq_mask>
100002d8:	c05a                	sw	s6,0(sp)
100002da:	cc22                	sw	s0,24(sp)
100002dc:	ca26                	sw	s1,20(sp)
100002de:	21564ab3          	sh2add	s5,a2,s5
100002e2:	40028b37          	lui	s6,0x40028
100002e6:	003a5793          	srli	a5,s4,0x3
100002ea:	2127c7b3          	sh2add	a5,a5,s2
100002ee:	5b84                	lw	s1,48(a5)
100002f0:	8452                	mv	s0,s4
100002f2:	0a21                	addi	s4,s4,8
100002f4:	cc8d                	beqz	s1,1000032e <gpio_default_irq_handler+0x88>
100002f6:	00f4f593          	andi	a1,s1,15
100002fa:	fe040693          	addi	a3,s0,-32
100002fe:	8091                	srli	s1,s1,0x4
10000300:	c585                	beqz	a1,10000328 <gpio_default_irq_handler+0x82>
10000302:	00345793          	srli	a5,s0,0x3
10000306:	00747713          	andi	a4,s0,7
1000030a:	070a                	slli	a4,a4,0x2
1000030c:	08c78793          	addi	a5,a5,140
10000310:	000aa603          	lw	a2,0(s5)
10000314:	00e59733          	sll	a4,a1,a4
10000318:	2167c7b3          	sh2add	a5,a5,s6
1000031c:	8522                	mv	a0,s0
1000031e:	0206c663          	bltz	a3,1000034a <gpio_default_irq_handler+0xa4>
10000322:	c398                	sw	a4,0(a5)
10000324:	9982                	jalr	s3
10000326:	c481                	beqz	s1,1000032e <gpio_default_irq_handler+0x88>
10000328:	0405                	addi	s0,s0,1
1000032a:	fd4466e3          	bltu	s0,s4,100002f6 <gpio_default_irq_handler+0x50>
1000032e:	02000793          	li	a5,32
10000332:	fafa1ae3          	bne	s4,a5,100002e6 <gpio_default_irq_handler+0x40>
10000336:	4462                	lw	s0,24(sp)
10000338:	44d2                	lw	s1,20(sp)
1000033a:	4a92                	lw	s5,4(sp)
1000033c:	4b02                	lw	s6,0(sp)
1000033e:	40f2                	lw	ra,28(sp)
10000340:	4942                	lw	s2,16(sp)
10000342:	49b2                	lw	s3,12(sp)
10000344:	4a22                	lw	s4,8(sp)
10000346:	6105                	addi	sp,sp,32
10000348:	8082                	ret
1000034a:	488656b3          	bext	a3,a2,s0
1000034e:	fee1                	bnez	a3,10000326 <gpio_default_irq_handler+0x80>
10000350:	bfc9                	j	10000322 <gpio_default_irq_handler+0x7c>
10000352:	24890913          	addi	s2,s2,584
10000356:	4a01                	li	s4,0
10000358:	f6099de3          	bnez	s3,100002d2 <gpio_default_irq_handler+0x2c>
1000035c:	81c18513          	addi	a0,gp,-2020 # 200023b0 <raw_irq_mask>
10000360:	20a64533          	sh2add	a0,a2,a0
10000364:	4701                	li	a4,0
10000366:	02000813          	li	a6,32
1000036a:	00375593          	srli	a1,a4,0x3
1000036e:	2125c7b3          	sh2add	a5,a1,s2
10000372:	5b9c                	lw	a5,48(a5)
10000374:	00870893          	addi	a7,a4,8
10000378:	18078763          	beqz	a5,10000506 <gpio_default_irq_handler+0x260>
1000037c:	00f7f313          	andi	t1,a5,15
10000380:	0047d693          	srli	a3,a5,0x4
10000384:	02030263          	beqz	t1,100003a8 <gpio_default_irq_handler+0x102>
10000388:	fe070e13          	addi	t3,a4,-32
1000038c:	00052e83          	lw	t4,0(a0)
10000390:	160e4f63          	bltz	t3,1000050e <gpio_default_irq_handler+0x268>
10000394:	08c58593          	addi	a1,a1,140
10000398:	40028e37          	lui	t3,0x40028
1000039c:	21c5c5b3          	sh2add	a1,a1,t3
100003a0:	0065a023          	sw	t1,0(a1)
100003a4:	16068163          	beqz	a3,10000506 <gpio_default_irq_handler+0x260>
100003a8:	8abd                	andi	a3,a3,15
100003aa:	0087d593          	srli	a1,a5,0x8
100003ae:	c695                	beqz	a3,100003da <gpio_default_irq_handler+0x134>
100003b0:	fe170e13          	addi	t3,a4,-31
100003b4:	00052e83          	lw	t4,0(a0)
100003b8:	00170313          	addi	t1,a4,1
100003bc:	180e4263          	bltz	t3,10000540 <gpio_default_irq_handler+0x29a>
100003c0:	00335313          	srli	t1,t1,0x3
100003c4:	08c30313          	addi	t1,t1,140 # 100001a6 <gpio_callback+0x82>
100003c8:	40028e37          	lui	t3,0x40028
100003cc:	0692                	slli	a3,a3,0x4
100003ce:	21c34333          	sh2add	t1,t1,t3
100003d2:	00d32023          	sw	a3,0(t1)
100003d6:	12058863          	beqz	a1,10000506 <gpio_default_irq_handler+0x260>
100003da:	89bd                	andi	a1,a1,15
100003dc:	00c7d693          	srli	a3,a5,0xc
100003e0:	c595                	beqz	a1,1000040c <gpio_default_irq_handler+0x166>
100003e2:	fe270e13          	addi	t3,a4,-30
100003e6:	00052e83          	lw	t4,0(a0)
100003ea:	00270313          	addi	t1,a4,2
100003ee:	140e4e63          	bltz	t3,1000054a <gpio_default_irq_handler+0x2a4>
100003f2:	00335313          	srli	t1,t1,0x3
100003f6:	08c30313          	addi	t1,t1,140
100003fa:	40028e37          	lui	t3,0x40028
100003fe:	05a2                	slli	a1,a1,0x8
10000400:	21c34333          	sh2add	t1,t1,t3
10000404:	00b32023          	sw	a1,0(t1)
10000408:	0e068f63          	beqz	a3,10000506 <gpio_default_irq_handler+0x260>
1000040c:	8abd                	andi	a3,a3,15
1000040e:	0107d593          	srli	a1,a5,0x10
10000412:	c68d                	beqz	a3,1000043c <gpio_default_irq_handler+0x196>
10000414:	fe370e13          	addi	t3,a4,-29
10000418:	00052e83          	lw	t4,0(a0)
1000041c:	00370313          	addi	t1,a4,3
10000420:	100e4163          	bltz	t3,10000522 <gpio_default_irq_handler+0x27c>
10000424:	00335313          	srli	t1,t1,0x3
10000428:	08c30313          	addi	t1,t1,140
1000042c:	40028e37          	lui	t3,0x40028
10000430:	06b2                	slli	a3,a3,0xc
10000432:	21c34333          	sh2add	t1,t1,t3
10000436:	00d32023          	sw	a3,0(t1)
1000043a:	c5f1                	beqz	a1,10000506 <gpio_default_irq_handler+0x260>
1000043c:	89bd                	andi	a1,a1,15
1000043e:	0147d313          	srli	t1,a5,0x14
10000442:	c985                	beqz	a1,10000472 <gpio_default_irq_handler+0x1cc>
10000444:	81c18693          	addi	a3,gp,-2020 # 200023b0 <raw_irq_mask>
10000448:	20d646b3          	sh2add	a3,a2,a3
1000044c:	fe470e13          	addi	t3,a4,-28
10000450:	0006ae83          	lw	t4,0(a3)
10000454:	00470693          	addi	a3,a4,4
10000458:	0c0e4a63          	bltz	t3,1000052c <gpio_default_irq_handler+0x286>
1000045c:	828d                	srli	a3,a3,0x3
1000045e:	08c68693          	addi	a3,a3,140
10000462:	40028e37          	lui	t3,0x40028
10000466:	05c2                	slli	a1,a1,0x10
10000468:	21c6c6b3          	sh2add	a3,a3,t3
1000046c:	c28c                	sw	a1,0(a3)
1000046e:	08030c63          	beqz	t1,10000506 <gpio_default_irq_handler+0x260>
10000472:	00f37313          	andi	t1,t1,15
10000476:	0187d593          	srli	a1,a5,0x18
1000047a:	02030963          	beqz	t1,100004ac <gpio_default_irq_handler+0x206>
1000047e:	81c18693          	addi	a3,gp,-2020 # 200023b0 <raw_irq_mask>
10000482:	20d646b3          	sh2add	a3,a2,a3
10000486:	fe570e13          	addi	t3,a4,-27
1000048a:	0006ae83          	lw	t4,0(a3)
1000048e:	00570693          	addi	a3,a4,5
10000492:	0a0e4263          	bltz	t3,10000536 <gpio_default_irq_handler+0x290>
10000496:	828d                	srli	a3,a3,0x3
10000498:	08c68693          	addi	a3,a3,140
1000049c:	40028e37          	lui	t3,0x40028
100004a0:	0352                	slli	t1,t1,0x14
100004a2:	21c6c6b3          	sh2add	a3,a3,t3
100004a6:	0066a023          	sw	t1,0(a3)
100004aa:	cdb1                	beqz	a1,10000506 <gpio_default_irq_handler+0x260>
100004ac:	89bd                	andi	a1,a1,15
100004ae:	83f1                	srli	a5,a5,0x1c
100004b0:	c5a5                	beqz	a1,10000518 <gpio_default_irq_handler+0x272>
100004b2:	81c18693          	addi	a3,gp,-2020 # 200023b0 <raw_irq_mask>
100004b6:	20d64333          	sh2add	t1,a2,a3
100004ba:	fe670e13          	addi	t3,a4,-26
100004be:	00032e83          	lw	t4,0(t1)
100004c2:	00670313          	addi	t1,a4,6
100004c6:	080e4763          	bltz	t3,10000554 <gpio_default_irq_handler+0x2ae>
100004ca:	00335313          	srli	t1,t1,0x3
100004ce:	08c30313          	addi	t1,t1,140
100004d2:	40028e37          	lui	t3,0x40028
100004d6:	05e2                	slli	a1,a1,0x18
100004d8:	21c34333          	sh2add	t1,t1,t3
100004dc:	00b32023          	sw	a1,0(t1)
100004e0:	071d                	addi	a4,a4,7
100004e2:	c395                	beqz	a5,10000506 <gpio_default_irq_handler+0x260>
100004e4:	20d646b3          	sh2add	a3,a2,a3
100004e8:	0006a303          	lw	t1,0(a3)
100004ec:	fe070693          	addi	a3,a4,-32
100004f0:	0606c763          	bltz	a3,1000055e <gpio_default_irq_handler+0x2b8>
100004f4:	830d                	srli	a4,a4,0x3
100004f6:	08c70713          	addi	a4,a4,140
100004fa:	400286b7          	lui	a3,0x40028
100004fe:	07f2                	slli	a5,a5,0x1c
10000500:	20d74733          	sh2add	a4,a4,a3
10000504:	c31c                	sw	a5,0(a4)
10000506:	e3088ce3          	beq	a7,a6,1000033e <gpio_default_irq_handler+0x98>
1000050a:	8746                	mv	a4,a7
1000050c:	bdb9                	j	1000036a <gpio_default_irq_handler+0xc4>
1000050e:	48eede33          	bext	t3,t4,a4
10000512:	e80e01e3          	beqz	t3,10000394 <gpio_default_irq_handler+0xee>
10000516:	b579                	j	100003a4 <gpio_default_irq_handler+0xfe>
10000518:	d7fd                	beqz	a5,10000506 <gpio_default_irq_handler+0x260>
1000051a:	071d                	addi	a4,a4,7
1000051c:	81c18693          	addi	a3,gp,-2020 # 200023b0 <raw_irq_mask>
10000520:	b7d1                	j	100004e4 <gpio_default_irq_handler+0x23e>
10000522:	486ede33          	bext	t3,t4,t1
10000526:	ee0e0fe3          	beqz	t3,10000424 <gpio_default_irq_handler+0x17e>
1000052a:	bf01                	j	1000043a <gpio_default_irq_handler+0x194>
1000052c:	48dede33          	bext	t3,t4,a3
10000530:	f20e06e3          	beqz	t3,1000045c <gpio_default_irq_handler+0x1b6>
10000534:	bf2d                	j	1000046e <gpio_default_irq_handler+0x1c8>
10000536:	48dede33          	bext	t3,t4,a3
1000053a:	f40e0ee3          	beqz	t3,10000496 <gpio_default_irq_handler+0x1f0>
1000053e:	b7b5                	j	100004aa <gpio_default_irq_handler+0x204>
10000540:	486ede33          	bext	t3,t4,t1
10000544:	e60e0ee3          	beqz	t3,100003c0 <gpio_default_irq_handler+0x11a>
10000548:	b579                	j	100003d6 <gpio_default_irq_handler+0x130>
1000054a:	486ede33          	bext	t3,t4,t1
1000054e:	ea0e02e3          	beqz	t3,100003f2 <gpio_default_irq_handler+0x14c>
10000552:	bd5d                	j	10000408 <gpio_default_irq_handler+0x162>
10000554:	486ede33          	bext	t3,t4,t1
10000558:	f60e09e3          	beqz	t3,100004ca <gpio_default_irq_handler+0x224>
1000055c:	b751                	j	100004e0 <gpio_default_irq_handler+0x23a>
1000055e:	48e356b3          	bext	a3,t1,a4
10000562:	f2d5                	bnez	a3,10000506 <gpio_default_irq_handler+0x260>
10000564:	bf41                	j	100004f4 <gpio_default_irq_handler+0x24e>

10000566 <gpio_set_function>:
10000566:	400387b7          	lui	a5,0x40038
1000056a:	0791                	addi	a5,a5,4 # 40038004 <__StackTop+0x1ffb6004>
1000056c:	20f547b3          	sh2add	a5,a0,a5
10000570:	4398                	lw	a4,0(a5)
10000572:	6685                	lui	a3,0x1
10000574:	96be                	add	a3,a3,a5
10000576:	04074713          	xori	a4,a4,64
1000057a:	0c077713          	andi	a4,a4,192
1000057e:	40028637          	lui	a2,0x40028
10000582:	c298                	sw	a4,0(a3)
10000584:	20c56533          	sh3add	a0,a0,a2
10000588:	670d                	lui	a4,0x3
1000058a:	97ba                	add	a5,a5,a4
1000058c:	c14c                	sw	a1,4(a0)
1000058e:	10000713          	li	a4,256
10000592:	c398                	sw	a4,0(a5)
10000594:	8082                	ret

10000596 <gpio_set_pulls>:
10000596:	400387b7          	lui	a5,0x40038
1000059a:	0791                	addi	a5,a5,4 # 40038004 <__StackTop+0x1ffb6004>
1000059c:	20f54533          	sh2add	a0,a0,a5
100005a0:	411c                	lw	a5,0(a0)
100005a2:	058e                	slli	a1,a1,0x3
100005a4:	060a                	slli	a2,a2,0x2
100005a6:	8e4d                	or	a2,a2,a1
100005a8:	8e3d                	xor	a2,a2,a5
100005aa:	6785                	lui	a5,0x1
100005ac:	8a31                	andi	a2,a2,12
100005ae:	953e                	add	a0,a0,a5
100005b0:	c110                	sw	a2,0(a0)
100005b2:	8082                	ret

100005b4 <gpio_set_irq_enabled_with_callback>:
100005b4:	d0000337          	lui	t1,0xd0000
100005b8:	00032783          	lw	a5,0(t1) # d0000000 <__StackTop+0xaff7e000>
100005bc:	82418893          	addi	a7,gp,-2012 # 200023b8 <callbacks>
100005c0:	2117ce33          	sh2add	t3,a5,a7
100005c4:	000e2f03          	lw	t5,0(t3) # 40028000 <__StackTop+0x1ffa6000>
100005c8:	7179                	addi	sp,sp,-48
100005ca:	d606                	sw	ra,44(sp)
100005cc:	8eb2                	mv	t4,a2
100005ce:	872a                	mv	a4,a0
100005d0:	882e                	mv	a6,a1
100005d2:	863e                	mv	a2,a5
100005d4:	040f0e63          	beqz	t5,10000630 <gpio_set_irq_enabled_with_callback+0x7c>
100005d8:	c2c9                	beqz	a3,1000065a <gpio_set_irq_enabled_with_callback+0xa6>
100005da:	2117c7b3          	sh2add	a5,a5,a7
100005de:	c394                	sw	a3,0(a5)
100005e0:	400286b7          	lui	a3,0x40028
100005e4:	24868693          	addi	a3,a3,584 # 40028248 <__StackTop+0x1ffa6248>
100005e8:	c609                	beqz	a2,100005f2 <gpio_set_irq_enabled_with_callback+0x3e>
100005ea:	400286b7          	lui	a3,0x40028
100005ee:	29068693          	addi	a3,a3,656 # 40028290 <__StackTop+0x1ffa6290>
100005f2:	00375793          	srli	a5,a4,0x3
100005f6:	8b1d                	andi	a4,a4,7
100005f8:	070a                	slli	a4,a4,0x2
100005fa:	08c78613          	addi	a2,a5,140 # 108c <HeapSize+0x88c>
100005fe:	40028537          	lui	a0,0x40028
10000602:	00e815b3          	sll	a1,a6,a4
10000606:	20a64733          	sh2add	a4,a2,a0
1000060a:	c30c                	sw	a1,0(a4)
1000060c:	20d7c7b3          	sh2add	a5,a5,a3
10000610:	000e8a63          	beqz	t4,10000624 <gpio_set_irq_enabled_with_callback+0x70>
10000614:	6709                	lui	a4,0x2
10000616:	50b2                	lw	ra,44(sp)
10000618:	97ba                	add	a5,a5,a4
1000061a:	c38c                	sw	a1,0(a5)
1000061c:	4585                	li	a1,1
1000061e:	4555                	li	a0,21
10000620:	6145                	addi	sp,sp,48
10000622:	a2c9                	j	100007e4 <irq_set_enabled>
10000624:	50b2                	lw	ra,44(sp)
10000626:	670d                	lui	a4,0x3
10000628:	97ba                	add	a5,a5,a4
1000062a:	c38c                	sw	a1,0(a5)
1000062c:	6145                	addi	sp,sp,48
1000062e:	8082                	ret
10000630:	dac5                	beqz	a3,100005e0 <gpio_set_irq_enabled_with_callback+0x2c>
10000632:	c82e                	sw	a1,16(sp)
10000634:	100005b7          	lui	a1,0x10000
10000638:	c62a                	sw	a0,12(sp)
1000063a:	4601                	li	a2,0
1000063c:	2a658593          	addi	a1,a1,678 # 100002a6 <gpio_default_irq_handler>
10000640:	4555                	li	a0,21
10000642:	ca76                	sw	t4,20(sp)
10000644:	00de2023          	sw	a3,0(t3)
10000648:	2c91                	jal	1000089c <irq_add_shared_handler>
1000064a:	d0000337          	lui	t1,0xd0000
1000064e:	00032603          	lw	a2,0(t1) # d0000000 <__StackTop+0xaff7e000>
10000652:	4ed2                	lw	t4,20(sp)
10000654:	4842                	lw	a6,16(sp)
10000656:	4732                	lw	a4,12(sp)
10000658:	b761                	j	100005e0 <gpio_set_irq_enabled_with_callback+0x2c>
1000065a:	ca2e                	sw	a1,20(sp)
1000065c:	100005b7          	lui	a1,0x10000
10000660:	c82a                	sw	a0,16(sp)
10000662:	2a658593          	addi	a1,a1,678 # 100002a6 <gpio_default_irq_handler>
10000666:	4555                	li	a0,21
10000668:	ce36                	sw	a3,28(sp)
1000066a:	cc76                	sw	t4,24(sp)
1000066c:	c63e                	sw	a5,12(sp)
1000066e:	2d2d                	jal	10000ca8 <irq_remove_handler>
10000670:	d0000337          	lui	t1,0xd0000
10000674:	82418893          	addi	a7,gp,-2012 # 200023b8 <callbacks>
10000678:	00032603          	lw	a2,0(t1) # d0000000 <__StackTop+0xaff7e000>
1000067c:	46f2                	lw	a3,28(sp)
1000067e:	4ee2                	lw	t4,24(sp)
10000680:	4852                	lw	a6,20(sp)
10000682:	4742                	lw	a4,16(sp)
10000684:	47b2                	lw	a5,12(sp)
10000686:	bf91                	j	100005da <gpio_set_irq_enabled_with_callback+0x26>

10000688 <gpio_init>:
10000688:	28a016b3          	bset	a3,zero,a0
1000068c:	d0000737          	lui	a4,0xd0000
10000690:	400387b7          	lui	a5,0x40038
10000694:	c334                	sw	a3,64(a4)
10000696:	0791                	addi	a5,a5,4 # 40038004 <__StackTop+0x1ffb6004>
10000698:	d314                	sw	a3,32(a4)
1000069a:	20f547b3          	sh2add	a5,a0,a5
1000069e:	4398                	lw	a4,0(a5)
100006a0:	6685                	lui	a3,0x1
100006a2:	96be                	add	a3,a3,a5
100006a4:	04074713          	xori	a4,a4,64
100006a8:	0c077713          	andi	a4,a4,192
100006ac:	40028637          	lui	a2,0x40028
100006b0:	c298                	sw	a4,0(a3)
100006b2:	20c56533          	sh3add	a0,a0,a2
100006b6:	4715                	li	a4,5
100006b8:	668d                	lui	a3,0x3
100006ba:	c158                	sw	a4,4(a0)
100006bc:	97b6                	add	a5,a5,a3
100006be:	10000713          	li	a4,256
100006c2:	c398                	sw	a4,0(a5)
100006c4:	8082                	ret

100006c6 <panic>:
100006c6:	7139                	addi	sp,sp,-64
100006c8:	10004337          	lui	t1,0x10004
100006cc:	cc22                	sw	s0,24(sp)
100006ce:	842a                	mv	s0,a0
100006d0:	f9430513          	addi	a0,t1,-108 # 10003f94 <__EH_FRAME_BEGIN__+0x24>
100006d4:	ce06                	sw	ra,28(sp)
100006d6:	d22e                	sw	a1,36(sp)
100006d8:	d432                	sw	a2,40(sp)
100006da:	d636                	sw	a3,44(sp)
100006dc:	d83a                	sw	a4,48(sp)
100006de:	da3e                	sw	a5,52(sp)
100006e0:	dc42                	sw	a6,56(sp)
100006e2:	de46                	sw	a7,60(sp)
100006e4:	4de030ef          	jal	10003bc2 <__wrap_puts>
100006e8:	cc01                	beqz	s0,10000700 <panic+0x3a>
100006ea:	104c                	addi	a1,sp,36
100006ec:	8522                	mv	a0,s0
100006ee:	c62e                	sw	a1,12(sp)
100006f0:	12a030ef          	jal	1000381a <weak_raw_vprintf>
100006f4:	10004537          	lui	a0,0x10004
100006f8:	fa450513          	addi	a0,a0,-92 # 10003fa4 <__EH_FRAME_BEGIN__+0x34>
100006fc:	4c6030ef          	jal	10003bc2 <__wrap_puts>
10000700:	4505                	li	a0,1
10000702:	166030ef          	jal	10003868 <_exit>

10000706 <hw_claim_or_assert>:
10000706:	300476f3          	csrrci	a3,mstatus,8
1000070a:	200027b7          	lui	a5,0x20002
1000070e:	33778793          	addi	a5,a5,823 # 20002337 <_sw_spin_locks+0xb>
10000712:	00379713          	slli	a4,a5,0x3
10000716:	28e01733          	bset	a4,zero,a4
1000071a:	9bf1                	andi	a5,a5,-4
1000071c:	44e7a82f          	amoor.w.aq	a6,a4,(a5)
10000720:	00e87833          	and	a6,a6,a4
10000724:	fe081ce3          	bnez	a6,1000071c <hw_claim_or_assert+0x16>
10000728:	0330000f          	fence	rw,rw
1000072c:	0035d793          	srli	a5,a1,0x3
10000730:	953e                	add	a0,a0,a5
10000732:	00054703          	lbu	a4,0(a0)
10000736:	0075f793          	andi	a5,a1,7
1000073a:	28f017b3          	bset	a5,zero,a5
1000073e:	00f77833          	and	a6,a4,a5
10000742:	02081163          	bnez	a6,10000764 <hw_claim_or_assert+0x5e>
10000746:	8f5d                	or	a4,a4,a5
10000748:	00e50023          	sb	a4,0(a0)
1000074c:	0330000f          	fence	rw,rw
10000750:	200027b7          	lui	a5,0x20002
10000754:	32c78793          	addi	a5,a5,812 # 2000232c <_sw_spin_locks>
10000758:	000785a3          	sb	zero,11(a5)
1000075c:	8aa1                	andi	a3,a3,8
1000075e:	3006a073          	csrs	mstatus,a3
10000762:	8082                	ret
10000764:	1141                	addi	sp,sp,-16
10000766:	8532                	mv	a0,a2
10000768:	c606                	sw	ra,12(sp)
1000076a:	3fb1                	jal	100006c6 <panic>

1000076c <next_striped_spin_lock_num>:
1000076c:	20002737          	lui	a4,0x20002
10000770:	18074503          	lbu	a0,384(a4) # 20002180 <striped_spin_lock_num>
10000774:	46dd                	li	a3,23
10000776:	00150793          	addi	a5,a0,1
1000077a:	0ff7f793          	zext.b	a5,a5
1000077e:	00f6f363          	bgeu	a3,a5,10000784 <next_striped_spin_lock_num+0x18>
10000782:	47c1                	li	a5,16
10000784:	18f70023          	sb	a5,384(a4)
10000788:	8082                	ret

1000078a <spin_locks_reset>:
1000078a:	200026b7          	lui	a3,0x20002
1000078e:	32c68693          	addi	a3,a3,812 # 2000232c <_sw_spin_locks>
10000792:	4781                	li	a5,0
10000794:	02000613          	li	a2,32
10000798:	0330000f          	fence	rw,rw
1000079c:	00f68733          	add	a4,a3,a5
100007a0:	00070023          	sb	zero,0(a4)
100007a4:	0785                	addi	a5,a5,1
100007a6:	fec799e3          	bne	a5,a2,10000798 <spin_locks_reset+0xe>
100007aa:	8082                	ret

100007ac <runtime_init_per_core_irq_priorities>:
100007ac:	4681                	li	a3,0
100007ae:	483d                	li	a6,15
100007b0:	451d                	li	a0,7
100007b2:	03400593          	li	a1,52
100007b6:	0036f793          	andi	a5,a3,3
100007ba:	078a                	slli	a5,a5,0x2
100007bc:	00f81733          	sll	a4,a6,a5
100007c0:	0026d613          	srli	a2,a3,0x2
100007c4:	0742                	slli	a4,a4,0x10
100007c6:	8f51                	or	a4,a4,a2
100007c8:	be373073          	csrc	0xbe3,a4
100007cc:	00f517b3          	sll	a5,a0,a5
100007d0:	07c2                	slli	a5,a5,0x10
100007d2:	8fd1                	or	a5,a5,a2
100007d4:	be37a073          	csrs	0xbe3,a5
100007d8:	0685                	addi	a3,a3,1
100007da:	fcb69ee3          	bne	a3,a1,100007b6 <runtime_init_per_core_irq_priorities+0xa>
100007de:	30046073          	csrsi	mstatus,8
100007e2:	8082                	ret

100007e4 <irq_set_enabled>:
100007e4:	00555793          	srli	a5,a0,0x5
100007e8:	0786                	slli	a5,a5,0x1
100007ea:	28a01533          	bset	a0,zero,a0
100007ee:	76c1                	lui	a3,0xffff0
100007f0:	8ee9                	and	a3,a3,a0
100007f2:	00178713          	addi	a4,a5,1
100007f6:	0542                	slli	a0,a0,0x10
100007f8:	8f55                	or	a4,a4,a3
100007fa:	8d5d                	or	a0,a0,a5
100007fc:	c991                	beqz	a1,10000810 <irq_set_enabled+0x2c>
100007fe:	be253073          	csrc	0xbe2,a0
10000802:	be273073          	csrc	0xbe2,a4
10000806:	be052073          	csrs	0xbe0,a0
1000080a:	be072073          	csrs	0xbe0,a4
1000080e:	8082                	ret
10000810:	be053073          	csrc	0xbe0,a0
10000814:	be073073          	csrc	0xbe0,a4
10000818:	8082                	ret

1000081a <irq_set_exclusive_handler>:
1000081a:	1101                	addi	sp,sp,-32
1000081c:	ce06                	sw	ra,28(sp)
1000081e:	30047773          	csrrci	a4,mstatus,8
10000822:	200027b7          	lui	a5,0x20002
10000826:	33578793          	addi	a5,a5,821 # 20002335 <_sw_spin_locks+0x9>
1000082a:	00379693          	slli	a3,a5,0x3
1000082e:	28d016b3          	bset	a3,zero,a3
10000832:	9bf1                	andi	a5,a5,-4
10000834:	44d7a62f          	amoor.w.aq	a2,a3,(a5)
10000838:	8e75                	and	a2,a2,a3
1000083a:	fe6d                	bnez	a2,10000834 <irq_set_exclusive_handler+0x1a>
1000083c:	0330000f          	fence	rw,rw
10000840:	305027f3          	csrr	a5,mtvec
10000844:	03450513          	addi	a0,a0,52
10000848:	9bf1                	andi	a5,a5,-4
1000084a:	20f547b3          	sh2add	a5,a0,a5
1000084e:	4394                	lw	a3,0(a5)
10000850:	02d58063          	beq	a1,a3,10000870 <irq_set_exclusive_handler+0x56>
10000854:	200027b7          	lui	a5,0x20002
10000858:	16478793          	addi	a5,a5,356 # 20002164 <__unhandled_user_irq>
1000085c:	00f68a63          	beq	a3,a5,10000870 <irq_set_exclusive_handler+0x56>
10000860:	c62e                	sw	a1,12(sp)
10000862:	c42a                	sw	a0,8(sp)
10000864:	c23a                	sw	a4,4(sp)
10000866:	562010ef          	jal	10001dc8 <hard_assertion_failure>
1000086a:	45b2                	lw	a1,12(sp)
1000086c:	4522                	lw	a0,8(sp)
1000086e:	4712                	lw	a4,4(sp)
10000870:	305027f3          	csrr	a5,mtvec
10000874:	9bf1                	andi	a5,a5,-4
10000876:	20f54533          	sh2add	a0,a0,a5
1000087a:	c10c                	sw	a1,0(a0)
1000087c:	0330000f          	fence	rw,rw
10000880:	0330000f          	fence	rw,rw
10000884:	200027b7          	lui	a5,0x20002
10000888:	32c78793          	addi	a5,a5,812 # 2000232c <_sw_spin_locks>
1000088c:	000784a3          	sb	zero,9(a5)
10000890:	8b21                	andi	a4,a4,8
10000892:	30072073          	csrs	mstatus,a4
10000896:	40f2                	lw	ra,28(sp)
10000898:	6105                	addi	sp,sp,32
1000089a:	8082                	ret

1000089c <irq_add_shared_handler>:
1000089c:	7179                	addi	sp,sp,-48
1000089e:	d606                	sw	ra,44(sp)
100008a0:	30047873          	csrrci	a6,mstatus,8
100008a4:	200027b7          	lui	a5,0x20002
100008a8:	33578793          	addi	a5,a5,821 # 20002335 <_sw_spin_locks+0x9>
100008ac:	00379713          	slli	a4,a5,0x3
100008b0:	28e01733          	bset	a4,zero,a4
100008b4:	9bf1                	andi	a5,a5,-4
100008b6:	44e7a6af          	amoor.w.aq	a3,a4,(a5)
100008ba:	8ef9                	and	a3,a3,a4
100008bc:	feed                	bnez	a3,100008b6 <irq_add_shared_handler+0x1a>
100008be:	0330000f          	fence	rw,rw
100008c2:	82c18303          	lb	t1,-2004(gp) # 200023c0 <irq_handler_chain_free_slot_head>
100008c6:	2a034363          	bltz	t1,10000b6c <irq_add_shared_handler+0x2d0>
100008ca:	200028b7          	lui	a7,0x20002
100008ce:	206327b3          	sh1add	a5,t1,t1
100008d2:	f5c88893          	addi	a7,a7,-164 # 20001f5c <irq_handler_chain_slots>
100008d6:	2117ce33          	sh2add	t3,a5,a7
100008da:	00ae4683          	lbu	a3,10(t3)
100008de:	00279293          	slli	t0,a5,0x2
100008e2:	00131e93          	slli	t4,t1,0x1
100008e6:	82d18623          	sb	a3,-2004(gp) # 200023c0 <irq_handler_chain_free_slot_head>
100008ea:	305027f3          	csrr	a5,mtvec
100008ee:	03450513          	addi	a0,a0,52
100008f2:	9bf1                	andi	a5,a5,-4
100008f4:	20f547b3          	sh2add	a5,a0,a5
100008f8:	0007af03          	lw	t5,0(a5)
100008fc:	02f00793          	li	a5,47
10000900:	411f0733          	sub	a4,t5,a7
10000904:	1ce7e963          	bltu	a5,a4,10000ad6 <irq_add_shared_handler+0x23a>
10000908:	00bf4783          	lbu	a5,11(t5)
1000090c:	8ffa                	mv	t6,t5
1000090e:	10f66063          	bltu	a2,a5,10000a0e <irq_add_shared_handler+0x172>
10000912:	00ce05a3          	sb	a2,11(t3)
10000916:	20002637          	lui	a2,0x20002
1000091a:	f8c60613          	addi	a2,a2,-116 # 20001f8c <irq_handler_chain_first_slot>
1000091e:	41c60633          	sub	a2,a2,t3
10000922:	00be2223          	sw	a1,4(t3)
10000926:	001006b7          	lui	a3,0x100
1000092a:	00961593          	slli	a1,a2,0x9
1000092e:	000ffeb7          	lui	t4,0xff
10000932:	8df5                	and	a1,a1,a3
10000934:	01d67eb3          	and	t4,a2,t4
10000938:	00828793          	addi	a5,t0,8
1000093c:	00f886b3          	add	a3,a7,a5
10000940:	01d5e7b3          	or	a5,a1,t4
10000944:	aaaab5b7          	lui	a1,0xaaaab
10000948:	aab58593          	addi	a1,a1,-1365 # aaaaaaab <__StackTop+0x8aa28aab>
1000094c:	8709                	srai	a4,a4,0x2
1000094e:	02b70733          	mul	a4,a4,a1
10000952:	01465313          	srli	t1,a2,0x14
10000956:	037e                	slli	t1,t1,0x1f
10000958:	7fe67613          	andi	a2,a2,2046
1000095c:	40df06b3          	sub	a3,t5,a3
10000960:	0067e7b3          	or	a5,a5,t1
10000964:	0652                	slli	a2,a2,0x14
10000966:	8e5d                	or	a2,a2,a5
10000968:	6305                	lui	t1,0x1
1000096a:	00169793          	slli	a5,a3,0x1
1000096e:	0036d893          	srli	a7,a3,0x3
10000972:	00769593          	slli	a1,a3,0x7
10000976:	2ef66613          	ori	a2,a2,751
1000097a:	0048f893          	andi	a7,a7,4
1000097e:	0067f7b3          	and	a5,a5,t1
10000982:	28b01e93          	bseti	t4,zero,0xb
10000986:	00ce2023          	sw	a2,0(t3)
1000098a:	00ee0523          	sb	a4,10(t3)
1000098e:	0117e7b3          	or	a5,a5,a7
10000992:	01d5f733          	and	a4,a1,t4
10000996:	00169593          	slli	a1,a3,0x1
1000099a:	004f2603          	lw	a2,4(t5)
1000099e:	8fd9                	or	a5,a5,a4
100009a0:	6005f593          	andi	a1,a1,1536
100009a4:	0026d713          	srli	a4,a3,0x2
100009a8:	8fcd                	or	a5,a5,a1
100009aa:	10077713          	andi	a4,a4,256
100009ae:	00169893          	slli	a7,a3,0x1
100009b2:	8fd9                	or	a5,a5,a4
100009b4:	0016d593          	srli	a1,a3,0x1
100009b8:	0808f893          	andi	a7,a7,128
100009bc:	00161713          	slli	a4,a2,0x1
100009c0:	0117e7b3          	or	a5,a5,a7
100009c4:	0405f593          	andi	a1,a1,64
100009c8:	068a                	slli	a3,a3,0x2
100009ca:	0386f693          	andi	a3,a3,56
100009ce:	00677733          	and	a4,a4,t1
100009d2:	8fcd                	or	a5,a5,a1
100009d4:	9732                	add	a4,a4,a2
100009d6:	8fd5                	or	a5,a5,a3
100009d8:	76e9                	lui	a3,0xffffa
100009da:	0685                	addi	a3,a3,1 # ffffa001 <__StackTop+0xdff78001>
100009dc:	80077713          	andi	a4,a4,-2048
100009e0:	0652                	slli	a2,a2,0x14
100009e2:	48b71713          	bclri	a4,a4,0xb
100009e6:	8fd5                	or	a5,a5,a3
100009e8:	0e766613          	ori	a2,a2,231
100009ec:	00fe1423          	sh	a5,8(t3)
100009f0:	0b776713          	ori	a4,a4,183
100009f4:	28f61613          	bseti	a2,a2,0xf
100009f8:	00ef2023          	sw	a4,0(t5)
100009fc:	00cf2223          	sw	a2,4(t5)
10000a00:	8f72                	mv	t5,t3
10000a02:	aa2d                	j	10000b3c <irq_add_shared_handler+0x2a0>
10000a04:	00b7c683          	lbu	a3,11(a5)
10000a08:	16d67f63          	bgeu	a2,a3,10000b86 <irq_add_shared_handler+0x2ea>
10000a0c:	8fbe                	mv	t6,a5
10000a0e:	00af8703          	lb	a4,10(t6)
10000a12:	20e727b3          	sh1add	a5,a4,a4
10000a16:	2117c7b3          	sh2add	a5,a5,a7
10000a1a:	fe0755e3          	bgez	a4,10000a04 <irq_add_shared_handler+0x168>
10000a1e:	00159393          	slli	t2,a1,0x1
10000a22:	6785                	lui	a5,0x1
10000a24:	00f3f3b3          	and	t2,t2,a5
10000a28:	93ae                	add	t2,t2,a1
10000a2a:	8003f393          	andi	t2,t2,-2048
10000a2e:	05d2                	slli	a1,a1,0x14
10000a30:	48b39393          	bclri	t2,t2,0xb
10000a34:	0e75e593          	ori	a1,a1,231
10000a38:	62b1                	lui	t0,0xc
10000a3a:	0b73e393          	ori	t2,t2,183
10000a3e:	28f59593          	bseti	a1,a1,0xf
10000a42:	e4228293          	addi	t0,t0,-446 # be42 <HeapSize+0xb642>
10000a46:	008f8693          	addi	a3,t6,8
10000a4a:	40de06b3          	sub	a3,t3,a3
10000a4e:	9e9a                	add	t4,t4,t1
10000a50:	211eceb3          	sh2add	t4,t4,a7
10000a54:	00169793          	slli	a5,a3,0x1
10000a58:	6885                	lui	a7,0x1
10000a5a:	0117f7b3          	and	a5,a5,a7
10000a5e:	0036d893          	srli	a7,a3,0x3
10000a62:	0048f893          	andi	a7,a7,4
10000a66:	006f8523          	sb	t1,10(t6)
10000a6a:	0117e7b3          	or	a5,a5,a7
10000a6e:	28b01313          	bseti	t1,zero,0xb
10000a72:	00769893          	slli	a7,a3,0x7
10000a76:	0068f8b3          	and	a7,a7,t1
10000a7a:	00169313          	slli	t1,a3,0x1
10000a7e:	0117e7b3          	or	a5,a5,a7
10000a82:	60037313          	andi	t1,t1,1536
10000a86:	0026d893          	srli	a7,a3,0x2
10000a8a:	0067e7b3          	or	a5,a5,t1
10000a8e:	1008f893          	andi	a7,a7,256
10000a92:	00169313          	slli	t1,a3,0x1
10000a96:	0117e7b3          	or	a5,a5,a7
10000a9a:	08037313          	andi	t1,t1,128
10000a9e:	0016d893          	srli	a7,a3,0x1
10000aa2:	0067e7b3          	or	a5,a5,t1
10000aa6:	0408f893          	andi	a7,a7,64
10000aaa:	068a                	slli	a3,a3,0x2
10000aac:	0386f693          	andi	a3,a3,56
10000ab0:	0117e7b3          	or	a5,a5,a7
10000ab4:	8fd5                	or	a5,a5,a3
10000ab6:	76e9                	lui	a3,0xffffa
10000ab8:	0685                	addi	a3,a3,1 # ffffa001 <__StackTop+0xdff78001>
10000aba:	8fd5                	or	a5,a5,a3
10000abc:	00ff9423          	sh	a5,8(t6)
10000ac0:	007ea023          	sw	t2,0(t4) # ff000 <HeapSize+0xfe800>
10000ac4:	00bea223          	sw	a1,4(t4)
10000ac8:	005e9423          	sh	t0,8(t4)
10000acc:	00ee8523          	sb	a4,10(t4)
10000ad0:	00ce85a3          	sb	a2,11(t4)
10000ad4:	a0a5                	j	10000b3c <irq_add_shared_handler+0x2a0>
10000ad6:	200027b7          	lui	a5,0x20002
10000ada:	16478793          	addi	a5,a5,356 # 20002164 <__unhandled_user_irq>
10000ade:	1aff1063          	bne	t5,a5,10000c7e <irq_add_shared_handler+0x3e2>
10000ae2:	200027b7          	lui	a5,0x20002
10000ae6:	f8c78793          	addi	a5,a5,-116 # 20001f8c <irq_handler_chain_first_slot>
10000aea:	41c787b3          	sub	a5,a5,t3
10000aee:	00979713          	slli	a4,a5,0x9
10000af2:	001006b7          	lui	a3,0x100
10000af6:	000fff37          	lui	t5,0xff
10000afa:	01e7ff33          	and	t5,a5,t5
10000afe:	8f75                	and	a4,a4,a3
10000b00:	0147d693          	srli	a3,a5,0x14
10000b04:	01e76733          	or	a4,a4,t5
10000b08:	06fe                	slli	a3,a3,0x1f
10000b0a:	7fe7f793          	andi	a5,a5,2046
10000b0e:	8f55                	or	a4,a4,a3
10000b10:	07d2                	slli	a5,a5,0x14
10000b12:	8fd9                	or	a5,a5,a4
10000b14:	9376                	add	t1,t1,t4
10000b16:	7771                	lui	a4,0xffffc
10000b18:	21134333          	sh2add	t1,t1,a7
10000b1c:	2ef7e793          	ori	a5,a5,751
10000b20:	e4270713          	addi	a4,a4,-446 # ffffbe42 <__StackTop+0xdff79e42>
10000b24:	56fd                	li	a3,-1
10000b26:	00b32223          	sw	a1,4(t1) # 1004 <HeapSize+0x804>
10000b2a:	00c305a3          	sb	a2,11(t1)
10000b2e:	8f72                	mv	t5,t3
10000b30:	00f32023          	sw	a5,0(t1)
10000b34:	00e31423          	sh	a4,8(t1)
10000b38:	00d30523          	sb	a3,10(t1)
10000b3c:	305027f3          	csrr	a5,mtvec
10000b40:	9bf1                	andi	a5,a5,-4
10000b42:	20f54533          	sh2add	a0,a0,a5
10000b46:	01e52023          	sw	t5,0(a0)
10000b4a:	0330000f          	fence	rw,rw
10000b4e:	0330000f          	fence	rw,rw
10000b52:	200027b7          	lui	a5,0x20002
10000b56:	32c78793          	addi	a5,a5,812 # 2000232c <_sw_spin_locks>
10000b5a:	000784a3          	sb	zero,9(a5)
10000b5e:	00887813          	andi	a6,a6,8
10000b62:	30082073          	csrs	mstatus,a6
10000b66:	50b2                	lw	ra,44(sp)
10000b68:	6145                	addi	sp,sp,48
10000b6a:	8082                	ret
10000b6c:	c832                	sw	a2,16(sp)
10000b6e:	c62e                	sw	a1,12(sp)
10000b70:	c42a                	sw	a0,8(sp)
10000b72:	c242                	sw	a6,4(sp)
10000b74:	254010ef          	jal	10001dc8 <hard_assertion_failure>
10000b78:	82c18303          	lb	t1,-2004(gp) # 200023c0 <irq_handler_chain_free_slot_head>
10000b7c:	4642                	lw	a2,16(sp)
10000b7e:	45b2                	lw	a1,12(sp)
10000b80:	4522                	lw	a0,8(sp)
10000b82:	4812                	lw	a6,4(sp)
10000b84:	b399                	j	100008ca <irq_add_shared_handler+0x2e>
10000b86:	008fd383          	lhu	t2,8(t6)
10000b8a:	00828793          	addi	a5,t0,8
10000b8e:	97c6                	add	a5,a5,a7
10000b90:	00339293          	slli	t0,t2,0x3
10000b94:	008f8693          	addi	a3,t6,8
10000b98:	0202f293          	andi	t0,t0,32
10000b9c:	40f687b3          	sub	a5,a3,a5
10000ba0:	9796                	add	a5,a5,t0
10000ba2:	0013d293          	srli	t0,t2,0x1
10000ba6:	d422                	sw	s0,40(sp)
10000ba8:	0402f413          	andi	s0,t0,64
10000bac:	97a2                	add	a5,a5,s0
10000bae:	00139413          	slli	s0,t2,0x1
10000bb2:	08047413          	andi	s0,s0,128
10000bb6:	97a2                	add	a5,a5,s0
10000bb8:	00239413          	slli	s0,t2,0x2
10000bbc:	d04a                	sw	s2,32(sp)
10000bbe:	3002f293          	andi	t0,t0,768
10000bc2:	8922                	mv	s2,s0
10000bc4:	9796                	add	a5,a5,t0
10000bc6:	0023d413          	srli	s0,t2,0x2
10000bca:	0073d293          	srli	t0,t2,0x7
10000bce:	40097393          	andi	t2,s2,1024
10000bd2:	979e                	add	a5,a5,t2
10000bd4:	0102f293          	andi	t0,t0,16
10000bd8:	00e47393          	andi	t2,s0,14
10000bdc:	0072e2b3          	or	t0,t0,t2
10000be0:	28b01393          	bseti	t2,zero,0xb
10000be4:	9796                	add	a5,a5,t0
10000be6:	007472b3          	and	t0,s0,t2
10000bea:	405787b3          	sub	a5,a5,t0
10000bee:	00779413          	slli	s0,a5,0x7
10000bf2:	d226                	sw	s1,36(sp)
10000bf4:	00179293          	slli	t0,a5,0x1
10000bf8:	007474b3          	and	s1,s0,t2
10000bfc:	6405                	lui	s0,0x1
10000bfe:	0037d393          	srli	t2,a5,0x3
10000c02:	0082f2b3          	and	t0,t0,s0
10000c06:	0043f393          	andi	t2,t2,4
10000c0a:	0072e2b3          	or	t0,t0,t2
10000c0e:	00179393          	slli	t2,a5,0x1
10000c12:	0092e2b3          	or	t0,t0,s1
10000c16:	6003f393          	andi	t2,t2,1536
10000c1a:	0027d493          	srli	s1,a5,0x2
10000c1e:	0072e2b3          	or	t0,t0,t2
10000c22:	1004f493          	andi	s1,s1,256
10000c26:	00179393          	slli	t2,a5,0x1
10000c2a:	0092e2b3          	or	t0,t0,s1
10000c2e:	0803f393          	andi	t2,t2,128
10000c32:	0072e2b3          	or	t0,t0,t2
10000c36:	00159393          	slli	t2,a1,0x1
10000c3a:	0017d493          	srli	s1,a5,0x1
10000c3e:	0083f3b3          	and	t2,t2,s0
10000c42:	93ae                	add	t2,t2,a1
10000c44:	0404f413          	andi	s0,s1,64
10000c48:	078a                	slli	a5,a5,0x2
10000c4a:	0082e2b3          	or	t0,t0,s0
10000c4e:	0387f793          	andi	a5,a5,56
10000c52:	7469                	lui	s0,0xffffa
10000c54:	8003f393          	andi	t2,t2,-2048
10000c58:	05d2                	slli	a1,a1,0x14
10000c5a:	00f2e7b3          	or	a5,t0,a5
10000c5e:	48b39393          	bclri	t2,t2,0xb
10000c62:	00140293          	addi	t0,s0,1 # ffffa001 <__StackTop+0xdff78001>
10000c66:	0e75e593          	ori	a1,a1,231
10000c6a:	5422                	lw	s0,40(sp)
10000c6c:	5492                	lw	s1,36(sp)
10000c6e:	5902                	lw	s2,32(sp)
10000c70:	0057e2b3          	or	t0,a5,t0
10000c74:	0b73e393          	ori	t2,t2,183
10000c78:	28f59593          	bseti	a1,a1,0xf
10000c7c:	b3f9                	j	10000a4a <irq_add_shared_handler+0x1ae>
10000c7e:	ce32                	sw	a2,28(sp)
10000c80:	cc2e                	sw	a1,24(sp)
10000c82:	ca76                	sw	t4,20(sp)
10000c84:	c82a                	sw	a0,16(sp)
10000c86:	c642                	sw	a6,12(sp)
10000c88:	c472                	sw	t3,8(sp)
10000c8a:	c21a                	sw	t1,4(sp)
10000c8c:	13c010ef          	jal	10001dc8 <hard_assertion_failure>
10000c90:	200027b7          	lui	a5,0x20002
10000c94:	4672                	lw	a2,28(sp)
10000c96:	45e2                	lw	a1,24(sp)
10000c98:	4ed2                	lw	t4,20(sp)
10000c9a:	4542                	lw	a0,16(sp)
10000c9c:	4832                	lw	a6,12(sp)
10000c9e:	4e22                	lw	t3,8(sp)
10000ca0:	4312                	lw	t1,4(sp)
10000ca2:	f5c78893          	addi	a7,a5,-164 # 20001f5c <irq_handler_chain_slots>
10000ca6:	bd35                	j	10000ae2 <irq_add_shared_handler+0x246>

10000ca8 <irq_remove_handler>:
10000ca8:	7179                	addi	sp,sp,-48
10000caa:	d606                	sw	ra,44(sp)
10000cac:	30047e73          	csrrci	t3,mstatus,8
10000cb0:	200027b7          	lui	a5,0x20002
10000cb4:	33578793          	addi	a5,a5,821 # 20002335 <_sw_spin_locks+0x9>
10000cb8:	00379713          	slli	a4,a5,0x3
10000cbc:	28e01733          	bset	a4,zero,a4
10000cc0:	9bf1                	andi	a5,a5,-4
10000cc2:	44e7a6af          	amoor.w.aq	a3,a4,(a5)
10000cc6:	8ef9                	and	a3,a3,a4
10000cc8:	feed                	bnez	a3,10000cc2 <irq_remove_handler+0x1a>
10000cca:	0330000f          	fence	rw,rw
10000cce:	305027f3          	csrr	a5,mtvec
10000cd2:	9bf1                	andi	a5,a5,-4
10000cd4:	03450f93          	addi	t6,a0,52
10000cd8:	20ffc7b3          	sh2add	a5,t6,a5
10000cdc:	0007a803          	lw	a6,0(a5)
10000ce0:	20002737          	lui	a4,0x20002
10000ce4:	16470e93          	addi	t4,a4,356 # 20002164 <__unhandled_user_irq>
10000ce8:	0bd80063          	beq	a6,t4,10000d88 <irq_remove_handler+0xe0>
10000cec:	08b80e63          	beq	a6,a1,10000d88 <irq_remove_handler+0xe0>
10000cf0:	20002f37          	lui	t5,0x20002
10000cf4:	f5cf0f13          	addi	t5,t5,-164 # 20001f5c <irq_handler_chain_slots>
10000cf8:	41e80733          	sub	a4,a6,t5
10000cfc:	02f00793          	li	a5,47
10000d00:	08e7e563          	bltu	a5,a4,10000d8a <irq_remove_handler+0xe2>
10000d04:	d422                	sw	s0,40(sp)
10000d06:	00455793          	srli	a5,a0,0x4
10000d0a:	be07a7f3          	csrrs	a5,0xbe0,a5
10000d0e:	00f57293          	andi	t0,a0,15
10000d12:	28a01733          	bset	a4,zero,a0
10000d16:	00555893          	srli	a7,a0,0x5
10000d1a:	83c1                	srli	a5,a5,0x10
10000d1c:	01071393          	slli	t2,a4,0x10
10000d20:	0886                	slli	a7,a7,0x1
10000d22:	285012b3          	bset	t0,zero,t0
10000d26:	00f2f2b3          	and	t0,t0,a5
10000d2a:	0113e3b3          	or	t2,t2,a7
10000d2e:	be03b073          	csrc	0xbe0,t2
10000d32:	77c1                	lui	a5,0xffff0
10000d34:	8f7d                	and	a4,a4,a5
10000d36:	0885                	addi	a7,a7,1 # 1001 <HeapSize+0x801>
10000d38:	00e8e8b3          	or	a7,a7,a4
10000d3c:	be08b073          	csrc	0xbe0,a7
10000d40:	0330000f          	fence	rw,rw
10000d44:	be5027f3          	csrr	a5,0xbe5
10000d48:	01079713          	slli	a4,a5,0x10
10000d4c:	4401                	li	s0,0
10000d4e:	1c075063          	bgez	a4,10000f0e <irq_remove_handler+0x266>
10000d52:	87c2                	mv	a5,a6
10000d54:	4301                	li	t1,0
10000d56:	4398                	lw	a4,0(a5)
10000d58:	43d4                	lw	a3,4(a5)
10000d5a:	00877613          	andi	a2,a4,8
10000d5e:	80077713          	andi	a4,a4,-2048
10000d62:	48b71713          	bclri	a4,a4,0xb
10000d66:	4146d513          	srai	a0,a3,0x14
10000d6a:	e219                	bnez	a2,10000d70 <irq_remove_handler+0xc8>
10000d6c:	00a706b3          	add	a3,a4,a0
10000d70:	04d58563          	beq	a1,a3,10000dba <irq_remove_handler+0x112>
10000d74:	00a78703          	lb	a4,10(a5) # ffff000a <__StackTop+0xdff6e00a>
10000d78:	833e                	mv	t1,a5
10000d7a:	20e727b3          	sh1add	a5,a4,a4
10000d7e:	16074c63          	bltz	a4,10000ef6 <irq_remove_handler+0x24e>
10000d82:	21e7c7b3          	sh2add	a5,a5,t5
10000d86:	bfc1                	j	10000d56 <irq_remove_handler+0xae>
10000d88:	8876                	mv	a6,t4
10000d8a:	305027f3          	csrr	a5,mtvec
10000d8e:	9bf1                	andi	a5,a5,-4
10000d90:	20ffc7b3          	sh2add	a5,t6,a5
10000d94:	0107a023          	sw	a6,0(a5)
10000d98:	0330000f          	fence	rw,rw
10000d9c:	0330000f          	fence	rw,rw
10000da0:	200027b7          	lui	a5,0x20002
10000da4:	32c78793          	addi	a5,a5,812 # 2000232c <_sw_spin_locks>
10000da8:	000784a3          	sb	zero,9(a5)
10000dac:	008e7793          	andi	a5,t3,8
10000db0:	3007a073          	csrs	mstatus,a5
10000db4:	50b2                	lw	ra,44(sp)
10000db6:	6145                	addi	sp,sp,48
10000db8:	8082                	ret
10000dba:	00a78603          	lb	a2,10(a5)
10000dbe:	18064e63          	bltz	a2,10000f5a <irq_remove_handler+0x2b2>
10000dc2:	20c62733          	sh1add	a4,a2,a2
10000dc6:	21e74733          	sh2add	a4,a4,t5
10000dca:	4314                	lw	a3,0(a4)
10000dcc:	4358                	lw	a4,4(a4)
10000dce:	0086f593          	andi	a1,a3,8
10000dd2:	e599                	bnez	a1,10000de0 <irq_remove_handler+0x138>
10000dd4:	8006f693          	andi	a3,a3,-2048
10000dd8:	48b69693          	bclri	a3,a3,0xb
10000ddc:	8751                	srai	a4,a4,0x14
10000dde:	9736                	add	a4,a4,a3
10000de0:	03078363          	beq	a5,a6,10000e06 <irq_remove_handler+0x15e>
10000de4:	00171693          	slli	a3,a4,0x1
10000de8:	6585                	lui	a1,0x1
10000dea:	8eed                	and	a3,a3,a1
10000dec:	96ba                	add	a3,a3,a4
10000dee:	8006f693          	andi	a3,a3,-2048
10000df2:	48b69693          	bclri	a3,a3,0xb
10000df6:	0752                	slli	a4,a4,0x14
10000df8:	0b76e693          	ori	a3,a3,183
10000dfc:	0e776713          	ori	a4,a4,231
10000e00:	c394                	sw	a3,0(a5)
10000e02:	28f71713          	bseti	a4,a4,0xf
10000e06:	20c626b3          	sh1add	a3,a2,a2
10000e0a:	21e6c533          	sh2add	a0,a3,t5
10000e0e:	00b54303          	lbu	t1,11(a0)
10000e12:	00269593          	slli	a1,a3,0x2
10000e16:	c3d8                	sw	a4,4(a5)
10000e18:	006785a3          	sb	t1,11(a5)
10000e1c:	00a50683          	lb	a3,10(a0)
10000e20:	6731                	lui	a4,0xc
10000e22:	e4270713          	addi	a4,a4,-446 # be42 <HeapSize+0xb642>
10000e26:	00d78523          	sb	a3,10(a5)
10000e2a:	0a06ca63          	bltz	a3,10000ede <irq_remove_handler+0x236>
10000e2e:	00855683          	lhu	a3,8(a0)
10000e32:	05a1                	addi	a1,a1,8 # 1008 <HeapSize+0x808>
10000e34:	95fa                	add	a1,a1,t5
10000e36:	0016d513          	srli	a0,a3,0x1
10000e3a:	00369713          	slli	a4,a3,0x3
10000e3e:	04057313          	andi	t1,a0,64
10000e42:	02077713          	andi	a4,a4,32
10000e46:	00676733          	or	a4,a4,t1
10000e4a:	00878313          	addi	t1,a5,8
10000e4e:	40670733          	sub	a4,a4,t1
10000e52:	00169313          	slli	t1,a3,0x1
10000e56:	08037313          	andi	t1,t1,128
10000e5a:	30057513          	andi	a0,a0,768
10000e5e:	971a                	add	a4,a4,t1
10000e60:	00269313          	slli	t1,a3,0x2
10000e64:	972a                	add	a4,a4,a0
10000e66:	40037313          	andi	t1,t1,1024
10000e6a:	0026d513          	srli	a0,a3,0x2
10000e6e:	829d                	srli	a3,a3,0x7
10000e70:	971a                	add	a4,a4,t1
10000e72:	8ac1                	andi	a3,a3,16
10000e74:	00e57313          	andi	t1,a0,14
10000e78:	0066e6b3          	or	a3,a3,t1
10000e7c:	9736                	add	a4,a4,a3
10000e7e:	28b01313          	bseti	t1,zero,0xb
10000e82:	972e                	add	a4,a4,a1
10000e84:	00657533          	and	a0,a0,t1
10000e88:	8f09                	sub	a4,a4,a0
10000e8a:	00171693          	slli	a3,a4,0x1
10000e8e:	6585                	lui	a1,0x1
10000e90:	8eed                	and	a3,a3,a1
10000e92:	00375593          	srli	a1,a4,0x3
10000e96:	00771513          	slli	a0,a4,0x7
10000e9a:	8991                	andi	a1,a1,4
10000e9c:	00657533          	and	a0,a0,t1
10000ea0:	8ecd                	or	a3,a3,a1
10000ea2:	00171593          	slli	a1,a4,0x1
10000ea6:	8ec9                	or	a3,a3,a0
10000ea8:	6005f593          	andi	a1,a1,1536
10000eac:	00275513          	srli	a0,a4,0x2
10000eb0:	8ecd                	or	a3,a3,a1
10000eb2:	10057513          	andi	a0,a0,256
10000eb6:	00171593          	slli	a1,a4,0x1
10000eba:	8ec9                	or	a3,a3,a0
10000ebc:	0805f593          	andi	a1,a1,128
10000ec0:	00175513          	srli	a0,a4,0x1
10000ec4:	8ecd                	or	a3,a3,a1
10000ec6:	04057513          	andi	a0,a0,64
10000eca:	00271593          	slli	a1,a4,0x2
10000ece:	00a6e733          	or	a4,a3,a0
10000ed2:	0385f693          	andi	a3,a1,56
10000ed6:	8f55                	or	a4,a4,a3
10000ed8:	76e9                	lui	a3,0xffffa
10000eda:	0685                	addi	a3,a3,1 # ffffa001 <__StackTop+0xdff78001>
10000edc:	8f55                	or	a4,a4,a3
10000ede:	82c1c503          	lbu	a0,-2004(gp) # 200023c0 <irq_handler_chain_free_slot_head>
10000ee2:	20c626b3          	sh1add	a3,a2,a2
10000ee6:	00e79423          	sh	a4,8(a5)
10000eea:	21e6c7b3          	sh2add	a5,a3,t5
10000eee:	82c18623          	sb	a2,-2004(gp) # 200023c0 <irq_handler_chain_free_slot_head>
10000ef2:	00a78523          	sb	a0,10(a5)
10000ef6:	04028c63          	beqz	t0,10000f4e <irq_remove_handler+0x2a6>
10000efa:	be23b073          	csrc	0xbe2,t2
10000efe:	be28b073          	csrc	0xbe2,a7
10000f02:	be03a073          	csrs	0xbe0,t2
10000f06:	be08a073          	csrs	0xbe0,a7
10000f0a:	5422                	lw	s0,40(sp)
10000f0c:	bdbd                	j	10000d8a <irq_remove_handler+0xe2>
10000f0e:	8391                	srli	a5,a5,0x4
10000f10:	1ff7f793          	andi	a5,a5,511
10000f14:	03478413          	addi	s0,a5,52
10000f18:	e2f50de3          	beq	a0,a5,10000d52 <irq_remove_handler+0xaa>
10000f1c:	ce2e                	sw	a1,28(sp)
10000f1e:	cc7e                	sw	t6,24(sp)
10000f20:	ca72                	sw	t3,20(sp)
10000f22:	c846                	sw	a7,16(sp)
10000f24:	c61e                	sw	t2,12(sp)
10000f26:	c416                	sw	t0,8(sp)
10000f28:	c242                	sw	a6,4(sp)
10000f2a:	69f000ef          	jal	10001dc8 <hard_assertion_failure>
10000f2e:	200027b7          	lui	a5,0x20002
10000f32:	16478e93          	addi	t4,a5,356 # 20002164 <__unhandled_user_irq>
10000f36:	200027b7          	lui	a5,0x20002
10000f3a:	4812                	lw	a6,4(sp)
10000f3c:	42a2                	lw	t0,8(sp)
10000f3e:	43b2                	lw	t2,12(sp)
10000f40:	48c2                	lw	a7,16(sp)
10000f42:	4e52                	lw	t3,20(sp)
10000f44:	4fe2                	lw	t6,24(sp)
10000f46:	45f2                	lw	a1,28(sp)
10000f48:	f5c78f13          	addi	t5,a5,-164 # 20001f5c <irq_handler_chain_slots>
10000f4c:	b519                	j	10000d52 <irq_remove_handler+0xaa>
10000f4e:	be03b073          	csrc	0xbe0,t2
10000f52:	be08b073          	csrc	0xbe0,a7
10000f56:	5422                	lw	s0,40(sp)
10000f58:	bd0d                	j	10000d8a <irq_remove_handler+0xe2>
10000f5a:	ec0d                	bnez	s0,10000f94 <irq_remove_handler+0x2ec>
10000f5c:	0a030263          	beqz	t1,10001000 <irq_remove_handler+0x358>
10000f60:	7771                	lui	a4,0xffffc
10000f62:	e4270713          	addi	a4,a4,-446 # ffffbe42 <__StackTop+0xdff79e42>
10000f66:	56fd                	li	a3,-1
10000f68:	00e31423          	sh	a4,8(t1)
10000f6c:	00d30523          	sb	a3,10(t1)
10000f70:	41e78733          	sub	a4,a5,t5
10000f74:	aaaab6b7          	lui	a3,0xaaaab
10000f78:	aab68693          	addi	a3,a3,-1365 # aaaaaaab <__StackTop+0x8aa28aab>
10000f7c:	8709                	srai	a4,a4,0x2
10000f7e:	02d70733          	mul	a4,a4,a3
10000f82:	82c1c603          	lbu	a2,-2004(gp) # 200023c0 <irq_handler_chain_free_slot_head>
10000f86:	00c78523          	sb	a2,10(a5)
10000f8a:	82e18623          	sb	a4,-2004(gp) # 200023c0 <irq_handler_chain_free_slot_head>
10000f8e:	fc0280e3          	beqz	t0,10000f4e <irq_remove_handler+0x2a6>
10000f92:	b7a5                	j	10000efa <irq_remove_handler+0x252>
10000f94:	200026b7          	lui	a3,0x20002
10000f98:	00878713          	addi	a4,a5,8
10000f9c:	f9868693          	addi	a3,a3,-104 # 20001f98 <irq_handler_chain_remove_tail>
10000fa0:	8e99                	sub	a3,a3,a4
10000fa2:	00169713          	slli	a4,a3,0x1
10000fa6:	6605                	lui	a2,0x1
10000fa8:	8f71                	and	a4,a4,a2
10000faa:	0036d613          	srli	a2,a3,0x3
10000fae:	8a11                	andi	a2,a2,4
10000fb0:	8f51                	or	a4,a4,a2
10000fb2:	28b01593          	bseti	a1,zero,0xb
10000fb6:	00769613          	slli	a2,a3,0x7
10000fba:	8e6d                	and	a2,a2,a1
10000fbc:	00169593          	slli	a1,a3,0x1
10000fc0:	8f51                	or	a4,a4,a2
10000fc2:	6005f593          	andi	a1,a1,1536
10000fc6:	0026d613          	srli	a2,a3,0x2
10000fca:	8f4d                	or	a4,a4,a1
10000fcc:	10067613          	andi	a2,a2,256
10000fd0:	00169593          	slli	a1,a3,0x1
10000fd4:	8f51                	or	a4,a4,a2
10000fd6:	0805f593          	andi	a1,a1,128
10000fda:	0016d613          	srli	a2,a3,0x1
10000fde:	8f4d                	or	a4,a4,a1
10000fe0:	04067613          	andi	a2,a2,64
10000fe4:	068a                	slli	a3,a3,0x2
10000fe6:	8f51                	or	a4,a4,a2
10000fe8:	0386f693          	andi	a3,a3,56
10000fec:	8f55                	or	a4,a4,a3
10000fee:	00176713          	ori	a4,a4,1
10000ff2:	28d71713          	bseti	a4,a4,0xd
10000ff6:	00e79423          	sh	a4,8(a5)
10000ffa:	f4028ae3          	beqz	t0,10000f4e <irq_remove_handler+0x2a6>
10000ffe:	bdf5                	j	10000efa <irq_remove_handler+0x252>
10001000:	8876                	mv	a6,t4
10001002:	b7bd                	j	10000f70 <irq_remove_handler+0x2c8>

10001004 <irq_add_tail_to_free_list>:
10001004:	be5027f3          	csrr	a5,0xbe5
10001008:	01079713          	slli	a4,a5,0x10
1000100c:	4581                	li	a1,0
1000100e:	00074963          	bltz	a4,10001020 <irq_add_tail_to_free_list+0x1c>
10001012:	8391                	srli	a5,a5,0x4
10001014:	1ff7f793          	andi	a5,a5,511
10001018:	03478793          	addi	a5,a5,52
1000101c:	00279593          	slli	a1,a5,0x2
10001020:	30047673          	csrrci	a2,mstatus,8
10001024:	200027b7          	lui	a5,0x20002
10001028:	33578793          	addi	a5,a5,821 # 20002335 <_sw_spin_locks+0x9>
1000102c:	00379713          	slli	a4,a5,0x3
10001030:	28e01733          	bset	a4,zero,a4
10001034:	9bf1                	andi	a5,a5,-4
10001036:	44e7a6af          	amoor.w.aq	a3,a4,(a5)
1000103a:	8ef9                	and	a3,a3,a4
1000103c:	feed                	bnez	a3,10001036 <irq_add_tail_to_free_list+0x32>
1000103e:	0330000f          	fence	rw,rw
10001042:	20002737          	lui	a4,0x20002
10001046:	f5c70713          	addi	a4,a4,-164 # 20001f5c <irq_handler_chain_slots>
1000104a:	40e507b3          	sub	a5,a0,a4
1000104e:	aaaab6b7          	lui	a3,0xaaaab
10001052:	aab68693          	addi	a3,a3,-1365 # aaaaaaab <__StackTop+0x8aa28aab>
10001056:	8789                	srai	a5,a5,0x2
10001058:	02d787b3          	mul	a5,a5,a3
1000105c:	60479793          	sext.b	a5,a5
10001060:	305026f3          	csrr	a3,mtvec
10001064:	9af1                	andi	a3,a3,-4
10001066:	96ae                	add	a3,a3,a1
10001068:	4294                	lw	a3,0(a3)
1000106a:	04a68463          	beq	a3,a0,100010b2 <irq_add_tail_to_free_list+0xae>
1000106e:	00a70683          	lb	a3,10(a4)
10001072:	04f68a63          	beq	a3,a5,100010c6 <irq_add_tail_to_free_list+0xc2>
10001076:	01670683          	lb	a3,22(a4)
1000107a:	06f68463          	beq	a3,a5,100010e2 <irq_add_tail_to_free_list+0xde>
1000107e:	02270683          	lb	a3,34(a4)
10001082:	06f68263          	beq	a3,a5,100010e6 <irq_add_tail_to_free_list+0xe2>
10001086:	02e70683          	lb	a3,46(a4)
1000108a:	06f68063          	beq	a3,a5,100010ea <irq_add_tail_to_free_list+0xe6>
1000108e:	82c1c683          	lbu	a3,-2004(gp) # 200023c0 <irq_handler_chain_free_slot_head>
10001092:	82f18623          	sb	a5,-2004(gp) # 200023c0 <irq_handler_chain_free_slot_head>
10001096:	00d50523          	sb	a3,10(a0)
1000109a:	0330000f          	fence	rw,rw
1000109e:	200027b7          	lui	a5,0x20002
100010a2:	32c78793          	addi	a5,a5,812 # 2000232c <_sw_spin_locks>
100010a6:	000784a3          	sb	zero,9(a5)
100010aa:	8a21                	andi	a2,a2,8
100010ac:	30062073          	csrs	mstatus,a2
100010b0:	8082                	ret
100010b2:	30502773          	csrr	a4,mtvec
100010b6:	200026b7          	lui	a3,0x20002
100010ba:	9b71                	andi	a4,a4,-4
100010bc:	972e                	add	a4,a4,a1
100010be:	16468693          	addi	a3,a3,356 # 20002164 <__unhandled_user_irq>
100010c2:	c314                	sw	a3,0(a4)
100010c4:	b7e9                	j	1000108e <irq_add_tail_to_free_list+0x8a>
100010c6:	4681                	li	a3,0
100010c8:	20d6a6b3          	sh1add	a3,a3,a3
100010cc:	20e6c6b3          	sh2add	a3,a3,a4
100010d0:	7771                	lui	a4,0xffffc
100010d2:	587d                	li	a6,-1
100010d4:	e4270713          	addi	a4,a4,-446 # ffffbe42 <__StackTop+0xdff79e42>
100010d8:	01068523          	sb	a6,10(a3)
100010dc:	00e69423          	sh	a4,8(a3)
100010e0:	b77d                	j	1000108e <irq_add_tail_to_free_list+0x8a>
100010e2:	4685                	li	a3,1
100010e4:	b7d5                	j	100010c8 <irq_add_tail_to_free_list+0xc4>
100010e6:	4689                	li	a3,2
100010e8:	b7c5                	j	100010c8 <irq_add_tail_to_free_list+0xc4>
100010ea:	468d                	li	a3,3
100010ec:	bff1                	j	100010c8 <irq_add_tail_to_free_list+0xc4>

100010ee <lock_init>:
100010ee:	200027b7          	lui	a5,0x20002
100010f2:	32c78793          	addi	a5,a5,812 # 2000232c <_sw_spin_locks>
100010f6:	97ae                	add	a5,a5,a1
100010f8:	c11c                	sw	a5,0(a0)
100010fa:	8082                	ret

100010fc <runtime_init_mutex>:
100010fc:	1101                	addi	sp,sp,-32
100010fe:	cc22                	sw	s0,24(sp)
10001100:	ca26                	sw	s1,20(sp)
10001102:	20002437          	lui	s0,0x20002
10001106:	200024b7          	lui	s1,0x20002
1000110a:	ce06                	sw	ra,28(sp)
1000110c:	18440413          	addi	s0,s0,388 # 20002184 <print_mutex>
10001110:	18c48493          	addi	s1,s1,396 # 2000218c <__bss_start__>
10001114:	02947763          	bgeu	s0,s1,10001142 <runtime_init_mutex+0x46>
10001118:	c84a                	sw	s2,16(sp)
1000111a:	c64e                	sw	s3,12(sp)
1000111c:	0ff00913          	li	s2,255
10001120:	59fd                	li	s3,-1
10001122:	401c                	lw	a5,0(s0)
10001124:	c785                	beqz	a5,1000114c <runtime_init_mutex+0x50>
10001126:	e46ff0ef          	jal	1000076c <next_striped_spin_lock_num>
1000112a:	85aa                	mv	a1,a0
1000112c:	8522                	mv	a0,s0
1000112e:	37c1                	jal	100010ee <lock_init>
10001130:	01241223          	sh	s2,4(s0)
10001134:	0330000f          	fence	rw,rw
10001138:	0421                	addi	s0,s0,8
1000113a:	fe9464e3          	bltu	s0,s1,10001122 <runtime_init_mutex+0x26>
1000113e:	4942                	lw	s2,16(sp)
10001140:	49b2                	lw	s3,12(sp)
10001142:	40f2                	lw	ra,28(sp)
10001144:	4462                	lw	s0,24(sp)
10001146:	44d2                	lw	s1,20(sp)
10001148:	6105                	addi	sp,sp,32
1000114a:	8082                	ret
1000114c:	e20ff0ef          	jal	1000076c <next_striped_spin_lock_num>
10001150:	85aa                	mv	a1,a0
10001152:	8522                	mv	a0,s0
10001154:	3f69                	jal	100010ee <lock_init>
10001156:	01340223          	sb	s3,4(s0)
1000115a:	0330000f          	fence	rw,rw
1000115e:	0421                	addi	s0,s0,8
10001160:	fc9461e3          	bltu	s0,s1,10001122 <runtime_init_mutex+0x26>
10001164:	bfe9                	j	1000113e <runtime_init_mutex+0x42>

10001166 <sleep_until_callback>:
10001166:	8301a783          	lw	a5,-2000(gp) # 200023c4 <sleep_notifier>
1000116a:	30047773          	csrrci	a4,mstatus,8
1000116e:	00379613          	slli	a2,a5,0x3
10001172:	28c01633          	bset	a2,zero,a2
10001176:	9bf1                	andi	a5,a5,-4
10001178:	44c7a5af          	amoor.w.aq	a1,a2,(a5)
1000117c:	8df1                	and	a1,a1,a2
1000117e:	fded                	bnez	a1,10001178 <sleep_until_callback+0x12>
10001180:	0330000f          	fence	rw,rw
10001184:	8301a783          	lw	a5,-2000(gp) # 200023c4 <sleep_notifier>
10001188:	0330000f          	fence	rw,rw
1000118c:	00078023          	sb	zero,0(a5)
10001190:	00877793          	andi	a5,a4,8
10001194:	3007a073          	csrs	mstatus,a5
10001198:	00102033          	sgtz	zero,ra
1000119c:	4501                	li	a0,0
1000119e:	4581                	li	a1,0
100011a0:	8082                	ret

100011a2 <alarm_pool_irq_handler>:
100011a2:	7139                	addi	sp,sp,-64
100011a4:	de06                	sw	ra,60(sp)
100011a6:	dc22                	sw	s0,56(sp)
100011a8:	da26                	sw	s1,52(sp)
100011aa:	d84a                	sw	s2,48(sp)
100011ac:	d64e                	sw	s3,44(sp)
100011ae:	d452                	sw	s4,40(sp)
100011b0:	d256                	sw	s5,36(sp)
100011b2:	d05a                	sw	s6,32(sp)
100011b4:	ce5e                	sw	s7,28(sp)
100011b6:	cc62                	sw	s8,24(sp)
100011b8:	ca66                	sw	s9,20(sp)
100011ba:	c86a                	sw	s10,16(sp)
100011bc:	be5027f3          	csrr	a5,0xbe5
100011c0:	01079713          	slli	a4,a5,0x10
100011c4:	32074863          	bltz	a4,100014f4 <alarm_pool_irq_handler+0x352>
100011c8:	0047d913          	srli	s2,a5,0x4
100011cc:	1fc97793          	andi	a5,s2,508
100011d0:	00397913          	andi	s2,s2,3
100011d4:	292019b3          	bset	s3,zero,s2
100011d8:	400b0bb7          	lui	s7,0x400b0
100011dc:	34079863          	bnez	a5,1000152c <alarm_pool_irq_handler+0x38a>
100011e0:	20002737          	lui	a4,0x20002
100011e4:	2127c7b3          	sh2add	a5,a5,s2
100011e8:	37470713          	addi	a4,a4,884 # 20002374 <pools>
100011ec:	20e7c7b3          	sh2add	a5,a5,a4
100011f0:	0007aa83          	lw	s5,0(a5)
100011f4:	678d                	lui	a5,0x3
100011f6:	04478793          	addi	a5,a5,68 # 3044 <HeapSize+0x2844>
100011fa:	97de                	add	a5,a5,s7
100011fc:	10001a37          	lui	s4,0x10001
10001200:	0137a023          	sw	s3,0(a5)
10001204:	1a2a0a13          	addi	s4,s4,418 # 100011a2 <alarm_pool_irq_handler>
10001208:	547d                	li	s0,-1
1000120a:	54fd                	li	s1,-1
1000120c:	008a9b03          	lh	s6,8(s5)
10001210:	033bae23          	sw	s3,60(s7) # 400b003c <__StackTop+0x2002e03c>
10001214:	080b5863          	bgez	s6,100012a4 <alarm_pool_irq_handler+0x102>
10001218:	004ad783          	lhu	a5,4(s5)
1000121c:	60579793          	sext.h	a5,a5
10001220:	1407dd63          	bgez	a5,1000137a <alarm_pool_irq_handler+0x1d8>
10001224:	006ac783          	lbu	a5,6(s5)
10001228:	1e079663          	bnez	a5,10001414 <alarm_pool_irq_handler+0x272>
1000122c:	008a9b03          	lh	s6,8(s5)
10001230:	040b4763          	bltz	s6,1000127e <alarm_pool_irq_handler+0xdc>
10001234:	014aa703          	lw	a4,20(s5)
10001238:	216b2b33          	sh1add	s6,s6,s6
1000123c:	57fd                	li	a5,-1
1000123e:	20eb6b33          	sh3add	s6,s6,a4
10001242:	008b2c03          	lw	s8,8(s6) # 40028008 <__StackTop+0x1ffa6008>
10001246:	00cb2b03          	lw	s6,12(s6)
1000124a:	2afc0263          	beq	s8,a5,100014ee <alarm_pool_irq_handler+0x34c>
1000124e:	217946b3          	sh2add	a3,s2,s7
10001252:	028ba703          	lw	a4,40(s7)
10001256:	4a9c                	lw	a5,16(a3)
10001258:	40ec0633          	sub	a2,s8,a4
1000125c:	8f99                	sub	a5,a5,a4
1000125e:	04f66063          	bltu	a2,a5,1000129e <alarm_pool_irq_handler+0xfc>
10001262:	020ba783          	lw	a5,32(s7)
10001266:	4927d7b3          	bext	a5,a5,s2
1000126a:	cb95                	beqz	a5,1000129e <alarm_pool_irq_handler+0xfc>
1000126c:	855e                	mv	a0,s7
1000126e:	792000ef          	jal	10001a00 <timer_time_us_64>
10001272:	0165c663          	blt	a1,s6,1000127e <alarm_pool_irq_handler+0xdc>
10001276:	f8bb1be3          	bne	s6,a1,1000120c <alarm_pool_irq_handler+0x6a>
1000127a:	f98579e3          	bgeu	a0,s8,1000120c <alarm_pool_irq_handler+0x6a>
1000127e:	00102033          	sgtz	zero,ra
10001282:	50f2                	lw	ra,60(sp)
10001284:	5462                	lw	s0,56(sp)
10001286:	54d2                	lw	s1,52(sp)
10001288:	5942                	lw	s2,48(sp)
1000128a:	59b2                	lw	s3,44(sp)
1000128c:	5a22                	lw	s4,40(sp)
1000128e:	5a92                	lw	s5,36(sp)
10001290:	5b02                	lw	s6,32(sp)
10001292:	4bf2                	lw	s7,28(sp)
10001294:	4c62                	lw	s8,24(sp)
10001296:	4cd2                	lw	s9,20(sp)
10001298:	4d42                	lw	s10,16(sp)
1000129a:	6121                	addi	sp,sp,64
1000129c:	8082                	ret
1000129e:	0186a823          	sw	s8,16(a3)
100012a2:	b7e9                	j	1000126c <alarm_pool_irq_handler+0xca>
100012a4:	014aa783          	lw	a5,20(s5)
100012a8:	216b2c33          	sh1add	s8,s6,s6
100012ac:	855e                	mv	a0,s7
100012ae:	20fc6c33          	sh3add	s8,s8,a5
100012b2:	00cc2c83          	lw	s9,12(s8)
100012b6:	008c2d03          	lw	s10,8(s8)
100012ba:	2799                	jal	10001a00 <timer_time_us_64>
100012bc:	f595cee3          	blt	a1,s9,10001218 <alarm_pool_irq_handler+0x76>
100012c0:	1cbc8363          	beq	s9,a1,10001486 <alarm_pool_irq_handler+0x2e4>
100012c4:	1c0cc563          	bltz	s9,1000148e <alarm_pool_irq_handler+0x2ec>
100012c8:	010c2783          	lw	a5,16(s8)
100012cc:	014c2583          	lw	a1,20(s8)
100012d0:	25478563          	beq	a5,s4,1000151a <alarm_pool_irq_handler+0x378>
100012d4:	008a9703          	lh	a4,8(s5)
100012d8:	002c5503          	lhu	a0,2(s8)
100012dc:	0742                	slli	a4,a4,0x10
100012de:	8d59                	or	a0,a0,a4
100012e0:	9782                	jalr	a5
100012e2:	872e                	mv	a4,a1
100012e4:	87aa                	mv	a5,a0
100012e6:	00e7e6b3          	or	a3,a5,a4
100012ea:	1a068263          	beqz	a3,1000148e <alarm_pool_irq_handler+0x2ec>
100012ee:	20075963          	bgez	a4,10001500 <alarm_pool_irq_handler+0x35e>
100012f2:	40fd06b3          	sub	a3,s10,a5
100012f6:	00dd3d33          	sltu	s10,s10,a3
100012fa:	40ec87b3          	sub	a5,s9,a4
100012fe:	41a787b3          	sub	a5,a5,s10
10001302:	000c1703          	lh	a4,0(s8)
10001306:	00dc2423          	sw	a3,8(s8)
1000130a:	00fc2623          	sw	a5,12(s8)
1000130e:	f00745e3          	bltz	a4,10001218 <alarm_pool_irq_handler+0x76>
10001312:	014aa803          	lw	a6,20(s5)
10001316:	20e72533          	sh1add	a0,a4,a4
1000131a:	00171613          	slli	a2,a4,0x1
1000131e:	21056533          	sh3add	a0,a0,a6
10001322:	454c                	lw	a1,12(a0)
10001324:	00852883          	lw	a7,8(a0)
10001328:	eeb7c8e3          	blt	a5,a1,10001218 <alarm_pool_irq_handler+0x76>
1000132c:	00f59463          	bne	a1,a5,10001334 <alarm_pool_irq_handler+0x192>
10001330:	ef16e4e3          	bltu	a3,a7,10001218 <alarm_pool_irq_handler+0x76>
10001334:	00ea9423          	sh	a4,8(s5)
10001338:	008a8513          	addi	a0,s5,8
1000133c:	a031                	j	10001348 <alarm_pool_irq_handler+0x1a6>
1000133e:	00862883          	lw	a7,8(a2) # 1008 <HeapSize+0x808>
10001342:	464c                	lw	a1,12(a2)
10001344:	00171613          	slli	a2,a4,0x1
10001348:	963a                	add	a2,a2,a4
1000134a:	00b7ce63          	blt	a5,a1,10001366 <alarm_pool_irq_handler+0x1c4>
1000134e:	1ef58363          	beq	a1,a5,10001534 <alarm_pool_irq_handler+0x392>
10001352:	21066533          	sh3add	a0,a2,a6
10001356:	00051703          	lh	a4,0(a0)
1000135a:	20e72633          	sh1add	a2,a4,a4
1000135e:	21066633          	sh3add	a2,a2,a6
10001362:	fc075ee3          	bgez	a4,1000133e <alarm_pool_irq_handler+0x19c>
10001366:	00ec1023          	sh	a4,0(s8)
1000136a:	01651023          	sh	s6,0(a0)
1000136e:	004ad783          	lhu	a5,4(s5)
10001372:	60579793          	sext.h	a5,a5
10001376:	ea07c7e3          	bltz	a5,10001224 <alarm_pool_irq_handler+0x82>
1000137a:	010aa783          	lw	a5,16(s5)
1000137e:	30047773          	csrrci	a4,mstatus,8
10001382:	00379693          	slli	a3,a5,0x3
10001386:	28d016b3          	bset	a3,zero,a3
1000138a:	9bf1                	andi	a5,a5,-4
1000138c:	44d7a62f          	amoor.w.aq	a2,a3,(a5)
10001390:	8e75                	and	a2,a2,a3
10001392:	fe6d                	bnez	a2,1000138c <alarm_pool_irq_handler+0x1ea>
10001394:	0330000f          	fence	rw,rw
10001398:	004ad883          	lhu	a7,4(s5)
1000139c:	57fd                	li	a5,-1
1000139e:	00fa9223          	sh	a5,4(s5)
100013a2:	60589893          	sext.h	a7,a7
100013a6:	010aa783          	lw	a5,16(s5)
100013aa:	0330000f          	fence	rw,rw
100013ae:	00078023          	sb	zero,0(a5)
100013b2:	00877793          	andi	a5,a4,8
100013b6:	3007a073          	csrs	mstatus,a5
100013ba:	e608c5e3          	bltz	a7,10001224 <alarm_pool_irq_handler+0x82>
100013be:	014aa503          	lw	a0,20(s5)
100013c2:	008a9703          	lh	a4,8(s5)
100013c6:	2118a833          	sh1add	a6,a7,a7
100013ca:	20a86833          	sh3add	a6,a6,a0
100013ce:	008a8593          	addi	a1,s5,8
100013d2:	02074563          	bltz	a4,100013fc <alarm_pool_irq_handler+0x25a>
100013d6:	00882303          	lw	t1,8(a6)
100013da:	00c82603          	lw	a2,12(a6)
100013de:	a801                	j	100013ee <alarm_pool_irq_handler+0x24c>
100013e0:	0ec68b63          	beq	a3,a2,100014d6 <alarm_pool_irq_handler+0x334>
100013e4:	00079703          	lh	a4,0(a5)
100013e8:	85be                	mv	a1,a5
100013ea:	00074963          	bltz	a4,100013fc <alarm_pool_irq_handler+0x25a>
100013ee:	20e727b3          	sh1add	a5,a4,a4
100013f2:	20a7e7b3          	sh3add	a5,a5,a0
100013f6:	47d4                	lw	a3,12(a5)
100013f8:	fed654e3          	bge	a2,a3,100013e0 <alarm_pool_irq_handler+0x23e>
100013fc:	01159023          	sh	a7,0(a1) # 1000 <HeapSize+0x800>
10001400:	00081883          	lh	a7,0(a6)
10001404:	00e81023          	sh	a4,0(a6)
10001408:	fa08dde3          	bgez	a7,100013c2 <alarm_pool_irq_handler+0x220>
1000140c:	006ac783          	lbu	a5,6(s5)
10001410:	e0078ee3          	beqz	a5,1000122c <alarm_pool_irq_handler+0x8a>
10001414:	000a8323          	sb	zero,6(s5)
10001418:	008a9b03          	lh	s6,8(s5)
1000141c:	55fd                	li	a1,-1
1000141e:	875a                	mv	a4,s6
10001420:	e4bb0fe3          	beq	s6,a1,1000127e <alarm_pool_irq_handler+0xdc>
10001424:	014aa503          	lw	a0,20(s5)
10001428:	20e727b3          	sh1add	a5,a4,a4
1000142c:	863a                	mv	a2,a4
1000142e:	20a7e7b3          	sh3add	a5,a5,a0
10001432:	0027d683          	lhu	a3,2(a5)
10001436:	00079703          	lh	a4,0(a5)
1000143a:	008a8813          	addi	a6,s5,8
1000143e:	60569693          	sext.h	a3,a3
10001442:	0206c263          	bltz	a3,10001466 <alarm_pool_irq_handler+0x2c4>
10001446:	883e                	mv	a6,a5
10001448:	deb704e3          	beq	a4,a1,10001230 <alarm_pool_irq_handler+0x8e>
1000144c:	20e727b3          	sh1add	a5,a4,a4
10001450:	20a7e7b3          	sh3add	a5,a5,a0
10001454:	0027d683          	lhu	a3,2(a5)
10001458:	863a                	mv	a2,a4
1000145a:	00079703          	lh	a4,0(a5)
1000145e:	60569693          	sext.h	a3,a3
10001462:	fe06d2e3          	bgez	a3,10001446 <alarm_pool_irq_handler+0x2a4>
10001466:	c780                	sw	s0,8(a5)
10001468:	c7c4                	sw	s1,12(a5)
1000146a:	fccb0fe3          	beq	s6,a2,10001448 <alarm_pool_irq_handler+0x2a6>
1000146e:	00e81023          	sh	a4,0(a6)
10001472:	008ad683          	lhu	a3,8(s5)
10001476:	8b32                	mv	s6,a2
10001478:	00d79023          	sh	a3,0(a5)
1000147c:	00ca9423          	sh	a2,8(s5)
10001480:	fcb716e3          	bne	a4,a1,1000144c <alarm_pool_irq_handler+0x2aa>
10001484:	b375                	j	10001230 <alarm_pool_irq_handler+0x8e>
10001486:	d9a569e3          	bltu	a0,s10,10001218 <alarm_pool_irq_handler+0x76>
1000148a:	e20cdfe3          	bgez	s9,100012c8 <alarm_pool_irq_handler+0x126>
1000148e:	000c5703          	lhu	a4,0(s8)
10001492:	010aa783          	lw	a5,16(s5)
10001496:	00ea9423          	sh	a4,8(s5)
1000149a:	30047773          	csrrci	a4,mstatus,8
1000149e:	00379693          	slli	a3,a5,0x3
100014a2:	28d016b3          	bset	a3,zero,a3
100014a6:	9bf1                	andi	a5,a5,-4
100014a8:	44d7a62f          	amoor.w.aq	a2,a3,(a5)
100014ac:	8e75                	and	a2,a2,a3
100014ae:	fe6d                	bnez	a2,100014a8 <alarm_pool_irq_handler+0x306>
100014b0:	0330000f          	fence	rw,rw
100014b4:	002ad683          	lhu	a3,2(s5)
100014b8:	010aa783          	lw	a5,16(s5)
100014bc:	00dc1023          	sh	a3,0(s8)
100014c0:	016a9123          	sh	s6,2(s5)
100014c4:	0330000f          	fence	rw,rw
100014c8:	00078023          	sb	zero,0(a5)
100014cc:	00877793          	andi	a5,a4,8
100014d0:	3007a073          	csrs	mstatus,a5
100014d4:	b391                	j	10001218 <alarm_pool_irq_handler+0x76>
100014d6:	4794                	lw	a3,8(a5)
100014d8:	f0d376e3          	bgeu	t1,a3,100013e4 <alarm_pool_irq_handler+0x242>
100014dc:	01159023          	sh	a7,0(a1)
100014e0:	00081883          	lh	a7,0(a6)
100014e4:	00e81023          	sh	a4,0(a6)
100014e8:	ec08dde3          	bgez	a7,100013c2 <alarm_pool_irq_handler+0x220>
100014ec:	b705                	j	1000140c <alarm_pool_irq_handler+0x26a>
100014ee:	d78b10e3          	bne	s6,s8,1000124e <alarm_pool_irq_handler+0xac>
100014f2:	bbad                	j	1000126c <alarm_pool_irq_handler+0xca>
100014f4:	4985                	li	s3,1
100014f6:	87ce                	mv	a5,s3
100014f8:	4901                	li	s2,0
100014fa:	400b8bb7          	lui	s7,0x400b8
100014fe:	b1cd                	j	100011e0 <alarm_pool_irq_handler+0x3e>
10001500:	855e                	mv	a0,s7
10001502:	c63a                	sw	a4,12(sp)
10001504:	c43e                	sw	a5,8(sp)
10001506:	29ed                	jal	10001a00 <timer_time_us_64>
10001508:	47a2                	lw	a5,8(sp)
1000150a:	4732                	lw	a4,12(sp)
1000150c:	00f506b3          	add	a3,a0,a5
10001510:	00a6b7b3          	sltu	a5,a3,a0
10001514:	95ba                	add	a1,a1,a4
10001516:	97ae                	add	a5,a5,a1
10001518:	b3ed                	j	10001302 <alarm_pool_irq_handler+0x160>
1000151a:	499c                	lw	a5,16(a1)
1000151c:	852e                	mv	a0,a1
1000151e:	c42e                	sw	a1,8(sp)
10001520:	9782                	jalr	a5
10001522:	d535                	beqz	a0,1000148e <alarm_pool_irq_handler+0x2ec>
10001524:	45a2                	lw	a1,8(sp)
10001526:	419c                	lw	a5,0(a1)
10001528:	41d8                	lw	a4,4(a1)
1000152a:	bb75                	j	100012e6 <alarm_pool_irq_handler+0x144>
1000152c:	4785                	li	a5,1
1000152e:	400b8bb7          	lui	s7,0x400b8
10001532:	b17d                	j	100011e0 <alarm_pool_irq_handler+0x3e>
10001534:	e116ffe3          	bgeu	a3,a7,10001352 <alarm_pool_irq_handler+0x1b0>
10001538:	b53d                	j	10001366 <alarm_pool_irq_handler+0x1c4>

1000153a <runtime_init_default_alarm_pool>:
1000153a:	200027b7          	lui	a5,0x20002
1000153e:	fa878793          	addi	a5,a5,-88 # 20001fa8 <default_alarm_pool>
10001542:	4b98                	lw	a4,16(a5)
10001544:	c709                	beqz	a4,1000154e <runtime_init_default_alarm_pool+0x14>
10001546:	83018513          	addi	a0,gp,-2000 # 200023c4 <sleep_notifier>
1000154a:	45a9                	li	a1,10
1000154c:	b64d                	j	100010ee <lock_init>
1000154e:	1141                	addi	sp,sp,-16
10001550:	458d                	li	a1,3
10001552:	400b0537          	lui	a0,0x400b0
10001556:	c606                	sw	ra,12(sp)
10001558:	c422                	sw	s0,8(sp)
1000155a:	2169                	jal	100019e4 <timer_hardware_alarm_claim>
1000155c:	20002437          	lui	s0,0x20002
10001560:	fa840793          	addi	a5,s0,-88 # 20001fa8 <default_alarm_pool>
10001564:	400b0837          	lui	a6,0x400b0
10001568:	0107a623          	sw	a6,12(a5)
1000156c:	a00ff0ef          	jal	1000076c <next_striped_spin_lock_num>
10001570:	fa840793          	addi	a5,s0,-88
10001574:	85aa                	mv	a1,a0
10001576:	450d                	li	a0,3
10001578:	00a78023          	sb	a0,0(a5)
1000157c:	d0000737          	lui	a4,0xd0000
10001580:	00072303          	lw	t1,0(a4) # d0000000 <__StackTop+0xaff7e000>
10001584:	200026b7          	lui	a3,0x20002
10001588:	4bd8                	lw	a4,20(a5)
1000158a:	32c68693          	addi	a3,a3,812 # 2000232c <_sw_spin_locks>
1000158e:	00110637          	lui	a2,0x110
10001592:	96ae                	add	a3,a3,a1
10001594:	167d                	addi	a2,a2,-1 # 10ffff <HeapSize+0x10f7ff>
10001596:	48bd                	li	a7,15
10001598:	cb94                	sw	a3,16(a5)
1000159a:	006780a3          	sb	t1,1(a5)
1000159e:	c790                	sw	a2,8(a5)
100015a0:	01179123          	sh	a7,2(a5)
100015a4:	55fd                	li	a1,-1
100015a6:	4309                	li	t1,2
100015a8:	4891                	li	a7,4
100015aa:	4615                	li	a2,5
100015ac:	4699                	li	a3,6
100015ae:	00b79223          	sh	a1,4(a5)
100015b2:	04671423          	sh	t1,72(a4)
100015b6:	07171c23          	sh	a7,120(a4)
100015ba:	08c71823          	sh	a2,144(a4)
100015be:	0ad71423          	sh	a3,168(a4)
100015c2:	429d                	li	t0,7
100015c4:	46a1                	li	a3,8
100015c6:	4fa5                	li	t6,9
100015c8:	4f29                	li	t5,10
100015ca:	4ead                	li	t4,11
100015cc:	4e31                	li	t3,12
100015ce:	4335                	li	t1,13
100015d0:	48b9                	li	a7,14
100015d2:	4605                	li	a2,1
100015d4:	0cd71c23          	sh	a3,216(a4)
100015d8:	06a71023          	sh	a0,96(a4)
100015dc:	0c571023          	sh	t0,192(a4)
100015e0:	0ff71823          	sh	t6,240(a4)
100015e4:	11e71423          	sh	t5,264(a4)
100015e8:	13d71023          	sh	t4,288(a4)
100015ec:	13c71c23          	sh	t3,312(a4)
100015f0:	14671823          	sh	t1,336(a4)
100015f4:	17171423          	sh	a7,360(a4)
100015f8:	00b71023          	sh	a1,0(a4)
100015fc:	02c71823          	sh	a2,48(a4)
10001600:	00071c23          	sh	zero,24(a4)
10001604:	400b0837          	lui	a6,0x400b0
10001608:	100015b7          	lui	a1,0x10001
1000160c:	02d82023          	sw	a3,32(a6) # 400b0020 <__StackTop+0x2002e020>
10001610:	20002737          	lui	a4,0x20002
10001614:	1a258593          	addi	a1,a1,418 # 100011a2 <alarm_pool_irq_handler>
10001618:	38f72023          	sw	a5,896(a4) # 20002380 <pools+0xc>
1000161c:	9feff0ef          	jal	1000081a <irq_set_exclusive_handler>
10001620:	4585                	li	a1,1
10001622:	450d                	li	a0,3
10001624:	9c0ff0ef          	jal	100007e4 <irq_set_enabled>
10001628:	4422                	lw	s0,8(sp)
1000162a:	40b2                	lw	ra,12(sp)
1000162c:	400b27b7          	lui	a5,0x400b2
10001630:	46a1                	li	a3,8
10001632:	c3b4                	sw	a3,64(a5)
10001634:	83018513          	addi	a0,gp,-2000 # 200023c4 <sleep_notifier>
10001638:	45a9                	li	a1,10
1000163a:	0141                	addi	sp,sp,16
1000163c:	bc4d                	j	100010ee <lock_init>

1000163e <alarm_pool_add_alarm_at_force_in_context>:
1000163e:	83b2                	mv	t2,a2
10001640:	87aa                	mv	a5,a0
10001642:	4910                	lw	a2,16(a0)
10001644:	832e                	mv	t1,a1
10001646:	300475f3          	csrrci	a1,mstatus,8
1000164a:	00361513          	slli	a0,a2,0x3
1000164e:	28a01533          	bset	a0,zero,a0
10001652:	9a71                	andi	a2,a2,-4
10001654:	44a6282f          	amoor.w.aq	a6,a0,(a2)
10001658:	00a87833          	and	a6,a6,a0
1000165c:	fe081ce3          	bnez	a6,10001654 <alarm_pool_add_alarm_at_force_in_context+0x16>
10001660:	0330000f          	fence	rw,rw
10001664:	00279883          	lh	a7,2(a5) # 400b2002 <__StackTop+0x20030002>
10001668:	0085f613          	andi	a2,a1,8
1000166c:	4b8c                	lw	a1,16(a5)
1000166e:	0808ce63          	bltz	a7,1000170a <alarm_pool_add_alarm_at_force_in_context+0xcc>
10001672:	4bc8                	lw	a0,20(a5)
10001674:	2118a833          	sh1add	a6,a7,a7
10001678:	20a86833          	sh3add	a6,a6,a0
1000167c:	00085503          	lhu	a0,0(a6)
10001680:	00a79123          	sh	a0,2(a5)
10001684:	0330000f          	fence	rw,rw
10001688:	00058023          	sb	zero,0(a1)
1000168c:	30062073          	csrs	mstatus,a2
10001690:	00285603          	lhu	a2,2(a6)
10001694:	4585                	li	a1,1
10001696:	01089513          	slli	a0,a7,0x10
1000169a:	962e                	add	a2,a2,a1
1000169c:	0646                	slli	a2,a2,0x11
1000169e:	8245                	srli	a2,a2,0x11
100016a0:	0ab67633          	maxu	a2,a2,a1
100016a4:	00e82a23          	sw	a4,20(a6)
100016a8:	00d82823          	sw	a3,16(a6)
100016ac:	00682423          	sw	t1,8(a6)
100016b0:	00782623          	sw	t2,12(a6)
100016b4:	00c81123          	sh	a2,2(a6)
100016b8:	8d51                	or	a0,a0,a2
100016ba:	4b98                	lw	a4,16(a5)
100016bc:	300476f3          	csrrci	a3,mstatus,8
100016c0:	00371613          	slli	a2,a4,0x3
100016c4:	28c01633          	bset	a2,zero,a2
100016c8:	9b71                	andi	a4,a4,-4
100016ca:	44c725af          	amoor.w.aq	a1,a2,(a4)
100016ce:	8df1                	and	a1,a1,a2
100016d0:	fded                	bnez	a1,100016ca <alarm_pool_add_alarm_at_force_in_context+0x8c>
100016d2:	0330000f          	fence	rw,rw
100016d6:	0047d603          	lhu	a2,4(a5)
100016da:	4b98                	lw	a4,16(a5)
100016dc:	00c81023          	sh	a2,0(a6)
100016e0:	01179223          	sh	a7,4(a5)
100016e4:	0330000f          	fence	rw,rw
100016e8:	00070023          	sb	zero,0(a4)
100016ec:	0086f713          	andi	a4,a3,8
100016f0:	30072073          	csrs	mstatus,a4
100016f4:	0007c703          	lbu	a4,0(a5)
100016f8:	47dc                	lw	a5,12(a5)
100016fa:	6689                	lui	a3,0x2
100016fc:	04468693          	addi	a3,a3,68 # 2044 <HeapSize+0x1844>
10001700:	28e01733          	bset	a4,zero,a4
10001704:	97b6                	add	a5,a5,a3
10001706:	c398                	sw	a4,0(a5)
10001708:	8082                	ret
1000170a:	0330000f          	fence	rw,rw
1000170e:	00058023          	sb	zero,0(a1)
10001712:	30062073          	csrs	mstatus,a2
10001716:	557d                	li	a0,-1
10001718:	8082                	ret

1000171a <alarm_pool_cancel_alarm>:
1000171a:	00a55703          	lhu	a4,10(a0) # 400b000a <__StackTop+0x2002e00a>
1000171e:	4105d793          	srai	a5,a1,0x10
10001722:	04e7d863          	bge	a5,a4,10001772 <alarm_pool_cancel_alarm+0x58>
10001726:	4954                	lw	a3,20(a0)
10001728:	20f7a7b3          	sh1add	a5,a5,a5
1000172c:	4918                	lw	a4,16(a0)
1000172e:	20d7e7b3          	sh3add	a5,a5,a3
10001732:	300476f3          	csrrci	a3,mstatus,8
10001736:	00371613          	slli	a2,a4,0x3
1000173a:	28c01633          	bset	a2,zero,a2
1000173e:	9b71                	andi	a4,a4,-4
10001740:	44c7282f          	amoor.w.aq	a6,a2,(a4)
10001744:	00c87833          	and	a6,a6,a2
10001748:	fe081ce3          	bnez	a6,10001740 <alarm_pool_cancel_alarm+0x26>
1000174c:	0330000f          	fence	rw,rw
10001750:	0027d603          	lhu	a2,2(a5)
10001754:	0805c5b3          	zext.h	a1,a1
10001758:	0086f713          	andi	a4,a3,8
1000175c:	080646b3          	zext.h	a3,a2
10001760:	00b60b63          	beq	a2,a1,10001776 <alarm_pool_cancel_alarm+0x5c>
10001764:	491c                	lw	a5,16(a0)
10001766:	0330000f          	fence	rw,rw
1000176a:	00078023          	sb	zero,0(a5)
1000176e:	30072073          	csrs	mstatus,a4
10001772:	4501                	li	a0,0
10001774:	8082                	ret
10001776:	7661                	lui	a2,0xffff8
10001778:	8ed1                	or	a3,a3,a2
1000177a:	00d79123          	sh	a3,2(a5)
1000177e:	4785                	li	a5,1
10001780:	00f50323          	sb	a5,6(a0)
10001784:	4914                	lw	a3,16(a0)
10001786:	0330000f          	fence	rw,rw
1000178a:	00068023          	sb	zero,0(a3)
1000178e:	30072073          	csrs	mstatus,a4
10001792:	00054683          	lbu	a3,0(a0)
10001796:	4558                	lw	a4,12(a0)
10001798:	6609                	lui	a2,0x2
1000179a:	04460613          	addi	a2,a2,68 # 2044 <HeapSize+0x1844>
1000179e:	28d016b3          	bset	a3,zero,a3
100017a2:	9732                	add	a4,a4,a2
100017a4:	853e                	mv	a0,a5
100017a6:	c314                	sw	a3,0(a4)
100017a8:	8082                	ret

100017aa <sleep_ms>:
100017aa:	1101                	addi	sp,sp,-32
100017ac:	cc22                	sw	s0,24(sp)
100017ae:	ca26                	sw	s1,20(sp)
100017b0:	c64e                	sw	s3,12(sp)
100017b2:	84aa                	mv	s1,a0
100017b4:	ce06                	sw	ra,28(sp)
100017b6:	c84a                	sw	s2,16(sp)
100017b8:	2ca1                	jal	10001a10 <time_us_64>
100017ba:	3e800713          	li	a4,1000
100017be:	02e48433          	mul	s0,s1,a4
100017c2:	800007b7          	lui	a5,0x80000
100017c6:	17fd                	addi	a5,a5,-1 # 7fffffff <__StackTop+0x5ff7dfff>
100017c8:	02e4b4b3          	mulhu	s1,s1,a4
100017cc:	00a409b3          	add	s3,s0,a0
100017d0:	0089b433          	sltu	s0,s3,s0
100017d4:	94ae                	add	s1,s1,a1
100017d6:	9426                	add	s0,s0,s1
100017d8:	0087f463          	bgeu	a5,s0,100017e0 <sleep_ms+0x36>
100017dc:	843e                	mv	s0,a5
100017de:	59fd                	li	s3,-1
100017e0:	ffa98493          	addi	s1,s3,-6
100017e4:	0134b933          	sltu	s2,s1,s3
100017e8:	fff40793          	addi	a5,s0,-1
100017ec:	993e                	add	s2,s2,a5
100017ee:	03246a63          	bltu	s0,s2,10001822 <sleep_ms+0x78>
100017f2:	02890663          	beq	s2,s0,1000181e <sleep_ms+0x74>
100017f6:	2c29                	jal	10001a10 <time_us_64>
100017f8:	40a48533          	sub	a0,s1,a0
100017fc:	40b905b3          	sub	a1,s2,a1
10001800:	00a4b7b3          	sltu	a5,s1,a0
10001804:	8d9d                	sub	a1,a1,a5
10001806:	02b04a63          	bgtz	a1,1000183a <sleep_ms+0x90>
1000180a:	c5dd                	beqz	a1,100018b8 <sleep_ms+0x10e>
1000180c:	85a2                	mv	a1,s0
1000180e:	4462                	lw	s0,24(sp)
10001810:	40f2                	lw	ra,28(sp)
10001812:	44d2                	lw	s1,20(sp)
10001814:	4942                	lw	s2,16(sp)
10001816:	854e                	mv	a0,s3
10001818:	49b2                	lw	s3,12(sp)
1000181a:	6105                	addi	sp,sp,32
1000181c:	a4b5                	j	10001a88 <busy_wait_until>
1000181e:	fc99fce3          	bgeu	s3,s1,100017f6 <sleep_ms+0x4c>
10001822:	22fd                	jal	10001a10 <time_us_64>
10001824:	4481                	li	s1,0
10001826:	4901                	li	s2,0
10001828:	40a48533          	sub	a0,s1,a0
1000182c:	40b905b3          	sub	a1,s2,a1
10001830:	00a4b7b3          	sltu	a5,s1,a0
10001834:	8d9d                	sub	a1,a1,a5
10001836:	fcb05ae3          	blez	a1,1000180a <sleep_ms+0x60>
1000183a:	2ad9                	jal	10001a10 <time_us_64>
1000183c:	40a48533          	sub	a0,s1,a0
10001840:	00a4b533          	sltu	a0,s1,a0
10001844:	40b905b3          	sub	a1,s2,a1
10001848:	8d89                	sub	a1,a1,a0
1000184a:	0205c163          	bltz	a1,1000186c <sleep_ms+0xc2>
1000184e:	100016b7          	lui	a3,0x10001
10001852:	20002537          	lui	a0,0x20002
10001856:	16668693          	addi	a3,a3,358 # 10001166 <sleep_until_callback>
1000185a:	fa850513          	addi	a0,a0,-88 # 20001fa8 <default_alarm_pool>
1000185e:	4701                	li	a4,0
10001860:	85a6                	mv	a1,s1
10001862:	864a                	mv	a2,s2
10001864:	3be9                	jal	1000163e <alarm_pool_add_alarm_at_force_in_context>
10001866:	57fd                	li	a5,-1
10001868:	faf502e3          	beq	a0,a5,1000180c <sleep_ms+0x62>
1000186c:	400b06b7          	lui	a3,0x400b0
10001870:	52dc                	lw	a5,36(a3)
10001872:	0127e763          	bltu	a5,s2,10001880 <sleep_ms+0xd6>
10001876:	5698                	lw	a4,40(a3)
10001878:	f8f91ae3          	bne	s2,a5,1000180c <sleep_ms+0x62>
1000187c:	f89778e3          	bgeu	a4,s1,1000180c <sleep_ms+0x62>
10001880:	8301a783          	lw	a5,-2000(gp) # 200023c4 <sleep_notifier>
10001884:	30047773          	csrrci	a4,mstatus,8
10001888:	00379593          	slli	a1,a5,0x3
1000188c:	28b015b3          	bset	a1,zero,a1
10001890:	9bf1                	andi	a5,a5,-4
10001892:	44b7a52f          	amoor.w.aq	a0,a1,(a5)
10001896:	8d6d                	and	a0,a0,a1
10001898:	fd6d                	bnez	a0,10001892 <sleep_ms+0xe8>
1000189a:	0330000f          	fence	rw,rw
1000189e:	8301a783          	lw	a5,-2000(gp) # 200023c4 <sleep_notifier>
100018a2:	0330000f          	fence	rw,rw
100018a6:	00078023          	sb	zero,0(a5)
100018aa:	00877793          	andi	a5,a4,8
100018ae:	3007a073          	csrs	mstatus,a5
100018b2:	00002033          	sltz	zero,zero
100018b6:	bf6d                	j	10001870 <sleep_ms+0xc6>
100018b8:	d931                	beqz	a0,1000180c <sleep_ms+0x62>
100018ba:	b741                	j	1000183a <sleep_ms+0x90>

100018bc <best_effort_wfe_or_timeout>:
100018bc:	be5027f3          	csrr	a5,0xbe5
100018c0:	01079713          	slli	a4,a5,0x10
100018c4:	06075a63          	bgez	a4,10001938 <best_effort_wfe_or_timeout+0x7c>
100018c8:	200027b7          	lui	a5,0x20002
100018cc:	1101                	addi	sp,sp,-32
100018ce:	fa878793          	addi	a5,a5,-88 # 20001fa8 <default_alarm_pool>
100018d2:	47d8                	lw	a4,12(a5)
100018d4:	cc22                	sw	s0,24(sp)
100018d6:	ca26                	sw	s1,20(sp)
100018d8:	ce06                	sw	ra,28(sp)
100018da:	0007c783          	lbu	a5,0(a5)
100018de:	84aa                	mv	s1,a0
100018e0:	853a                	mv	a0,a4
100018e2:	842e                	mv	s0,a1
100018e4:	c63e                	sw	a5,12(sp)
100018e6:	c43a                	sw	a4,8(sp)
100018e8:	2a21                	jal	10001a00 <timer_time_us_64>
100018ea:	4722                	lw	a4,8(sp)
100018ec:	47b2                	lw	a5,12(sp)
100018ee:	40b405b3          	sub	a1,s0,a1
100018f2:	20e7c7b3          	sh2add	a5,a5,a4
100018f6:	4b9c                	lw	a5,16(a5)
100018f8:	40a48733          	sub	a4,s1,a0
100018fc:	00e4b6b3          	sltu	a3,s1,a4
10001900:	8d95                	sub	a1,a1,a3
10001902:	8f89                	sub	a5,a5,a0
10001904:	0405cd63          	bltz	a1,1000195e <best_effort_wfe_or_timeout+0xa2>
10001908:	c9a9                	beqz	a1,1000195a <best_effort_wfe_or_timeout+0x9e>
1000190a:	00002033          	sltz	zero,zero
1000190e:	400b06b7          	lui	a3,0x400b0
10001912:	52d8                	lw	a4,36(a3)
10001914:	4781                	li	a5,0
10001916:	00876b63          	bltu	a4,s0,1000192c <best_effort_wfe_or_timeout+0x70>
1000191a:	569c                	lw	a5,40(a3)
1000191c:	8f01                	sub	a4,a4,s0
1000191e:	00e03733          	snez	a4,a4
10001922:	0097b7b3          	sltu	a5,a5,s1
10001926:	0017b793          	seqz	a5,a5
1000192a:	8fd9                	or	a5,a5,a4
1000192c:	40f2                	lw	ra,28(sp)
1000192e:	4462                	lw	s0,24(sp)
10001930:	44d2                	lw	s1,20(sp)
10001932:	853e                	mv	a0,a5
10001934:	6105                	addi	sp,sp,32
10001936:	8082                	ret
10001938:	400b06b7          	lui	a3,0x400b0
1000193c:	52d8                	lw	a4,36(a3)
1000193e:	4781                	li	a5,0
10001940:	00b76b63          	bltu	a4,a1,10001956 <best_effort_wfe_or_timeout+0x9a>
10001944:	569c                	lw	a5,40(a3)
10001946:	8f0d                	sub	a4,a4,a1
10001948:	00e03733          	snez	a4,a4
1000194c:	00a7b7b3          	sltu	a5,a5,a0
10001950:	0017b793          	seqz	a5,a5
10001954:	8fd9                	or	a5,a5,a4
10001956:	853e                	mv	a0,a5
10001958:	8082                	ret
1000195a:	faf778e3          	bgeu	a4,a5,1000190a <best_effort_wfe_or_timeout+0x4e>
1000195e:	284d                	jal	10001a10 <time_us_64>
10001960:	40a48533          	sub	a0,s1,a0
10001964:	00a4b533          	sltu	a0,s1,a0
10001968:	40b405b3          	sub	a1,s0,a1
1000196c:	8d89                	sub	a1,a1,a0
1000196e:	0405c763          	bltz	a1,100019bc <best_effort_wfe_or_timeout+0x100>
10001972:	100016b7          	lui	a3,0x10001
10001976:	200027b7          	lui	a5,0x20002
1000197a:	16668693          	addi	a3,a3,358 # 10001166 <sleep_until_callback>
1000197e:	4701                	li	a4,0
10001980:	85a6                	mv	a1,s1
10001982:	8622                	mv	a2,s0
10001984:	fa878513          	addi	a0,a5,-88 # 20001fa8 <default_alarm_pool>
10001988:	395d                	jal	1000163e <alarm_pool_add_alarm_at_force_in_context>
1000198a:	02a05963          	blez	a0,100019bc <best_effort_wfe_or_timeout+0x100>
1000198e:	400b0737          	lui	a4,0x400b0
10001992:	535c                	lw	a5,36(a4)
10001994:	0287eb63          	bltu	a5,s0,100019ca <best_effort_wfe_or_timeout+0x10e>
10001998:	5718                	lw	a4,40(a4)
1000199a:	00879463          	bne	a5,s0,100019a2 <best_effort_wfe_or_timeout+0xe6>
1000199e:	02976663          	bltu	a4,s1,100019ca <best_effort_wfe_or_timeout+0x10e>
100019a2:	200027b7          	lui	a5,0x20002
100019a6:	85aa                	mv	a1,a0
100019a8:	fa878513          	addi	a0,a5,-88 # 20001fa8 <default_alarm_pool>
100019ac:	33bd                	jal	1000171a <alarm_pool_cancel_alarm>
100019ae:	400b06b7          	lui	a3,0x400b0
100019b2:	52d8                	lw	a4,36(a3)
100019b4:	4781                	li	a5,0
100019b6:	f6876be3          	bltu	a4,s0,1000192c <best_effort_wfe_or_timeout+0x70>
100019ba:	b785                	j	1000191a <best_effort_wfe_or_timeout+0x5e>
100019bc:	400b0737          	lui	a4,0x400b0
100019c0:	535c                	lw	a5,36(a4)
100019c2:	0087f763          	bgeu	a5,s0,100019d0 <best_effort_wfe_or_timeout+0x114>
100019c6:	4781                	li	a5,0
100019c8:	b795                	j	1000192c <best_effort_wfe_or_timeout+0x70>
100019ca:	00002033          	sltz	zero,zero
100019ce:	bfd1                	j	100019a2 <best_effort_wfe_or_timeout+0xe6>
100019d0:	5718                	lw	a4,40(a4)
100019d2:	8f81                	sub	a5,a5,s0
100019d4:	00f037b3          	snez	a5,a5
100019d8:	00973733          	sltu	a4,a4,s1
100019dc:	00173713          	seqz	a4,a4
100019e0:	8fd9                	or	a5,a5,a4
100019e2:	b7a9                	j	1000192c <best_effort_wfe_or_timeout+0x70>

100019e4 <timer_hardware_alarm_claim>:
100019e4:	bff487b7          	lui	a5,0xbff48
100019e8:	97aa                	add	a5,a5,a0
100019ea:	0017b793          	seqz	a5,a5
100019ee:	83418513          	addi	a0,gp,-1996 # 200023c8 <claimed>
100019f2:	10004637          	lui	a2,0x10004
100019f6:	953e                	add	a0,a0,a5
100019f8:	fa860613          	addi	a2,a2,-88 # 10003fa8 <__EH_FRAME_BEGIN__+0x38>
100019fc:	d0bfe06f          	j	10000706 <hw_claim_or_assert>

10001a00 <timer_time_us_64>:
10001a00:	514c                	lw	a1,36(a0)
10001a02:	87aa                	mv	a5,a0
10001a04:	5788                	lw	a0,40(a5)
10001a06:	872e                	mv	a4,a1
10001a08:	53cc                	lw	a1,36(a5)
10001a0a:	feb71de3          	bne	a4,a1,10001a04 <timer_time_us_64+0x4>
10001a0e:	8082                	ret

10001a10 <time_us_64>:
10001a10:	400b07b7          	lui	a5,0x400b0
10001a14:	53cc                	lw	a1,36(a5)
10001a16:	5788                	lw	a0,40(a5)
10001a18:	872e                	mv	a4,a1
10001a1a:	53cc                	lw	a1,36(a5)
10001a1c:	fee59de3          	bne	a1,a4,10001a16 <time_us_64+0x6>
10001a20:	8082                	ret

10001a22 <busy_wait_us>:
10001a22:	400b0737          	lui	a4,0x400b0
10001a26:	535c                	lw	a5,36(a4)
10001a28:	02872803          	lw	a6,40(a4) # 400b0028 <__StackTop+0x2002e028>
10001a2c:	86be                	mv	a3,a5
10001a2e:	535c                	lw	a5,36(a4)
10001a30:	fed79ce3          	bne	a5,a3,10001a28 <busy_wait_us+0x6>
10001a34:	01050633          	add	a2,a0,a6
10001a38:	95be                	add	a1,a1,a5
10001a3a:	00a63533          	sltu	a0,a2,a0
10001a3e:	952e                	add	a0,a0,a1
10001a40:	02f56c63          	bltu	a0,a5,10001a78 <busy_wait_us+0x56>
10001a44:	02a78863          	beq	a5,a0,10001a74 <busy_wait_us+0x52>
10001a48:	400b07b7          	lui	a5,0x400b0
10001a4c:	53dc                	lw	a5,36(a5)
10001a4e:	00a7f763          	bgeu	a5,a0,10001a5c <busy_wait_us+0x3a>
10001a52:	400b0737          	lui	a4,0x400b0
10001a56:	535c                	lw	a5,36(a4)
10001a58:	fea7efe3          	bltu	a5,a0,10001a56 <busy_wait_us+0x34>
10001a5c:	00a79b63          	bne	a5,a0,10001a72 <busy_wait_us+0x50>
10001a60:	400b0737          	lui	a4,0x400b0
10001a64:	a021                	j	10001a6c <busy_wait_us+0x4a>
10001a66:	5354                	lw	a3,36(a4)
10001a68:	00f69563          	bne	a3,a5,10001a72 <busy_wait_us+0x50>
10001a6c:	5714                	lw	a3,40(a4)
10001a6e:	fec6ece3          	bltu	a3,a2,10001a66 <busy_wait_us+0x44>
10001a72:	8082                	ret
10001a74:	fd067ae3          	bgeu	a2,a6,10001a48 <busy_wait_us+0x26>
10001a78:	400b07b7          	lui	a5,0x400b0
10001a7c:	53dc                	lw	a5,36(a5)
10001a7e:	557d                	li	a0,-1
10001a80:	862a                	mv	a2,a0
10001a82:	fca798e3          	bne	a5,a0,10001a52 <busy_wait_us+0x30>
10001a86:	bfe9                	j	10001a60 <busy_wait_us+0x3e>

10001a88 <busy_wait_until>:
10001a88:	400b0737          	lui	a4,0x400b0
10001a8c:	535c                	lw	a5,36(a4)
10001a8e:	feb7efe3          	bltu	a5,a1,10001a8c <busy_wait_until+0x4>
10001a92:	00f59b63          	bne	a1,a5,10001aa8 <busy_wait_until+0x20>
10001a96:	400b07b7          	lui	a5,0x400b0
10001a9a:	a021                	j	10001aa2 <busy_wait_until+0x1a>
10001a9c:	53d8                	lw	a4,36(a5)
10001a9e:	00e59563          	bne	a1,a4,10001aa8 <busy_wait_until+0x20>
10001aa2:	5798                	lw	a4,40(a5)
10001aa4:	fea76ce3          	bltu	a4,a0,10001a9c <busy_wait_until+0x14>
10001aa8:	8082                	ret

10001aaa <uart_init>:
10001aaa:	1101                	addi	sp,sp,-32
10001aac:	cc22                	sw	s0,24(sp)
10001aae:	842a                	mv	s0,a0
10001ab0:	4519                	li	a0,6
10001ab2:	ca26                	sw	s1,20(sp)
10001ab4:	ce06                	sw	ra,28(sp)
10001ab6:	84ae                	mv	s1,a1
10001ab8:	2af5                	jal	10001cb4 <clock_get_hz>
10001aba:	cd51                	beqz	a0,10001b56 <uart_init+0xac>
10001abc:	400787b7          	lui	a5,0x40078
10001ac0:	04000737          	lui	a4,0x4000
10001ac4:	0ef40d63          	beq	s0,a5,10001bbe <uart_init+0x114>
10001ac8:	400227b7          	lui	a5,0x40022
10001acc:	c398                	sw	a4,0(a5)
10001ace:	400206b7          	lui	a3,0x40020
10001ad2:	400237b7          	lui	a5,0x40023
10001ad6:	c398                	sw	a4,0(a5)
10001ad8:	06a1                	addi	a3,a3,8 # 40020008 <__StackTop+0x1ff9e008>
10001ada:	429c                	lw	a5,0(a3)
10001adc:	40f777b3          	andn	a5,a4,a5
10001ae0:	ffed                	bnez	a5,10001ada <uart_init+0x30>
10001ae2:	bff887b7          	lui	a5,0xbff88
10001ae6:	97a2                	add	a5,a5,s0
10001ae8:	83818713          	addi	a4,gp,-1992 # 200023cc <uart_char_to_line_feed>
10001aec:	0017b793          	seqz	a5,a5
10001af0:	20e7a7b3          	sh1add	a5,a5,a4
10001af4:	4519                	li	a0,6
10001af6:	10000713          	li	a4,256
10001afa:	00e79023          	sh	a4,0(a5) # bff88000 <__StackTop+0x9ff06000>
10001afe:	2a5d                	jal	10001cb4 <clock_get_hz>
10001b00:	00351793          	slli	a5,a0,0x3
10001b04:	0297d7b3          	divu	a5,a5,s1
10001b08:	0785                	addi	a5,a5,1
10001b0a:	0077d713          	srli	a4,a5,0x7
10001b0e:	eb29                	bnez	a4,10001b60 <uart_init+0xb6>
10001b10:	04000493          	li	s1,64
10001b14:	4685                	li	a3,1
10001b16:	d054                	sw	a3,36(s0)
10001b18:	d418                	sw	a4,40(s0)
10001b1a:	5818                	lw	a4,48(s0)
10001b1c:	00177793          	andi	a5,a4,1
10001b20:	e3ad                	bnez	a5,10001b82 <uart_init+0xd8>
10001b22:	6785                	lui	a5,0x1
10001b24:	02c78793          	addi	a5,a5,44 # 102c <HeapSize+0x82c>
10001b28:	97a2                	add	a5,a5,s0
10001b2a:	5454                	lw	a3,44(s0)
10001b2c:	0007a023          	sw	zero,0(a5)
10001b30:	d818                	sw	a4,48(s0)
10001b32:	4519                	li	a0,6
10001b34:	c43e                	sw	a5,8(sp)
10001b36:	2abd                	jal	10001cb4 <clock_get_hz>
10001b38:	050a                	slli	a0,a0,0x2
10001b3a:	02955533          	divu	a0,a0,s1
10001b3e:	5458                	lw	a4,44(s0)
10001b40:	47a2                	lw	a5,8(sp)
10001b42:	30100613          	li	a2,769
10001b46:	07074713          	xori	a4,a4,112
10001b4a:	07e77713          	andi	a4,a4,126
10001b4e:	c398                	sw	a4,0(a5)
10001b50:	468d                	li	a3,3
10001b52:	d810                	sw	a2,48(s0)
10001b54:	c434                	sw	a3,72(s0)
10001b56:	40f2                	lw	ra,28(sp)
10001b58:	4462                	lw	s0,24(sp)
10001b5a:	44d2                	lw	s1,20(sp)
10001b5c:	6105                	addi	sp,sp,32
10001b5e:	8082                	ret
10001b60:	6641                	lui	a2,0x10
10001b62:	1679                	addi	a2,a2,-2 # fffe <HeapSize+0xf7fe>
10001b64:	66c1                	lui	a3,0x10
10001b66:	04e67f63          	bgeu	a2,a4,10001bc4 <uart_init+0x11a>
10001b6a:	16fd                	addi	a3,a3,-1 # ffff <HeapSize+0xf7ff>
10001b6c:	4701                	li	a4,0
10001b6e:	d054                	sw	a3,36(s0)
10001b70:	d418                	sw	a4,40(s0)
10001b72:	5818                	lw	a4,48(s0)
10001b74:	004004b7          	lui	s1,0x400
10001b78:	fc048493          	addi	s1,s1,-64 # 3fffc0 <HeapSize+0x3ff7c0>
10001b7c:	00177793          	andi	a5,a4,1
10001b80:	d3cd                	beqz	a5,10001b22 <uart_init+0x78>
10001b82:	678d                	lui	a5,0x3
10001b84:	03078793          	addi	a5,a5,48 # 3030 <HeapSize+0x2830>
10001b88:	97a2                	add	a5,a5,s0
10001b8a:	30100693          	li	a3,769
10001b8e:	c394                	sw	a3,0(a5)
10001b90:	505c                	lw	a5,36(s0)
10001b92:	5414                	lw	a3,40(s0)
10001b94:	4519                	li	a0,6
10001b96:	079a                	slli	a5,a5,0x6
10001b98:	97b6                	add	a5,a5,a3
10001b9a:	c63a                	sw	a4,12(sp)
10001b9c:	c43e                	sw	a5,8(sp)
10001b9e:	2a19                	jal	10001cb4 <clock_get_hz>
10001ba0:	8f2b86b7          	lui	a3,0x8f2b8
10001ba4:	b7568693          	addi	a3,a3,-1163 # 8f2b7b75 <__StackTop+0x6f235b75>
10001ba8:	02d53533          	mulhu	a0,a0,a3
10001bac:	47a2                	lw	a5,8(sp)
10001bae:	4581                	li	a1,0
10001bb0:	07aa                	slli	a5,a5,0xa
10001bb2:	812d                	srli	a0,a0,0xb
10001bb4:	02a7d533          	divu	a0,a5,a0
10001bb8:	35ad                	jal	10001a22 <busy_wait_us>
10001bba:	4732                	lw	a4,12(sp)
10001bbc:	b79d                	j	10001b22 <uart_init+0x78>
10001bbe:	08000737          	lui	a4,0x8000
10001bc2:	b719                	j	10001ac8 <uart_init+0x1e>
10001bc4:	8385                	srli	a5,a5,0x1
10001bc6:	00671693          	slli	a3,a4,0x6
10001bca:	03f7f793          	andi	a5,a5,63
10001bce:	00f684b3          	add	s1,a3,a5
10001bd2:	86ba                	mv	a3,a4
10001bd4:	873e                	mv	a4,a5
10001bd6:	b781                	j	10001b16 <uart_init+0x6c>

10001bd8 <clock_configure_undivided>:
10001bd8:	400107b7          	lui	a5,0x40010
10001bdc:	20a52733          	sh1add	a4,a0,a0
10001be0:	20f74733          	sh2add	a4,a4,a5
10001be4:	00472803          	lw	a6,4(a4) # 8000004 <HeapSize+0x7fff804>
10001be8:	67c1                	lui	a5,0x10
10001bea:	00f87363          	bgeu	a6,a5,10001bf0 <clock_configure_undivided+0x18>
10001bee:	c35c                	sw	a5,4(a4)
10001bf0:	fff58793          	addi	a5,a1,-1
10001bf4:	ffc50893          	addi	a7,a0,-4
10001bf8:	e781                	bnez	a5,10001c00 <clock_configure_undivided+0x28>
10001bfa:	0028b793          	sltiu	a5,a7,2
10001bfe:	e7b5                	bnez	a5,10001c6a <clock_configure_undivided+0x92>
10001c00:	20002837          	lui	a6,0x20002
10001c04:	34c80813          	addi	a6,a6,844 # 2000234c <configured_freq>
10001c08:	210547b3          	sh2add	a5,a0,a6
10001c0c:	0007a303          	lw	t1,0(a5) # 10000 <HeapSize+0xf800>
10001c10:	678d                	lui	a5,0x3
10001c12:	97ba                	add	a5,a5,a4
10001c14:	28b01e13          	bseti	t3,zero,0xb
10001c18:	01c7a023          	sw	t3,0(a5) # 3000 <HeapSize+0x2800>
10001c1c:	050a                	slli	a0,a0,0x2
10001c1e:	02031963          	bnez	t1,10001c50 <clock_configure_undivided+0x78>
10001c22:	00072303          	lw	t1,0(a4)
10001c26:	0616                	slli	a2,a2,0x5
10001c28:	6785                	lui	a5,0x1
10001c2a:	00664633          	xor	a2,a2,t1
10001c2e:	0e067613          	andi	a2,a2,224
10001c32:	97ba                	add	a5,a5,a4
10001c34:	c390                	sw	a2,0(a5)
10001c36:	4605                	li	a2,1
10001c38:	07167063          	bgeu	a2,a7,10001c98 <clock_configure_undivided+0xc0>
10001c3c:	6789                	lui	a5,0x2
10001c3e:	97ba                	add	a5,a5,a4
10001c40:	28b01613          	bseti	a2,zero,0xb
10001c44:	c390                	sw	a2,0(a5)
10001c46:	9542                	add	a0,a0,a6
10001c48:	67c1                	lui	a5,0x10
10001c4a:	c114                	sw	a3,0(a0)
10001c4c:	c35c                	sw	a5,4(a4)
10001c4e:	8082                	ret
10001c50:	01482783          	lw	a5,20(a6)
10001c54:	0267d7b3          	divu	a5,a5,t1
10001c58:	0785                	addi	a5,a5,1 # 10001 <HeapSize+0xf801>
10001c5a:	20f7a7b3          	sh1add	a5,a5,a5
10001c5e:	0001                	nop
10001c60:	ffe78793          	addi	a5,a5,-2
10001c64:	fe07dee3          	bgez	a5,10001c60 <clock_configure_undivided+0x88>
10001c68:	bf6d                	j	10001c22 <clock_configure_undivided+0x4a>
10001c6a:	678d                	lui	a5,0x3
10001c6c:	97ba                	add	a5,a5,a4
10001c6e:	480d                	li	a6,3
10001c70:	0107a023          	sw	a6,0(a5) # 3000 <HeapSize+0x2800>
10001c74:	471c                	lw	a5,8(a4)
10001c76:	8b85                	andi	a5,a5,1
10001c78:	dff5                	beqz	a5,10001c74 <clock_configure_undivided+0x9c>
10001c7a:	00072803          	lw	a6,0(a4)
10001c7e:	0616                	slli	a2,a2,0x5
10001c80:	6785                	lui	a5,0x1
10001c82:	01064633          	xor	a2,a2,a6
10001c86:	0e067613          	andi	a2,a2,224
10001c8a:	97ba                	add	a5,a5,a4
10001c8c:	20002837          	lui	a6,0x20002
10001c90:	050a                	slli	a0,a0,0x2
10001c92:	c390                	sw	a2,0(a5)
10001c94:	34c80813          	addi	a6,a6,844 # 2000234c <configured_freq>
10001c98:	00072883          	lw	a7,0(a4)
10001c9c:	28b01633          	bset	a2,zero,a1
10001ca0:	0115c8b3          	xor	a7,a1,a7
10001ca4:	0038f893          	andi	a7,a7,3
10001ca8:	0117a023          	sw	a7,0(a5) # 1000 <HeapSize+0x800>
10001cac:	471c                	lw	a5,8(a4)
10001cae:	8ff1                	and	a5,a5,a2
10001cb0:	dff5                	beqz	a5,10001cac <clock_configure_undivided+0xd4>
10001cb2:	b769                	j	10001c3c <clock_configure_undivided+0x64>

10001cb4 <clock_get_hz>:
10001cb4:	200027b7          	lui	a5,0x20002
10001cb8:	34c78793          	addi	a5,a5,844 # 2000234c <configured_freq>
10001cbc:	20f54533          	sh2add	a0,a0,a5
10001cc0:	4108                	lw	a0,0(a0)
10001cc2:	8082                	ret

10001cc4 <pll_init>:
10001cc4:	00b727b7          	lui	a5,0xb72
10001cc8:	b0078793          	addi	a5,a5,-1280 # b71b00 <HeapSize+0xb71300>
10001ccc:	02b7d7b3          	divu	a5,a5,a1
10001cd0:	00052883          	lw	a7,0(a0)
10001cd4:	06c2                	slli	a3,a3,0x10
10001cd6:	0732                	slli	a4,a4,0xc
10001cd8:	00e6e833          	or	a6,a3,a4
10001cdc:	02f65633          	divu	a2,a2,a5
10001ce0:	0408c463          	bltz	a7,10001d28 <pll_init+0x64>
10001ce4:	400587b7          	lui	a5,0x40058
10001ce8:	6711                	lui	a4,0x4
10001cea:	06f50063          	beq	a0,a5,10001d4a <pll_init+0x86>
10001cee:	400227b7          	lui	a5,0x40022
10001cf2:	c398                	sw	a4,0(a5)
10001cf4:	400206b7          	lui	a3,0x40020
10001cf8:	400237b7          	lui	a5,0x40023
10001cfc:	c398                	sw	a4,0(a5)
10001cfe:	06a1                	addi	a3,a3,8 # 40020008 <__StackTop+0x1ff9e008>
10001d00:	429c                	lw	a5,0(a3)
10001d02:	40f777b3          	andn	a5,a4,a5
10001d06:	ffed                	bnez	a5,10001d00 <pll_init+0x3c>
10001d08:	670d                	lui	a4,0x3
10001d0a:	c10c                	sw	a1,0(a0)
10001d0c:	0711                	addi	a4,a4,4 # 3004 <HeapSize+0x2804>
10001d0e:	c510                	sw	a2,8(a0)
10001d10:	972a                	add	a4,a4,a0
10001d12:	02100793          	li	a5,33
10001d16:	c31c                	sw	a5,0(a4)
10001d18:	411c                	lw	a5,0(a0)
10001d1a:	fe07dfe3          	bgez	a5,10001d18 <pll_init+0x54>
10001d1e:	01052623          	sw	a6,12(a0)
10001d22:	47a1                	li	a5,8
10001d24:	c31c                	sw	a5,0(a4)
10001d26:	8082                	ret
10001d28:	411c                	lw	a5,0(a0)
10001d2a:	03f7f793          	andi	a5,a5,63
10001d2e:	fab79be3          	bne	a5,a1,10001ce4 <pll_init+0x20>
10001d32:	451c                	lw	a5,8(a0)
10001d34:	07d2                	slli	a5,a5,0x14
10001d36:	83d1                	srli	a5,a5,0x14
10001d38:	fac796e3          	bne	a5,a2,10001ce4 <pll_init+0x20>
10001d3c:	455c                	lw	a5,12(a0)
10001d3e:	00077737          	lui	a4,0x77
10001d42:	8ff9                	and	a5,a5,a4
10001d44:	fb0790e3          	bne	a5,a6,10001ce4 <pll_init+0x20>
10001d48:	8082                	ret
10001d4a:	6721                	lui	a4,0x8
10001d4c:	b74d                	j	10001cee <pll_init+0x2a>

10001d4e <tick_start>:
10001d4e:	401087b7          	lui	a5,0x40108
10001d52:	20a52533          	sh1add	a0,a0,a0
10001d56:	20f54533          	sh2add	a0,a0,a5
10001d5a:	c14c                	sw	a1,4(a0)
10001d5c:	4785                	li	a5,1
10001d5e:	c11c                	sw	a5,0(a0)
10001d60:	8082                	ret

10001d62 <rom_func_lookup>:
10001d62:	67a1                	lui	a5,0x8
10001d64:	dfa78793          	addi	a5,a5,-518 # 7dfa <HeapSize+0x75fa>
10001d68:	0007d783          	lhu	a5,0(a5)
10001d6c:	4585                	li	a1,1
10001d6e:	8782                	jr	a5

10001d70 <runtime_init_bootrom_locking_enable>:
10001d70:	400e17b7          	lui	a5,0x400e1
10001d74:	82878793          	addi	a5,a5,-2008 # 400e0828 <__StackTop+0x2005e828>
10001d78:	4398                	lw	a4,0(a5)
10001d7a:	df7d                	beqz	a4,10001d78 <runtime_init_bootrom_locking_enable+0x8>
10001d7c:	0330000f          	fence	rw,rw
10001d80:	8082                	ret

10001d82 <runtime_init_boot_locks_reset>:
10001d82:	400e17b7          	lui	a5,0x400e1
10001d86:	400e1737          	lui	a4,0x400e1
10001d8a:	80c78793          	addi	a5,a5,-2036 # 400e080c <__StackTop+0x2005e80c>
10001d8e:	82c70713          	addi	a4,a4,-2004 # 400e082c <__StackTop+0x2005e82c>
10001d92:	0330000f          	fence	rw,rw
10001d96:	0007a023          	sw	zero,0(a5)
10001d9a:	0791                	addi	a5,a5,4
10001d9c:	fee79be3          	bne	a5,a4,10001d92 <runtime_init_boot_locks_reset+0x10>
10001da0:	8082                	ret

10001da2 <xosc_init>:
10001da2:	6785                	lui	a5,0x1
10001da4:	aa078793          	addi	a5,a5,-1376 # aa0 <HeapSize+0x2a0>
10001da8:	40048737          	lui	a4,0x40048
10001dac:	c31c                	sw	a5,0(a4)
10001dae:	11a00793          	li	a5,282
10001db2:	c75c                	sw	a5,12(a4)
10001db4:	00fab6b7          	lui	a3,0xfab
10001db8:	4004a7b7          	lui	a5,0x4004a
10001dbc:	c394                	sw	a3,0(a5)
10001dbe:	435c                	lw	a5,4(a4)
10001dc0:	fe07dfe3          	bgez	a5,10001dbe <xosc_init+0x1c>
10001dc4:	8082                	ret

10001dc6 <first_per_core_initializer>:
10001dc6:	8082                	ret

10001dc8 <hard_assertion_failure>:
10001dc8:	10004537          	lui	a0,0x10004
10001dcc:	1141                	addi	sp,sp,-16
10001dce:	fcc50513          	addi	a0,a0,-52 # 10003fcc <__EH_FRAME_BEGIN__+0x5c>
10001dd2:	c606                	sw	ra,12(sp)
10001dd4:	8f3fe0ef          	jal	100006c6 <panic>

10001dd8 <runtime_run_initializers>:
10001dd8:	1141                	addi	sp,sp,-16
10001dda:	c422                	sw	s0,8(sp)
10001ddc:	c226                	sw	s1,4(sp)
10001dde:	10004437          	lui	s0,0x10004
10001de2:	100044b7          	lui	s1,0x10004
10001de6:	c606                	sw	ra,12(sp)
10001de8:	f3440413          	addi	s0,s0,-204 # 10003f34 <__pre_init_runtime_init_bootrom_reset>
10001dec:	f6c48493          	addi	s1,s1,-148 # 10003f6c <__frame_dummy_init_array_entry>
10001df0:	00947763          	bgeu	s0,s1,10001dfe <runtime_run_initializers+0x26>
10001df4:	401c                	lw	a5,0(s0)
10001df6:	0411                	addi	s0,s0,4
10001df8:	9782                	jalr	a5
10001dfa:	fe946de3          	bltu	s0,s1,10001df4 <runtime_run_initializers+0x1c>
10001dfe:	40b2                	lw	ra,12(sp)
10001e00:	4422                	lw	s0,8(sp)
10001e02:	4492                	lw	s1,4(sp)
10001e04:	0141                	addi	sp,sp,16
10001e06:	8082                	ret

10001e08 <runtime_init_early_resets>:
10001e08:	efef47b7          	lui	a5,0xefef4
10001e0c:	b7f78793          	addi	a5,a5,-1153 # efef3b7f <__StackTop+0xcfe71b7f>
10001e10:	400226b7          	lui	a3,0x40022
10001e14:	03f40737          	lui	a4,0x3f40
10001e18:	c29c                	sw	a5,0(a3)
10001e1a:	1759                	addi	a4,a4,-10 # 3f3fff6 <HeapSize+0x3f3f7f6>
10001e1c:	400237b7          	lui	a5,0x40023
10001e20:	400206b7          	lui	a3,0x40020
10001e24:	c398                	sw	a4,0(a5)
10001e26:	06a1                	addi	a3,a3,8 # 40020008 <__StackTop+0x1ff9e008>
10001e28:	429c                	lw	a5,0(a3)
10001e2a:	40f777b3          	andn	a5,a4,a5
10001e2e:	ffed                	bnez	a5,10001e28 <runtime_init_early_resets+0x20>
10001e30:	8082                	ret

10001e32 <runtime_init_usb_power_down>:
10001e32:	501107b7          	lui	a5,0x50110
10001e36:	47f8                	lw	a4,76(a5)
10001e38:	67a1                	lui	a5,0x8
10001e3a:	00f70363          	beq	a4,a5,10001e40 <runtime_init_usb_power_down+0xe>
10001e3e:	8082                	ret
10001e40:	501127b7          	lui	a5,0x50112
10001e44:	00040737          	lui	a4,0x40
10001e48:	c7f8                	sw	a4,76(a5)
10001e4a:	8082                	ret

10001e4c <runtime_init_post_clock_resets>:
10001e4c:	20000737          	lui	a4,0x20000
10001e50:	177d                	addi	a4,a4,-1 # 1fffffff <__flash_binary_end+0xfff9acb>
10001e52:	400237b7          	lui	a5,0x40023
10001e56:	400206b7          	lui	a3,0x40020
10001e5a:	c398                	sw	a4,0(a5)
10001e5c:	06a1                	addi	a3,a3,8 # 40020008 <__StackTop+0x1ff9e008>
10001e5e:	429c                	lw	a5,0(a3)
10001e60:	40f777b3          	andn	a5,a4,a5
10001e64:	ffed                	bnez	a5,10001e5e <runtime_init_post_clock_resets+0x12>
10001e66:	8082                	ret

10001e68 <runtime_init_bootrom_reset>:
10001e68:	6515                	lui	a0,0x5
10001e6a:	1141                	addi	sp,sp,-16
10001e6c:	25350513          	addi	a0,a0,595 # 5253 <HeapSize+0x4a53>
10001e70:	c606                	sw	ra,12(sp)
10001e72:	3dc5                	jal	10001d62 <rom_func_lookup>
10001e74:	40b2                	lw	ra,12(sp)
10001e76:	87aa                	mv	a5,a0
10001e78:	4511                	li	a0,4
10001e7a:	0141                	addi	sp,sp,16
10001e7c:	8782                	jr	a5

10001e7e <runtime_init_per_core_bootrom_reset>:
10001e7e:	6515                	lui	a0,0x5
10001e80:	1141                	addi	sp,sp,-16
10001e82:	25350513          	addi	a0,a0,595 # 5253 <HeapSize+0x4a53>
10001e86:	c606                	sw	ra,12(sp)
10001e88:	3de9                	jal	10001d62 <rom_func_lookup>
10001e8a:	40b2                	lw	ra,12(sp)
10001e8c:	87aa                	mv	a5,a0
10001e8e:	4505                	li	a0,1
10001e90:	0141                	addi	sp,sp,16
10001e92:	8782                	jr	a5

10001e94 <runtime_init_spin_locks_reset>:
10001e94:	8f7fe06f          	j	1000078a <spin_locks_reset>

10001e98 <runtime_init_clocks>:
10001e98:	1141                	addi	sp,sp,-16
10001e9a:	c422                	sw	s0,8(sp)
10001e9c:	c606                	sw	ra,12(sp)
10001e9e:	c226                	sw	s1,4(sp)
10001ea0:	c04a                	sw	s2,0(sp)
10001ea2:	40010437          	lui	s0,0x40010
10001ea6:	08042223          	sw	zero,132(s0) # 40010084 <__StackTop+0x1ff8e084>
10001eaa:	3de5                	jal	10001da2 <xosc_init>
10001eac:	400137b7          	lui	a5,0x40013
10001eb0:	4705                	li	a4,1
10001eb2:	dfd8                	sw	a4,60(a5)
10001eb4:	407c                	lw	a5,68(s0)
10001eb6:	fee79fe3          	bne	a5,a4,10001eb4 <runtime_init_clocks+0x1c>
10001eba:	470d                	li	a4,3
10001ebc:	400137b7          	lui	a5,0x40013
10001ec0:	db98                	sw	a4,48(a5)
10001ec2:	4405                	li	s0,1
10001ec4:	40010737          	lui	a4,0x40010
10001ec8:	5f1c                	lw	a5,56(a4)
10001eca:	fe879fe3          	bne	a5,s0,10001ec8 <runtime_init_clocks+0x30>
10001ece:	59683637          	lui	a2,0x59683
10001ed2:	85a2                	mv	a1,s0
10001ed4:	f0060613          	addi	a2,a2,-256 # 59682f00 <__StackTop+0x39600f00>
10001ed8:	4709                	li	a4,2
10001eda:	4695                	li	a3,5
10001edc:	40050537          	lui	a0,0x40050
10001ee0:	33d5                	jal	10001cc4 <pll_init>
10001ee2:	4715                	li	a4,5
10001ee4:	47869637          	lui	a2,0x47869
10001ee8:	86ba                	mv	a3,a4
10001eea:	85a2                	mv	a1,s0
10001eec:	c0060613          	addi	a2,a2,-1024 # 47868c00 <__StackTop+0x277e6c00>
10001ef0:	40058537          	lui	a0,0x40058
10001ef4:	3bc1                	jal	10001cc4 <pll_init>
10001ef6:	00b726b7          	lui	a3,0xb72
10001efa:	b0068693          	addi	a3,a3,-1280 # b71b00 <HeapSize+0xb71300>
10001efe:	4601                	li	a2,0
10001f00:	4589                	li	a1,2
10001f02:	4511                	li	a0,4
10001f04:	39d1                	jal	10001bd8 <clock_configure_undivided>
10001f06:	08f0d6b7          	lui	a3,0x8f0d
10001f0a:	85a2                	mv	a1,s0
10001f0c:	18068693          	addi	a3,a3,384 # 8f0d180 <HeapSize+0x8f0c980>
10001f10:	4601                	li	a2,0
10001f12:	4515                	li	a0,5
10001f14:	31d1                	jal	10001bd8 <clock_configure_undivided>
10001f16:	02dc76b7          	lui	a3,0x2dc7
10001f1a:	c0068693          	addi	a3,a3,-1024 # 2dc6c00 <HeapSize+0x2dc6400>
10001f1e:	4601                	li	a2,0
10001f20:	4581                	li	a1,0
10001f22:	4521                	li	a0,8
10001f24:	3955                	jal	10001bd8 <clock_configure_undivided>
10001f26:	02dc76b7          	lui	a3,0x2dc7
10001f2a:	c0068693          	addi	a3,a3,-1024 # 2dc6c00 <HeapSize+0x2dc6400>
10001f2e:	4601                	li	a2,0
10001f30:	4581                	li	a1,0
10001f32:	4525                	li	a0,9
10001f34:	3155                	jal	10001bd8 <clock_configure_undivided>
10001f36:	08f0d6b7          	lui	a3,0x8f0d
10001f3a:	18068693          	addi	a3,a3,384 # 8f0d180 <HeapSize+0x8f0c980>
10001f3e:	4601                	li	a2,0
10001f40:	4581                	li	a1,0
10001f42:	4519                	li	a0,6
10001f44:	3951                	jal	10001bd8 <clock_configure_undivided>
10001f46:	08f0d6b7          	lui	a3,0x8f0d
10001f4a:	18068693          	addi	a3,a3,384 # 8f0d180 <HeapSize+0x8f0c980>
10001f4e:	4601                	li	a2,0
10001f50:	4581                	li	a1,0
10001f52:	451d                	li	a0,7
10001f54:	3151                	jal	10001bd8 <clock_configure_undivided>
10001f56:	4511                	li	a0,4
10001f58:	3bb1                	jal	10001cb4 <clock_get_hz>
10001f5a:	431be7b7          	lui	a5,0x431be
10001f5e:	e8378793          	addi	a5,a5,-381 # 431bde83 <__StackTop+0x2313be83>
10001f62:	02f534b3          	mulhu	s1,a0,a5
10001f66:	4401                	li	s0,0
10001f68:	4919                	li	s2,6
10001f6a:	80c9                	srli	s1,s1,0x12
10001f6c:	8522                	mv	a0,s0
10001f6e:	85a6                	mv	a1,s1
10001f70:	0405                	addi	s0,s0,1
10001f72:	3bf1                	jal	10001d4e <tick_start>
10001f74:	ff241ce3          	bne	s0,s2,10001f6c <runtime_init_clocks+0xd4>
10001f78:	40b2                	lw	ra,12(sp)
10001f7a:	4422                	lw	s0,8(sp)
10001f7c:	4492                	lw	s1,4(sp)
10001f7e:	4902                	lw	s2,0(sp)
10001f80:	0141                	addi	sp,sp,16
10001f82:	8082                	ret

10001f84 <_out_null>:
10001f84:	8082                	ret

10001f86 <_out_rev>:
10001f86:	7179                	addi	sp,sp,-48
10001f88:	d04a                	sw	s2,32(sp)
10001f8a:	ce4e                	sw	s3,28(sp)
10001f8c:	cc52                	sw	s4,24(sp)
10001f8e:	ca56                	sw	s5,20(sp)
10001f90:	c85a                	sw	s6,16(sp)
10001f92:	c462                	sw	s8,8(sp)
10001f94:	c266                	sw	s9,4(sp)
10001f96:	c06a                	sw	s10,0(sp)
10001f98:	8cc6                	mv	s9,a7
10001f9a:	d606                	sw	ra,44(sp)
10001f9c:	d422                	sw	s0,40(sp)
10001f9e:	d226                	sw	s1,36(sp)
10001fa0:	0038f893          	andi	a7,a7,3
10001fa4:	892a                	mv	s2,a0
10001fa6:	8a2e                	mv	s4,a1
10001fa8:	89b2                	mv	s3,a2
10001faa:	8ab6                	mv	s5,a3
10001fac:	8b3a                	mv	s6,a4
10001fae:	8d3e                	mv	s10,a5
10001fb0:	8c42                	mv	s8,a6
10001fb2:	06088563          	beqz	a7,1000201c <_out_rev+0x96>
10001fb6:	c7d1                	beqz	a5,10002042 <_out_rev+0xbc>
10001fb8:	c65e                	sw	s7,12(sp)
10001fba:	84b2                	mv	s1,a2
10001fbc:	01ab0433          	add	s0,s6,s10
10001fc0:	00848bb3          	add	s7,s1,s0
10001fc4:	fff44503          	lbu	a0,-1(s0)
10001fc8:	408b8633          	sub	a2,s7,s0
10001fcc:	86d6                	mv	a3,s5
10001fce:	85d2                	mv	a1,s4
10001fd0:	147d                	addi	s0,s0,-1
10001fd2:	9902                	jalr	s2
10001fd4:	fe8b18e3          	bne	s6,s0,10001fc4 <_out_rev+0x3e>
10001fd8:	4bb2                	lw	s7,12(sp)
10001fda:	94ea                	add	s1,s1,s10
10001fdc:	002cfc93          	andi	s9,s9,2
10001fe0:	020c8063          	beqz	s9,10002000 <_out_rev+0x7a>
10001fe4:	413489b3          	sub	s3,s1,s3
10001fe8:	0189fc63          	bgeu	s3,s8,10002000 <_out_rev+0x7a>
10001fec:	8626                	mv	a2,s1
10001fee:	86d6                	mv	a3,s5
10001ff0:	85d2                	mv	a1,s4
10001ff2:	02000513          	li	a0,32
10001ff6:	0985                	addi	s3,s3,1
10001ff8:	0485                	addi	s1,s1,1
10001ffa:	9902                	jalr	s2
10001ffc:	ff89e8e3          	bltu	s3,s8,10001fec <_out_rev+0x66>
10002000:	50b2                	lw	ra,44(sp)
10002002:	5422                	lw	s0,40(sp)
10002004:	5902                	lw	s2,32(sp)
10002006:	49f2                	lw	s3,28(sp)
10002008:	4a62                	lw	s4,24(sp)
1000200a:	4ad2                	lw	s5,20(sp)
1000200c:	4b42                	lw	s6,16(sp)
1000200e:	4c22                	lw	s8,8(sp)
10002010:	4c92                	lw	s9,4(sp)
10002012:	4d02                	lw	s10,0(sp)
10002014:	8526                	mv	a0,s1
10002016:	5492                	lw	s1,36(sp)
10002018:	6145                	addi	sp,sp,48
1000201a:	8082                	ret
1000201c:	0307f563          	bgeu	a5,a6,10002046 <_out_rev+0xc0>
10002020:	40f804b3          	sub	s1,a6,a5
10002024:	94b2                	add	s1,s1,a2
10002026:	8432                	mv	s0,a2
10002028:	8622                	mv	a2,s0
1000202a:	86d6                	mv	a3,s5
1000202c:	0405                	addi	s0,s0,1
1000202e:	85d2                	mv	a1,s4
10002030:	02000513          	li	a0,32
10002034:	9902                	jalr	s2
10002036:	fe9419e3          	bne	s0,s1,10002028 <_out_rev+0xa2>
1000203a:	fc0d03e3          	beqz	s10,10002000 <_out_rev+0x7a>
1000203e:	c65e                	sw	s7,12(sp)
10002040:	bfb5                	j	10001fbc <_out_rev+0x36>
10002042:	84b2                	mv	s1,a2
10002044:	bf61                	j	10001fdc <_out_rev+0x56>
10002046:	84b2                	mv	s1,a2
10002048:	bfcd                	j	1000203a <_out_rev+0xb4>

1000204a <_ntoa_format>:
1000204a:	4ea2                	lw	t4,8(sp)
1000204c:	833e                	mv	t1,a5
1000204e:	8fc2                	mv	t6,a6
10002050:	002ef793          	andi	a5,t4,2
10002054:	4e02                	lw	t3,0(sp)
10002056:	4812                	lw	a6,4(sp)
10002058:	e7e9                	bnez	a5,10002122 <_ntoa_format+0xd8>
1000205a:	fe030793          	addi	a5,t1,-32
1000205e:	00f037b3          	snez	a5,a5
10002062:	01c33f33          	sltu	t5,t1,t3
10002066:	01e7ff33          	and	t5,a5,t5
1000206a:	001ef293          	andi	t0,t4,1
1000206e:	0e080f63          	beqz	a6,1000216c <_ntoa_format+0x122>
10002072:	0e028d63          	beqz	t0,1000216c <_ntoa_format+0x122>
10002076:	000f9663          	bnez	t6,10002082 <_ntoa_format+0x38>
1000207a:	00cef393          	andi	t2,t4,12
1000207e:	00038363          	beqz	t2,10002084 <_ntoa_format+0x3a>
10002082:	187d                	addi	a6,a6,-1
10002084:	060f0f63          	beqz	t5,10002102 <_ntoa_format+0xb8>
10002088:	03000f13          	li	t5,48
1000208c:	0305                	addi	t1,t1,1
1000208e:	006707b3          	add	a5,a4,t1
10002092:	ffe78fa3          	sb	t5,-1(a5)
10002096:	fe030793          	addi	a5,t1,-32
1000209a:	00f037b3          	snez	a5,a5
1000209e:	01c37363          	bgeu	t1,t3,100020a4 <_ntoa_format+0x5a>
100020a2:	f7ed                	bnez	a5,1000208c <_ntoa_format+0x42>
100020a4:	04029f63          	bnez	t0,10002102 <_ntoa_format+0xb8>
100020a8:	010ef793          	andi	a5,t4,16
100020ac:	c3b9                	beqz	a5,100020f2 <_ntoa_format+0xa8>
100020ae:	400ef793          	andi	a5,t4,1024
100020b2:	e789                	bnez	a5,100020bc <_ntoa_format+0x72>
100020b4:	0c6e0963          	beq	t3,t1,10002186 <_ntoa_format+0x13c>
100020b8:	0d030763          	beq	t1,a6,10002186 <_ntoa_format+0x13c>
100020bc:	47c1                	li	a5,16
100020be:	0ef88963          	beq	a7,a5,100021b0 <_ntoa_format+0x166>
100020c2:	18f9                	addi	a7,a7,-2
100020c4:	0e089463          	bnez	a7,100021ac <_ntoa_format+0x162>
100020c8:	fe030793          	addi	a5,t1,-32
100020cc:	c3e5                	beqz	a5,100021ac <_ntoa_format+0x162>
100020ce:	00130793          	addi	a5,t1,1
100020d2:	933a                	add	t1,t1,a4
100020d4:	06200893          	li	a7,98
100020d8:	01130023          	sb	a7,0(t1)
100020dc:	02000893          	li	a7,32
100020e0:	01178d63          	beq	a5,a7,100020fa <_ntoa_format+0xb0>
100020e4:	00178313          	addi	t1,a5,1
100020e8:	97ba                	add	a5,a5,a4
100020ea:	03000893          	li	a7,48
100020ee:	01178023          	sb	a7,0(a5)
100020f2:	02000793          	li	a5,32
100020f6:	04f31d63          	bne	t1,a5,10002150 <_ntoa_format+0x106>
100020fa:	02000793          	li	a5,32
100020fe:	88f6                	mv	a7,t4
10002100:	b559                	j	10001f86 <_out_rev>
10002102:	03037063          	bgeu	t1,a6,10002122 <_ntoa_format+0xd8>
10002106:	cf91                	beqz	a5,10002122 <_ntoa_format+0xd8>
10002108:	03000f13          	li	t5,48
1000210c:	a011                	j	10002110 <_ntoa_format+0xc6>
1000210e:	cb91                	beqz	a5,10002122 <_ntoa_format+0xd8>
10002110:	0305                	addi	t1,t1,1
10002112:	006707b3          	add	a5,a4,t1
10002116:	ffe78fa3          	sb	t5,-1(a5)
1000211a:	fe030793          	addi	a5,t1,-32
1000211e:	ff0368e3          	bltu	t1,a6,1000210e <_ntoa_format+0xc4>
10002122:	010ef793          	andi	a5,t4,16
10002126:	d7f1                	beqz	a5,100020f2 <_ntoa_format+0xa8>
10002128:	400ef793          	andi	a5,t4,1024
1000212c:	fbc1                	bnez	a5,100020bc <_ntoa_format+0x72>
1000212e:	f80313e3          	bnez	t1,100020b4 <_ntoa_format+0x6a>
10002132:	47c1                	li	a5,16
10002134:	0ef88763          	beq	a7,a5,10002222 <_ntoa_format+0x1d8>
10002138:	4789                	li	a5,2
1000213a:	0cf89263          	bne	a7,a5,100021fe <_ntoa_format+0x1b4>
1000213e:	06200793          	li	a5,98
10002142:	03000893          	li	a7,48
10002146:	00f70023          	sb	a5,0(a4) # 40010000 <__StackTop+0x1ff8e000>
1000214a:	011700a3          	sb	a7,1(a4)
1000214e:	4309                	li	t1,2
10002150:	020f9163          	bnez	t6,10002172 <_ntoa_format+0x128>
10002154:	004ef793          	andi	a5,t4,4
10002158:	cbbd                	beqz	a5,100021ce <_ntoa_format+0x184>
1000215a:	006708b3          	add	a7,a4,t1
1000215e:	02b00e13          	li	t3,43
10002162:	00130793          	addi	a5,t1,1
10002166:	01c88023          	sb	t3,0(a7)
1000216a:	bf51                	j	100020fe <_ntoa_format+0xb4>
1000216c:	f00f1ee3          	bnez	t5,10002088 <_ntoa_format+0x3e>
10002170:	bf4d                	j	10002122 <_ntoa_format+0xd8>
10002172:	006708b3          	add	a7,a4,t1
10002176:	02d00e13          	li	t3,45
1000217a:	01c88023          	sb	t3,0(a7)
1000217e:	00130793          	addi	a5,t1,1
10002182:	88f6                	mv	a7,t4
10002184:	b509                	j	10001f86 <_out_rev>
10002186:	fff30793          	addi	a5,t1,-1
1000218a:	c3d1                	beqz	a5,1000220e <_ntoa_format+0x1c4>
1000218c:	ff088e13          	addi	t3,a7,-16
10002190:	060e1f63          	bnez	t3,1000220e <_ntoa_format+0x1c4>
10002194:	ffe30893          	addi	a7,t1,-2
10002198:	020efe13          	andi	t3,t4,32
1000219c:	98ba                	add	a7,a7,a4
1000219e:	080e1a63          	bnez	t3,10002232 <_ntoa_format+0x1e8>
100021a2:	07800e13          	li	t3,120
100021a6:	01c88023          	sb	t3,0(a7)
100021aa:	bf3d                	j	100020e8 <_ntoa_format+0x9e>
100021ac:	879a                	mv	a5,t1
100021ae:	b73d                	j	100020dc <_ntoa_format+0x92>
100021b0:	020ef793          	andi	a5,t4,32
100021b4:	cb8d                	beqz	a5,100021e6 <_ntoa_format+0x19c>
100021b6:	02000793          	li	a5,32
100021ba:	f4f300e3          	beq	t1,a5,100020fa <_ntoa_format+0xb0>
100021be:	00130793          	addi	a5,t1,1
100021c2:	933a                	add	t1,t1,a4
100021c4:	05800893          	li	a7,88
100021c8:	01130023          	sb	a7,0(t1)
100021cc:	bf01                	j	100020dc <_ntoa_format+0x92>
100021ce:	008ef893          	andi	a7,t4,8
100021d2:	879a                	mv	a5,t1
100021d4:	f20885e3          	beqz	a7,100020fe <_ntoa_format+0xb4>
100021d8:	933a                	add	t1,t1,a4
100021da:	02000893          	li	a7,32
100021de:	0785                	addi	a5,a5,1
100021e0:	01130023          	sb	a7,0(t1)
100021e4:	bf29                	j	100020fe <_ntoa_format+0xb4>
100021e6:	02000793          	li	a5,32
100021ea:	f0f308e3          	beq	t1,a5,100020fa <_ntoa_format+0xb0>
100021ee:	00130793          	addi	a5,t1,1
100021f2:	933a                	add	t1,t1,a4
100021f4:	07800893          	li	a7,120
100021f8:	01130023          	sb	a7,0(t1)
100021fc:	b5c5                	j	100020dc <_ntoa_format+0x92>
100021fe:	03000793          	li	a5,48
10002202:	00f70023          	sb	a5,0(a4)
10002206:	4305                	li	t1,1
10002208:	f40f86e3          	beqz	t6,10002154 <_ntoa_format+0x10a>
1000220c:	b79d                	j	10002172 <_ntoa_format+0x128>
1000220e:	4e41                	li	t3,16
10002210:	03c88663          	beq	a7,t3,1000223c <_ntoa_format+0x1f2>
10002214:	4e09                	li	t3,2
10002216:	edc899e3          	bne	a7,t3,100020e8 <_ntoa_format+0x9e>
1000221a:	889a                	mv	a7,t1
1000221c:	833e                	mv	t1,a5
1000221e:	87c6                	mv	a5,a7
10002220:	bd4d                	j	100020d2 <_ntoa_format+0x88>
10002222:	485ed793          	bexti	a5,t4,0x5
10002226:	40f007b3          	neg	a5,a5
1000222a:	9b81                	andi	a5,a5,-32
1000222c:	07878793          	addi	a5,a5,120
10002230:	bf09                	j	10002142 <_ntoa_format+0xf8>
10002232:	05800e13          	li	t3,88
10002236:	01c88023          	sb	t3,0(a7)
1000223a:	b57d                	j	100020e8 <_ntoa_format+0x9e>
1000223c:	020ef893          	andi	a7,t4,32
10002240:	00088663          	beqz	a7,1000224c <_ntoa_format+0x202>
10002244:	889a                	mv	a7,t1
10002246:	833e                	mv	t1,a5
10002248:	87c6                	mv	a5,a7
1000224a:	bfa5                	j	100021c2 <_ntoa_format+0x178>
1000224c:	889a                	mv	a7,t1
1000224e:	833e                	mv	t1,a5
10002250:	87c6                	mv	a5,a7
10002252:	b745                	j	100021f2 <_ntoa_format+0x1a8>

10002254 <_out_char>:
10002254:	e111                	bnez	a0,10002258 <_out_char+0x4>
10002256:	8082                	ret
10002258:	0c70106f          	j	10003b1e <__wrap_putchar>

1000225c <_out_fct>:
1000225c:	c501                	beqz	a0,10002264 <_out_fct+0x8>
1000225e:	419c                	lw	a5,0(a1)
10002260:	41cc                	lw	a1,4(a1)
10002262:	8782                	jr	a5
10002264:	8082                	ret

10002266 <_ftoa>:
10002266:	7119                	addi	sp,sp,-128
10002268:	d8ca                	sw	s2,112(sp)
1000226a:	d4d2                	sw	s4,104(sp)
1000226c:	d2d6                	sw	s5,100(sp)
1000226e:	cede                	sw	s7,92(sp)
10002270:	892a                	mv	s2,a0
10002272:	8a2e                	mv	s4,a1
10002274:	8bb2                	mv	s7,a2
10002276:	8ab6                	mv	s5,a3
10002278:	853a                	mv	a0,a4
1000227a:	85be                	mv	a1,a5
1000227c:	863a                	mv	a2,a4
1000227e:	86be                	mv	a3,a5
10002280:	dca2                	sw	s0,120(sp)
10002282:	daa6                	sw	s1,116(sp)
10002284:	d6ce                	sw	s3,108(sp)
10002286:	d0da                	sw	s6,96(sp)
10002288:	cce2                	sw	s8,88(sp)
1000228a:	de86                	sw	ra,124(sp)
1000228c:	4b0a                	lw	s6,128(sp)
1000228e:	84ba                	mv	s1,a4
10002290:	843e                	mv	s0,a5
10002292:	8c42                	mv	s8,a6
10002294:	89c6                	mv	s3,a7
10002296:	10000097          	auipc	ra,0x10000
1000229a:	a0a080e7          	jalr	-1526(ra) # 20001ca0 <__unorddf2>
1000229e:	4a051b63          	bnez	a0,10002754 <_ftoa+0x4ee>
100022a2:	100047b7          	lui	a5,0x10004
100022a6:	2d07a603          	lw	a2,720(a5) # 100042d0 <__bi_45.4+0x20>
100022aa:	2d47a683          	lw	a3,724(a5)
100022ae:	8526                	mv	a0,s1
100022b0:	85a2                	mv	a1,s0
100022b2:	0ffff097          	auipc	ra,0xffff
100022b6:	f86080e7          	jalr	-122(ra) # 20001238 <__ledf2>
100022ba:	24054063          	bltz	a0,100024fa <_ftoa+0x294>
100022be:	100047b7          	lui	a5,0x10004
100022c2:	2d87a603          	lw	a2,728(a5) # 100042d8 <__bi_45.4+0x28>
100022c6:	2dc7a683          	lw	a3,732(a5)
100022ca:	8526                	mv	a0,s1
100022cc:	85a2                	mv	a1,s0
100022ce:	0ffff097          	auipc	ra,0xffff
100022d2:	eb4080e7          	jalr	-332(ra) # 20001182 <__gedf2>
100022d6:	18a04663          	bgtz	a0,10002462 <_ftoa+0x1fc>
100022da:	100047b7          	lui	a5,0x10004
100022de:	2c07a603          	lw	a2,704(a5) # 100042c0 <__bi_45.4+0x10>
100022e2:	2c47a683          	lw	a3,708(a5)
100022e6:	8526                	mv	a0,s1
100022e8:	85a2                	mv	a1,s0
100022ea:	0ffff097          	auipc	ra,0xffff
100022ee:	e98080e7          	jalr	-360(ra) # 20001182 <__gedf2>
100022f2:	14a04363          	bgtz	a0,10002438 <_ftoa+0x1d2>
100022f6:	100047b7          	lui	a5,0x10004
100022fa:	2e07a603          	lw	a2,736(a5) # 100042e0 <__bi_45.4+0x30>
100022fe:	2e47a683          	lw	a3,740(a5)
10002302:	8526                	mv	a0,s1
10002304:	85a2                	mv	a1,s0
10002306:	0ffff097          	auipc	ra,0xffff
1000230a:	f32080e7          	jalr	-206(ra) # 20001238 <__ledf2>
1000230e:	12054563          	bltz	a0,10002438 <_ftoa+0x1d2>
10002312:	8526                	mv	a0,s1
10002314:	85a2                	mv	a1,s0
10002316:	4601                	li	a2,0
10002318:	4681                	li	a3,0
1000231a:	c6ee                	sw	s11,76(sp)
1000231c:	cae6                	sw	s9,84(sp)
1000231e:	c8ea                	sw	s10,80(sp)
10002320:	0ffff097          	auipc	ra,0xffff
10002324:	f18080e7          	jalr	-232(ra) # 20001238 <__ledf2>
10002328:	4d81                	li	s11,0
1000232a:	1a054863          	bltz	a0,100024da <_ftoa+0x274>
1000232e:	400b7793          	andi	a5,s6,1024
10002332:	16079263          	bnez	a5,10002496 <_ftoa+0x230>
10002336:	10004737          	lui	a4,0x10004
1000233a:	2c872683          	lw	a3,712(a4) # 100042c8 <__bi_45.4+0x18>
1000233e:	2cc72703          	lw	a4,716(a4)
10002342:	4c19                	li	s8,6
10002344:	8cb6                	mv	s9,a3
10002346:	8d3a                	mv	s10,a4
10002348:	1018                	addi	a4,sp,32
1000234a:	85a2                	mv	a1,s0
1000234c:	8526                	mv	a0,s1
1000234e:	ce3a                	sw	a4,28(sp)
10002350:	cc3e                	sw	a5,24(sp)
10002352:	10000097          	auipc	ra,0x10000
10002356:	982080e7          	jalr	-1662(ra) # 20001cd4 <__fixdfsi>
1000235a:	ca2a                	sw	a0,20(sp)
1000235c:	10000097          	auipc	ra,0x10000
10002360:	a36080e7          	jalr	-1482(ra) # 20001d92 <__floatsidf>
10002364:	862a                	mv	a2,a0
10002366:	86ae                	mv	a3,a1
10002368:	8526                	mv	a0,s1
1000236a:	85a2                	mv	a1,s0
1000236c:	0ffff097          	auipc	ra,0xffff
10002370:	3a2080e7          	jalr	930(ra) # 2000170e <__subdf3>
10002374:	8666                	mv	a2,s9
10002376:	86ea                	mv	a3,s10
10002378:	0ffff097          	auipc	ra,0xffff
1000237c:	f76080e7          	jalr	-138(ra) # 200012ee <__muldf3>
10002380:	c62e                	sw	a1,12(sp)
10002382:	c42a                	sw	a0,8(sp)
10002384:	10000097          	auipc	ra,0x10000
10002388:	9b0080e7          	jalr	-1616(ra) # 20001d34 <__fixunsdfsi>
1000238c:	c82a                	sw	a0,16(sp)
1000238e:	10000097          	auipc	ra,0x10000
10002392:	a54080e7          	jalr	-1452(ra) # 20001de2 <__floatunsidf>
10002396:	862a                	mv	a2,a0
10002398:	86ae                	mv	a3,a1
1000239a:	4522                	lw	a0,8(sp)
1000239c:	45b2                	lw	a1,12(sp)
1000239e:	0ffff097          	auipc	ra,0xffff
100023a2:	370080e7          	jalr	880(ra) # 2000170e <__subdf3>
100023a6:	100047b7          	lui	a5,0x10004
100023aa:	2e87a603          	lw	a2,744(a5) # 100042e8 <__bi_45.4+0x38>
100023ae:	2ec7a683          	lw	a3,748(a5)
100023b2:	c42a                	sw	a0,8(sp)
100023b4:	c62e                	sw	a1,12(sp)
100023b6:	0ffff097          	auipc	ra,0xffff
100023ba:	dcc080e7          	jalr	-564(ra) # 20001182 <__gedf2>
100023be:	48c2                	lw	a7,16(sp)
100023c0:	4852                	lw	a6,20(sp)
100023c2:	47e2                	lw	a5,24(sp)
100023c4:	4772                	lw	a4,28(sp)
100023c6:	26a05263          	blez	a0,1000262a <_ftoa+0x3c4>
100023ca:	0885                	addi	a7,a7,1
100023cc:	8546                	mv	a0,a7
100023ce:	cc3a                	sw	a4,24(sp)
100023d0:	ca3e                	sw	a5,20(sp)
100023d2:	c842                	sw	a6,16(sp)
100023d4:	c446                	sw	a7,8(sp)
100023d6:	10000097          	auipc	ra,0x10000
100023da:	a0c080e7          	jalr	-1524(ra) # 20001de2 <__floatunsidf>
100023de:	8666                	mv	a2,s9
100023e0:	86ea                	mv	a3,s10
100023e2:	0ffff097          	auipc	ra,0xffff
100023e6:	da0080e7          	jalr	-608(ra) # 20001182 <__gedf2>
100023ea:	48a2                	lw	a7,8(sp)
100023ec:	4842                	lw	a6,16(sp)
100023ee:	47d2                	lw	a5,20(sp)
100023f0:	4762                	lw	a4,24(sp)
100023f2:	00054463          	bltz	a0,100023fa <_ftoa+0x194>
100023f6:	0805                	addi	a6,a6,1
100023f8:	4881                	li	a7,0
100023fa:	160c0a63          	beqz	s8,1000256e <_ftoa+0x308>
100023fe:	ccccd537          	lui	a0,0xccccd
10002402:	ccd50513          	addi	a0,a0,-819 # cccccccd <__StackTop+0xacc4accd>
10002406:	02000313          	li	t1,32
1000240a:	4e25                	li	t3,9
1000240c:	2a678f63          	beq	a5,t1,100026ca <_ftoa+0x464>
10002410:	02a8b633          	mulhu	a2,a7,a0
10002414:	0785                	addi	a5,a5,1
10002416:	00f705b3          	add	a1,a4,a5
1000241a:	1c7d                	addi	s8,s8,-1
1000241c:	820d                	srli	a2,a2,0x3
1000241e:	20c646b3          	sh2add	a3,a2,a2
10002422:	0686                	slli	a3,a3,0x1
10002424:	40d886b3          	sub	a3,a7,a3
10002428:	03068693          	addi	a3,a3,48
1000242c:	fed58fa3          	sb	a3,-1(a1)
10002430:	271e7d63          	bgeu	t3,a7,100026aa <_ftoa+0x444>
10002434:	88b2                	mv	a7,a2
10002436:	bfd9                	j	1000240c <_ftoa+0x1a6>
10002438:	87a2                	mv	a5,s0
1000243a:	5466                	lw	s0,120(sp)
1000243c:	c15a                	sw	s6,128(sp)
1000243e:	50f6                	lw	ra,124(sp)
10002440:	5b06                	lw	s6,96(sp)
10002442:	8726                	mv	a4,s1
10002444:	88ce                	mv	a7,s3
10002446:	54d6                	lw	s1,116(sp)
10002448:	59b6                	lw	s3,108(sp)
1000244a:	8862                	mv	a6,s8
1000244c:	86d6                	mv	a3,s5
1000244e:	4c66                	lw	s8,88(sp)
10002450:	5a96                	lw	s5,100(sp)
10002452:	865e                	mv	a2,s7
10002454:	85d2                	mv	a1,s4
10002456:	4bf6                	lw	s7,92(sp)
10002458:	5a26                	lw	s4,104(sp)
1000245a:	854a                	mv	a0,s2
1000245c:	5946                	lw	s2,112(sp)
1000245e:	6109                	addi	sp,sp,128
10002460:	ae61                	j	100027f8 <_etoa>
10002462:	004b7793          	andi	a5,s6,4
10002466:	e7a5                	bnez	a5,100024ce <_ftoa+0x268>
10002468:	10004737          	lui	a4,0x10004
1000246c:	03070713          	addi	a4,a4,48 # 10004030 <__EH_FRAME_BEGIN__+0xc0>
10002470:	478d                	li	a5,3
10002472:	5466                	lw	s0,120(sp)
10002474:	50f6                	lw	ra,124(sp)
10002476:	54d6                	lw	s1,116(sp)
10002478:	4c66                	lw	s8,88(sp)
1000247a:	88da                	mv	a7,s6
1000247c:	884e                	mv	a6,s3
1000247e:	5b06                	lw	s6,96(sp)
10002480:	59b6                	lw	s3,108(sp)
10002482:	86d6                	mv	a3,s5
10002484:	865e                	mv	a2,s7
10002486:	5a96                	lw	s5,100(sp)
10002488:	4bf6                	lw	s7,92(sp)
1000248a:	85d2                	mv	a1,s4
1000248c:	854a                	mv	a0,s2
1000248e:	5a26                	lw	s4,104(sp)
10002490:	5946                	lw	s2,112(sp)
10002492:	6109                	addi	sp,sp,128
10002494:	bccd                	j	10001f86 <_out_rev>
10002496:	46a5                	li	a3,9
10002498:	4781                	li	a5,0
1000249a:	1018                	addi	a4,sp,32
1000249c:	03000593          	li	a1,48
100024a0:	3586f163          	bgeu	a3,s8,100027e2 <_ftoa+0x57c>
100024a4:	0785                	addi	a5,a5,1
100024a6:	00f706b3          	add	a3,a4,a5
100024aa:	feb68fa3          	sb	a1,-1(a3)
100024ae:	1c7d                	addi	s8,s8,-1
100024b0:	fe078693          	addi	a3,a5,-32
100024b4:	ff7c0613          	addi	a2,s8,-9
100024b8:	c291                	beqz	a3,100024bc <_ftoa+0x256>
100024ba:	f66d                	bnez	a2,100024a4 <_ftoa+0x23e>
100024bc:	100046b7          	lui	a3,0x10004
100024c0:	2c06a603          	lw	a2,704(a3) # 100042c0 <__bi_45.4+0x10>
100024c4:	2c46a683          	lw	a3,708(a3)
100024c8:	8cb2                	mv	s9,a2
100024ca:	8d36                	mv	s10,a3
100024cc:	bdbd                	j	1000234a <_ftoa+0xe4>
100024ce:	10004737          	lui	a4,0x10004
100024d2:	02870713          	addi	a4,a4,40 # 10004028 <__EH_FRAME_BEGIN__+0xb8>
100024d6:	4791                	li	a5,4
100024d8:	bf69                	j	10002472 <_ftoa+0x20c>
100024da:	8626                	mv	a2,s1
100024dc:	86a2                	mv	a3,s0
100024de:	4501                	li	a0,0
100024e0:	4581                	li	a1,0
100024e2:	0ffff097          	auipc	ra,0xffff
100024e6:	22c080e7          	jalr	556(ra) # 2000170e <__subdf3>
100024ea:	400b7793          	andi	a5,s6,1024
100024ee:	84aa                	mv	s1,a0
100024f0:	842e                	mv	s0,a1
100024f2:	4d85                	li	s11,1
100024f4:	e40781e3          	beqz	a5,10002336 <_ftoa+0xd0>
100024f8:	bf79                	j	10002496 <_ftoa+0x230>
100024fa:	cae6                	sw	s9,84(sp)
100024fc:	003b7793          	andi	a5,s6,3
10002500:	002b7c93          	andi	s9,s6,2
10002504:	84de                	mv	s1,s7
10002506:	1e078663          	beqz	a5,100026f2 <_ftoa+0x48c>
1000250a:	10004c37          	lui	s8,0x10004
1000250e:	038c0c13          	addi	s8,s8,56 # 10004038 <__EH_FRAME_BEGIN__+0xc8>
10002512:	8462                	mv	s0,s8
10002514:	00940b33          	add	s6,s0,s1
10002518:	1c71                	addi	s8,s8,-4
1000251a:	00344503          	lbu	a0,3(s0)
1000251e:	408b0633          	sub	a2,s6,s0
10002522:	86d6                	mv	a3,s5
10002524:	85d2                	mv	a1,s4
10002526:	147d                	addi	s0,s0,-1
10002528:	9902                	jalr	s2
1000252a:	ff8418e3          	bne	s0,s8,1000251a <_ftoa+0x2b4>
1000252e:	0491                	addi	s1,s1,4
10002530:	020c8163          	beqz	s9,10002552 <_ftoa+0x2ec>
10002534:	417487b3          	sub	a5,s1,s7
10002538:	0137fd63          	bgeu	a5,s3,10002552 <_ftoa+0x2ec>
1000253c:	8626                	mv	a2,s1
1000253e:	86d6                	mv	a3,s5
10002540:	85d2                	mv	a1,s4
10002542:	02000513          	li	a0,32
10002546:	0485                	addi	s1,s1,1
10002548:	9902                	jalr	s2
1000254a:	417487b3          	sub	a5,s1,s7
1000254e:	ff37e7e3          	bltu	a5,s3,1000253c <_ftoa+0x2d6>
10002552:	50f6                	lw	ra,124(sp)
10002554:	5466                	lw	s0,120(sp)
10002556:	4cd6                	lw	s9,84(sp)
10002558:	5946                	lw	s2,112(sp)
1000255a:	59b6                	lw	s3,108(sp)
1000255c:	5a26                	lw	s4,104(sp)
1000255e:	5a96                	lw	s5,100(sp)
10002560:	5b06                	lw	s6,96(sp)
10002562:	4bf6                	lw	s7,92(sp)
10002564:	4c66                	lw	s8,88(sp)
10002566:	8526                	mv	a0,s1
10002568:	54d6                	lw	s1,116(sp)
1000256a:	6109                	addi	sp,sp,128
1000256c:	8082                	ret
1000256e:	8542                	mv	a0,a6
10002570:	ca3a                	sw	a4,20(sp)
10002572:	c442                	sw	a6,8(sp)
10002574:	c83e                	sw	a5,16(sp)
10002576:	10000097          	auipc	ra,0x10000
1000257a:	81c080e7          	jalr	-2020(ra) # 20001d92 <__floatsidf>
1000257e:	862a                	mv	a2,a0
10002580:	86ae                	mv	a3,a1
10002582:	8526                	mv	a0,s1
10002584:	85a2                	mv	a1,s0
10002586:	0ffff097          	auipc	ra,0xffff
1000258a:	188080e7          	jalr	392(ra) # 2000170e <__subdf3>
1000258e:	100047b7          	lui	a5,0x10004
10002592:	2e87a403          	lw	s0,744(a5) # 100042e8 <__bi_45.4+0x38>
10002596:	2ec7a483          	lw	s1,748(a5)
1000259a:	8c2a                	mv	s8,a0
1000259c:	8622                	mv	a2,s0
1000259e:	86a6                	mv	a3,s1
100025a0:	8cae                	mv	s9,a1
100025a2:	0ffff097          	auipc	ra,0xffff
100025a6:	c96080e7          	jalr	-874(ra) # 20001238 <__ledf2>
100025aa:	4822                	lw	a6,8(sp)
100025ac:	47c2                	lw	a5,16(sp)
100025ae:	4752                	lw	a4,20(sp)
100025b0:	00054f63          	bltz	a0,100025ce <_ftoa+0x368>
100025b4:	8622                	mv	a2,s0
100025b6:	86a6                	mv	a3,s1
100025b8:	8562                	mv	a0,s8
100025ba:	85e6                	mv	a1,s9
100025bc:	0ffff097          	auipc	ra,0xffff
100025c0:	bc6080e7          	jalr	-1082(ra) # 20001182 <__gedf2>
100025c4:	4822                	lw	a6,8(sp)
100025c6:	47c2                	lw	a5,16(sp)
100025c8:	4752                	lw	a4,20(sp)
100025ca:	12a05063          	blez	a0,100026ea <_ftoa+0x484>
100025ce:	66666537          	lui	a0,0x66666
100025d2:	66750513          	addi	a0,a0,1639 # 66666667 <__StackTop+0x465e4667>
100025d6:	02000893          	li	a7,32
100025da:	a01d                	j	10002600 <_ftoa+0x39a>
100025dc:	02a81633          	mulh	a2,a6,a0
100025e0:	0785                	addi	a5,a5,1
100025e2:	00f705b3          	add	a1,a4,a5
100025e6:	8609                	srai	a2,a2,0x2
100025e8:	8e15                	sub	a2,a2,a3
100025ea:	20c646b3          	sh2add	a3,a2,a2
100025ee:	0686                	slli	a3,a3,0x1
100025f0:	40d806b3          	sub	a3,a6,a3
100025f4:	03068693          	addi	a3,a3,48
100025f8:	fed58fa3          	sb	a3,-1(a1)
100025fc:	8832                	mv	a6,a2
100025fe:	c225                	beqz	a2,1000265e <_ftoa+0x3f8>
10002600:	41f85693          	srai	a3,a6,0x1f
10002604:	fd179ce3          	bne	a5,a7,100025dc <_ftoa+0x376>
10002608:	003b7693          	andi	a3,s6,3
1000260c:	4605                	li	a2,1
1000260e:	10c68463          	beq	a3,a2,10002716 <_ftoa+0x4b0>
10002612:	88da                	mv	a7,s6
10002614:	884e                	mv	a6,s3
10002616:	86d6                	mv	a3,s5
10002618:	865e                	mv	a2,s7
1000261a:	85d2                	mv	a1,s4
1000261c:	854a                	mv	a0,s2
1000261e:	969ff0ef          	jal	10001f86 <_out_rev>
10002622:	84aa                	mv	s1,a0
10002624:	4d46                	lw	s10,80(sp)
10002626:	4db6                	lw	s11,76(sp)
10002628:	b72d                	j	10002552 <_ftoa+0x2ec>
1000262a:	cc3e                	sw	a5,24(sp)
1000262c:	100047b7          	lui	a5,0x10004
10002630:	2e87a603          	lw	a2,744(a5) # 100042e8 <__bi_45.4+0x38>
10002634:	2ec7a683          	lw	a3,748(a5)
10002638:	4522                	lw	a0,8(sp)
1000263a:	45b2                	lw	a1,12(sp)
1000263c:	ce3a                	sw	a4,28(sp)
1000263e:	ca46                	sw	a7,20(sp)
10002640:	c842                	sw	a6,16(sp)
10002642:	0ffff097          	auipc	ra,0xffff
10002646:	bf6080e7          	jalr	-1034(ra) # 20001238 <__ledf2>
1000264a:	4842                	lw	a6,16(sp)
1000264c:	48d2                	lw	a7,20(sp)
1000264e:	47e2                	lw	a5,24(sp)
10002650:	4772                	lw	a4,28(sp)
10002652:	da0544e3          	bltz	a0,100023fa <_ftoa+0x194>
10002656:	08089463          	bnez	a7,100026de <_ftoa+0x478>
1000265a:	0885                	addi	a7,a7,1
1000265c:	bb79                	j	100023fa <_ftoa+0x194>
1000265e:	003b7693          	andi	a3,s6,3
10002662:	4605                	li	a2,1
10002664:	14c68b63          	beq	a3,a2,100027ba <_ftoa+0x554>
10002668:	02000693          	li	a3,32
1000266c:	fad783e3          	beq	a5,a3,10002612 <_ftoa+0x3ac>
10002670:	02d00613          	li	a2,45
10002674:	020d9563          	bnez	s11,1000269e <_ftoa+0x438>
10002678:	004b7693          	andi	a3,s6,4
1000267c:	ee99                	bnez	a3,1000269a <_ftoa+0x434>
1000267e:	008b7693          	andi	a3,s6,8
10002682:	dac1                	beqz	a3,10002612 <_ftoa+0x3ac>
10002684:	02000613          	li	a2,32
10002688:	00c786b3          	add	a3,a5,a2
1000268c:	00c105b3          	add	a1,sp,a2
10002690:	96ae                	add	a3,a3,a1
10002692:	fec68023          	sb	a2,-32(a3)
10002696:	0785                	addi	a5,a5,1
10002698:	bfad                	j	10002612 <_ftoa+0x3ac>
1000269a:	02b00613          	li	a2,43
1000269e:	002786b3          	add	a3,a5,sp
100026a2:	02c68023          	sb	a2,32(a3)
100026a6:	0785                	addi	a5,a5,1
100026a8:	b7ad                	j	10002612 <_ftoa+0x3ac>
100026aa:	02678063          	beq	a5,t1,100026ca <_ftoa+0x464>
100026ae:	9c3e                	add	s8,s8,a5
100026b0:	03000593          	li	a1,48
100026b4:	02000613          	li	a2,32
100026b8:	00fc0c63          	beq	s8,a5,100026d0 <_ftoa+0x46a>
100026bc:	0785                	addi	a5,a5,1
100026be:	00f706b3          	add	a3,a4,a5
100026c2:	feb68fa3          	sb	a1,-1(a3)
100026c6:	fec799e3          	bne	a5,a2,100026b8 <_ftoa+0x452>
100026ca:	02000793          	li	a5,32
100026ce:	b701                	j	100025ce <_ftoa+0x368>
100026d0:	9c0a                	add	s8,s8,sp
100026d2:	02e00693          	li	a3,46
100026d6:	0785                	addi	a5,a5,1
100026d8:	02dc0023          	sb	a3,32(s8)
100026dc:	bdcd                	j	100025ce <_ftoa+0x368>
100026de:	0018f693          	andi	a3,a7,1
100026e2:	d0068ce3          	beqz	a3,100023fa <_ftoa+0x194>
100026e6:	0885                	addi	a7,a7,1
100026e8:	bb09                	j	100023fa <_ftoa+0x194>
100026ea:	0805                	addi	a6,a6,1
100026ec:	ffe87813          	andi	a6,a6,-2
100026f0:	bdf9                	j	100025ce <_ftoa+0x368>
100026f2:	4791                	li	a5,4
100026f4:	e137fbe3          	bgeu	a5,s3,1000250a <_ftoa+0x2a4>
100026f8:	ffcb8413          	addi	s0,s7,-4 # 400b7ffc <__StackTop+0x20035ffc>
100026fc:	013404b3          	add	s1,s0,s3
10002700:	845e                	mv	s0,s7
10002702:	8622                	mv	a2,s0
10002704:	86d6                	mv	a3,s5
10002706:	0405                	addi	s0,s0,1
10002708:	85d2                	mv	a1,s4
1000270a:	02000513          	li	a0,32
1000270e:	9902                	jalr	s2
10002710:	fe9419e3          	bne	s0,s1,10002702 <_ftoa+0x49c>
10002714:	bbdd                	j	1000250a <_ftoa+0x2a4>
10002716:	ee098ee3          	beqz	s3,10002612 <_ftoa+0x3ac>
1000271a:	080d9963          	bnez	s11,100027ac <_ftoa+0x546>
1000271e:	00cb7693          	andi	a3,s6,12
10002722:	e6c9                	bnez	a3,100027ac <_ftoa+0x546>
10002724:	0337f363          	bgeu	a5,s3,1000274a <_ftoa+0x4e4>
10002728:	fe078693          	addi	a3,a5,-32
1000272c:	ce99                	beqz	a3,1000274a <_ftoa+0x4e4>
1000272e:	03000613          	li	a2,48
10002732:	a011                	j	10002736 <_ftoa+0x4d0>
10002734:	da95                	beqz	a3,10002668 <_ftoa+0x402>
10002736:	0785                	addi	a5,a5,1
10002738:	00f706b3          	add	a3,a4,a5
1000273c:	fec68fa3          	sb	a2,-1(a3)
10002740:	fe078693          	addi	a3,a5,-32
10002744:	ff37e8e3          	bltu	a5,s3,10002734 <_ftoa+0x4ce>
10002748:	b705                	j	10002668 <_ftoa+0x402>
1000274a:	02000693          	li	a3,32
1000274e:	f2d795e3          	bne	a5,a3,10002678 <_ftoa+0x412>
10002752:	b5c1                	j	10002612 <_ftoa+0x3ac>
10002754:	cae6                	sw	s9,84(sp)
10002756:	003b7793          	andi	a5,s6,3
1000275a:	002b7c93          	andi	s9,s6,2
1000275e:	845e                	mv	s0,s7
10002760:	c3a5                	beqz	a5,100027c0 <_ftoa+0x55a>
10002762:	100044b7          	lui	s1,0x10004
10002766:	03448493          	addi	s1,s1,52 # 10004034 <__EH_FRAME_BEGIN__+0xc4>
1000276a:	ffd48b13          	addi	s6,s1,-3
1000276e:	8c22                	mv	s8,s0
10002770:	0024c503          	lbu	a0,2(s1)
10002774:	8662                	mv	a2,s8
10002776:	86d6                	mv	a3,s5
10002778:	85d2                	mv	a1,s4
1000277a:	14fd                	addi	s1,s1,-1
1000277c:	0c05                	addi	s8,s8,1
1000277e:	9902                	jalr	s2
10002780:	fe9b18e3          	bne	s6,s1,10002770 <_ftoa+0x50a>
10002784:	00340493          	addi	s1,s0,3
10002788:	dc0c85e3          	beqz	s9,10002552 <_ftoa+0x2ec>
1000278c:	417487b3          	sub	a5,s1,s7
10002790:	dd37f1e3          	bgeu	a5,s3,10002552 <_ftoa+0x2ec>
10002794:	8626                	mv	a2,s1
10002796:	86d6                	mv	a3,s5
10002798:	85d2                	mv	a1,s4
1000279a:	02000513          	li	a0,32
1000279e:	0485                	addi	s1,s1,1
100027a0:	9902                	jalr	s2
100027a2:	417487b3          	sub	a5,s1,s7
100027a6:	ff37e7e3          	bltu	a5,s3,10002794 <_ftoa+0x52e>
100027aa:	b365                	j	10002552 <_ftoa+0x2ec>
100027ac:	19fd                	addi	s3,s3,-1
100027ae:	eb37fde3          	bgeu	a5,s3,10002668 <_ftoa+0x402>
100027b2:	fe078693          	addi	a3,a5,-32
100027b6:	fea5                	bnez	a3,1000272e <_ftoa+0x4c8>
100027b8:	bd45                	j	10002668 <_ftoa+0x402>
100027ba:	ea0987e3          	beqz	s3,10002668 <_ftoa+0x402>
100027be:	bfb1                	j	1000271a <_ftoa+0x4b4>
100027c0:	478d                	li	a5,3
100027c2:	fb37f0e3          	bgeu	a5,s3,10002762 <_ftoa+0x4fc>
100027c6:	ffdb8413          	addi	s0,s7,-3
100027ca:	944e                	add	s0,s0,s3
100027cc:	84de                	mv	s1,s7
100027ce:	8626                	mv	a2,s1
100027d0:	86d6                	mv	a3,s5
100027d2:	0485                	addi	s1,s1,1
100027d4:	85d2                	mv	a1,s4
100027d6:	02000513          	li	a0,32
100027da:	9902                	jalr	s2
100027dc:	fe8499e3          	bne	s1,s0,100027ce <_ftoa+0x568>
100027e0:	b749                	j	10002762 <_ftoa+0x4fc>
100027e2:	100046b7          	lui	a3,0x10004
100027e6:	26068693          	addi	a3,a3,608 # 10004260 <pow10.0>
100027ea:	20dc66b3          	sh3add	a3,s8,a3
100027ee:	4290                	lw	a2,0(a3)
100027f0:	42d4                	lw	a3,4(a3)
100027f2:	8cb2                	mv	s9,a2
100027f4:	8d36                	mv	s10,a3
100027f6:	be91                	j	1000234a <_ftoa+0xe4>

100027f8 <_etoa>:
100027f8:	7175                	addi	sp,sp,-144
100027fa:	c14a                	sw	s2,128(sp)
100027fc:	d8da                	sw	s6,112(sp)
100027fe:	d6de                	sw	s7,108(sp)
10002800:	d2e6                	sw	s9,100(sp)
10002802:	892a                	mv	s2,a0
10002804:	8b2e                	mv	s6,a1
10002806:	8cb2                	mv	s9,a2
10002808:	8bb6                	mv	s7,a3
1000280a:	853a                	mv	a0,a4
1000280c:	85be                	mv	a1,a5
1000280e:	863a                	mv	a2,a4
10002810:	86be                	mv	a3,a5
10002812:	c522                	sw	s0,136(sp)
10002814:	c326                	sw	s1,132(sp)
10002816:	dece                	sw	s3,124(sp)
10002818:	dcd2                	sw	s4,120(sp)
1000281a:	d4e2                	sw	s8,104(sp)
1000281c:	c706                	sw	ra,140(sp)
1000281e:	49ca                	lw	s3,144(sp)
10002820:	84ba                	mv	s1,a4
10002822:	843e                	mv	s0,a5
10002824:	8a42                	mv	s4,a6
10002826:	8c46                	mv	s8,a7
10002828:	0ffff097          	auipc	ra,0xffff
1000282c:	478080e7          	jalr	1144(ra) # 20001ca0 <__unorddf2>
10002830:	e141                	bnez	a0,100028b0 <_etoa+0xb8>
10002832:	100047b7          	lui	a5,0x10004
10002836:	2d87a603          	lw	a2,728(a5) # 100042d8 <__bi_45.4+0x28>
1000283a:	2dc7a683          	lw	a3,732(a5)
1000283e:	8526                	mv	a0,s1
10002840:	85a2                	mv	a1,s0
10002842:	0ffff097          	auipc	ra,0xffff
10002846:	940080e7          	jalr	-1728(ra) # 20001182 <__gedf2>
1000284a:	06a04363          	bgtz	a0,100028b0 <_etoa+0xb8>
1000284e:	100047b7          	lui	a5,0x10004
10002852:	2d07a603          	lw	a2,720(a5) # 100042d0 <__bi_45.4+0x20>
10002856:	2d47a683          	lw	a3,724(a5)
1000285a:	8526                	mv	a0,s1
1000285c:	85a2                	mv	a1,s0
1000285e:	0ffff097          	auipc	ra,0xffff
10002862:	9da080e7          	jalr	-1574(ra) # 20001238 <__ledf2>
10002866:	04054563          	bltz	a0,100028b0 <_etoa+0xb8>
1000286a:	8526                	mv	a0,s1
1000286c:	85a2                	mv	a1,s0
1000286e:	4601                	li	a2,0
10002870:	4681                	li	a3,0
10002872:	dad6                	sw	s5,116(sp)
10002874:	d0ea                	sw	s10,96(sp)
10002876:	ceee                	sw	s11,92(sp)
10002878:	0ffff097          	auipc	ra,0xffff
1000287c:	9c0080e7          	jalr	-1600(ra) # 20001238 <__ledf2>
10002880:	d026                	sw	s1,32(sp)
10002882:	69f41a93          	binvi	s5,s0,0x1f
10002886:	00054363          	bltz	a0,1000288c <_etoa+0x94>
1000288a:	8aa2                	mv	s5,s0
1000288c:	28b01793          	bseti	a5,zero,0xb
10002890:	00f9f7b3          	and	a5,s3,a5
10002894:	4009f713          	andi	a4,s3,1024
10002898:	ca3e                	sw	a5,20(sp)
1000289a:	c83a                	sw	a4,16(sp)
1000289c:	0154e7b3          	or	a5,s1,s5
100028a0:	ef15                	bnez	a4,100028dc <_etoa+0xe4>
100028a2:	e7c1                	bnez	a5,1000292a <_etoa+0x132>
100028a4:	47d2                	lw	a5,20(sp)
100028a6:	4a19                	li	s4,6
100028a8:	48078663          	beqz	a5,10002d34 <_etoa+0x53c>
100028ac:	4815                	li	a6,5
100028ae:	a081                	j	100028ee <_etoa+0xf6>
100028b0:	8726                	mv	a4,s1
100028b2:	87a2                	mv	a5,s0
100028b4:	c94e                	sw	s3,144(sp)
100028b6:	88e2                	mv	a7,s8
100028b8:	8852                	mv	a6,s4
100028ba:	86de                	mv	a3,s7
100028bc:	8666                	mv	a2,s9
100028be:	85da                	mv	a1,s6
100028c0:	854a                	mv	a0,s2
100028c2:	442a                	lw	s0,136(sp)
100028c4:	40ba                	lw	ra,140(sp)
100028c6:	449a                	lw	s1,132(sp)
100028c8:	490a                	lw	s2,128(sp)
100028ca:	59f6                	lw	s3,124(sp)
100028cc:	5a66                	lw	s4,120(sp)
100028ce:	5b46                	lw	s6,112(sp)
100028d0:	5bb6                	lw	s7,108(sp)
100028d2:	5c26                	lw	s8,104(sp)
100028d4:	5c96                	lw	s9,100(sp)
100028d6:	6149                	addi	sp,sp,144
100028d8:	98fff06f          	j	10002266 <_ftoa>
100028dc:	eba1                	bnez	a5,1000292c <_etoa+0x134>
100028de:	47d2                	lw	a5,20(sp)
100028e0:	44078a63          	beqz	a5,10002d34 <_etoa+0x53c>
100028e4:	c802                	sw	zero,16(sp)
100028e6:	47c2                	lw	a5,16(sp)
100028e8:	4801                	li	a6,0
100028ea:	4947ce63          	blt	a5,s4,10002d86 <_etoa+0x58e>
100028ee:	8526                	mv	a0,s1
100028f0:	85a2                	mv	a1,s0
100028f2:	4601                	li	a2,0
100028f4:	4681                	li	a3,0
100028f6:	c842                	sw	a6,16(sp)
100028f8:	0ffff097          	auipc	ra,0xffff
100028fc:	940080e7          	jalr	-1728(ra) # 20001238 <__ledf2>
10002900:	4842                	lw	a6,16(sp)
10002902:	8726                	mv	a4,s1
10002904:	87d6                	mv	a5,s5
10002906:	00055463          	bgez	a0,1000290e <_etoa+0x116>
1000290a:	69fa9793          	binvi	a5,s5,0x1f
1000290e:	48b99993          	bclri	s3,s3,0xb
10002912:	4009e993          	ori	s3,s3,1024
10002916:	5ad6                	lw	s5,116(sp)
10002918:	5d06                	lw	s10,96(sp)
1000291a:	4df6                	lw	s11,92(sp)
1000291c:	c94e                	sw	s3,144(sp)
1000291e:	88e2                	mv	a7,s8
10002920:	86de                	mv	a3,s7
10002922:	8666                	mv	a2,s9
10002924:	85da                	mv	a1,s6
10002926:	854a                	mv	a0,s2
10002928:	bf69                	j	100028c2 <_etoa+0xca>
1000292a:	4a19                	li	s4,6
1000292c:	014ad513          	srli	a0,s5,0x14
10002930:	7ff57513          	andi	a0,a0,2047
10002934:	c0150513          	addi	a0,a0,-1023
10002938:	0ffff097          	auipc	ra,0xffff
1000293c:	45a080e7          	jalr	1114(ra) # 20001d92 <__floatsidf>
10002940:	100047b7          	lui	a5,0x10004
10002944:	2f07a603          	lw	a2,752(a5) # 100042f0 <__bi_45.4+0x40>
10002948:	2f47a683          	lw	a3,756(a5)
1000294c:	0ffff097          	auipc	ra,0xffff
10002950:	9a2080e7          	jalr	-1630(ra) # 200012ee <__muldf3>
10002954:	100047b7          	lui	a5,0x10004
10002958:	2f87a603          	lw	a2,760(a5) # 100042f8 <__bi_45.4+0x48>
1000295c:	2fc7a683          	lw	a3,764(a5)
10002960:	0fffe097          	auipc	ra,0xfffe
10002964:	dea080e7          	jalr	-534(ra) # 2000074a <__adddf3>
10002968:	00ca9793          	slli	a5,s5,0xc
1000296c:	3ff00737          	lui	a4,0x3ff00
10002970:	83b1                	srli	a5,a5,0xc
10002972:	8fd9                	or	a5,a5,a4
10002974:	8dae                	mv	s11,a1
10002976:	85be                	mv	a1,a5
10002978:	100047b7          	lui	a5,0x10004
1000297c:	3007a603          	lw	a2,768(a5) # 10004300 <__bi_45.4+0x50>
10002980:	3047a683          	lw	a3,772(a5)
10002984:	8d2a                	mv	s10,a0
10002986:	8526                	mv	a0,s1
10002988:	0ffff097          	auipc	ra,0xffff
1000298c:	d86080e7          	jalr	-634(ra) # 2000170e <__subdf3>
10002990:	100047b7          	lui	a5,0x10004
10002994:	3087a603          	lw	a2,776(a5) # 10004308 <__bi_45.4+0x58>
10002998:	30c7a683          	lw	a3,780(a5)
1000299c:	0ffff097          	auipc	ra,0xffff
100029a0:	952080e7          	jalr	-1710(ra) # 200012ee <__muldf3>
100029a4:	862a                	mv	a2,a0
100029a6:	86ae                	mv	a3,a1
100029a8:	856a                	mv	a0,s10
100029aa:	85ee                	mv	a1,s11
100029ac:	0fffe097          	auipc	ra,0xfffe
100029b0:	d9e080e7          	jalr	-610(ra) # 2000074a <__adddf3>
100029b4:	0ffff097          	auipc	ra,0xffff
100029b8:	320080e7          	jalr	800(ra) # 20001cd4 <__fixdfsi>
100029bc:	c82a                	sw	a0,16(sp)
100029be:	0ffff097          	auipc	ra,0xffff
100029c2:	3d4080e7          	jalr	980(ra) # 20001d92 <__floatsidf>
100029c6:	100047b7          	lui	a5,0x10004
100029ca:	3107a603          	lw	a2,784(a5) # 10004310 <__bi_45.4+0x60>
100029ce:	3147a683          	lw	a3,788(a5)
100029d2:	cc2a                	sw	a0,24(sp)
100029d4:	ce2e                	sw	a1,28(sp)
100029d6:	0ffff097          	auipc	ra,0xffff
100029da:	918080e7          	jalr	-1768(ra) # 200012ee <__muldf3>
100029de:	100047b7          	lui	a5,0x10004
100029e2:	2e87a603          	lw	a2,744(a5) # 100042e8 <__bi_45.4+0x38>
100029e6:	2ec7a683          	lw	a3,748(a5)
100029ea:	0fffe097          	auipc	ra,0xfffe
100029ee:	d60080e7          	jalr	-672(ra) # 2000074a <__adddf3>
100029f2:	0ffff097          	auipc	ra,0xffff
100029f6:	2e2080e7          	jalr	738(ra) # 20001cd4 <__fixdfsi>
100029fa:	100047b7          	lui	a5,0x10004
100029fe:	3187a603          	lw	a2,792(a5) # 10004318 <__bi_45.4+0x68>
10002a02:	31c7a683          	lw	a3,796(a5)
10002a06:	8d2a                	mv	s10,a0
10002a08:	45f2                	lw	a1,28(sp)
10002a0a:	4562                	lw	a0,24(sp)
10002a0c:	0ffff097          	auipc	ra,0xffff
10002a10:	8e2080e7          	jalr	-1822(ra) # 200012ee <__muldf3>
10002a14:	cc2a                	sw	a0,24(sp)
10002a16:	856a                	mv	a0,s10
10002a18:	d26a                	sw	s10,36(sp)
10002a1a:	ce2e                	sw	a1,28(sp)
10002a1c:	0ffff097          	auipc	ra,0xffff
10002a20:	376080e7          	jalr	886(ra) # 20001d92 <__floatsidf>
10002a24:	100047b7          	lui	a5,0x10004
10002a28:	3207a603          	lw	a2,800(a5) # 10004320 <__bi_45.4+0x70>
10002a2c:	3247a683          	lw	a3,804(a5)
10002a30:	0ffff097          	auipc	ra,0xffff
10002a34:	8be080e7          	jalr	-1858(ra) # 200012ee <__muldf3>
10002a38:	862a                	mv	a2,a0
10002a3a:	86ae                	mv	a3,a1
10002a3c:	4562                	lw	a0,24(sp)
10002a3e:	45f2                	lw	a1,28(sp)
10002a40:	0ffff097          	auipc	ra,0xffff
10002a44:	cce080e7          	jalr	-818(ra) # 2000170e <__subdf3>
10002a48:	862a                	mv	a2,a0
10002a4a:	86ae                	mv	a3,a1
10002a4c:	8d2a                	mv	s10,a0
10002a4e:	8dae                	mv	s11,a1
10002a50:	0ffff097          	auipc	ra,0xffff
10002a54:	89e080e7          	jalr	-1890(ra) # 200012ee <__muldf3>
10002a58:	cc2a                	sw	a0,24(sp)
10002a5a:	ce2e                	sw	a1,28(sp)
10002a5c:	866a                	mv	a2,s10
10002a5e:	86ee                	mv	a3,s11
10002a60:	856a                	mv	a0,s10
10002a62:	85ee                	mv	a1,s11
10002a64:	0fffe097          	auipc	ra,0xfffe
10002a68:	ce6080e7          	jalr	-794(ra) # 2000074a <__adddf3>
10002a6c:	100047b7          	lui	a5,0x10004
10002a70:	3287a603          	lw	a2,808(a5) # 10004328 <__bi_45.4+0x78>
10002a74:	32c7a683          	lw	a3,812(a5)
10002a78:	d42a                	sw	a0,40(sp)
10002a7a:	d62e                	sw	a1,44(sp)
10002a7c:	4562                	lw	a0,24(sp)
10002a7e:	45f2                	lw	a1,28(sp)
10002a80:	0fffe097          	auipc	ra,0xfffe
10002a84:	248080e7          	jalr	584(ra) # 20000cc8 <__divdf3>
10002a88:	10004837          	lui	a6,0x10004
10002a8c:	33082603          	lw	a2,816(a6) # 10004330 <__bi_45.4+0x80>
10002a90:	33482683          	lw	a3,820(a6)
10002a94:	0fffe097          	auipc	ra,0xfffe
10002a98:	cb6080e7          	jalr	-842(ra) # 2000074a <__adddf3>
10002a9c:	862a                	mv	a2,a0
10002a9e:	86ae                	mv	a3,a1
10002aa0:	4562                	lw	a0,24(sp)
10002aa2:	45f2                	lw	a1,28(sp)
10002aa4:	0fffe097          	auipc	ra,0xfffe
10002aa8:	224080e7          	jalr	548(ra) # 20000cc8 <__divdf3>
10002aac:	100047b7          	lui	a5,0x10004
10002ab0:	3387a603          	lw	a2,824(a5) # 10004338 <__bi_45.4+0x88>
10002ab4:	33c7a683          	lw	a3,828(a5)
10002ab8:	0fffe097          	auipc	ra,0xfffe
10002abc:	c92080e7          	jalr	-878(ra) # 2000074a <__adddf3>
10002ac0:	862a                	mv	a2,a0
10002ac2:	86ae                	mv	a3,a1
10002ac4:	4562                	lw	a0,24(sp)
10002ac6:	45f2                	lw	a1,28(sp)
10002ac8:	0fffe097          	auipc	ra,0xfffe
10002acc:	200080e7          	jalr	512(ra) # 20000cc8 <__divdf3>
10002ad0:	100047b7          	lui	a5,0x10004
10002ad4:	cc2a                	sw	a0,24(sp)
10002ad6:	ce2e                	sw	a1,28(sp)
10002ad8:	3407a503          	lw	a0,832(a5) # 10004340 <__bi_45.4+0x90>
10002adc:	3447a583          	lw	a1,836(a5)
10002ae0:	866a                	mv	a2,s10
10002ae2:	86ee                	mv	a3,s11
10002ae4:	0ffff097          	auipc	ra,0xffff
10002ae8:	c2a080e7          	jalr	-982(ra) # 2000170e <__subdf3>
10002aec:	862a                	mv	a2,a0
10002aee:	86ae                	mv	a3,a1
10002af0:	4562                	lw	a0,24(sp)
10002af2:	45f2                	lw	a1,28(sp)
10002af4:	0fffe097          	auipc	ra,0xfffe
10002af8:	c56080e7          	jalr	-938(ra) # 2000074a <__adddf3>
10002afc:	862a                	mv	a2,a0
10002afe:	86ae                	mv	a3,a1
10002b00:	5522                	lw	a0,40(sp)
10002b02:	55b2                	lw	a1,44(sp)
10002b04:	0fffe097          	auipc	ra,0xfffe
10002b08:	1c4080e7          	jalr	452(ra) # 20000cc8 <__divdf3>
10002b0c:	100047b7          	lui	a5,0x10004
10002b10:	3487a603          	lw	a2,840(a5) # 10004348 <__bi_45.4+0x98>
10002b14:	34c7a683          	lw	a3,844(a5)
10002b18:	0fffe097          	auipc	ra,0xfffe
10002b1c:	c32080e7          	jalr	-974(ra) # 2000074a <__adddf3>
10002b20:	5792                	lw	a5,36(sp)
10002b22:	4601                	li	a2,0
10002b24:	3ff78793          	addi	a5,a5,1023
10002b28:	01479693          	slli	a3,a5,0x14
10002b2c:	0fffe097          	auipc	ra,0xfffe
10002b30:	7c2080e7          	jalr	1986(ra) # 200012ee <__muldf3>
10002b34:	862a                	mv	a2,a0
10002b36:	d22a                	sw	a0,36(sp)
10002b38:	86ae                	mv	a3,a1
10002b3a:	cc2e                	sw	a1,24(sp)
10002b3c:	8526                	mv	a0,s1
10002b3e:	85d6                	mv	a1,s5
10002b40:	0fffe097          	auipc	ra,0xfffe
10002b44:	6f8080e7          	jalr	1784(ra) # 20001238 <__ledf2>
10002b48:	47e2                	lw	a5,24(sp)
10002b4a:	5712                	lw	a4,36(sp)
10002b4c:	02055363          	bgez	a0,10002b72 <_etoa+0x37a>
10002b50:	10004837          	lui	a6,0x10004
10002b54:	85be                	mv	a1,a5
10002b56:	47c2                	lw	a5,16(sp)
10002b58:	33082603          	lw	a2,816(a6) # 10004330 <__bi_45.4+0x80>
10002b5c:	33482683          	lw	a3,820(a6)
10002b60:	17fd                	addi	a5,a5,-1
10002b62:	853a                	mv	a0,a4
10002b64:	c83e                	sw	a5,16(sp)
10002b66:	0fffe097          	auipc	ra,0xfffe
10002b6a:	162080e7          	jalr	354(ra) # 20000cc8 <__divdf3>
10002b6e:	872a                	mv	a4,a0
10002b70:	87ae                	mv	a5,a1
10002b72:	46c2                	lw	a3,16(sp)
10002b74:	0c600593          	li	a1,198
10002b78:	863a                	mv	a2,a4
10002b7a:	06368693          	addi	a3,a3,99
10002b7e:	853e                	mv	a0,a5
10002b80:	0029fd13          	andi	s10,s3,2
10002b84:	12d5e963          	bltu	a1,a3,10002cb6 <_etoa+0x4be>
10002b88:	46d2                	lw	a3,20(sp)
10002b8a:	4d91                	li	s11,4
10002b8c:	14069263          	bnez	a3,10002cd0 <_etoa+0x4d8>
10002b90:	4691                	li	a3,4
10002b92:	8db6                	mv	s11,a3
10002b94:	0186f763          	bgeu	a3,s8,10002ba2 <_etoa+0x3aa>
10002b98:	1e0d1b63          	bnez	s10,10002d8e <_etoa+0x596>
10002b9c:	ffcc0693          	addi	a3,s8,-4
10002ba0:	ca36                	sw	a3,20(sp)
10002ba2:	46c2                	lw	a3,16(sp)
10002ba4:	ca99                	beqz	a3,10002bba <_etoa+0x3c2>
10002ba6:	85d6                	mv	a1,s5
10002ba8:	863a                	mv	a2,a4
10002baa:	86be                	mv	a3,a5
10002bac:	8526                	mv	a0,s1
10002bae:	0fffe097          	auipc	ra,0xfffe
10002bb2:	11a080e7          	jalr	282(ra) # 20000cc8 <__divdf3>
10002bb6:	d02a                	sw	a0,32(sp)
10002bb8:	8aae                	mv	s5,a1
10002bba:	8526                	mv	a0,s1
10002bbc:	85a2                	mv	a1,s0
10002bbe:	4601                	li	a2,0
10002bc0:	4681                	li	a3,0
10002bc2:	0fffe097          	auipc	ra,0xfffe
10002bc6:	676080e7          	jalr	1654(ra) # 20001238 <__ledf2>
10002bca:	1a054463          	bltz	a0,10002d72 <_etoa+0x57a>
10002bce:	5702                	lw	a4,32(sp)
10002bd0:	87d6                	mv	a5,s5
10002bd2:	48d2                	lw	a7,20(sp)
10002bd4:	48b99693          	bclri	a3,s3,0xb
10002bd8:	4859d993          	bexti	s3,s3,0x5
10002bdc:	8852                	mv	a6,s4
10002bde:	c036                	sw	a3,0(sp)
10002be0:	8666                	mv	a2,s9
10002be2:	86de                	mv	a3,s7
10002be4:	85da                	mv	a1,s6
10002be6:	854a                	mv	a0,s2
10002be8:	19fd                	addi	s3,s3,-1
10002bea:	e7cff0ef          	jal	10002266 <_ftoa>
10002bee:	0209f993          	andi	s3,s3,32
10002bf2:	862a                	mv	a2,a0
10002bf4:	86de                	mv	a3,s7
10002bf6:	04598513          	addi	a0,s3,69
10002bfa:	85da                	mv	a1,s6
10002bfc:	00160413          	addi	s0,a2,1
10002c00:	9902                	jalr	s2
10002c02:	47c2                	lw	a5,16(sp)
10002c04:	ccccde37          	lui	t3,0xccccd
10002c08:	fffd8e93          	addi	t4,s11,-1
10002c0c:	40f006b3          	neg	a3,a5
10002c10:	47c2                	lw	a5,16(sp)
10002c12:	1818                	addi	a4,sp,48
10002c14:	ccde0e13          	addi	t3,t3,-819 # cccccccd <__StackTop+0xacc4accd>
10002c18:	0ad7e6b3          	max	a3,a5,a3
10002c1c:	01f7d813          	srli	a6,a5,0x1f
10002c20:	4781                	li	a5,0
10002c22:	03c6b633          	mulhu	a2,a3,t3
10002c26:	0785                	addi	a5,a5,1
10002c28:	00a6b593          	sltiu	a1,a3,10
10002c2c:	00f708b3          	add	a7,a4,a5
10002c30:	fe078313          	addi	t1,a5,-32
10002c34:	820d                	srli	a2,a2,0x3
10002c36:	20c64533          	sh2add	a0,a2,a2
10002c3a:	0506                	slli	a0,a0,0x1
10002c3c:	8e89                	sub	a3,a3,a0
10002c3e:	03068693          	addi	a3,a3,48
10002c42:	fed88fa3          	sb	a3,-1(a7)
10002c46:	86b2                	mv	a3,a2
10002c48:	e199                	bnez	a1,10002c4e <_etoa+0x456>
10002c4a:	fc031ce3          	bnez	t1,10002c22 <_etoa+0x42a>
10002c4e:	4695                	li	a3,5
10002c50:	c436                	sw	a3,8(sp)
10002c52:	c276                	sw	t4,4(sp)
10002c54:	c002                	sw	zero,0(sp)
10002c56:	8622                	mv	a2,s0
10002c58:	48a9                	li	a7,10
10002c5a:	86de                	mv	a3,s7
10002c5c:	85da                	mv	a1,s6
10002c5e:	854a                	mv	a0,s2
10002c60:	beaff0ef          	jal	1000204a <_ntoa_format>
10002c64:	84aa                	mv	s1,a0
10002c66:	020d0863          	beqz	s10,10002c96 <_etoa+0x49e>
10002c6a:	41950433          	sub	s0,a0,s9
10002c6e:	03847463          	bgeu	s0,s8,10002c96 <_etoa+0x49e>
10002c72:	008c8633          	add	a2,s9,s0
10002c76:	86de                	mv	a3,s7
10002c78:	85da                	mv	a1,s6
10002c7a:	02000513          	li	a0,32
10002c7e:	0405                	addi	s0,s0,1
10002c80:	9902                	jalr	s2
10002c82:	ff8468e3          	bltu	s0,s8,10002c72 <_etoa+0x47a>
10002c86:	41948733          	sub	a4,s1,s9
10002c8a:	0705                	addi	a4,a4,1 # 3ff00001 <__StackTop+0x1fe7e001>
10002c8c:	4781                	li	a5,0
10002c8e:	0cec7d63          	bgeu	s8,a4,10002d68 <_etoa+0x570>
10002c92:	0485                	addi	s1,s1,1
10002c94:	94be                	add	s1,s1,a5
10002c96:	40ba                	lw	ra,140(sp)
10002c98:	442a                	lw	s0,136(sp)
10002c9a:	5ad6                	lw	s5,116(sp)
10002c9c:	5d06                	lw	s10,96(sp)
10002c9e:	4df6                	lw	s11,92(sp)
10002ca0:	490a                	lw	s2,128(sp)
10002ca2:	59f6                	lw	s3,124(sp)
10002ca4:	5a66                	lw	s4,120(sp)
10002ca6:	5b46                	lw	s6,112(sp)
10002ca8:	5bb6                	lw	s7,108(sp)
10002caa:	5c26                	lw	s8,104(sp)
10002cac:	5c96                	lw	s9,100(sp)
10002cae:	8526                	mv	a0,s1
10002cb0:	449a                	lw	s1,132(sp)
10002cb2:	6149                	addi	sp,sp,144
10002cb4:	8082                	ret
10002cb6:	46d2                	lw	a3,20(sp)
10002cb8:	ea99                	bnez	a3,10002cce <_etoa+0x4d6>
10002cba:	4695                	li	a3,5
10002cbc:	8db6                	mv	s11,a3
10002cbe:	ef86f4e3          	bgeu	a3,s8,10002ba6 <_etoa+0x3ae>
10002cc2:	0c0d1863          	bnez	s10,10002d92 <_etoa+0x59a>
10002cc6:	ffbc0693          	addi	a3,s8,-5
10002cca:	ca36                	sw	a3,20(sp)
10002ccc:	bde9                	j	10002ba6 <_etoa+0x3ae>
10002cce:	4d95                	li	s11,5
10002cd0:	8e49                	or	a2,a2,a0
10002cd2:	c0060ae3          	beqz	a2,100028e6 <_etoa+0xee>
10002cd6:	100046b7          	lui	a3,0x10004
10002cda:	3506a603          	lw	a2,848(a3) # 10004350 <__bi_45.4+0xa0>
10002cde:	3546a683          	lw	a3,852(a3)
10002ce2:	8526                	mv	a0,s1
10002ce4:	85d6                	mv	a1,s5
10002ce6:	ca3a                	sw	a4,20(sp)
10002ce8:	cc3e                	sw	a5,24(sp)
10002cea:	0fffe097          	auipc	ra,0xfffe
10002cee:	498080e7          	jalr	1176(ra) # 20001182 <__gedf2>
10002cf2:	4752                	lw	a4,20(sp)
10002cf4:	47e2                	lw	a5,24(sp)
10002cf6:	02054263          	bltz	a0,10002d1a <_etoa+0x522>
10002cfa:	100046b7          	lui	a3,0x10004
10002cfe:	2c86a603          	lw	a2,712(a3) # 100042c8 <__bi_45.4+0x18>
10002d02:	2cc6a683          	lw	a3,716(a3)
10002d06:	8526                	mv	a0,s1
10002d08:	85d6                	mv	a1,s5
10002d0a:	0fffe097          	auipc	ra,0xfffe
10002d0e:	52e080e7          	jalr	1326(ra) # 20001238 <__ledf2>
10002d12:	bc054ae3          	bltz	a0,100028e6 <_etoa+0xee>
10002d16:	4752                	lw	a4,20(sp)
10002d18:	47e2                	lw	a5,24(sp)
10002d1a:	020a0b63          	beqz	s4,10002d50 <_etoa+0x558>
10002d1e:	4009f693          	andi	a3,s3,1024
10002d22:	c69d                	beqz	a3,10002d50 <_etoa+0x558>
10002d24:	1a7d                	addi	s4,s4,-1
10002d26:	018df563          	bgeu	s11,s8,10002d30 <_etoa+0x538>
10002d2a:	040d0a63          	beqz	s10,10002d7e <_etoa+0x586>
10002d2e:	4d09                	li	s10,2
10002d30:	ca02                	sw	zero,20(sp)
10002d32:	bd85                	j	10002ba2 <_etoa+0x3aa>
10002d34:	0029f793          	andi	a5,s3,2
10002d38:	8d3e                	mv	s10,a5
10002d3a:	e395                	bnez	a5,10002d5e <_etoa+0x566>
10002d3c:	004c3793          	sltiu	a5,s8,4
10002d40:	17fd                	addi	a5,a5,-1
10002d42:	ffcc0713          	addi	a4,s8,-4
10002d46:	8ff9                	and	a5,a5,a4
10002d48:	ca3e                	sw	a5,20(sp)
10002d4a:	c802                	sw	zero,16(sp)
10002d4c:	4d91                	li	s11,4
10002d4e:	b5b5                	j	10002bba <_etoa+0x3c2>
10002d50:	ff8df0e3          	bgeu	s11,s8,10002d30 <_etoa+0x538>
10002d54:	020d0563          	beqz	s10,10002d7e <_etoa+0x586>
10002d58:	ca02                	sw	zero,20(sp)
10002d5a:	4d09                	li	s10,2
10002d5c:	b599                	j	10002ba2 <_etoa+0x3aa>
10002d5e:	ca02                	sw	zero,20(sp)
10002d60:	c802                	sw	zero,16(sp)
10002d62:	4d09                	li	s10,2
10002d64:	4d91                	li	s11,4
10002d66:	bd91                	j	10002bba <_etoa+0x3c2>
10002d68:	fffc8793          	addi	a5,s9,-1
10002d6c:	97e2                	add	a5,a5,s8
10002d6e:	8f85                	sub	a5,a5,s1
10002d70:	b70d                	j	10002c92 <_etoa+0x49a>
10002d72:	5602                	lw	a2,32(sp)
10002d74:	69fa9693          	binvi	a3,s5,0x1f
10002d78:	87b6                	mv	a5,a3
10002d7a:	8732                	mv	a4,a2
10002d7c:	bd99                	j	10002bd2 <_etoa+0x3da>
10002d7e:	41bc06b3          	sub	a3,s8,s11
10002d82:	ca36                	sw	a3,20(sp)
10002d84:	bd39                	j	10002ba2 <_etoa+0x3aa>
10002d86:	40fa0833          	sub	a6,s4,a5
10002d8a:	187d                	addi	a6,a6,-1
10002d8c:	b68d                	j	100028ee <_etoa+0xf6>
10002d8e:	4d09                	li	s10,2
10002d90:	bd09                	j	10002ba2 <_etoa+0x3aa>
10002d92:	4d09                	li	s10,2
10002d94:	bd09                	j	10002ba6 <_etoa+0x3ae>

10002d96 <_vsnprintf>:
10002d96:	100037b7          	lui	a5,0x10003
10002d9a:	7135                	addi	sp,sp,-160
10002d9c:	d9678793          	addi	a5,a5,-618 # 10002d96 <_vsnprintf>
10002da0:	cb26                	sw	s1,148(sp)
10002da2:	c94a                	sw	s2,144(sp)
10002da4:	c74e                	sw	s3,140(sp)
10002da6:	c552                	sw	s4,136(sp)
10002da8:	dae6                	sw	s9,116(sp)
10002daa:	cf06                	sw	ra,156(sp)
10002dac:	cd22                	sw	s0,152(sp)
10002dae:	d8ea                	sw	s10,112(sp)
10002db0:	82f1ae23          	sw	a5,-1988(gp) # 200023d0 <lazy_vsnprintf>
10002db4:	8a2e                	mv	s4,a1
10002db6:	8cb6                	mv	s9,a3
10002db8:	893a                	mv	s2,a4
10002dba:	89b2                	mv	s3,a2
10002dbc:	84aa                	mv	s1,a0
10002dbe:	3c058663          	beqz	a1,1000318a <_vsnprintf+0x3f4>
10002dc2:	000cc503          	lbu	a0,0(s9)
10002dc6:	4d01                	li	s10,0
10002dc8:	3c050a63          	beqz	a0,1000319c <_vsnprintf+0x406>
10002dcc:	c356                	sw	s5,132(sp)
10002dce:	dede                	sw	s7,124(sp)
10002dd0:	10004ab7          	lui	s5,0x10004
10002dd4:	10004bb7          	lui	s7,0x10004
10002dd8:	c15a                	sw	s6,128(sp)
10002dda:	dce2                	sw	s8,120(sp)
10002ddc:	d6ee                	sw	s11,108(sp)
10002dde:	0c0a8a93          	addi	s5,s5,192 # 100040c0 <__bi_26+0xc>
10002de2:	104b8b93          	addi	s7,s7,260 # 10004104 <__bi_26+0x50>
10002de6:	02500b13          	li	s6,37
10002dea:	4441                	li	s0,16
10002dec:	a811                	j	10002e00 <_vsnprintf+0x6a>
10002dee:	866a                	mv	a2,s10
10002df0:	86ce                	mv	a3,s3
10002df2:	85d2                	mv	a1,s4
10002df4:	9482                	jalr	s1
10002df6:	0d05                	addi	s10,s10,1
10002df8:	000cc503          	lbu	a0,0(s9)
10002dfc:	10050b63          	beqz	a0,10002f12 <_vsnprintf+0x17c>
10002e00:	0c85                	addi	s9,s9,1
10002e02:	ff6516e3          	bne	a0,s6,10002dee <_vsnprintf+0x58>
10002e06:	4681                	li	a3,0
10002e08:	000cc503          	lbu	a0,0(s9)
10002e0c:	001c8713          	addi	a4,s9,1
10002e10:	fe050793          	addi	a5,a0,-32
10002e14:	0ff7f793          	zext.b	a5,a5
10002e18:	00f46663          	bltu	s0,a5,10002e24 <_vsnprintf+0x8e>
10002e1c:	2157c7b3          	sh2add	a5,a5,s5
10002e20:	439c                	lw	a5,0(a5)
10002e22:	8782                	jr	a5
10002e24:	fd050793          	addi	a5,a0,-48
10002e28:	0ff7f793          	zext.b	a5,a5
10002e2c:	4625                	li	a2,9
10002e2e:	08f67963          	bgeu	a2,a5,10002ec0 <_vsnprintf+0x12a>
10002e32:	02a00793          	li	a5,42
10002e36:	4d81                	li	s11,0
10002e38:	1af50d63          	beq	a0,a5,10002ff2 <_vsnprintf+0x25c>
10002e3c:	02e00793          	li	a5,46
10002e40:	4801                	li	a6,0
10002e42:	0af50563          	beq	a0,a5,10002eec <_vsnprintf+0x156>
10002e46:	f9850793          	addi	a5,a0,-104
10002e4a:	0ff7f793          	zext.b	a5,a5
10002e4e:	4649                	li	a2,18
10002e50:	02f66f63          	bltu	a2,a5,10002e8e <_vsnprintf+0xf8>
10002e54:	2177c7b3          	sh2add	a5,a5,s7
10002e58:	439c                	lw	a5,0(a5)
10002e5a:	8782                	jr	a5
10002e5c:	0016e693          	ori	a3,a3,1
10002e60:	8cba                	mv	s9,a4
10002e62:	b75d                	j	10002e08 <_vsnprintf+0x72>
10002e64:	0026e693          	ori	a3,a3,2
10002e68:	8cba                	mv	s9,a4
10002e6a:	bf79                	j	10002e08 <_vsnprintf+0x72>
10002e6c:	0046e693          	ori	a3,a3,4
10002e70:	8cba                	mv	s9,a4
10002e72:	bf59                	j	10002e08 <_vsnprintf+0x72>
10002e74:	0106e693          	ori	a3,a3,16
10002e78:	8cba                	mv	s9,a4
10002e7a:	b779                	j	10002e08 <_vsnprintf+0x72>
10002e7c:	0086e693          	ori	a3,a3,8
10002e80:	8cba                	mv	s9,a4
10002e82:	b759                	j	10002e08 <_vsnprintf+0x72>
10002e84:	001cc503          	lbu	a0,1(s9)
10002e88:	1006e693          	ori	a3,a3,256
10002e8c:	0705                	addi	a4,a4,1
10002e8e:	06700793          	li	a5,103
10002e92:	8cba                	mv	s9,a4
10002e94:	0aa7e963          	bltu	a5,a0,10002f46 <_vsnprintf+0x1b0>
10002e98:	02400793          	li	a5,36
10002e9c:	f4a7f9e3          	bgeu	a5,a0,10002dee <_vsnprintf+0x58>
10002ea0:	fdb50793          	addi	a5,a0,-37
10002ea4:	0ff7f793          	zext.b	a5,a5
10002ea8:	04200713          	li	a4,66
10002eac:	f4f761e3          	bltu	a4,a5,10002dee <_vsnprintf+0x58>
10002eb0:	10004737          	lui	a4,0x10004
10002eb4:	15070713          	addi	a4,a4,336 # 10004150 <__bi_26+0x9c>
10002eb8:	20e7c7b3          	sh2add	a5,a5,a4
10002ebc:	439c                	lw	a5,0(a5)
10002ebe:	8782                	jr	a5
10002ec0:	4d81                	li	s11,0
10002ec2:	21bdcdb3          	sh2add	s11,s11,s11
10002ec6:	20adadb3          	sh1add	s11,s11,a0
10002eca:	00074503          	lbu	a0,0(a4)
10002ece:	8cba                	mv	s9,a4
10002ed0:	fd0d8d93          	addi	s11,s11,-48
10002ed4:	fd050793          	addi	a5,a0,-48
10002ed8:	0ff7f793          	zext.b	a5,a5
10002edc:	0705                	addi	a4,a4,1
10002ede:	fef672e3          	bgeu	a2,a5,10002ec2 <_vsnprintf+0x12c>
10002ee2:	02e00793          	li	a5,46
10002ee6:	4801                	li	a6,0
10002ee8:	f4f51fe3          	bne	a0,a5,10002e46 <_vsnprintf+0xb0>
10002eec:	001cc503          	lbu	a0,1(s9)
10002ef0:	45a5                	li	a1,9
10002ef2:	4006e693          	ori	a3,a3,1024
10002ef6:	fd050793          	addi	a5,a0,-48
10002efa:	0ff7f793          	zext.b	a5,a5
10002efe:	863a                	mv	a2,a4
10002f00:	0cf5f663          	bgeu	a1,a5,10002fcc <_vsnprintf+0x236>
10002f04:	02a00793          	li	a5,42
10002f08:	2af50d63          	beq	a0,a5,100031c2 <_vsnprintf+0x42c>
10002f0c:	8cba                	mv	s9,a4
10002f0e:	0705                	addi	a4,a4,1
10002f10:	bf1d                	j	10002e46 <_vsnprintf+0xb0>
10002f12:	4a9a                	lw	s5,132(sp)
10002f14:	4b0a                	lw	s6,128(sp)
10002f16:	5bf6                	lw	s7,124(sp)
10002f18:	5c66                	lw	s8,120(sp)
10002f1a:	5db6                	lw	s11,108(sp)
10002f1c:	846a                	mv	s0,s10
10002f1e:	013d6463          	bltu	s10,s3,10002f26 <_vsnprintf+0x190>
10002f22:	fff98d13          	addi	s10,s3,-1
10002f26:	86ce                	mv	a3,s3
10002f28:	866a                	mv	a2,s10
10002f2a:	85d2                	mv	a1,s4
10002f2c:	4501                	li	a0,0
10002f2e:	9482                	jalr	s1
10002f30:	40fa                	lw	ra,156(sp)
10002f32:	8522                	mv	a0,s0
10002f34:	446a                	lw	s0,152(sp)
10002f36:	44da                	lw	s1,148(sp)
10002f38:	494a                	lw	s2,144(sp)
10002f3a:	49ba                	lw	s3,140(sp)
10002f3c:	4a2a                	lw	s4,136(sp)
10002f3e:	5cd6                	lw	s9,116(sp)
10002f40:	5d46                	lw	s10,112(sp)
10002f42:	610d                	addi	sp,sp,160
10002f44:	8082                	ret
10002f46:	f9750593          	addi	a1,a0,-105
10002f4a:	0ff5f713          	zext.b	a4,a1
10002f4e:	47bd                	li	a5,15
10002f50:	e8e7efe3          	bltu	a5,a4,10002dee <_vsnprintf+0x58>
10002f54:	6625                	lui	a2,0x9
10002f56:	04160613          	addi	a2,a2,65 # 9041 <HeapSize+0x8841>
10002f5a:	28e017b3          	bset	a5,zero,a4
10002f5e:	8ff1                	and	a5,a5,a2
10002f60:	24079263          	bnez	a5,100031a4 <_vsnprintf+0x40e>
10002f64:	4629                	li	a2,10
10002f66:	0ac70063          	beq	a4,a2,10003006 <_vsnprintf+0x270>
10002f6a:	461d                	li	a2,7
10002f6c:	e8c711e3          	bne	a4,a2,10002dee <_vsnprintf+0x58>
10002f70:	00092703          	lw	a4,0(s2)
10002f74:	0911                	addi	s2,s2,4
10002f76:	26070963          	beqz	a4,100031e8 <_vsnprintf+0x452>
10002f7a:	0216e893          	ori	a7,a3,33
10002f7e:	86ba                	mv	a3,a4
10002f80:	0098                	addi	a4,sp,64
10002f82:	4525                	li	a0,9
10002f84:	a031                	j	10002f90 <_vsnprintf+0x1fa>
10002f86:	0106b613          	sltiu	a2,a3,16
10002f8a:	26061863          	bnez	a2,100031fa <_vsnprintf+0x464>
10002f8e:	8291                	srli	a3,a3,0x4
10002f90:	00f6f613          	andi	a2,a3,15
10002f94:	03760593          	addi	a1,a2,55
10002f98:	00c56463          	bltu	a0,a2,10002fa0 <_vsnprintf+0x20a>
10002f9c:	03060593          	addi	a1,a2,48
10002fa0:	0785                	addi	a5,a5,1
10002fa2:	00f70633          	add	a2,a4,a5
10002fa6:	feb60fa3          	sb	a1,-1(a2)
10002faa:	fe078613          	addi	a2,a5,-32
10002fae:	fe61                	bnez	a2,10002f86 <_vsnprintf+0x1f0>
10002fb0:	46a1                	li	a3,8
10002fb2:	c446                	sw	a7,8(sp)
10002fb4:	c042                	sw	a6,0(sp)
10002fb6:	c236                	sw	a3,4(sp)
10002fb8:	866a                	mv	a2,s10
10002fba:	48c1                	li	a7,16
10002fbc:	4801                	li	a6,0
10002fbe:	86ce                	mv	a3,s3
10002fc0:	85d2                	mv	a1,s4
10002fc2:	8526                	mv	a0,s1
10002fc4:	886ff0ef          	jal	1000204a <_ntoa_format>
10002fc8:	8d2a                	mv	s10,a0
10002fca:	b53d                	j	10002df8 <_vsnprintf+0x62>
10002fcc:	21084833          	sh2add	a6,a6,a6
10002fd0:	0605                	addi	a2,a2,1
10002fd2:	20a82833          	sh1add	a6,a6,a0
10002fd6:	00064503          	lbu	a0,0(a2)
10002fda:	fd080813          	addi	a6,a6,-48
10002fde:	fd050793          	addi	a5,a0,-48
10002fe2:	0ff7f793          	zext.b	a5,a5
10002fe6:	fef5f3e3          	bgeu	a1,a5,10002fcc <_vsnprintf+0x236>
10002fea:	8cb2                	mv	s9,a2
10002fec:	00160713          	addi	a4,a2,1
10002ff0:	bd99                	j	10002e46 <_vsnprintf+0xb0>
10002ff2:	00092d83          	lw	s11,0(s2)
10002ff6:	0911                	addi	s2,s2,4
10002ff8:	080dc463          	bltz	s11,10003080 <_vsnprintf+0x2ea>
10002ffc:	001cc503          	lbu	a0,1(s9)
10003000:	8cba                	mv	s9,a4
10003002:	0705                	addi	a4,a4,1
10003004:	bd25                	j	10002e3c <_vsnprintf+0xa6>
10003006:	00490793          	addi	a5,s2,4
1000300a:	d43e                	sw	a5,40(sp)
1000300c:	00092c03          	lw	s8,0(s2)
10003010:	8642                	mv	a2,a6
10003012:	1c080363          	beqz	a6,100031d8 <_vsnprintf+0x442>
10003016:	000c4503          	lbu	a0,0(s8)
1000301a:	9662                	add	a2,a2,s8
1000301c:	87e2                	mv	a5,s8
1000301e:	32050a63          	beqz	a0,10003352 <_vsnprintf+0x5bc>
10003022:	00c78663          	beq	a5,a2,1000302e <_vsnprintf+0x298>
10003026:	0017c703          	lbu	a4,1(a5)
1000302a:	0785                	addi	a5,a5,1
1000302c:	fb7d                	bnez	a4,10003022 <_vsnprintf+0x28c>
1000302e:	418787b3          	sub	a5,a5,s8
10003032:	d23e                	sw	a5,36(sp)
10003034:	4006f793          	andi	a5,a3,1024
10003038:	1c078863          	beqz	a5,10003208 <_vsnprintf+0x472>
1000303c:	0026f793          	andi	a5,a3,2
10003040:	d03e                	sw	a5,32(sp)
10003042:	5792                	lw	a5,36(sp)
10003044:	0b07d7b3          	minu	a5,a5,a6
10003048:	d23e                	sw	a5,36(sp)
1000304a:	5782                	lw	a5,32(sp)
1000304c:	3c078163          	beqz	a5,1000340e <_vsnprintf+0x678>
10003050:	4789                	li	a5,2
10003052:	d03e                	sw	a5,32(sp)
10003054:	01a807b3          	add	a5,a6,s10
10003058:	ce3e                	sw	a5,28(sp)
1000305a:	896a                	mv	s2,s10
1000305c:	a829                	j	10003076 <_vsnprintf+0x2e0>
1000305e:	864a                	mv	a2,s2
10003060:	86ce                	mv	a3,s3
10003062:	85d2                	mv	a1,s4
10003064:	9482                	jalr	s1
10003066:	0905                	addi	s2,s2,1
10003068:	41a90733          	sub	a4,s2,s10
1000306c:	9762                	add	a4,a4,s8
1000306e:	00074503          	lbu	a0,0(a4)
10003072:	1a050e63          	beqz	a0,1000322e <_vsnprintf+0x498>
10003076:	47f2                	lw	a5,28(sp)
10003078:	ff2793e3          	bne	a5,s2,1000305e <_vsnprintf+0x2c8>
1000307c:	8d3e                	mv	s10,a5
1000307e:	aa4d                	j	10003230 <_vsnprintf+0x49a>
10003080:	001cc503          	lbu	a0,1(s9)
10003084:	0026e693          	ori	a3,a3,2
10003088:	8cba                	mv	s9,a4
1000308a:	41b00db3          	neg	s11,s11
1000308e:	0705                	addi	a4,a4,1
10003090:	b375                	j	10002e3c <_vsnprintf+0xa6>
10003092:	001cc503          	lbu	a0,1(s9)
10003096:	06c00793          	li	a5,108
1000309a:	def517e3          	bne	a0,a5,10002e88 <_vsnprintf+0xf2>
1000309e:	002cc503          	lbu	a0,2(s9)
100030a2:	3006e693          	ori	a3,a3,768
100030a6:	003c8713          	addi	a4,s9,3
100030aa:	b3d5                	j	10002e8e <_vsnprintf+0xf8>
100030ac:	001cc503          	lbu	a0,1(s9)
100030b0:	2006e693          	ori	a3,a3,512
100030b4:	0705                	addi	a4,a4,1
100030b6:	bbe1                	j	10002e8e <_vsnprintf+0xf8>
100030b8:	001cc503          	lbu	a0,1(s9)
100030bc:	06800793          	li	a5,104
100030c0:	22f50963          	beq	a0,a5,100032f2 <_vsnprintf+0x55c>
100030c4:	0806e693          	ori	a3,a3,128
100030c8:	0705                	addi	a4,a4,1
100030ca:	b3d1                	j	10002e8e <_vsnprintf+0xf8>
100030cc:	0fd57793          	andi	a5,a0,253
100030d0:	0df57713          	andi	a4,a0,223
100030d4:	091d                	addi	s2,s2,7
100030d6:	fbb78793          	addi	a5,a5,-69
100030da:	fb970713          	addi	a4,a4,-71
100030de:	ff897913          	andi	s2,s2,-8
100030e2:	0017b793          	seqz	a5,a5
100030e6:	00173713          	seqz	a4,a4
100030ea:	00092503          	lw	a0,0(s2)
100030ee:	00492583          	lw	a1,4(s2)
100030f2:	072e                	slli	a4,a4,0xb
100030f4:	0796                	slli	a5,a5,0x5
100030f6:	8fd9                	or	a5,a5,a4
100030f8:	8fd5                	or	a5,a5,a3
100030fa:	c03e                	sw	a5,0(sp)
100030fc:	872a                	mv	a4,a0
100030fe:	87ae                	mv	a5,a1
10003100:	866a                	mv	a2,s10
10003102:	88ee                	mv	a7,s11
10003104:	86ce                	mv	a3,s3
10003106:	85d2                	mv	a1,s4
10003108:	8526                	mv	a0,s1
1000310a:	eeeff0ef          	jal	100027f8 <_etoa>
1000310e:	0921                	addi	s2,s2,8
10003110:	8d2a                	mv	s10,a0
10003112:	b1dd                	j	10002df8 <_vsnprintf+0x62>
10003114:	04600793          	li	a5,70
10003118:	12f50063          	beq	a0,a5,10003238 <_vsnprintf+0x4a2>
1000311c:	091d                	addi	s2,s2,7
1000311e:	ff897913          	andi	s2,s2,-8
10003122:	00092703          	lw	a4,0(s2)
10003126:	00492783          	lw	a5,4(s2)
1000312a:	866a                	mv	a2,s10
1000312c:	c036                	sw	a3,0(sp)
1000312e:	88ee                	mv	a7,s11
10003130:	86ce                	mv	a3,s3
10003132:	85d2                	mv	a1,s4
10003134:	8526                	mv	a0,s1
10003136:	930ff0ef          	jal	10002266 <_ftoa>
1000313a:	0921                	addi	s2,s2,8
1000313c:	8d2a                	mv	s10,a0
1000313e:	b96d                	j	10002df8 <_vsnprintf+0x62>
10003140:	866a                	mv	a2,s10
10003142:	86ce                	mv	a3,s3
10003144:	85d2                	mv	a1,s4
10003146:	02500513          	li	a0,37
1000314a:	9482                	jalr	s1
1000314c:	0d05                	addi	s10,s10,1
1000314e:	b16d                	j	10002df8 <_vsnprintf+0x62>
10003150:	00490793          	addi	a5,s2,4
10003154:	8a89                	andi	a3,a3,2
10003156:	d03e                	sw	a5,32(sp)
10003158:	001d0c13          	addi	s8,s10,1
1000315c:	1a068863          	beqz	a3,1000330c <_vsnprintf+0x576>
10003160:	00094503          	lbu	a0,0(s2)
10003164:	866a                	mv	a2,s10
10003166:	86ce                	mv	a3,s3
10003168:	85d2                	mv	a1,s4
1000316a:	9482                	jalr	s1
1000316c:	4785                	li	a5,1
1000316e:	9d6e                	add	s10,s10,s11
10003170:	21b7f363          	bgeu	a5,s11,10003376 <_vsnprintf+0x5e0>
10003174:	8662                	mv	a2,s8
10003176:	86ce                	mv	a3,s3
10003178:	0c05                	addi	s8,s8,1
1000317a:	85d2                	mv	a1,s4
1000317c:	02000513          	li	a0,32
10003180:	9482                	jalr	s1
10003182:	ffac19e3          	bne	s8,s10,10003174 <_vsnprintf+0x3de>
10003186:	5902                	lw	s2,32(sp)
10003188:	b985                	j	10002df8 <_vsnprintf+0x62>
1000318a:	000cc503          	lbu	a0,0(s9)
1000318e:	100024b7          	lui	s1,0x10002
10003192:	f8448493          	addi	s1,s1,-124 # 10001f84 <_out_null>
10003196:	4d01                	li	s10,0
10003198:	c2051ae3          	bnez	a0,10002dcc <_vsnprintf+0x36>
1000319c:	4401                	li	s0,0
1000319e:	d93d64e3          	bltu	s10,s3,10002f26 <_vsnprintf+0x190>
100031a2:	b341                	j	10002f22 <_vsnprintf+0x18c>
100031a4:	06f00793          	li	a5,111
100031a8:	08f50b63          	beq	a0,a5,1000323e <_vsnprintf+0x4a8>
100031ac:	2aa7f963          	bgeu	a5,a0,1000345e <_vsnprintf+0x6c8>
100031b0:	07800793          	li	a5,120
100031b4:	18f50863          	beq	a0,a5,10003344 <_vsnprintf+0x5ae>
100031b8:	4629                	li	a2,10
100031ba:	9abd                	andi	a3,a3,-17
100031bc:	8c32                	mv	s8,a2
100031be:	dc02                	sw	zero,56(sp)
100031c0:	a051                	j	10003244 <_vsnprintf+0x4ae>
100031c2:	00092803          	lw	a6,0(s2)
100031c6:	002cc503          	lbu	a0,2(s9)
100031ca:	0c89                	addi	s9,s9,2
100031cc:	001c8713          	addi	a4,s9,1
100031d0:	0a086833          	max	a6,a6,zero
100031d4:	0911                	addi	s2,s2,4
100031d6:	b985                	j	10002e46 <_vsnprintf+0xb0>
100031d8:	000c4503          	lbu	a0,0(s8)
100031dc:	567d                	li	a2,-1
100031de:	9662                	add	a2,a2,s8
100031e0:	87e2                	mv	a5,s8
100031e2:	e40510e3          	bnez	a0,10003022 <_vsnprintf+0x28c>
100031e6:	a2b5                	j	10003352 <_vsnprintf+0x5bc>
100031e8:	fef6f893          	andi	a7,a3,-17
100031ec:	4006f693          	andi	a3,a3,1024
100031f0:	0218e893          	ori	a7,a7,33
100031f4:	0098                	addi	a4,sp,64
100031f6:	d80685e3          	beqz	a3,10002f80 <_vsnprintf+0x1ea>
100031fa:	46a1                	li	a3,8
100031fc:	c446                	sw	a7,8(sp)
100031fe:	c042                	sw	a6,0(sp)
10003200:	c236                	sw	a3,4(sp)
10003202:	866a                	mv	a2,s10
10003204:	48c1                	li	a7,16
10003206:	bb5d                	j	10002fbc <_vsnprintf+0x226>
10003208:	0026f793          	andi	a5,a3,2
1000320c:	d03e                	sw	a5,32(sp)
1000320e:	24078263          	beqz	a5,10003452 <_vsnprintf+0x6bc>
10003212:	4789                	li	a5,2
10003214:	d03e                	sw	a5,32(sp)
10003216:	896a                	mv	s2,s10
10003218:	864a                	mv	a2,s2
1000321a:	86ce                	mv	a3,s3
1000321c:	85d2                	mv	a1,s4
1000321e:	9482                	jalr	s1
10003220:	0905                	addi	s2,s2,1
10003222:	41a90733          	sub	a4,s2,s10
10003226:	9762                	add	a4,a4,s8
10003228:	00074503          	lbu	a0,0(a4)
1000322c:	f575                	bnez	a0,10003218 <_vsnprintf+0x482>
1000322e:	8d4a                	mv	s10,s2
10003230:	5782                	lw	a5,32(sp)
10003232:	e3d1                	bnez	a5,100032b6 <_vsnprintf+0x520>
10003234:	5922                	lw	s2,40(sp)
10003236:	b6c9                	j	10002df8 <_vsnprintf+0x62>
10003238:	0206e693          	ori	a3,a3,32
1000323c:	b5c5                	j	1000311c <_vsnprintf+0x386>
1000323e:	4621                	li	a2,8
10003240:	8c32                	mv	s8,a2
10003242:	dc02                	sw	zero,56(sp)
10003244:	4006ff13          	andi	t5,a3,1024
10003248:	ff36f313          	andi	t1,a3,-13
1000324c:	000f0663          	beqz	t5,10003258 <_vsnprintf+0x4c2>
10003250:	ff26f313          	andi	t1,a3,-14
10003254:	40000f13          	li	t5,1024
10003258:	20037693          	andi	a3,t1,512
1000325c:	12069063          	bnez	a3,1000337c <_vsnprintf+0x5e6>
10003260:	10037793          	andi	a5,t1,256
10003264:	00490e93          	addi	t4,s2,4
10003268:	4a079063          	bnez	a5,10003708 <_vsnprintf+0x972>
1000326c:	04037713          	andi	a4,t1,64
10003270:	ef71                	bnez	a4,1000334c <_vsnprintf+0x5b6>
10003272:	08037713          	andi	a4,t1,128
10003276:	52070e63          	beqz	a4,100037b2 <_vsnprintf+0xa1c>
1000327a:	00095603          	lhu	a2,0(s2)
1000327e:	12061763          	bnez	a2,100033ac <_vsnprintf+0x616>
10003282:	fef37313          	andi	t1,t1,-17
10003286:	120f0363          	beqz	t5,100033ac <_vsnprintf+0x616>
1000328a:	4781                	li	a5,0
1000328c:	0098                	addi	a4,sp,64
1000328e:	ce76                	sw	t4,28(sp)
10003290:	c41a                	sw	t1,8(sp)
10003292:	c26e                	sw	s11,4(sp)
10003294:	c042                	sw	a6,0(sp)
10003296:	88e2                	mv	a7,s8
10003298:	866a                	mv	a2,s10
1000329a:	4801                	li	a6,0
1000329c:	86ce                	mv	a3,s3
1000329e:	85d2                	mv	a1,s4
100032a0:	8526                	mv	a0,s1
100032a2:	da9fe0ef          	jal	1000204a <_ntoa_format>
100032a6:	8d2a                	mv	s10,a0
100032a8:	4972                	lw	s2,28(sp)
100032aa:	b6b9                	j	10002df8 <_vsnprintf+0x62>
100032ac:	0026f793          	andi	a5,a3,2
100032b0:	d03e                	sw	a5,32(sp)
100032b2:	52078063          	beqz	a5,100037d2 <_vsnprintf+0xa3c>
100032b6:	896a                	mv	s2,s10
100032b8:	5792                	lw	a5,36(sp)
100032ba:	f7b7fde3          	bgeu	a5,s11,10003234 <_vsnprintf+0x49e>
100032be:	9dea                	add	s11,s11,s10
100032c0:	40fd8d33          	sub	s10,s11,a5
100032c4:	864a                	mv	a2,s2
100032c6:	86ce                	mv	a3,s3
100032c8:	0905                	addi	s2,s2,1
100032ca:	85d2                	mv	a1,s4
100032cc:	02000513          	li	a0,32
100032d0:	9482                	jalr	s1
100032d2:	ffa919e3          	bne	s2,s10,100032c4 <_vsnprintf+0x52e>
100032d6:	5922                	lw	s2,40(sp)
100032d8:	b605                	j	10002df8 <_vsnprintf+0x62>
100032da:	05800793          	li	a5,88
100032de:	02f50163          	beq	a0,a5,10003300 <_vsnprintf+0x56a>
100032e2:	06200793          	li	a5,98
100032e6:	50f51363          	bne	a0,a5,100037ec <_vsnprintf+0xa56>
100032ea:	4609                	li	a2,2
100032ec:	8c32                	mv	s8,a2
100032ee:	dc02                	sw	zero,56(sp)
100032f0:	bf91                	j	10003244 <_vsnprintf+0x4ae>
100032f2:	002cc503          	lbu	a0,2(s9)
100032f6:	0c06e693          	ori	a3,a3,192
100032fa:	003c8713          	addi	a4,s9,3
100032fe:	be41                	j	10002e8e <_vsnprintf+0xf8>
10003300:	4641                	li	a2,16
10003302:	0206e693          	ori	a3,a3,32
10003306:	8c32                	mv	s8,a2
10003308:	dc02                	sw	zero,56(sp)
1000330a:	bf2d                	j	10003244 <_vsnprintf+0x4ae>
1000330c:	4785                	li	a5,1
1000330e:	05b7fe63          	bgeu	a5,s11,1000336a <_vsnprintf+0x5d4>
10003312:	fffd0c13          	addi	s8,s10,-1
10003316:	01bc07b3          	add	a5,s8,s11
1000331a:	ce3e                	sw	a5,28(sp)
1000331c:	8c6a                	mv	s8,s10
1000331e:	8662                	mv	a2,s8
10003320:	86ce                	mv	a3,s3
10003322:	85d2                	mv	a1,s4
10003324:	02000513          	li	a0,32
10003328:	9482                	jalr	s1
1000332a:	47f2                	lw	a5,28(sp)
1000332c:	0c05                	addi	s8,s8,1
1000332e:	fefc18e3          	bne	s8,a5,1000331e <_vsnprintf+0x588>
10003332:	00094503          	lbu	a0,0(s2)
10003336:	8662                	mv	a2,s8
10003338:	86ce                	mv	a3,s3
1000333a:	85d2                	mv	a1,s4
1000333c:	9482                	jalr	s1
1000333e:	9d6e                	add	s10,s10,s11
10003340:	5902                	lw	s2,32(sp)
10003342:	bc5d                	j	10002df8 <_vsnprintf+0x62>
10003344:	4641                	li	a2,16
10003346:	8c32                	mv	s8,a2
10003348:	dc02                	sw	zero,56(sp)
1000334a:	bded                	j	10003244 <_vsnprintf+0x4ae>
1000334c:	00094603          	lbu	a2,0(s2)
10003350:	b73d                	j	1000327e <_vsnprintf+0x4e8>
10003352:	4006f793          	andi	a5,a3,1024
10003356:	d23e                	sw	a5,36(sp)
10003358:	dbb1                	beqz	a5,100032ac <_vsnprintf+0x516>
1000335a:	0026f793          	andi	a5,a3,2
1000335e:	d23e                	sw	a5,36(sp)
10003360:	46078663          	beqz	a5,100037cc <_vsnprintf+0xa36>
10003364:	896a                	mv	s2,s10
10003366:	d202                	sw	zero,36(sp)
10003368:	bf81                	j	100032b8 <_vsnprintf+0x522>
1000336a:	00094503          	lbu	a0,0(s2)
1000336e:	866a                	mv	a2,s10
10003370:	86ce                	mv	a3,s3
10003372:	85d2                	mv	a1,s4
10003374:	9482                	jalr	s1
10003376:	5902                	lw	s2,32(sp)
10003378:	8d62                	mv	s10,s8
1000337a:	bcbd                	j	10002df8 <_vsnprintf+0x62>
1000337c:	091d                	addi	s2,s2,7
1000337e:	ff897913          	andi	s2,s2,-8
10003382:	00092e03          	lw	t3,0(s2)
10003386:	00492e83          	lw	t4,4(s2)
1000338a:	0921                	addi	s2,s2,8
1000338c:	01de67b3          	or	a5,t3,t4
10003390:	22079c63          	bnez	a5,100035c8 <_vsnprintf+0x832>
10003394:	fef37313          	andi	t1,t1,-17
10003398:	220f0863          	beqz	t5,100035c8 <_vsnprintf+0x832>
1000339c:	4781                	li	a5,0
1000339e:	0098                	addi	a4,sp,64
100033a0:	c41a                	sw	t1,8(sp)
100033a2:	c26e                	sw	s11,4(sp)
100033a4:	c042                	sw	a6,0(sp)
100033a6:	88e2                	mv	a7,s8
100033a8:	866a                	mv	a2,s10
100033aa:	b909                	j	10002fbc <_vsnprintf+0x226>
100033ac:	48535713          	bexti	a4,t1,0x5
100033b0:	06100e13          	li	t3,97
100033b4:	c319                	beqz	a4,100033ba <_vsnprintf+0x624>
100033b6:	04100e13          	li	t3,65
100033ba:	1e59                	addi	t3,t3,-10
100033bc:	0098                	addi	a4,sp,64
100033be:	45a5                	li	a1,9
100033c0:	038676b3          	remu	a3,a2,s8
100033c4:	0785                	addi	a5,a5,1
100033c6:	02d5e563          	bltu	a1,a3,100033f0 <_vsnprintf+0x65a>
100033ca:	03068693          	addi	a3,a3,48
100033ce:	00f70533          	add	a0,a4,a5
100033d2:	fed50fa3          	sb	a3,-1(a0)
100033d6:	fe078693          	addi	a3,a5,-32
100033da:	ea068ae3          	beqz	a3,1000328e <_vsnprintf+0x4f8>
100033de:	eb8668e3          	bltu	a2,s8,1000328e <_vsnprintf+0x4f8>
100033e2:	03865633          	divu	a2,a2,s8
100033e6:	0785                	addi	a5,a5,1
100033e8:	038676b3          	remu	a3,a2,s8
100033ec:	fcd5ffe3          	bgeu	a1,a3,100033ca <_vsnprintf+0x634>
100033f0:	96f2                	add	a3,a3,t3
100033f2:	00f70533          	add	a0,a4,a5
100033f6:	fed50fa3          	sb	a3,-1(a0)
100033fa:	fe078693          	addi	a3,a5,-32
100033fe:	e80688e3          	beqz	a3,1000328e <_vsnprintf+0x4f8>
10003402:	01063693          	sltiu	a3,a2,16
10003406:	e80694e3          	bnez	a3,1000328e <_vsnprintf+0x4f8>
1000340a:	8211                	srli	a2,a2,0x4
1000340c:	bf55                	j	100033c0 <_vsnprintf+0x62a>
1000340e:	5792                	lw	a5,36(sp)
10003410:	3db7f663          	bgeu	a5,s11,100037dc <_vsnprintf+0xa46>
10003414:	40000793          	li	a5,1024
10003418:	d03e                	sw	a5,32(sp)
1000341a:	5792                	lw	a5,36(sp)
1000341c:	01ad8933          	add	s2,s11,s10
10003420:	40f90933          	sub	s2,s2,a5
10003424:	ce42                	sw	a6,28(sp)
10003426:	866a                	mv	a2,s10
10003428:	86ce                	mv	a3,s3
1000342a:	85d2                	mv	a1,s4
1000342c:	02000513          	li	a0,32
10003430:	9482                	jalr	s1
10003432:	0d05                	addi	s10,s10,1
10003434:	4872                	lw	a6,28(sp)
10003436:	ff2d17e3          	bne	s10,s2,10003424 <_vsnprintf+0x68e>
1000343a:	000c4503          	lbu	a0,0(s8)
1000343e:	de050be3          	beqz	a0,10003234 <_vsnprintf+0x49e>
10003442:	001d8793          	addi	a5,s11,1
10003446:	d23e                	sw	a5,36(sp)
10003448:	5782                	lw	a5,32(sp)
1000344a:	dc0786e3          	beqz	a5,10003216 <_vsnprintf+0x480>
1000344e:	d002                	sw	zero,32(sp)
10003450:	b111                	j	10003054 <_vsnprintf+0x2be>
10003452:	5792                	lw	a5,36(sp)
10003454:	fdb7e3e3          	bltu	a5,s11,1000341a <_vsnprintf+0x684>
10003458:	0785                	addi	a5,a5,1
1000345a:	d23e                	sw	a5,36(sp)
1000345c:	bb6d                	j	10003216 <_vsnprintf+0x480>
1000345e:	06900793          	li	a5,105
10003462:	fef6f313          	andi	t1,a3,-17
10003466:	36f51e63          	bne	a0,a5,100037e2 <_vsnprintf+0xa4c>
1000346a:	4006ff13          	andi	t5,a3,1024
1000346e:	000f0463          	beqz	t5,10003476 <_vsnprintf+0x6e0>
10003472:	fee6f313          	andi	t1,a3,-18
10003476:	c589                	beqz	a1,10003480 <_vsnprintf+0x6ea>
10003478:	f9c50513          	addi	a0,a0,-100
1000347c:	32051063          	bnez	a0,1000379c <_vsnprintf+0xa06>
10003480:	20037593          	andi	a1,t1,512
10003484:	e9bd                	bnez	a1,100034fa <_vsnprintf+0x764>
10003486:	10037793          	andi	a5,t1,256
1000348a:	00490c13          	addi	s8,s2,4
1000348e:	22079463          	bnez	a5,100036b6 <_vsnprintf+0x920>
10003492:	04037713          	andi	a4,t1,64
10003496:	20070263          	beqz	a4,1000369a <_vsnprintf+0x904>
1000349a:	00094703          	lbu	a4,0(s2)
1000349e:	86ba                	mv	a3,a4
100034a0:	01f75893          	srli	a7,a4,0x1f
100034a4:	1e070163          	beqz	a4,10003686 <_vsnprintf+0x8f0>
100034a8:	ccccdeb7          	lui	t4,0xccccd
100034ac:	ccde8e93          	addi	t4,t4,-819 # cccccccd <__StackTop+0xacc4accd>
100034b0:	0098                	addi	a4,sp,64
100034b2:	a021                	j	100034ba <_vsnprintf+0x724>
100034b4:	fe078613          	addi	a2,a5,-32
100034b8:	c21d                	beqz	a2,100034de <_vsnprintf+0x748>
100034ba:	03d6b633          	mulhu	a2,a3,t4
100034be:	0785                	addi	a5,a5,1
100034c0:	00a6b593          	sltiu	a1,a3,10
100034c4:	00f70e33          	add	t3,a4,a5
100034c8:	820d                	srli	a2,a2,0x3
100034ca:	20c64533          	sh2add	a0,a2,a2
100034ce:	0506                	slli	a0,a0,0x1
100034d0:	8e89                	sub	a3,a3,a0
100034d2:	03068693          	addi	a3,a3,48
100034d6:	fede0fa3          	sb	a3,-1(t3)
100034da:	86b2                	mv	a3,a2
100034dc:	dde1                	beqz	a1,100034b4 <_vsnprintf+0x71e>
100034de:	c042                	sw	a6,0(sp)
100034e0:	c41a                	sw	t1,8(sp)
100034e2:	c26e                	sw	s11,4(sp)
100034e4:	8846                	mv	a6,a7
100034e6:	866a                	mv	a2,s10
100034e8:	48a9                	li	a7,10
100034ea:	86ce                	mv	a3,s3
100034ec:	85d2                	mv	a1,s4
100034ee:	8526                	mv	a0,s1
100034f0:	b5bfe0ef          	jal	1000204a <_ntoa_format>
100034f4:	8962                	mv	s2,s8
100034f6:	8d2a                	mv	s10,a0
100034f8:	b201                	j	10002df8 <_vsnprintf+0x62>
100034fa:	091d                	addi	s2,s2,7
100034fc:	ff897913          	andi	s2,s2,-8
10003500:	00492383          	lw	t2,4(s2)
10003504:	00092583          	lw	a1,0(s2)
10003508:	0921                	addi	s2,s2,8
1000350a:	01f3df93          	srli	t6,t2,0x1f
1000350e:	0075e7b3          	or	a5,a1,t2
10003512:	26078b63          	beqz	a5,10003788 <_vsnprintf+0x9f2>
10003516:	41f3d793          	srai	a5,t2,0x1f
1000351a:	8dbd                	xor	a1,a1,a5
1000351c:	40f58733          	sub	a4,a1,a5
10003520:	0077c3b3          	xor	t2,a5,t2
10003524:	40f387b3          	sub	a5,t2,a5
10003528:	ccccd537          	lui	a0,0xccccd
1000352c:	00e5b3b3          	sltu	t2,a1,a4
10003530:	ccccdf37          	lui	t5,0xccccd
10003534:	407783b3          	sub	t2,a5,t2
10003538:	85ba                	mv	a1,a4
1000353a:	ccd50513          	addi	a0,a0,-819 # cccccccd <__StackTop+0xacc4accd>
1000353e:	cccf0f13          	addi	t5,t5,-820 # cccccccc <__StackTop+0xacc4accc>
10003542:	4781                	li	a5,0
10003544:	0098                	addi	a4,sp,64
10003546:	42a5                	li	t0,9
10003548:	007586b3          	add	a3,a1,t2
1000354c:	00b6b633          	sltu	a2,a3,a1
10003550:	96b2                	add	a3,a3,a2
10003552:	02a6b633          	mulhu	a2,a3,a0
10003556:	889e                	mv	a7,t2
10003558:	0785                	addi	a5,a5,1
1000355a:	00f70e33          	add	t3,a4,a5
1000355e:	8eae                	mv	t4,a1
10003560:	00265c13          	srli	s8,a2,0x2
10003564:	9a71                	andi	a2,a2,-4
10003566:	9662                	add	a2,a2,s8
10003568:	8e91                	sub	a3,a3,a2
1000356a:	40d586b3          	sub	a3,a1,a3
1000356e:	00d5b633          	sltu	a2,a1,a3
10003572:	40c38633          	sub	a2,t2,a2
10003576:	02a60633          	mul	a2,a2,a0
1000357a:	03e683b3          	mul	t2,a3,t5
1000357e:	961e                	add	a2,a2,t2
10003580:	02a6b3b3          	mulhu	t2,a3,a0
10003584:	02a686b3          	mul	a3,a3,a0
10003588:	961e                	add	a2,a2,t2
1000358a:	01f61c13          	slli	s8,a2,0x1f
1000358e:	00165393          	srli	t2,a2,0x1
10003592:	8285                	srli	a3,a3,0x1
10003594:	96e2                	add	a3,a3,s8
10003596:	20d6c633          	sh2add	a2,a3,a3
1000359a:	0606                	slli	a2,a2,0x1
1000359c:	40c58633          	sub	a2,a1,a2
100035a0:	03060613          	addi	a2,a2,48
100035a4:	fece0fa3          	sb	a2,-1(t3)
100035a8:	85b6                	mv	a1,a3
100035aa:	00089b63          	bnez	a7,100035c0 <_vsnprintf+0x82a>
100035ae:	01d2e963          	bltu	t0,t4,100035c0 <_vsnprintf+0x82a>
100035b2:	c042                	sw	a6,0(sp)
100035b4:	c41a                	sw	t1,8(sp)
100035b6:	c26e                	sw	s11,4(sp)
100035b8:	887e                	mv	a6,t6
100035ba:	866a                	mv	a2,s10
100035bc:	48a9                	li	a7,10
100035be:	b401                	j	10002fbe <_vsnprintf+0x228>
100035c0:	fe078693          	addi	a3,a5,-32
100035c4:	f2d1                	bnez	a3,10003548 <_vsnprintf+0x7b2>
100035c6:	b7f5                	j	100035b2 <_vsnprintf+0x81c>
100035c8:	48535793          	bexti	a5,t1,0x5
100035cc:	06100713          	li	a4,97
100035d0:	c399                	beqz	a5,100035d6 <_vsnprintf+0x840>
100035d2:	04100713          	li	a4,65
100035d6:	ff670793          	addi	a5,a4,-10
100035da:	de3e                	sw	a5,60(sp)
100035dc:	0098                	addi	a4,sp,64
100035de:	4781                	li	a5,0
100035e0:	4681                	li	a3,0
100035e2:	8572                	mv	a0,t3
100035e4:	85f6                	mv	a1,t4
100035e6:	da3a                	sw	a4,52(sp)
100035e8:	d81a                	sw	t1,48(sp)
100035ea:	d63e                	sw	a5,44(sp)
100035ec:	d442                	sw	a6,40(sp)
100035ee:	d232                	sw	a2,36(sp)
100035f0:	d072                	sw	t3,32(sp)
100035f2:	ce76                	sw	t4,28(sp)
100035f4:	0fffd097          	auipc	ra,0xfffd
100035f8:	e24080e7          	jalr	-476(ra) # 20000418 <__umoddi3>
100035fc:	57b2                	lw	a5,44(sp)
100035fe:	0ff57693          	zext.b	a3,a0
10003602:	45a5                	li	a1,9
10003604:	4ef2                	lw	t4,28(sp)
10003606:	5e02                	lw	t3,32(sp)
10003608:	5612                	lw	a2,36(sp)
1000360a:	5822                	lw	a6,40(sp)
1000360c:	5342                	lw	t1,48(sp)
1000360e:	5752                	lw	a4,52(sp)
10003610:	0785                	addi	a5,a5,1
10003612:	04d5e363          	bltu	a1,a3,10003658 <_vsnprintf+0x8c2>
10003616:	03068693          	addi	a3,a3,48
1000361a:	00f705b3          	add	a1,a4,a5
1000361e:	fed58fa3          	sb	a3,-1(a1)
10003622:	fe078693          	addi	a3,a5,-32
10003626:	d6068de3          	beqz	a3,100033a0 <_vsnprintf+0x60a>
1000362a:	56e2                	lw	a3,56(sp)
1000362c:	15d68b63          	beq	a3,t4,10003782 <_vsnprintf+0x9ec>
10003630:	8572                	mv	a0,t3
10003632:	85f6                	mv	a1,t4
10003634:	4681                	li	a3,0
10003636:	d63a                	sw	a4,44(sp)
10003638:	d41a                	sw	t1,40(sp)
1000363a:	d23e                	sw	a5,36(sp)
1000363c:	d042                	sw	a6,32(sp)
1000363e:	ce32                	sw	a2,28(sp)
10003640:	0fffd097          	auipc	ra,0xfffd
10003644:	af2080e7          	jalr	-1294(ra) # 20000132 <__udivdi3>
10003648:	4672                	lw	a2,28(sp)
1000364a:	5802                	lw	a6,32(sp)
1000364c:	5792                	lw	a5,36(sp)
1000364e:	5322                	lw	t1,40(sp)
10003650:	5732                	lw	a4,44(sp)
10003652:	8e2a                	mv	t3,a0
10003654:	8eae                	mv	t4,a1
10003656:	b769                	j	100035e0 <_vsnprintf+0x84a>
10003658:	55f2                	lw	a1,60(sp)
1000365a:	96ae                	add	a3,a3,a1
1000365c:	00f705b3          	add	a1,a4,a5
10003660:	fed58fa3          	sb	a3,-1(a1)
10003664:	000e9563          	bnez	t4,1000366e <_vsnprintf+0x8d8>
10003668:	46bd                	li	a3,15
1000366a:	d3c6fbe3          	bgeu	a3,t3,100033a0 <_vsnprintf+0x60a>
1000366e:	fe078693          	addi	a3,a5,-32
10003672:	d20687e3          	beqz	a3,100033a0 <_vsnprintf+0x60a>
10003676:	01ce9693          	slli	a3,t4,0x1c
1000367a:	004e5e13          	srli	t3,t3,0x4
1000367e:	9e36                	add	t3,t3,a3
10003680:	004ede93          	srli	t4,t4,0x4
10003684:	bfb1                	j	100035e0 <_vsnprintf+0x84a>
10003686:	0098                	addi	a4,sp,64
10003688:	e40f1be3          	bnez	t5,100034de <_vsnprintf+0x748>
1000368c:	03000793          	li	a5,48
10003690:	04f10023          	sb	a5,64(sp)
10003694:	0098                	addi	a4,sp,64
10003696:	4785                	li	a5,1
10003698:	b599                	j	100034de <_vsnprintf+0x748>
1000369a:	08037713          	andi	a4,t1,128
1000369e:	10070363          	beqz	a4,100037a4 <_vsnprintf+0xa0e>
100036a2:	00091703          	lh	a4,0(s2)
100036a6:	40f75613          	srai	a2,a4,0xf
100036aa:	00c746b3          	xor	a3,a4,a2
100036ae:	8e91                	sub	a3,a3,a2
100036b0:	0806c6b3          	zext.h	a3,a3
100036b4:	b3f5                	j	100034a0 <_vsnprintf+0x70a>
100036b6:	00092683          	lw	a3,0(s2)
100036ba:	01f6d893          	srli	a7,a3,0x1f
100036be:	ceed                	beqz	a3,100037b8 <_vsnprintf+0xa22>
100036c0:	40d007b3          	neg	a5,a3
100036c4:	ccccdeb7          	lui	t4,0xccccd
100036c8:	0af6e6b3          	max	a3,a3,a5
100036cc:	ccde8e93          	addi	t4,t4,-819 # cccccccd <__StackTop+0xacc4accd>
100036d0:	0098                	addi	a4,sp,64
100036d2:	03d6b633          	mulhu	a2,a3,t4
100036d6:	0585                	addi	a1,a1,1
100036d8:	00a6b793          	sltiu	a5,a3,10
100036dc:	00b70e33          	add	t3,a4,a1
100036e0:	820d                	srli	a2,a2,0x3
100036e2:	20c64533          	sh2add	a0,a2,a2
100036e6:	0506                	slli	a0,a0,0x1
100036e8:	8e89                	sub	a3,a3,a0
100036ea:	03068693          	addi	a3,a3,48
100036ee:	fede0fa3          	sb	a3,-1(t3)
100036f2:	86b2                	mv	a3,a2
100036f4:	e781                	bnez	a5,100036fc <_vsnprintf+0x966>
100036f6:	fe058793          	addi	a5,a1,-32
100036fa:	ffe1                	bnez	a5,100036d2 <_vsnprintf+0x93c>
100036fc:	c042                	sw	a6,0(sp)
100036fe:	c41a                	sw	t1,8(sp)
10003700:	c26e                	sw	s11,4(sp)
10003702:	8846                	mv	a6,a7
10003704:	87ae                	mv	a5,a1
10003706:	b3c5                	j	100034e6 <_vsnprintf+0x750>
10003708:	00092603          	lw	a2,0(s2)
1000370c:	e611                	bnez	a2,10003718 <_vsnprintf+0x982>
1000370e:	fef37313          	andi	t1,t1,-17
10003712:	0098                	addi	a4,sp,64
10003714:	060f1063          	bnez	t5,10003774 <_vsnprintf+0x9de>
10003718:	48535793          	bexti	a5,t1,0x5
1000371c:	06100e13          	li	t3,97
10003720:	c399                	beqz	a5,10003726 <_vsnprintf+0x990>
10003722:	04100e13          	li	t3,65
10003726:	1e59                	addi	t3,t3,-10
10003728:	0098                	addi	a4,sp,64
1000372a:	45a5                	li	a1,9
1000372c:	038677b3          	remu	a5,a2,s8
10003730:	0685                	addi	a3,a3,1
10003732:	02f5e463          	bltu	a1,a5,1000375a <_vsnprintf+0x9c4>
10003736:	03078793          	addi	a5,a5,48
1000373a:	00d70533          	add	a0,a4,a3
1000373e:	fef50fa3          	sb	a5,-1(a0)
10003742:	fe068793          	addi	a5,a3,-32
10003746:	c79d                	beqz	a5,10003774 <_vsnprintf+0x9de>
10003748:	03866663          	bltu	a2,s8,10003774 <_vsnprintf+0x9de>
1000374c:	03865633          	divu	a2,a2,s8
10003750:	0685                	addi	a3,a3,1
10003752:	038677b3          	remu	a5,a2,s8
10003756:	fef5f0e3          	bgeu	a1,a5,10003736 <_vsnprintf+0x9a0>
1000375a:	97f2                	add	a5,a5,t3
1000375c:	00d70533          	add	a0,a4,a3
10003760:	fef50fa3          	sb	a5,-1(a0)
10003764:	01063793          	sltiu	a5,a2,16
10003768:	e791                	bnez	a5,10003774 <_vsnprintf+0x9de>
1000376a:	fe068793          	addi	a5,a3,-32
1000376e:	c399                	beqz	a5,10003774 <_vsnprintf+0x9de>
10003770:	8211                	srli	a2,a2,0x4
10003772:	bf6d                	j	1000372c <_vsnprintf+0x996>
10003774:	ce76                	sw	t4,28(sp)
10003776:	c41a                	sw	t1,8(sp)
10003778:	c26e                	sw	s11,4(sp)
1000377a:	c042                	sw	a6,0(sp)
1000377c:	88e2                	mv	a7,s8
1000377e:	87b6                	mv	a5,a3
10003780:	be21                	j	10003298 <_vsnprintf+0x502>
10003782:	c0ce6fe3          	bltu	t3,a2,100033a0 <_vsnprintf+0x60a>
10003786:	b56d                	j	10003630 <_vsnprintf+0x89a>
10003788:	0098                	addi	a4,sp,64
1000378a:	e20f14e3          	bnez	t5,100035b2 <_vsnprintf+0x81c>
1000378e:	03000793          	li	a5,48
10003792:	04f10023          	sb	a5,64(sp)
10003796:	0098                	addi	a4,sp,64
10003798:	4785                	li	a5,1
1000379a:	bd21                	j	100035b2 <_vsnprintf+0x81c>
1000379c:	4629                	li	a2,10
1000379e:	8c32                	mv	s8,a2
100037a0:	dc02                	sw	zero,56(sp)
100037a2:	bc5d                	j	10003258 <_vsnprintf+0x4c2>
100037a4:	00092703          	lw	a4,0(s2)
100037a8:	40e006b3          	neg	a3,a4
100037ac:	0ad766b3          	max	a3,a4,a3
100037b0:	b9c5                	j	100034a0 <_vsnprintf+0x70a>
100037b2:	00092603          	lw	a2,0(s2)
100037b6:	b4e1                	j	1000327e <_vsnprintf+0x4e8>
100037b8:	0098                	addi	a4,sp,64
100037ba:	f40f11e3          	bnez	t5,100036fc <_vsnprintf+0x966>
100037be:	03000793          	li	a5,48
100037c2:	04f10023          	sb	a5,64(sp)
100037c6:	0098                	addi	a4,sp,64
100037c8:	4585                	li	a1,1
100037ca:	bf0d                	j	100036fc <_vsnprintf+0x966>
100037cc:	40000793          	li	a5,1024
100037d0:	d03e                	sw	a5,32(sp)
100037d2:	c40d94e3          	bnez	s11,1000341a <_vsnprintf+0x684>
100037d6:	5922                	lw	s2,40(sp)
100037d8:	e20ff06f          	j	10002df8 <_vsnprintf+0x62>
100037dc:	0785                	addi	a5,a5,1
100037de:	d23e                	sw	a5,36(sp)
100037e0:	b895                	j	10003054 <_vsnprintf+0x2be>
100037e2:	4629                	li	a2,10
100037e4:	869a                	mv	a3,t1
100037e6:	8c32                	mv	s8,a2
100037e8:	dc02                	sw	zero,56(sp)
100037ea:	bca9                	j	10003244 <_vsnprintf+0x4ae>
100037ec:	fef6f313          	andi	t1,a3,-17
100037f0:	f9750593          	addi	a1,a0,-105
100037f4:	b99d                	j	1000346a <_vsnprintf+0x6d4>

100037f6 <vfctprintf>:
100037f6:	1101                	addi	sp,sp,-32
100037f8:	100028b7          	lui	a7,0x10002
100037fc:	87ae                	mv	a5,a1
100037fe:	c42a                	sw	a0,8(sp)
10003800:	8736                	mv	a4,a3
10003802:	002c                	addi	a1,sp,8
10003804:	86b2                	mv	a3,a2
10003806:	25c88513          	addi	a0,a7,604 # 1000225c <_out_fct>
1000380a:	567d                	li	a2,-1
1000380c:	ce06                	sw	ra,28(sp)
1000380e:	c63e                	sw	a5,12(sp)
10003810:	d86ff0ef          	jal	10002d96 <_vsnprintf>
10003814:	40f2                	lw	ra,28(sp)
10003816:	6105                	addi	sp,sp,32
10003818:	8082                	ret

1000381a <weak_raw_vprintf>:
1000381a:	83c1a783          	lw	a5,-1988(gp) # 200023d0 <lazy_vsnprintf>
1000381e:	1101                	addi	sp,sp,-32
10003820:	ce06                	sw	ra,28(sp)
10003822:	cf91                	beqz	a5,1000383e <weak_raw_vprintf+0x24>
10003824:	86aa                	mv	a3,a0
10003826:	10002537          	lui	a0,0x10002
1000382a:	872e                	mv	a4,a1
1000382c:	25450513          	addi	a0,a0,596 # 10002254 <_out_char>
10003830:	006c                	addi	a1,sp,12
10003832:	567d                	li	a2,-1
10003834:	9782                	jalr	a5
10003836:	40f2                	lw	ra,28(sp)
10003838:	4505                	li	a0,1
1000383a:	6105                	addi	sp,sp,32
1000383c:	8082                	ret
1000383e:	2651                	jal	10003bc2 <__wrap_puts>
10003840:	40f2                	lw	ra,28(sp)
10003842:	4501                	li	a0,0
10003844:	6105                	addi	sp,sp,32
10003846:	8082                	ret

10003848 <runtime_init_per_core_h3_irq_registers>:
10003848:	450d                	li	a0,3
1000384a:	be251073          	csrw	0xbe2,a0
1000384e:	157d                	addi	a0,a0,-1
10003850:	fe055de3          	bgez	a0,1000384a <runtime_init_per_core_h3_irq_registers+0x2>
10003854:	6505                	lui	a0,0x1
10003856:	80050513          	addi	a0,a0,-2048 # 800 <HeapSize>
1000385a:	30451073          	csrw	mie,a0
1000385e:	30046073          	csrsi	mstatus,8
10003862:	34001073          	csrw	mscratch,zero
10003866:	8082                	ret

10003868 <_exit>:
10003868:	9002                	ebreak
1000386a:	bffd                	j	10003868 <_exit>

1000386c <exit>:
1000386c:	1141                	addi	sp,sp,-16
1000386e:	c606                	sw	ra,12(sp)
10003870:	3fe5                	jal	10003868 <_exit>

10003872 <runtime_init>:
10003872:	1141                	addi	sp,sp,-16
10003874:	c422                	sw	s0,8(sp)
10003876:	c226                	sw	s1,4(sp)
10003878:	10004437          	lui	s0,0x10004
1000387c:	100044b7          	lui	s1,0x10004
10003880:	f6c40413          	addi	s0,s0,-148 # 10003f6c <__frame_dummy_init_array_entry>
10003884:	f7048493          	addi	s1,s1,-144 # 10003f70 <__EH_FRAME_BEGIN__>
10003888:	c606                	sw	ra,12(sp)
1000388a:	d4efe0ef          	jal	10001dd8 <runtime_run_initializers>
1000388e:	00947763          	bgeu	s0,s1,1000389c <runtime_init+0x2a>
10003892:	401c                	lw	a5,0(s0)
10003894:	0411                	addi	s0,s0,4
10003896:	9782                	jalr	a5
10003898:	fe946de3          	bltu	s0,s1,10003892 <runtime_init+0x20>
1000389c:	40b2                	lw	ra,12(sp)
1000389e:	4422                	lw	s0,8(sp)
100038a0:	4492                	lw	s1,4(sp)
100038a2:	0141                	addi	sp,sp,16
100038a4:	8082                	ret

100038a6 <stdio_out_chars_no_crlf>:
100038a6:	411c                	lw	a5,0(a0)
100038a8:	852e                	mv	a0,a1
100038aa:	85b2                	mv	a1,a2
100038ac:	8782                	jr	a5

100038ae <stdio_out_chars_crlf>:
100038ae:	01554783          	lbu	a5,21(a0)
100038b2:	1101                	addi	sp,sp,-32
100038b4:	c84a                	sw	s2,16(sp)
100038b6:	ce06                	sw	ra,28(sp)
100038b8:	892e                	mv	s2,a1
100038ba:	c7c1                	beqz	a5,10003942 <stdio_out_chars_crlf+0x94>
100038bc:	06c05463          	blez	a2,10003924 <stdio_out_chars_crlf+0x76>
100038c0:	cc22                	sw	s0,24(sp)
100038c2:	ca26                	sw	s1,20(sp)
100038c4:	0005c783          	lbu	a5,0(a1)
100038c8:	8432                	mv	s0,a2
100038ca:	84aa                	mv	s1,a0
100038cc:	17d9                	addi	a5,a5,-10
100038ce:	e781                	bnez	a5,100038d6 <stdio_out_chars_crlf+0x28>
100038d0:	01454783          	lbu	a5,20(a0)
100038d4:	cfa1                	beqz	a5,1000392c <stdio_out_chars_crlf+0x7e>
100038d6:	4785                	li	a5,1
100038d8:	4601                	li	a2,0
100038da:	02f40463          	beq	s0,a5,10003902 <stdio_out_chars_crlf+0x54>
100038de:	00190693          	addi	a3,s2,1
100038e2:	4785                	li	a5,1
100038e4:	0006c703          	lbu	a4,0(a3)
100038e8:	883e                	mv	a6,a5
100038ea:	0785                	addi	a5,a5,1
100038ec:	1759                	addi	a4,a4,-10
100038ee:	e709                	bnez	a4,100038f8 <stdio_out_chars_crlf+0x4a>
100038f0:	fff6c703          	lbu	a4,-1(a3)
100038f4:	174d                	addi	a4,a4,-13
100038f6:	ef29                	bnez	a4,10003950 <stdio_out_chars_crlf+0xa2>
100038f8:	0685                	addi	a3,a3,1
100038fa:	fef415e3          	bne	s0,a5,100038e4 <stdio_out_chars_crlf+0x36>
100038fe:	00865863          	bge	a2,s0,1000390e <stdio_out_chars_crlf+0x60>
10003902:	409c                	lw	a5,0(s1)
10003904:	40c405b3          	sub	a1,s0,a2
10003908:	00c90533          	add	a0,s2,a2
1000390c:	9782                	jalr	a5
1000390e:	008905b3          	add	a1,s2,s0
10003912:	fff5c783          	lbu	a5,-1(a1)
10003916:	4462                	lw	s0,24(sp)
10003918:	17cd                	addi	a5,a5,-13
1000391a:	0017b793          	seqz	a5,a5
1000391e:	00f48a23          	sb	a5,20(s1)
10003922:	44d2                	lw	s1,20(sp)
10003924:	40f2                	lw	ra,28(sp)
10003926:	4942                	lw	s2,16(sp)
10003928:	6105                	addi	sp,sp,32
1000392a:	8082                	ret
1000392c:	411c                	lw	a5,0(a0)
1000392e:	10004537          	lui	a0,0x10004
10003932:	35850513          	addi	a0,a0,856 # 10004358 <crlf_str.0>
10003936:	4589                	li	a1,2
10003938:	9782                	jalr	a5
1000393a:	4605                	li	a2,1
1000393c:	fac411e3          	bne	s0,a2,100038de <stdio_out_chars_crlf+0x30>
10003940:	b7f9                	j	1000390e <stdio_out_chars_crlf+0x60>
10003942:	411c                	lw	a5,0(a0)
10003944:	40f2                	lw	ra,28(sp)
10003946:	854a                	mv	a0,s2
10003948:	4942                	lw	s2,16(sp)
1000394a:	85b2                	mv	a1,a2
1000394c:	6105                	addi	sp,sp,32
1000394e:	8782                	jr	a5
10003950:	40c805b3          	sub	a1,a6,a2
10003954:	00c90533          	add	a0,s2,a2
10003958:	01065863          	bge	a2,a6,10003968 <stdio_out_chars_crlf+0xba>
1000395c:	4098                	lw	a4,0(s1)
1000395e:	c636                	sw	a3,12(sp)
10003960:	c43e                	sw	a5,8(sp)
10003962:	9702                	jalr	a4
10003964:	46b2                	lw	a3,12(sp)
10003966:	47a2                	lw	a5,8(sp)
10003968:	4098                	lw	a4,0(s1)
1000396a:	10004537          	lui	a0,0x10004
1000396e:	35850513          	addi	a0,a0,856 # 10004358 <crlf_str.0>
10003972:	4589                	li	a1,2
10003974:	c636                	sw	a3,12(sp)
10003976:	c43e                	sw	a5,8(sp)
10003978:	9702                	jalr	a4
1000397a:	47a2                	lw	a5,8(sp)
1000397c:	46b2                	lw	a3,12(sp)
1000397e:	863e                	mv	a2,a5
10003980:	bfa5                	j	100038f8 <stdio_out_chars_crlf+0x4a>

10003982 <stdio_buffered_printer>:
10003982:	419c                	lw	a5,0(a1)
10003984:	08000693          	li	a3,128
10003988:	872e                	mv	a4,a1
1000398a:	882a                	mv	a6,a0
1000398c:	00d78a63          	beq	a5,a3,100039a0 <stdio_buffered_printer+0x1e>
10003990:	00178693          	addi	a3,a5,1
10003994:	c194                	sw	a3,0(a1)
10003996:	00f58733          	add	a4,a1,a5
1000399a:	00a70223          	sb	a0,4(a4)
1000399e:	8082                	ret
100039a0:	8441a783          	lw	a5,-1980(gp) # 200023d8 <drivers>
100039a4:	1101                	addi	sp,sp,-32
100039a6:	cc22                	sw	s0,24(sp)
100039a8:	ce06                	sw	ra,28(sp)
100039aa:	00458413          	addi	s0,a1,4
100039ae:	ef91                	bnez	a5,100039ca <stdio_buffered_printer+0x48>
100039b0:	4685                	li	a3,1
100039b2:	4781                	li	a5,0
100039b4:	c314                	sw	a3,0(a4)
100039b6:	973e                	add	a4,a4,a5
100039b8:	01070223          	sb	a6,4(a4)
100039bc:	40f2                	lw	ra,28(sp)
100039be:	4462                	lw	s0,24(sp)
100039c0:	6105                	addi	sp,sp,32
100039c2:	8082                	ret
100039c4:	ca99                	beqz	a3,100039da <stdio_buffered_printer+0x58>
100039c6:	4b9c                	lw	a5,16(a5)
100039c8:	d7e5                	beqz	a5,100039b0 <stdio_buffered_printer+0x2e>
100039ca:	4394                	lw	a3,0(a5)
100039cc:	85a2                	mv	a1,s0
100039ce:	853e                	mv	a0,a5
100039d0:	dafd                	beqz	a3,100039c6 <stdio_buffered_printer+0x44>
100039d2:	8401a683          	lw	a3,-1984(gp) # 200023d4 <filter>
100039d6:	fef697e3          	bne	a3,a5,100039c4 <stdio_buffered_printer+0x42>
100039da:	4310                	lw	a2,0(a4)
100039dc:	c642                	sw	a6,12(sp)
100039de:	c43e                	sw	a5,8(sp)
100039e0:	c23a                	sw	a4,4(sp)
100039e2:	35f1                	jal	100038ae <stdio_out_chars_crlf>
100039e4:	4832                	lw	a6,12(sp)
100039e6:	47a2                	lw	a5,8(sp)
100039e8:	4712                	lw	a4,4(sp)
100039ea:	bff1                	j	100039c6 <stdio_buffered_printer+0x44>

100039ec <stdio_put_string>:
100039ec:	7139                	addi	sp,sp,-64
100039ee:	dc22                	sw	s0,56(sp)
100039f0:	da26                	sw	s1,52(sp)
100039f2:	d84a                	sw	s2,48(sp)
100039f4:	d256                	sw	s5,36(sp)
100039f6:	de06                	sw	ra,60(sp)
100039f8:	8ab2                	mv	s5,a2
100039fa:	d64e                	sw	s3,44(sp)
100039fc:	d452                	sw	s4,40(sp)
100039fe:	ce5e                	sw	s7,28(sp)
10003a00:	84ae                	mv	s1,a1
10003a02:	892a                	mv	s2,a0
10003a04:	8436                	mv	s0,a3
10003a06:	80afe0ef          	jal	10001a10 <time_us_64>
10003a0a:	000f47b7          	lui	a5,0xf4
10003a0e:	24078793          	addi	a5,a5,576 # f4240 <HeapSize+0xf3a40>
10003a12:	97aa                	add	a5,a5,a0
10003a14:	00a7b633          	sltu	a2,a5,a0
10003a18:	80000737          	lui	a4,0x80000
10003a1c:	962e                	add	a2,a2,a1
10003a1e:	177d                	addi	a4,a4,-1 # 7fffffff <__StackTop+0x5ff7dfff>
10003a20:	85be                	mv	a1,a5
10003a22:	00c77463          	bgeu	a4,a2,10003a2a <stdio_put_string+0x3e>
10003a26:	863a                	mv	a2,a4
10003a28:	55fd                	li	a1,-1
10003a2a:	20002a37          	lui	s4,0x20002
10003a2e:	184a0513          	addi	a0,s4,388 # 20002184 <print_mutex>
10003a32:	0fffc097          	auipc	ra,0xfffc
10003a36:	65e080e7          	jalr	1630(ra) # 20000090 <mutex_try_enter_block_until>
10003a3a:	57fd                	li	a5,-1
10003a3c:	8baa                	mv	s7,a0
10003a3e:	0af48163          	beq	s1,a5,10003ae0 <stdio_put_string+0xf4>
10003a42:	c439                	beqz	s0,10003a90 <stdio_put_string+0xa4>
10003a44:	100049b7          	lui	s3,0x10004
10003a48:	8ae98993          	addi	s3,s3,-1874 # 100038ae <stdio_out_chars_crlf>
10003a4c:	8441a403          	lw	s0,-1980(gp) # 200023d8 <drivers>
10003a50:	c01d                	beqz	s0,10003a76 <stdio_put_string+0x8a>
10003a52:	040a9463          	bnez	s5,10003a9a <stdio_put_string+0xae>
10003a56:	a029                	j	10003a60 <stdio_put_string+0x74>
10003a58:	00878c63          	beq	a5,s0,10003a70 <stdio_put_string+0x84>
10003a5c:	4800                	lw	s0,16(s0)
10003a5e:	cc01                	beqz	s0,10003a76 <stdio_put_string+0x8a>
10003a60:	401c                	lw	a5,0(s0)
10003a62:	8626                	mv	a2,s1
10003a64:	85ca                	mv	a1,s2
10003a66:	8522                	mv	a0,s0
10003a68:	dbf5                	beqz	a5,10003a5c <stdio_put_string+0x70>
10003a6a:	8401a783          	lw	a5,-1984(gp) # 200023d4 <filter>
10003a6e:	f7ed                	bnez	a5,10003a58 <stdio_put_string+0x6c>
10003a70:	9982                	jalr	s3
10003a72:	4800                	lw	s0,16(s0)
10003a74:	f475                	bnez	s0,10003a60 <stdio_put_string+0x74>
10003a76:	040b9e63          	bnez	s7,10003ad2 <stdio_put_string+0xe6>
10003a7a:	50f2                	lw	ra,60(sp)
10003a7c:	5462                	lw	s0,56(sp)
10003a7e:	5942                	lw	s2,48(sp)
10003a80:	59b2                	lw	s3,44(sp)
10003a82:	5a22                	lw	s4,40(sp)
10003a84:	5a92                	lw	s5,36(sp)
10003a86:	4bf2                	lw	s7,28(sp)
10003a88:	8526                	mv	a0,s1
10003a8a:	54d2                	lw	s1,52(sp)
10003a8c:	6121                	addi	sp,sp,64
10003a8e:	8082                	ret
10003a90:	100049b7          	lui	s3,0x10004
10003a94:	8a698993          	addi	s3,s3,-1882 # 100038a6 <stdio_out_chars_no_crlf>
10003a98:	bf55                	j	10003a4c <stdio_put_string+0x60>
10003a9a:	d05a                	sw	s6,32(sp)
10003a9c:	4b29                	li	s6,10
10003a9e:	a029                	j	10003aa8 <stdio_put_string+0xbc>
10003aa0:	00878c63          	beq	a5,s0,10003ab8 <stdio_put_string+0xcc>
10003aa4:	4800                	lw	s0,16(s0)
10003aa6:	c01d                	beqz	s0,10003acc <stdio_put_string+0xe0>
10003aa8:	401c                	lw	a5,0(s0)
10003aaa:	8626                	mv	a2,s1
10003aac:	85ca                	mv	a1,s2
10003aae:	8522                	mv	a0,s0
10003ab0:	dbf5                	beqz	a5,10003aa4 <stdio_put_string+0xb8>
10003ab2:	8401a783          	lw	a5,-1984(gp) # 200023d4 <filter>
10003ab6:	f7ed                	bnez	a5,10003aa0 <stdio_put_string+0xb4>
10003ab8:	9982                	jalr	s3
10003aba:	8522                	mv	a0,s0
10003abc:	00f10593          	addi	a1,sp,15
10003ac0:	4605                	li	a2,1
10003ac2:	016107a3          	sb	s6,15(sp)
10003ac6:	9982                	jalr	s3
10003ac8:	4800                	lw	s0,16(s0)
10003aca:	fc79                	bnez	s0,10003aa8 <stdio_put_string+0xbc>
10003acc:	5b02                	lw	s6,32(sp)
10003ace:	fa0b86e3          	beqz	s7,10003a7a <stdio_put_string+0x8e>
10003ad2:	184a0513          	addi	a0,s4,388
10003ad6:	0fffc097          	auipc	ra,0xfffc
10003ada:	624080e7          	jalr	1572(ra) # 200000fa <mutex_exit>
10003ade:	bf71                	j	10003a7a <stdio_put_string+0x8e>
10003ae0:	854a                	mv	a0,s2
10003ae2:	26fd                	jal	10003ed0 <strlen>
10003ae4:	84aa                	mv	s1,a0
10003ae6:	bfb1                	j	10003a42 <stdio_put_string+0x56>

10003ae8 <stdio_set_driver_enabled>:
10003ae8:	8441a783          	lw	a5,-1980(gp) # 200023d8 <drivers>
10003aec:	84418713          	addi	a4,gp,-1980 # 200023d8 <drivers>
10003af0:	c799                	beqz	a5,10003afe <stdio_set_driver_enabled+0x16>
10003af2:	00a78963          	beq	a5,a0,10003b04 <stdio_set_driver_enabled+0x1c>
10003af6:	01078713          	addi	a4,a5,16
10003afa:	4b9c                	lw	a5,16(a5)
10003afc:	fbfd                	bnez	a5,10003af2 <stdio_set_driver_enabled+0xa>
10003afe:	c191                	beqz	a1,10003b02 <stdio_set_driver_enabled+0x1a>
10003b00:	c308                	sw	a0,0(a4)
10003b02:	8082                	ret
10003b04:	fdfd                	bnez	a1,10003b02 <stdio_set_driver_enabled+0x1a>
10003b06:	4b94                	lw	a3,16(a5)
10003b08:	c314                	sw	a3,0(a4)
10003b0a:	0007a823          	sw	zero,16(a5)
10003b0e:	8082                	ret

10003b10 <stdio_init_all>:
10003b10:	1141                	addi	sp,sp,-16
10003b12:	c606                	sw	ra,12(sp)
10003b14:	269d                	jal	10003e7a <stdio_uart_init>
10003b16:	40b2                	lw	ra,12(sp)
10003b18:	4505                	li	a0,1
10003b1a:	0141                	addi	sp,sp,16
10003b1c:	8082                	ret

10003b1e <__wrap_putchar>:
10003b1e:	7179                	addi	sp,sp,-48
10003b20:	d04a                	sw	s2,32(sp)
10003b22:	d606                	sw	ra,44(sp)
10003b24:	d422                	sw	s0,40(sp)
10003b26:	ce4e                	sw	s3,28(sp)
10003b28:	cc52                	sw	s4,24(sp)
10003b2a:	892a                	mv	s2,a0
10003b2c:	00a107a3          	sb	a0,15(sp)
10003b30:	ee1fd0ef          	jal	10001a10 <time_us_64>
10003b34:	000f47b7          	lui	a5,0xf4
10003b38:	24078793          	addi	a5,a5,576 # f4240 <HeapSize+0xf3a40>
10003b3c:	97aa                	add	a5,a5,a0
10003b3e:	00a7b633          	sltu	a2,a5,a0
10003b42:	80000737          	lui	a4,0x80000
10003b46:	962e                	add	a2,a2,a1
10003b48:	177d                	addi	a4,a4,-1 # 7fffffff <__StackTop+0x5ff7dfff>
10003b4a:	85be                	mv	a1,a5
10003b4c:	00c77463          	bgeu	a4,a2,10003b54 <__wrap_putchar+0x36>
10003b50:	863a                	mv	a2,a4
10003b52:	55fd                	li	a1,-1
10003b54:	200029b7          	lui	s3,0x20002
10003b58:	18498513          	addi	a0,s3,388 # 20002184 <print_mutex>
10003b5c:	0fffc097          	auipc	ra,0xfffc
10003b60:	534080e7          	jalr	1332(ra) # 20000090 <mutex_try_enter_block_until>
10003b64:	8441a403          	lw	s0,-1980(gp) # 200023d8 <drivers>
10003b68:	8a2a                	mv	s4,a0
10003b6a:	c405                	beqz	s0,10003b92 <__wrap_putchar+0x74>
10003b6c:	d226                	sw	s1,36(sp)
10003b6e:	a029                	j	10003b78 <__wrap_putchar+0x5a>
10003b70:	00f40d63          	beq	s0,a5,10003b8a <__wrap_putchar+0x6c>
10003b74:	4800                	lw	s0,16(s0)
10003b76:	cc09                	beqz	s0,10003b90 <__wrap_putchar+0x72>
10003b78:	401c                	lw	a5,0(s0)
10003b7a:	4605                	li	a2,1
10003b7c:	00f10593          	addi	a1,sp,15
10003b80:	8522                	mv	a0,s0
10003b82:	dbed                	beqz	a5,10003b74 <__wrap_putchar+0x56>
10003b84:	8401a783          	lw	a5,-1984(gp) # 200023d4 <filter>
10003b88:	f7e5                	bnez	a5,10003b70 <__wrap_putchar+0x52>
10003b8a:	3315                	jal	100038ae <stdio_out_chars_crlf>
10003b8c:	4800                	lw	s0,16(s0)
10003b8e:	f46d                	bnez	s0,10003b78 <__wrap_putchar+0x5a>
10003b90:	5492                	lw	s1,36(sp)
10003b92:	000a1a63          	bnez	s4,10003ba6 <__wrap_putchar+0x88>
10003b96:	50b2                	lw	ra,44(sp)
10003b98:	5422                	lw	s0,40(sp)
10003b9a:	49f2                	lw	s3,28(sp)
10003b9c:	4a62                	lw	s4,24(sp)
10003b9e:	854a                	mv	a0,s2
10003ba0:	5902                	lw	s2,32(sp)
10003ba2:	6145                	addi	sp,sp,48
10003ba4:	8082                	ret
10003ba6:	18498513          	addi	a0,s3,388
10003baa:	0fffc097          	auipc	ra,0xfffc
10003bae:	550080e7          	jalr	1360(ra) # 200000fa <mutex_exit>
10003bb2:	50b2                	lw	ra,44(sp)
10003bb4:	5422                	lw	s0,40(sp)
10003bb6:	49f2                	lw	s3,28(sp)
10003bb8:	4a62                	lw	s4,24(sp)
10003bba:	854a                	mv	a0,s2
10003bbc:	5902                	lw	s2,32(sp)
10003bbe:	6145                	addi	sp,sp,48
10003bc0:	8082                	ret

10003bc2 <__wrap_puts>:
10003bc2:	1141                	addi	sp,sp,-16
10003bc4:	c606                	sw	ra,12(sp)
10003bc6:	c422                	sw	s0,8(sp)
10003bc8:	c226                	sw	s1,4(sp)
10003bca:	842a                	mv	s0,a0
10003bcc:	2611                	jal	10003ed0 <strlen>
10003bce:	84aa                	mv	s1,a0
10003bd0:	4685                	li	a3,1
10003bd2:	8522                	mv	a0,s0
10003bd4:	85a6                	mv	a1,s1
10003bd6:	8636                	mv	a2,a3
10003bd8:	3d11                	jal	100039ec <stdio_put_string>
10003bda:	8441a403          	lw	s0,-1980(gp) # 200023d8 <drivers>
10003bde:	c411                	beqz	s0,10003bea <__wrap_puts+0x28>
10003be0:	405c                	lw	a5,4(s0)
10003be2:	cb91                	beqz	a5,10003bf6 <__wrap_puts+0x34>
10003be4:	9782                	jalr	a5
10003be6:	4800                	lw	s0,16(s0)
10003be8:	fc65                	bnez	s0,10003be0 <__wrap_puts+0x1e>
10003bea:	40b2                	lw	ra,12(sp)
10003bec:	4422                	lw	s0,8(sp)
10003bee:	8526                	mv	a0,s1
10003bf0:	4492                	lw	s1,4(sp)
10003bf2:	0141                	addi	sp,sp,16
10003bf4:	8082                	ret
10003bf6:	4800                	lw	s0,16(s0)
10003bf8:	f465                	bnez	s0,10003be0 <__wrap_puts+0x1e>
10003bfa:	40b2                	lw	ra,12(sp)
10003bfc:	4422                	lw	s0,8(sp)
10003bfe:	8526                	mv	a0,s1
10003c00:	4492                	lw	s1,4(sp)
10003c02:	0141                	addi	sp,sp,16
10003c04:	8082                	ret

10003c06 <__wrap_vprintf>:
10003c06:	7171                	addi	sp,sp,-176
10003c08:	d522                	sw	s0,168(sp)
10003c0a:	d326                	sw	s1,164(sp)
10003c0c:	d706                	sw	ra,172(sp)
10003c0e:	d14a                	sw	s2,160(sp)
10003c10:	cf4e                	sw	s3,156(sp)
10003c12:	cd52                	sw	s4,152(sp)
10003c14:	cb56                	sw	s5,148(sp)
10003c16:	842a                	mv	s0,a0
10003c18:	84ae                	mv	s1,a1
10003c1a:	df7fd0ef          	jal	10001a10 <time_us_64>
10003c1e:	000f47b7          	lui	a5,0xf4
10003c22:	24078793          	addi	a5,a5,576 # f4240 <HeapSize+0xf3a40>
10003c26:	97aa                	add	a5,a5,a0
10003c28:	00a7b633          	sltu	a2,a5,a0
10003c2c:	80000737          	lui	a4,0x80000
10003c30:	962e                	add	a2,a2,a1
10003c32:	177d                	addi	a4,a4,-1 # 7fffffff <__StackTop+0x5ff7dfff>
10003c34:	85be                	mv	a1,a5
10003c36:	00c77463          	bgeu	a4,a2,10003c3e <__wrap_vprintf+0x38>
10003c3a:	863a                	mv	a2,a4
10003c3c:	55fd                	li	a1,-1
10003c3e:	200029b7          	lui	s3,0x20002
10003c42:	18498513          	addi	a0,s3,388 # 20002184 <print_mutex>
10003c46:	0fffc097          	auipc	ra,0xfffc
10003c4a:	44a080e7          	jalr	1098(ra) # 20000090 <mutex_try_enter_block_until>
10003c4e:	8a2a                	mv	s4,a0
10003c50:	10004537          	lui	a0,0x10004
10003c54:	8622                	mv	a2,s0
10003c56:	86a6                	mv	a3,s1
10003c58:	006c                	addi	a1,sp,12
10003c5a:	98250513          	addi	a0,a0,-1662 # 10003982 <stdio_buffered_printer>
10003c5e:	c602                	sw	zero,12(sp)
10003c60:	3e59                	jal	100037f6 <vfctprintf>
10003c62:	47b2                	lw	a5,12(sp)
10003c64:	8441a403          	lw	s0,-1980(gp) # 200023d8 <drivers>
10003c68:	8aaa                	mv	s5,a0
10003c6a:	c3a9                	beqz	a5,10003cac <__wrap_vprintf+0xa6>
10003c6c:	e015                	bnez	s0,10003c90 <__wrap_vprintf+0x8a>
10003c6e:	c602                	sw	zero,12(sp)
10003c70:	040a1863          	bnez	s4,10003cc0 <__wrap_vprintf+0xba>
10003c74:	50ba                	lw	ra,172(sp)
10003c76:	542a                	lw	s0,168(sp)
10003c78:	549a                	lw	s1,164(sp)
10003c7a:	590a                	lw	s2,160(sp)
10003c7c:	49fa                	lw	s3,156(sp)
10003c7e:	4a6a                	lw	s4,152(sp)
10003c80:	8556                	mv	a0,s5
10003c82:	4ada                	lw	s5,148(sp)
10003c84:	614d                	addi	sp,sp,176
10003c86:	8082                	ret
10003c88:	00878b63          	beq	a5,s0,10003c9e <__wrap_vprintf+0x98>
10003c8c:	4800                	lw	s0,16(s0)
10003c8e:	cc01                	beqz	s0,10003ca6 <__wrap_vprintf+0xa0>
10003c90:	401c                	lw	a5,0(s0)
10003c92:	080c                	addi	a1,sp,16
10003c94:	8522                	mv	a0,s0
10003c96:	dbfd                	beqz	a5,10003c8c <__wrap_vprintf+0x86>
10003c98:	8401a783          	lw	a5,-1984(gp) # 200023d4 <filter>
10003c9c:	f7f5                	bnez	a5,10003c88 <__wrap_vprintf+0x82>
10003c9e:	4632                	lw	a2,12(sp)
10003ca0:	3139                	jal	100038ae <stdio_out_chars_crlf>
10003ca2:	4800                	lw	s0,16(s0)
10003ca4:	f475                	bnez	s0,10003c90 <__wrap_vprintf+0x8a>
10003ca6:	8441a403          	lw	s0,-1980(gp) # 200023d8 <drivers>
10003caa:	c602                	sw	zero,12(sp)
10003cac:	d071                	beqz	s0,10003c70 <__wrap_vprintf+0x6a>
10003cae:	405c                	lw	a5,4(s0)
10003cb0:	c791                	beqz	a5,10003cbc <__wrap_vprintf+0xb6>
10003cb2:	9782                	jalr	a5
10003cb4:	4800                	lw	s0,16(s0)
10003cb6:	dc4d                	beqz	s0,10003c70 <__wrap_vprintf+0x6a>
10003cb8:	405c                	lw	a5,4(s0)
10003cba:	ffe5                	bnez	a5,10003cb2 <__wrap_vprintf+0xac>
10003cbc:	4800                	lw	s0,16(s0)
10003cbe:	b7fd                	j	10003cac <__wrap_vprintf+0xa6>
10003cc0:	18498513          	addi	a0,s3,388
10003cc4:	0fffc097          	auipc	ra,0xfffc
10003cc8:	436080e7          	jalr	1078(ra) # 200000fa <mutex_exit>
10003ccc:	b765                	j	10003c74 <__wrap_vprintf+0x6e>

10003cce <__wrap_printf>:
10003cce:	7139                	addi	sp,sp,-64
10003cd0:	02410313          	addi	t1,sp,36
10003cd4:	d22e                	sw	a1,36(sp)
10003cd6:	859a                	mv	a1,t1
10003cd8:	ce06                	sw	ra,28(sp)
10003cda:	d432                	sw	a2,40(sp)
10003cdc:	d636                	sw	a3,44(sp)
10003cde:	d83a                	sw	a4,48(sp)
10003ce0:	da3e                	sw	a5,52(sp)
10003ce2:	dc42                	sw	a6,56(sp)
10003ce4:	de46                	sw	a7,60(sp)
10003ce6:	c61a                	sw	t1,12(sp)
10003ce8:	3f39                	jal	10003c06 <__wrap_vprintf>
10003cea:	40f2                	lw	ra,28(sp)
10003cec:	6121                	addi	sp,sp,64
10003cee:	8082                	ret

10003cf0 <stdio_uart_out_chars>:
10003cf0:	02b05e63          	blez	a1,10003d2c <stdio_uart_out_chars+0x3c>
10003cf4:	8501a703          	lw	a4,-1968(gp) # 200023e4 <uart_instance>
10003cf8:	bff887b7          	lui	a5,0xbff88
10003cfc:	97ba                	add	a5,a5,a4
10003cfe:	0017b793          	seqz	a5,a5
10003d02:	83818693          	addi	a3,gp,-1992 # 200023cc <uart_char_to_line_feed>
10003d06:	20d7a7b3          	sh1add	a5,a5,a3
10003d0a:	00079803          	lh	a6,0(a5) # bff88000 <__StackTop+0x9ff06000>
10003d0e:	00b50633          	add	a2,a0,a1
10003d12:	45b5                	li	a1,13
10003d14:	00054683          	lbu	a3,0(a0)
10003d18:	00d80b63          	beq	a6,a3,10003d2e <stdio_uart_out_chars+0x3e>
10003d1c:	4f1c                	lw	a5,24(a4)
10003d1e:	0207f793          	andi	a5,a5,32
10003d22:	ffed                	bnez	a5,10003d1c <stdio_uart_out_chars+0x2c>
10003d24:	c314                	sw	a3,0(a4)
10003d26:	0505                	addi	a0,a0,1
10003d28:	fec516e3          	bne	a0,a2,10003d14 <stdio_uart_out_chars+0x24>
10003d2c:	8082                	ret
10003d2e:	4f1c                	lw	a5,24(a4)
10003d30:	0207f793          	andi	a5,a5,32
10003d34:	ffed                	bnez	a5,10003d2e <stdio_uart_out_chars+0x3e>
10003d36:	c30c                	sw	a1,0(a4)
10003d38:	b7d5                	j	10003d1c <stdio_uart_out_chars+0x2c>

10003d3a <stdio_uart_in_chars>:
10003d3a:	84c1a803          	lw	a6,-1972(gp) # 200023e0 <chars_available_callback>
10003d3e:	06b05363          	blez	a1,10003da4 <stdio_uart_in_chars+0x6a>
10003d42:	8501a703          	lw	a4,-1968(gp) # 200023e4 <uart_instance>
10003d46:	4681                	li	a3,0
10003d48:	4f1c                	lw	a5,24(a4)
10003d4a:	8bc1                	andi	a5,a5,16
10003d4c:	ef85                	bnez	a5,10003d84 <stdio_uart_in_chars+0x4a>
10003d4e:	0685                	addi	a3,a3,1
10003d50:	4f1c                	lw	a5,24(a4)
10003d52:	8bc1                	andi	a5,a5,16
10003d54:	fff5                	bnez	a5,10003d50 <stdio_uart_in_chars+0x16>
10003d56:	4310                	lw	a2,0(a4)
10003d58:	00d507b3          	add	a5,a0,a3
10003d5c:	fec78fa3          	sb	a2,-1(a5)
10003d60:	fed594e3          	bne	a1,a3,10003d48 <stdio_uart_in_chars+0xe>
10003d64:	00080d63          	beqz	a6,10003d7e <stdio_uart_in_chars+0x44>
10003d68:	05000793          	li	a5,80
10003d6c:	df1c                	sw	a5,56(a4)
10003d6e:	5b5c                	lw	a5,52(a4)
10003d70:	6685                	lui	a3,0x1
10003d72:	03468693          	addi	a3,a3,52 # 1034 <HeapSize+0x834>
10003d76:	0387f793          	andi	a5,a5,56
10003d7a:	9736                	add	a4,a4,a3
10003d7c:	c31c                	sw	a5,0(a4)
10003d7e:	86ae                	mv	a3,a1
10003d80:	8536                	mv	a0,a3
10003d82:	8082                	ret
10003d84:	00080d63          	beqz	a6,10003d9e <stdio_uart_in_chars+0x64>
10003d88:	05000793          	li	a5,80
10003d8c:	df1c                	sw	a5,56(a4)
10003d8e:	5b5c                	lw	a5,52(a4)
10003d90:	6605                	lui	a2,0x1
10003d92:	03460613          	addi	a2,a2,52 # 1034 <HeapSize+0x834>
10003d96:	0387f793          	andi	a5,a5,56
10003d9a:	9732                	add	a4,a4,a2
10003d9c:	c31c                	sw	a5,0(a4)
10003d9e:	f2ed                	bnez	a3,10003d80 <stdio_uart_in_chars+0x46>
10003da0:	56f5                	li	a3,-3
10003da2:	bff9                	j	10003d80 <stdio_uart_in_chars+0x46>
10003da4:	fe080ee3          	beqz	a6,10003da0 <stdio_uart_in_chars+0x66>
10003da8:	8501a783          	lw	a5,-1968(gp) # 200023e4 <uart_instance>
10003dac:	05000713          	li	a4,80
10003db0:	6685                	lui	a3,0x1
10003db2:	df98                	sw	a4,56(a5)
10003db4:	5bd8                	lw	a4,52(a5)
10003db6:	03468693          	addi	a3,a3,52 # 1034 <HeapSize+0x834>
10003dba:	97b6                	add	a5,a5,a3
10003dbc:	03877713          	andi	a4,a4,56
10003dc0:	c398                	sw	a4,0(a5)
10003dc2:	56f5                	li	a3,-3
10003dc4:	bf75                	j	10003d80 <stdio_uart_in_chars+0x46>

10003dc6 <on_uart_rx>:
10003dc6:	84c1a783          	lw	a5,-1972(gp) # 200023e0 <chars_available_callback>
10003dca:	cb81                	beqz	a5,10003dda <on_uart_rx+0x14>
10003dcc:	8501a703          	lw	a4,-1968(gp) # 200023e4 <uart_instance>
10003dd0:	8481a503          	lw	a0,-1976(gp) # 200023dc <chars_available_param>
10003dd4:	02072c23          	sw	zero,56(a4)
10003dd8:	8782                	jr	a5
10003dda:	8082                	ret

10003ddc <stdio_uart_out_flush>:
10003ddc:	8501a703          	lw	a4,-1968(gp) # 200023e4 <uart_instance>
10003de0:	4f1c                	lw	a5,24(a4)
10003de2:	8ba1                	andi	a5,a5,8
10003de4:	fff5                	bnez	a5,10003de0 <stdio_uart_out_flush+0x4>
10003de6:	8082                	ret

10003de8 <stdio_uart_set_chars_available_callback>:
10003de8:	8501a703          	lw	a4,-1968(gp) # 200023e4 <uart_instance>
10003dec:	400787b7          	lui	a5,0x40078
10003df0:	1101                	addi	sp,sp,-32
10003df2:	862a                	mv	a2,a0
10003df4:	40f70533          	sub	a0,a4,a5
10003df8:	00153513          	seqz	a0,a0
10003dfc:	ce06                	sw	ra,28(sp)
10003dfe:	882e                	mv	a6,a1
10003e00:	02150513          	addi	a0,a0,33
10003e04:	84c1a583          	lw	a1,-1972(gp) # 200023e0 <chars_available_callback>
10003e08:	c609                	beqz	a2,10003e12 <stdio_uart_set_chars_available_callback+0x2a>
10003e0a:	c98d                	beqz	a1,10003e3c <stdio_uart_set_chars_available_callback+0x54>
10003e0c:	40f2                	lw	ra,28(sp)
10003e0e:	6105                	addi	sp,sp,32
10003e10:	8082                	ret
10003e12:	dded                	beqz	a1,10003e0c <stdio_uart_set_chars_available_callback+0x24>
10003e14:	02072c23          	sw	zero,56(a4)
10003e18:	4581                	li	a1,0
10003e1a:	c62a                	sw	a0,12(sp)
10003e1c:	9c9fc0ef          	jal	100007e4 <irq_set_enabled>
10003e20:	4532                	lw	a0,12(sp)
10003e22:	100045b7          	lui	a1,0x10004
10003e26:	dc658593          	addi	a1,a1,-570 # 10003dc6 <on_uart_rx>
10003e2a:	e7ffc0ef          	jal	10000ca8 <irq_remove_handler>
10003e2e:	40f2                	lw	ra,28(sp)
10003e30:	8401a623          	sw	zero,-1972(gp) # 200023e0 <chars_available_callback>
10003e34:	8401a423          	sw	zero,-1976(gp) # 200023dc <chars_available_param>
10003e38:	6105                	addi	sp,sp,32
10003e3a:	8082                	ret
10003e3c:	100045b7          	lui	a1,0x10004
10003e40:	dc658593          	addi	a1,a1,-570 # 10003dc6 <on_uart_rx>
10003e44:	c62a                	sw	a0,12(sp)
10003e46:	84c1a623          	sw	a2,-1972(gp) # 200023e0 <chars_available_callback>
10003e4a:	8501a423          	sw	a6,-1976(gp) # 200023dc <chars_available_param>
10003e4e:	9cdfc0ef          	jal	1000081a <irq_set_exclusive_handler>
10003e52:	4532                	lw	a0,12(sp)
10003e54:	4585                	li	a1,1
10003e56:	98ffc0ef          	jal	100007e4 <irq_set_enabled>
10003e5a:	8501a783          	lw	a5,-1968(gp) # 200023e4 <uart_instance>
10003e5e:	05000713          	li	a4,80
10003e62:	6685                	lui	a3,0x1
10003e64:	df98                	sw	a4,56(a5)
10003e66:	5bd8                	lw	a4,52(a5)
10003e68:	40f2                	lw	ra,28(sp)
10003e6a:	03468693          	addi	a3,a3,52 # 1034 <HeapSize+0x834>
10003e6e:	97b6                	add	a5,a5,a3
10003e70:	03877713          	andi	a4,a4,56
10003e74:	c398                	sw	a4,0(a5)
10003e76:	6105                	addi	sp,sp,32
10003e78:	8082                	ret

10003e7a <stdio_uart_init>:
10003e7a:	100047b7          	lui	a5,0x10004
10003e7e:	3907c783          	lbu	a5,912(a5) # 10004390 <__bi_ptr45.13>
10003e82:	1141                	addi	sp,sp,-16
10003e84:	100047b7          	lui	a5,0x10004
10003e88:	38c7c783          	lbu	a5,908(a5) # 1000438c <__bi_ptr49.12>
10003e8c:	c422                	sw	s0,8(sp)
10003e8e:	100047b7          	lui	a5,0x10004
10003e92:	3887c783          	lbu	a5,904(a5) # 10004388 <__bi_ptr50.11>
10003e96:	400707b7          	lui	a5,0x40070
10003e9a:	4589                	li	a1,2
10003e9c:	4501                	li	a0,0
10003e9e:	c606                	sw	ra,12(sp)
10003ea0:	84f1a823          	sw	a5,-1968(gp) # 200023e4 <uart_instance>
10003ea4:	ec2fc0ef          	jal	10000566 <gpio_set_function>
10003ea8:	4589                	li	a1,2
10003eaa:	4505                	li	a0,1
10003eac:	ebafc0ef          	jal	10000566 <gpio_set_function>
10003eb0:	8501a503          	lw	a0,-1968(gp) # 200023e4 <uart_instance>
10003eb4:	65f1                	lui	a1,0x1c
10003eb6:	20058593          	addi	a1,a1,512 # 1c200 <HeapSize+0x1ba00>
10003eba:	bf1fd0ef          	jal	10001aaa <uart_init>
10003ebe:	4422                	lw	s0,8(sp)
10003ec0:	40b2                	lw	ra,12(sp)
10003ec2:	20002537          	lui	a0,0x20002
10003ec6:	16850513          	addi	a0,a0,360 # 20002168 <stdio_uart>
10003eca:	4585                	li	a1,1
10003ecc:	0141                	addi	sp,sp,16
10003ece:	b929                	j	10003ae8 <stdio_set_driver_enabled>

10003ed0 <strlen>:
10003ed0:	00357793          	andi	a5,a0,3
10003ed4:	872a                	mv	a4,a0
10003ed6:	ef9d                	bnez	a5,10003f14 <strlen+0x44>
10003ed8:	7f7f86b7          	lui	a3,0x7f7f8
10003edc:	f7f68693          	addi	a3,a3,-129 # 7f7f7f7f <__StackTop+0x5f775f7f>
10003ee0:	55fd                	li	a1,-1
10003ee2:	4310                	lw	a2,0(a4)
10003ee4:	0711                	addi	a4,a4,4
10003ee6:	00d677b3          	and	a5,a2,a3
10003eea:	97b6                	add	a5,a5,a3
10003eec:	8fd1                	or	a5,a5,a2
10003eee:	8fd5                	or	a5,a5,a3
10003ef0:	feb789e3          	beq	a5,a1,10003ee2 <strlen+0x12>
10003ef4:	ffc74683          	lbu	a3,-4(a4)
10003ef8:	40a707b3          	sub	a5,a4,a0
10003efc:	ca8d                	beqz	a3,10003f2e <strlen+0x5e>
10003efe:	ffd74683          	lbu	a3,-3(a4)
10003f02:	c29d                	beqz	a3,10003f28 <strlen+0x58>
10003f04:	ffe74503          	lbu	a0,-2(a4)
10003f08:	00a03533          	snez	a0,a0
10003f0c:	953e                	add	a0,a0,a5
10003f0e:	1579                	addi	a0,a0,-2
10003f10:	8082                	ret
10003f12:	d2f9                	beqz	a3,10003ed8 <strlen+0x8>
10003f14:	00074783          	lbu	a5,0(a4)
10003f18:	0705                	addi	a4,a4,1
10003f1a:	00377693          	andi	a3,a4,3
10003f1e:	fbf5                	bnez	a5,10003f12 <strlen+0x42>
10003f20:	8f09                	sub	a4,a4,a0
10003f22:	fff70513          	addi	a0,a4,-1
10003f26:	8082                	ret
10003f28:	ffd78513          	addi	a0,a5,-3 # 4006fffd <__StackTop+0x1ffedffd>
10003f2c:	8082                	ret
10003f2e:	ffc78513          	addi	a0,a5,-4
10003f32:	8082                	ret

10003f34 <__pre_init_runtime_init_bootrom_reset>:
10003f34:	1e68 1000                                   h...

10003f38 <__pre_init_runtime_init_early_resets>:
10003f38:	1e08 1000                                   ....

10003f3c <__pre_init_runtime_init_usb_power_down>:
10003f3c:	1e32 1000                                   2...

10003f40 <__pre_init_runtime_init_clocks>:
10003f40:	1e98 1000                                   ....

10003f44 <__pre_init_runtime_init_post_clock_resets>:
10003f44:	1e4c 1000                                   L...

10003f48 <__pre_init_runtime_init_boot_locks_reset>:
10003f48:	1d82 1000                                   ....

10003f4c <__pre_init_runtime_init_spin_locks_reset>:
10003f4c:	1e94 1000                                   ....

10003f50 <__pre_init_runtime_init_bootrom_locking_enable>:
10003f50:	1d70 1000                                   p...

10003f54 <__pre_init_runtime_init_mutex>:
10003f54:	10fc 1000                                   ....

10003f58 <__pre_init_runtime_init_default_alarm_pool>:
10003f58:	153a 1000                                   :...

10003f5c <__pre_init_first_per_core_initializer>:
10003f5c:	1dc6 1000                                   ....

10003f60 <__pre_init_runtime_init_per_core_bootrom_reset>:
10003f60:	1e7e 1000                                   ~...

10003f64 <__pre_init_runtime_init_per_core_h3_irq_registers>:
10003f64:	3848 1000                                   H8..

10003f68 <__pre_init_runtime_init_per_core_irq_priorities>:
10003f68:	07ac 1000                                   ....

10003f6c <__frame_dummy_init_array_entry>:
10003f6c:	0104 1000                                   ....

Disassembly of section .data:

20000000 <mutex_enter_block_until>:
20000000:	d00007b7          	lui	a5,0xd0000
20000004:	439c                	lw	a5,0(a5)
20000006:	1101                	addi	sp,sp,-32
20000008:	cc22                	sw	s0,24(sp)
2000000a:	ca26                	sw	s1,20(sp)
2000000c:	c84a                	sw	s2,16(sp)
2000000e:	c64e                	sw	s3,12(sp)
20000010:	ce06                	sw	ra,28(sp)
20000012:	84be                	mv	s1,a5
20000014:	842a                	mv	s0,a0
20000016:	892e                	mv	s2,a1
20000018:	89b2                	mv	s3,a2
2000001a:	a831                	j	20000036 <mutex_enter_block_until+0x36>
2000001c:	0330000f          	fence	rw,rw
20000020:	00070023          	sb	zero,0(a4)
20000024:	3007a073          	csrs	mstatus,a5
20000028:	854a                	mv	a0,s2
2000002a:	85ce                	mv	a1,s3
2000002c:	f0002097          	auipc	ra,0xf0002
20000030:	890080e7          	jalr	-1904(ra) # 100018bc <best_effort_wfe_or_timeout>
20000034:	e531                	bnez	a0,20000080 <mutex_enter_block_until+0x80>
20000036:	401c                	lw	a5,0(s0)
20000038:	30047773          	csrrci	a4,mstatus,8
2000003c:	00379693          	slli	a3,a5,0x3
20000040:	28d016b3          	bset	a3,zero,a3
20000044:	9bf1                	andi	a5,a5,-4
20000046:	44d7a62f          	amoor.w.aq	a2,a3,(a5)
2000004a:	8e75                	and	a2,a2,a3
2000004c:	fe6d                	bnez	a2,20000046 <mutex_enter_block_until+0x46>
2000004e:	0330000f          	fence	rw,rw
20000052:	00440683          	lb	a3,4(s0)
20000056:	00877793          	andi	a5,a4,8
2000005a:	4018                	lw	a4,0(s0)
2000005c:	fc06d0e3          	bgez	a3,2000001c <mutex_enter_block_until+0x1c>
20000060:	00940223          	sb	s1,4(s0)
20000064:	0330000f          	fence	rw,rw
20000068:	00070023          	sb	zero,0(a4)
2000006c:	3007a073          	csrs	mstatus,a5
20000070:	40f2                	lw	ra,28(sp)
20000072:	4462                	lw	s0,24(sp)
20000074:	44d2                	lw	s1,20(sp)
20000076:	4942                	lw	s2,16(sp)
20000078:	49b2                	lw	s3,12(sp)
2000007a:	4505                	li	a0,1
2000007c:	6105                	addi	sp,sp,32
2000007e:	8082                	ret
20000080:	40f2                	lw	ra,28(sp)
20000082:	4462                	lw	s0,24(sp)
20000084:	44d2                	lw	s1,20(sp)
20000086:	4942                	lw	s2,16(sp)
20000088:	49b2                	lw	s3,12(sp)
2000008a:	4501                	li	a0,0
2000008c:	6105                	addi	sp,sp,32
2000008e:	8082                	ret

20000090 <mutex_try_enter_block_until>:
20000090:	411c                	lw	a5,0(a0)
20000092:	30047773          	csrrci	a4,mstatus,8
20000096:	00379693          	slli	a3,a5,0x3
2000009a:	28d016b3          	bset	a3,zero,a3
2000009e:	9bf1                	andi	a5,a5,-4
200000a0:	44d7a82f          	amoor.w.aq	a6,a3,(a5)
200000a4:	00d87833          	and	a6,a6,a3
200000a8:	fe081ce3          	bnez	a6,200000a0 <mutex_try_enter_block_until+0x10>
200000ac:	0330000f          	fence	rw,rw
200000b0:	00450683          	lb	a3,4(a0)
200000b4:	00877793          	andi	a5,a4,8
200000b8:	4118                	lw	a4,0(a0)
200000ba:	0206c263          	bltz	a3,200000de <mutex_try_enter_block_until+0x4e>
200000be:	0330000f          	fence	rw,rw
200000c2:	00070023          	sb	zero,0(a4)
200000c6:	3007a073          	csrs	mstatus,a5
200000ca:	d00007b7          	lui	a5,0xd0000
200000ce:	00078703          	lb	a4,0(a5) # d0000000 <__StackTop+0xaff7e000>
200000d2:	4781                	li	a5,0
200000d4:	00d71463          	bne	a4,a3,200000dc <mutex_try_enter_block_until+0x4c>
200000d8:	853e                	mv	a0,a5
200000da:	8082                	ret
200000dc:	b715                	j	20000000 <mutex_enter_block_until>
200000de:	d00006b7          	lui	a3,0xd0000
200000e2:	4294                	lw	a3,0(a3)
200000e4:	00d50223          	sb	a3,4(a0)
200000e8:	0330000f          	fence	rw,rw
200000ec:	00070023          	sb	zero,0(a4)
200000f0:	3007a073          	csrs	mstatus,a5
200000f4:	4785                	li	a5,1
200000f6:	853e                	mv	a0,a5
200000f8:	8082                	ret

200000fa <mutex_exit>:
200000fa:	411c                	lw	a5,0(a0)
200000fc:	30047773          	csrrci	a4,mstatus,8
20000100:	00379693          	slli	a3,a5,0x3
20000104:	28d016b3          	bset	a3,zero,a3
20000108:	9bf1                	andi	a5,a5,-4
2000010a:	44d7a62f          	amoor.w.aq	a2,a3,(a5)
2000010e:	8e75                	and	a2,a2,a3
20000110:	fe6d                	bnez	a2,2000010a <mutex_exit+0x10>
20000112:	0330000f          	fence	rw,rw
20000116:	57fd                	li	a5,-1
20000118:	00f50223          	sb	a5,4(a0)
2000011c:	411c                	lw	a5,0(a0)
2000011e:	0330000f          	fence	rw,rw
20000122:	00078023          	sb	zero,0(a5)
20000126:	8b21                	andi	a4,a4,8
20000128:	30072073          	csrs	mstatus,a4
2000012c:	00102033          	sgtz	zero,ra
20000130:	8082                	ret

20000132 <__udivdi3>:
20000132:	8732                	mv	a4,a2
20000134:	8836                	mv	a6,a3
20000136:	88aa                	mv	a7,a0
20000138:	832e                	mv	t1,a1
2000013a:	1a069863          	bnez	a3,200002ea <__udivdi3+0x1b8>
2000013e:	200027b7          	lui	a5,0x20002
20000142:	e5c78793          	addi	a5,a5,-420 # 20001e5c <__clz_tab>
20000146:	0ac5f663          	bgeu	a1,a2,200001f2 <__udivdi3+0xc0>
2000014a:	66c1                	lui	a3,0x10
2000014c:	08d67963          	bgeu	a2,a3,200001de <__udivdi3+0xac>
20000150:	10063693          	sltiu	a3,a2,256
20000154:	0016b693          	seqz	a3,a3
20000158:	068e                	slli	a3,a3,0x3
2000015a:	00d65e33          	srl	t3,a2,a3
2000015e:	97f2                	add	a5,a5,t3
20000160:	0007c783          	lbu	a5,0(a5)
20000164:	97b6                	add	a5,a5,a3
20000166:	02000693          	li	a3,32
2000016a:	00d78d63          	beq	a5,a3,20000184 <__udivdi3+0x52>
2000016e:	8e9d                	sub	a3,a3,a5
20000170:	00d59333          	sll	t1,a1,a3
20000174:	00f557b3          	srl	a5,a0,a5
20000178:	00d61733          	sll	a4,a2,a3
2000017c:	0067e333          	or	t1,a5,t1
20000180:	00d518b3          	sll	a7,a0,a3
20000184:	01075513          	srli	a0,a4,0x10
20000188:	02a357b3          	divu	a5,t1,a0
2000018c:	080745b3          	zext.h	a1,a4
20000190:	0108d693          	srli	a3,a7,0x10
20000194:	02a37333          	remu	t1,t1,a0
20000198:	02f58633          	mul	a2,a1,a5
2000019c:	0342                	slli	t1,t1,0x10
2000019e:	0066e6b3          	or	a3,a3,t1
200001a2:	00c6f863          	bgeu	a3,a2,200001b2 <__udivdi3+0x80>
200001a6:	96ba                	add	a3,a3,a4
200001a8:	00c6f463          	bgeu	a3,a2,200001b0 <__udivdi3+0x7e>
200001ac:	04e6f063          	bgeu	a3,a4,200001ec <__udivdi3+0xba>
200001b0:	17fd                	addi	a5,a5,-1
200001b2:	8e91                	sub	a3,a3,a2
200001b4:	02a6d633          	divu	a2,a3,a0
200001b8:	02a6f6b3          	remu	a3,a3,a0
200001bc:	02c585b3          	mul	a1,a1,a2
200001c0:	08d8c6b3          	pack	a3,a7,a3
200001c4:	00b6f863          	bgeu	a3,a1,200001d4 <__udivdi3+0xa2>
200001c8:	96ba                	add	a3,a3,a4
200001ca:	00b6f463          	bgeu	a3,a1,200001d2 <__udivdi3+0xa0>
200001ce:	10e6fc63          	bgeu	a3,a4,200002e6 <__udivdi3+0x1b4>
200001d2:	167d                	addi	a2,a2,-1
200001d4:	07c2                	slli	a5,a5,0x10
200001d6:	8fd1                	or	a5,a5,a2
200001d8:	853e                	mv	a0,a5
200001da:	85c2                	mv	a1,a6
200001dc:	8082                	ret
200001de:	01000e37          	lui	t3,0x1000
200001e2:	46e1                	li	a3,24
200001e4:	f7c67be3          	bgeu	a2,t3,2000015a <__udivdi3+0x28>
200001e8:	46c1                	li	a3,16
200001ea:	bf85                	j	2000015a <__udivdi3+0x28>
200001ec:	17f9                	addi	a5,a5,-2
200001ee:	96ba                	add	a3,a3,a4
200001f0:	b7c9                	j	200001b2 <__udivdi3+0x80>
200001f2:	4681                	li	a3,0
200001f4:	ca09                	beqz	a2,20000206 <__udivdi3+0xd4>
200001f6:	66c1                	lui	a3,0x10
200001f8:	04d67d63          	bgeu	a2,a3,20000252 <__udivdi3+0x120>
200001fc:	10063693          	sltiu	a3,a2,256
20000200:	0016b693          	seqz	a3,a3
20000204:	068e                	slli	a3,a3,0x3
20000206:	00d65833          	srl	a6,a2,a3
2000020a:	97c2                	add	a5,a5,a6
2000020c:	0007c783          	lbu	a5,0(a5)
20000210:	02000813          	li	a6,32
20000214:	97b6                	add	a5,a5,a3
20000216:	05079563          	bne	a5,a6,20000260 <__udivdi3+0x12e>
2000021a:	40c58633          	sub	a2,a1,a2
2000021e:	4805                	li	a6,1
20000220:	01075513          	srli	a0,a4,0x10
20000224:	02a657b3          	divu	a5,a2,a0
20000228:	080745b3          	zext.h	a1,a4
2000022c:	0108d693          	srli	a3,a7,0x10
20000230:	02a67633          	remu	a2,a2,a0
20000234:	02f58333          	mul	t1,a1,a5
20000238:	0642                	slli	a2,a2,0x10
2000023a:	8ed1                	or	a3,a3,a2
2000023c:	0066f863          	bgeu	a3,t1,2000024c <__udivdi3+0x11a>
20000240:	96ba                	add	a3,a3,a4
20000242:	0066f463          	bgeu	a3,t1,2000024a <__udivdi3+0x118>
20000246:	08e6fd63          	bgeu	a3,a4,200002e0 <__udivdi3+0x1ae>
2000024a:	17fd                	addi	a5,a5,-1
2000024c:	406686b3          	sub	a3,a3,t1
20000250:	b795                	j	200001b4 <__udivdi3+0x82>
20000252:	01000837          	lui	a6,0x1000
20000256:	46e1                	li	a3,24
20000258:	fb0677e3          	bgeu	a2,a6,20000206 <__udivdi3+0xd4>
2000025c:	46c1                	li	a3,16
2000025e:	b765                	j	20000206 <__udivdi3+0xd4>
20000260:	40f80833          	sub	a6,a6,a5
20000264:	01061733          	sll	a4,a2,a6
20000268:	00f5d6b3          	srl	a3,a1,a5
2000026c:	010518b3          	sll	a7,a0,a6
20000270:	00f557b3          	srl	a5,a0,a5
20000274:	01075513          	srli	a0,a4,0x10
20000278:	010595b3          	sll	a1,a1,a6
2000027c:	02a6d833          	divu	a6,a3,a0
20000280:	8fcd                	or	a5,a5,a1
20000282:	080745b3          	zext.h	a1,a4
20000286:	0107d613          	srli	a2,a5,0x10
2000028a:	02a6f6b3          	remu	a3,a3,a0
2000028e:	03058333          	mul	t1,a1,a6
20000292:	06c2                	slli	a3,a3,0x10
20000294:	8e55                	or	a2,a2,a3
20000296:	00667863          	bgeu	a2,t1,200002a6 <__udivdi3+0x174>
2000029a:	963a                	add	a2,a2,a4
2000029c:	00667463          	bgeu	a2,t1,200002a4 <__udivdi3+0x172>
200002a0:	02e67a63          	bgeu	a2,a4,200002d4 <__udivdi3+0x1a2>
200002a4:	187d                	addi	a6,a6,-1 # ffffff <HeapSize+0xfff7ff>
200002a6:	40660633          	sub	a2,a2,t1
200002aa:	02a656b3          	divu	a3,a2,a0
200002ae:	02a67633          	remu	a2,a2,a0
200002b2:	02d585b3          	mul	a1,a1,a3
200002b6:	08c7c633          	pack	a2,a5,a2
200002ba:	00b67863          	bgeu	a2,a1,200002ca <__udivdi3+0x198>
200002be:	963a                	add	a2,a2,a4
200002c0:	00b67463          	bgeu	a2,a1,200002c8 <__udivdi3+0x196>
200002c4:	00e67b63          	bgeu	a2,a4,200002da <__udivdi3+0x1a8>
200002c8:	16fd                	addi	a3,a3,-1 # ffff <HeapSize+0xf7ff>
200002ca:	0842                	slli	a6,a6,0x10
200002cc:	8e0d                	sub	a2,a2,a1
200002ce:	00d86833          	or	a6,a6,a3
200002d2:	b7b9                	j	20000220 <__udivdi3+0xee>
200002d4:	1879                	addi	a6,a6,-2
200002d6:	963a                	add	a2,a2,a4
200002d8:	b7f9                	j	200002a6 <__udivdi3+0x174>
200002da:	16f9                	addi	a3,a3,-2
200002dc:	963a                	add	a2,a2,a4
200002de:	b7f5                	j	200002ca <__udivdi3+0x198>
200002e0:	17f9                	addi	a5,a5,-2
200002e2:	96ba                	add	a3,a3,a4
200002e4:	b7a5                	j	2000024c <__udivdi3+0x11a>
200002e6:	1679                	addi	a2,a2,-2
200002e8:	b5f5                	j	200001d4 <__udivdi3+0xa2>
200002ea:	12d5e463          	bltu	a1,a3,20000412 <__udivdi3+0x2e0>
200002ee:	67c1                	lui	a5,0x10
200002f0:	02f6fe63          	bgeu	a3,a5,2000032c <__udivdi3+0x1fa>
200002f4:	1006b713          	sltiu	a4,a3,256
200002f8:	00173713          	seqz	a4,a4
200002fc:	070e                	slli	a4,a4,0x3
200002fe:	200027b7          	lui	a5,0x20002
20000302:	00e6d833          	srl	a6,a3,a4
20000306:	e5c78793          	addi	a5,a5,-420 # 20001e5c <__clz_tab>
2000030a:	97c2                	add	a5,a5,a6
2000030c:	0007c783          	lbu	a5,0(a5)
20000310:	02000893          	li	a7,32
20000314:	97ba                	add	a5,a5,a4
20000316:	03179263          	bne	a5,a7,2000033a <__udivdi3+0x208>
2000031a:	00c537b3          	sltu	a5,a0,a2
2000031e:	0017b793          	seqz	a5,a5
20000322:	00b6b6b3          	sltu	a3,a3,a1
20000326:	8fd5                	or	a5,a5,a3
20000328:	4801                	li	a6,0
2000032a:	b57d                	j	200001d8 <__udivdi3+0xa6>
2000032c:	010007b7          	lui	a5,0x1000
20000330:	4761                	li	a4,24
20000332:	fcf6f6e3          	bgeu	a3,a5,200002fe <__udivdi3+0x1cc>
20000336:	4741                	li	a4,16
20000338:	b7d9                	j	200002fe <__udivdi3+0x1cc>
2000033a:	40f888b3          	sub	a7,a7,a5
2000033e:	00f65833          	srl	a6,a2,a5
20000342:	011696b3          	sll	a3,a3,a7
20000346:	00d86833          	or	a6,a6,a3
2000034a:	00f5d733          	srl	a4,a1,a5
2000034e:	01085e13          	srli	t3,a6,0x10
20000352:	00f557b3          	srl	a5,a0,a5
20000356:	011595b3          	sll	a1,a1,a7
2000035a:	8ddd                	or	a1,a1,a5
2000035c:	03c757b3          	divu	a5,a4,t3
20000360:	08084333          	zext.h	t1,a6
20000364:	01161633          	sll	a2,a2,a7
20000368:	03c77733          	remu	a4,a4,t3
2000036c:	02f30eb3          	mul	t4,t1,a5
20000370:	01071693          	slli	a3,a4,0x10
20000374:	0105d713          	srli	a4,a1,0x10
20000378:	8f55                	or	a4,a4,a3
2000037a:	01d77863          	bgeu	a4,t4,2000038a <__udivdi3+0x258>
2000037e:	9742                	add	a4,a4,a6
20000380:	01d77463          	bgeu	a4,t4,20000388 <__udivdi3+0x256>
20000384:	09077163          	bgeu	a4,a6,20000406 <__udivdi3+0x2d4>
20000388:	17fd                	addi	a5,a5,-1 # ffffff <HeapSize+0xfff7ff>
2000038a:	41d70733          	sub	a4,a4,t4
2000038e:	03c756b3          	divu	a3,a4,t3
20000392:	03c77733          	remu	a4,a4,t3
20000396:	02d30333          	mul	t1,t1,a3
2000039a:	08e5c733          	pack	a4,a1,a4
2000039e:	00677863          	bgeu	a4,t1,200003ae <__udivdi3+0x27c>
200003a2:	9742                	add	a4,a4,a6
200003a4:	00677463          	bgeu	a4,t1,200003ac <__udivdi3+0x27a>
200003a8:	07077263          	bgeu	a4,a6,2000040c <__udivdi3+0x2da>
200003ac:	16fd                	addi	a3,a3,-1
200003ae:	07c2                	slli	a5,a5,0x10
200003b0:	8fd5                	or	a5,a5,a3
200003b2:	08064833          	zext.h	a6,a2
200003b6:	0806c6b3          	zext.h	a3,a3
200003ba:	8241                	srli	a2,a2,0x10
200003bc:	0107d593          	srli	a1,a5,0x10
200003c0:	40670733          	sub	a4,a4,t1
200003c4:	03068333          	mul	t1,a3,a6
200003c8:	03058833          	mul	a6,a1,a6
200003cc:	02c686b3          	mul	a3,a3,a2
200003d0:	02c585b3          	mul	a1,a1,a2
200003d4:	96c2                	add	a3,a3,a6
200003d6:	01035613          	srli	a2,t1,0x10
200003da:	96b2                	add	a3,a3,a2
200003dc:	0106f463          	bgeu	a3,a6,200003e4 <__udivdi3+0x2b2>
200003e0:	6641                	lui	a2,0x10
200003e2:	95b2                	add	a1,a1,a2
200003e4:	0106d613          	srli	a2,a3,0x10
200003e8:	962e                	add	a2,a2,a1
200003ea:	00c76c63          	bltu	a4,a2,20000402 <__udivdi3+0x2d0>
200003ee:	06c2                	slli	a3,a3,0x10
200003f0:	08034333          	zext.h	t1,t1
200003f4:	01151533          	sll	a0,a0,a7
200003f8:	969a                	add	a3,a3,t1
200003fa:	f2d577e3          	bgeu	a0,a3,20000328 <__udivdi3+0x1f6>
200003fe:	f2c715e3          	bne	a4,a2,20000328 <__udivdi3+0x1f6>
20000402:	17fd                	addi	a5,a5,-1
20000404:	b715                	j	20000328 <__udivdi3+0x1f6>
20000406:	17f9                	addi	a5,a5,-2
20000408:	9742                	add	a4,a4,a6
2000040a:	b741                	j	2000038a <__udivdi3+0x258>
2000040c:	16f9                	addi	a3,a3,-2
2000040e:	9742                	add	a4,a4,a6
20000410:	bf79                	j	200003ae <__udivdi3+0x27c>
20000412:	4801                	li	a6,0
20000414:	4781                	li	a5,0
20000416:	b3c9                	j	200001d8 <__udivdi3+0xa6>

20000418 <__umoddi3>:
20000418:	88b2                	mv	a7,a2
2000041a:	87aa                	mv	a5,a0
2000041c:	882e                	mv	a6,a1
2000041e:	1c069563          	bnez	a3,200005e8 <__umoddi3+0x1d0>
20000422:	20002737          	lui	a4,0x20002
20000426:	e5c70713          	addi	a4,a4,-420 # 20001e5c <__clz_tab>
2000042a:	0ac5fe63          	bgeu	a1,a2,200004e6 <__umoddi3+0xce>
2000042e:	66c1                	lui	a3,0x10
20000430:	0ad67463          	bgeu	a2,a3,200004d8 <__umoddi3+0xc0>
20000434:	10063693          	sltiu	a3,a2,256
20000438:	0016b693          	seqz	a3,a3
2000043c:	068e                	slli	a3,a3,0x3
2000043e:	00d65333          	srl	t1,a2,a3
20000442:	971a                	add	a4,a4,t1
20000444:	00074703          	lbu	a4,0(a4)
20000448:	9736                	add	a4,a4,a3
2000044a:	02000693          	li	a3,32
2000044e:	40e68333          	sub	t1,a3,a4
20000452:	00d70c63          	beq	a4,a3,2000046a <__umoddi3+0x52>
20000456:	00659833          	sll	a6,a1,t1
2000045a:	00e55733          	srl	a4,a0,a4
2000045e:	006618b3          	sll	a7,a2,t1
20000462:	01076833          	or	a6,a4,a6
20000466:	006517b3          	sll	a5,a0,t1
2000046a:	0108d513          	srli	a0,a7,0x10
2000046e:	02a856b3          	divu	a3,a6,a0
20000472:	0808ce33          	zext.h	t3,a7
20000476:	0107d713          	srli	a4,a5,0x10
2000047a:	02a87833          	remu	a6,a6,a0
2000047e:	03c686b3          	mul	a3,a3,t3
20000482:	0842                	slli	a6,a6,0x10
20000484:	01076733          	or	a4,a4,a6
20000488:	00d77d63          	bgeu	a4,a3,200004a2 <__umoddi3+0x8a>
2000048c:	9746                	add	a4,a4,a7
2000048e:	011735b3          	sltu	a1,a4,a7
20000492:	00d73633          	sltu	a2,a4,a3
20000496:	0015b593          	seqz	a1,a1
2000049a:	8e6d                	and	a2,a2,a1
2000049c:	03160633          	mul	a2,a2,a7
200004a0:	9732                	add	a4,a4,a2
200004a2:	8f15                	sub	a4,a4,a3
200004a4:	02a756b3          	divu	a3,a4,a0
200004a8:	02a77733          	remu	a4,a4,a0
200004ac:	03c686b3          	mul	a3,a3,t3
200004b0:	08e7c533          	pack	a0,a5,a4
200004b4:	00d57d63          	bgeu	a0,a3,200004ce <__umoddi3+0xb6>
200004b8:	9546                	add	a0,a0,a7
200004ba:	01153733          	sltu	a4,a0,a7
200004be:	00d537b3          	sltu	a5,a0,a3
200004c2:	00173713          	seqz	a4,a4
200004c6:	8ff9                	and	a5,a5,a4
200004c8:	031787b3          	mul	a5,a5,a7
200004cc:	953e                	add	a0,a0,a5
200004ce:	8d15                	sub	a0,a0,a3
200004d0:	00655533          	srl	a0,a0,t1
200004d4:	4581                	li	a1,0
200004d6:	8082                	ret
200004d8:	01000337          	lui	t1,0x1000
200004dc:	46e1                	li	a3,24
200004de:	f66670e3          	bgeu	a2,t1,2000043e <__umoddi3+0x26>
200004e2:	46c1                	li	a3,16
200004e4:	bfa9                	j	2000043e <__umoddi3+0x26>
200004e6:	4681                	li	a3,0
200004e8:	ca09                	beqz	a2,200004fa <__umoddi3+0xe2>
200004ea:	66c1                	lui	a3,0x10
200004ec:	06d67863          	bgeu	a2,a3,2000055c <__umoddi3+0x144>
200004f0:	10063693          	sltiu	a3,a2,256
200004f4:	0016b693          	seqz	a3,a3
200004f8:	068e                	slli	a3,a3,0x3
200004fa:	00d65833          	srl	a6,a2,a3
200004fe:	9742                	add	a4,a4,a6
20000500:	00074703          	lbu	a4,0(a4)
20000504:	9736                	add	a4,a4,a3
20000506:	02000693          	li	a3,32
2000050a:	40e68333          	sub	t1,a3,a4
2000050e:	04d71e63          	bne	a4,a3,2000056a <__umoddi3+0x152>
20000512:	40c58733          	sub	a4,a1,a2
20000516:	0108d593          	srli	a1,a7,0x10
2000051a:	02b75633          	divu	a2,a4,a1
2000051e:	0808c833          	zext.h	a6,a7
20000522:	0107d693          	srli	a3,a5,0x10
20000526:	02b77733          	remu	a4,a4,a1
2000052a:	03060633          	mul	a2,a2,a6
2000052e:	0742                	slli	a4,a4,0x10
20000530:	8f55                	or	a4,a4,a3
20000532:	00c77d63          	bgeu	a4,a2,2000054c <__umoddi3+0x134>
20000536:	9746                	add	a4,a4,a7
20000538:	01173533          	sltu	a0,a4,a7
2000053c:	00c736b3          	sltu	a3,a4,a2
20000540:	00153513          	seqz	a0,a0
20000544:	8ee9                	and	a3,a3,a0
20000546:	031686b3          	mul	a3,a3,a7
2000054a:	9736                	add	a4,a4,a3
2000054c:	8f11                	sub	a4,a4,a2
2000054e:	02b756b3          	divu	a3,a4,a1
20000552:	02b77733          	remu	a4,a4,a1
20000556:	030686b3          	mul	a3,a3,a6
2000055a:	bf99                	j	200004b0 <__umoddi3+0x98>
2000055c:	01000837          	lui	a6,0x1000
20000560:	46e1                	li	a3,24
20000562:	f9067ce3          	bgeu	a2,a6,200004fa <__umoddi3+0xe2>
20000566:	46c1                	li	a3,16
20000568:	bf49                	j	200004fa <__umoddi3+0xe2>
2000056a:	006618b3          	sll	a7,a2,t1
2000056e:	00e5d6b3          	srl	a3,a1,a4
20000572:	006517b3          	sll	a5,a0,t1
20000576:	00e55733          	srl	a4,a0,a4
2000057a:	0108d513          	srli	a0,a7,0x10
2000057e:	02a6d633          	divu	a2,a3,a0
20000582:	0808ce33          	zext.h	t3,a7
20000586:	006595b3          	sll	a1,a1,t1
2000058a:	8dd9                	or	a1,a1,a4
2000058c:	0105d713          	srli	a4,a1,0x10
20000590:	02a6f6b3          	remu	a3,a3,a0
20000594:	03c60633          	mul	a2,a2,t3
20000598:	06c2                	slli	a3,a3,0x10
2000059a:	8f55                	or	a4,a4,a3
2000059c:	00c77e63          	bgeu	a4,a2,200005b8 <__umoddi3+0x1a0>
200005a0:	9746                	add	a4,a4,a7
200005a2:	01173833          	sltu	a6,a4,a7
200005a6:	00c736b3          	sltu	a3,a4,a2
200005aa:	00183813          	seqz	a6,a6
200005ae:	0106f6b3          	and	a3,a3,a6
200005b2:	031686b3          	mul	a3,a3,a7
200005b6:	9736                	add	a4,a4,a3
200005b8:	8f11                	sub	a4,a4,a2
200005ba:	02a756b3          	divu	a3,a4,a0
200005be:	02a77733          	remu	a4,a4,a0
200005c2:	03c686b3          	mul	a3,a3,t3
200005c6:	08e5c733          	pack	a4,a1,a4
200005ca:	00d77d63          	bgeu	a4,a3,200005e4 <__umoddi3+0x1cc>
200005ce:	9746                	add	a4,a4,a7
200005d0:	011735b3          	sltu	a1,a4,a7
200005d4:	00d73633          	sltu	a2,a4,a3
200005d8:	0015b593          	seqz	a1,a1
200005dc:	8e6d                	and	a2,a2,a1
200005de:	03160633          	mul	a2,a2,a7
200005e2:	9732                	add	a4,a4,a2
200005e4:	8f15                	sub	a4,a4,a3
200005e6:	bf05                	j	20000516 <__umoddi3+0xfe>
200005e8:	14d5ea63          	bltu	a1,a3,2000073c <__umoddi3+0x324>
200005ec:	6741                	lui	a4,0x10
200005ee:	04e6f563          	bgeu	a3,a4,20000638 <__umoddi3+0x220>
200005f2:	1006b713          	sltiu	a4,a3,256
200005f6:	00173713          	seqz	a4,a4
200005fa:	070e                	slli	a4,a4,0x3
200005fc:	200028b7          	lui	a7,0x20002
20000600:	00e6d333          	srl	t1,a3,a4
20000604:	e5c88893          	addi	a7,a7,-420 # 20001e5c <__clz_tab>
20000608:	989a                	add	a7,a7,t1
2000060a:	0008c883          	lbu	a7,0(a7)
2000060e:	02000313          	li	t1,32
20000612:	98ba                	add	a7,a7,a4
20000614:	02689963          	bne	a7,t1,20000646 <__umoddi3+0x22e>
20000618:	00c57463          	bgeu	a0,a2,20000620 <__umoddi3+0x208>
2000061c:	00b6fb63          	bgeu	a3,a1,20000632 <__umoddi3+0x21a>
20000620:	40c50833          	sub	a6,a0,a2
20000624:	87c2                	mv	a5,a6
20000626:	40d586b3          	sub	a3,a1,a3
2000062a:	01053833          	sltu	a6,a0,a6
2000062e:	41068833          	sub	a6,a3,a6
20000632:	853e                	mv	a0,a5
20000634:	85c2                	mv	a1,a6
20000636:	8082                	ret
20000638:	010008b7          	lui	a7,0x1000
2000063c:	4761                	li	a4,24
2000063e:	fb16ffe3          	bgeu	a3,a7,200005fc <__umoddi3+0x1e4>
20000642:	4741                	li	a4,16
20000644:	bf65                	j	200005fc <__umoddi3+0x1e4>
20000646:	41130333          	sub	t1,t1,a7
2000064a:	006696b3          	sll	a3,a3,t1
2000064e:	01165e33          	srl	t3,a2,a7
20000652:	00de6e33          	or	t3,t3,a3
20000656:	0115d7b3          	srl	a5,a1,a7
2000065a:	010e5e93          	srli	t4,t3,0x10
2000065e:	03d7d6b3          	divu	a3,a5,t4
20000662:	006595b3          	sll	a1,a1,t1
20000666:	01155833          	srl	a6,a0,a7
2000066a:	00b86833          	or	a6,a6,a1
2000066e:	080e45b3          	zext.h	a1,t3
20000672:	00661733          	sll	a4,a2,t1
20000676:	00651533          	sll	a0,a0,t1
2000067a:	03d7f7b3          	remu	a5,a5,t4
2000067e:	02d58f33          	mul	t5,a1,a3
20000682:	01079613          	slli	a2,a5,0x10
20000686:	01085793          	srli	a5,a6,0x10
2000068a:	8fd1                	or	a5,a5,a2
2000068c:	01e7f863          	bgeu	a5,t5,2000069c <__umoddi3+0x284>
20000690:	97f2                	add	a5,a5,t3
20000692:	01e7f463          	bgeu	a5,t5,2000069a <__umoddi3+0x282>
20000696:	0bc7f463          	bgeu	a5,t3,2000073e <__umoddi3+0x326>
2000069a:	16fd                	addi	a3,a3,-1 # ffff <HeapSize+0xf7ff>
2000069c:	41e787b3          	sub	a5,a5,t5
200006a0:	03d7d633          	divu	a2,a5,t4
200006a4:	03d7f7b3          	remu	a5,a5,t4
200006a8:	02c585b3          	mul	a1,a1,a2
200006ac:	08f847b3          	pack	a5,a6,a5
200006b0:	00b7f863          	bgeu	a5,a1,200006c0 <__umoddi3+0x2a8>
200006b4:	97f2                	add	a5,a5,t3
200006b6:	00b7f463          	bgeu	a5,a1,200006be <__umoddi3+0x2a6>
200006ba:	09c7f563          	bgeu	a5,t3,20000744 <__umoddi3+0x32c>
200006be:	167d                	addi	a2,a2,-1 # ffff <HeapSize+0xf7ff>
200006c0:	06c2                	slli	a3,a3,0x10
200006c2:	8ed1                	or	a3,a3,a2
200006c4:	82c1                	srli	a3,a3,0x10
200006c6:	08064633          	zext.h	a2,a2
200006ca:	08074833          	zext.h	a6,a4
200006ce:	40b785b3          	sub	a1,a5,a1
200006d2:	01075793          	srli	a5,a4,0x10
200006d6:	03060eb3          	mul	t4,a2,a6
200006da:	03068833          	mul	a6,a3,a6
200006de:	02f60633          	mul	a2,a2,a5
200006e2:	02f686b3          	mul	a3,a3,a5
200006e6:	9642                	add	a2,a2,a6
200006e8:	010ed793          	srli	a5,t4,0x10
200006ec:	97b2                	add	a5,a5,a2
200006ee:	0107f463          	bgeu	a5,a6,200006f6 <__umoddi3+0x2de>
200006f2:	6641                	lui	a2,0x10
200006f4:	96b2                	add	a3,a3,a2
200006f6:	0107d613          	srli	a2,a5,0x10
200006fa:	080eceb3          	zext.h	t4,t4
200006fe:	07c2                	slli	a5,a5,0x10
20000700:	96b2                	add	a3,a3,a2
20000702:	97f6                	add	a5,a5,t4
20000704:	00d5e663          	bltu	a1,a3,20000710 <__umoddi3+0x2f8>
20000708:	00f57c63          	bgeu	a0,a5,20000720 <__umoddi3+0x308>
2000070c:	00d59a63          	bne	a1,a3,20000720 <__umoddi3+0x308>
20000710:	40e78733          	sub	a4,a5,a4
20000714:	00e7b633          	sltu	a2,a5,a4
20000718:	87ba                	mv	a5,a4
2000071a:	01c60733          	add	a4,a2,t3
2000071e:	8e99                	sub	a3,a3,a4
20000720:	40f507b3          	sub	a5,a0,a5
20000724:	00f53533          	sltu	a0,a0,a5
20000728:	8d95                	sub	a1,a1,a3
2000072a:	8d89                	sub	a1,a1,a0
2000072c:	011598b3          	sll	a7,a1,a7
20000730:	0067d7b3          	srl	a5,a5,t1
20000734:	00f8e533          	or	a0,a7,a5
20000738:	0065d5b3          	srl	a1,a1,t1
2000073c:	8082                	ret
2000073e:	16f9                	addi	a3,a3,-2
20000740:	97f2                	add	a5,a5,t3
20000742:	bfa9                	j	2000069c <__umoddi3+0x284>
20000744:	1679                	addi	a2,a2,-2 # fffe <HeapSize+0xf7fe>
20000746:	97f2                	add	a5,a5,t3
20000748:	bfa5                	j	200006c0 <__umoddi3+0x2a8>

2000074a <__adddf3>:
2000074a:	00100837          	lui	a6,0x100
2000074e:	187d                	addi	a6,a6,-1 # fffff <HeapSize+0xff7ff>
20000750:	00b877b3          	and	a5,a6,a1
20000754:	0145d713          	srli	a4,a1,0x14
20000758:	00d87833          	and	a6,a6,a3
2000075c:	0146de13          	srli	t3,a3,0x14
20000760:	01d55893          	srli	a7,a0,0x1d
20000764:	080e                	slli	a6,a6,0x3
20000766:	01d65313          	srli	t1,a2,0x1d
2000076a:	7ff77713          	andi	a4,a4,2047
2000076e:	078e                	slli	a5,a5,0x3
20000770:	7ffe7e13          	andi	t3,t3,2047
20000774:	81fd                	srli	a1,a1,0x1f
20000776:	82fd                	srli	a3,a3,0x1f
20000778:	00f8e7b3          	or	a5,a7,a5
2000077c:	01036333          	or	t1,t1,a6
20000780:	050e                	slli	a0,a0,0x3
20000782:	060e                	slli	a2,a2,0x3
20000784:	41c70833          	sub	a6,a4,t3
20000788:	7ff00893          	li	a7,2047
2000078c:	24d59263          	bne	a1,a3,200009d0 <__adddf3+0x286>
20000790:	0d005863          	blez	a6,20000860 <__adddf3+0x116>
20000794:	020e1463          	bnez	t3,200007bc <__adddf3+0x72>
20000798:	00c366b3          	or	a3,t1,a2
2000079c:	ce91                	beqz	a3,200007b8 <__adddf3+0x6e>
2000079e:	fff70813          	addi	a6,a4,-1 # ffff <HeapSize+0xf7ff>
200007a2:	00081963          	bnez	a6,200007b4 <__adddf3+0x6a>
200007a6:	962a                	add	a2,a2,a0
200007a8:	979a                	add	a5,a5,t1
200007aa:	00a63533          	sltu	a0,a2,a0
200007ae:	97aa                	add	a5,a5,a0
200007b0:	4705                	li	a4,1
200007b2:	a889                	j	20000804 <__adddf3+0xba>
200007b4:	01171863          	bne	a4,a7,200007c4 <__adddf3+0x7a>
200007b8:	862a                	mv	a2,a0
200007ba:	aab5                	j	20000936 <__adddf3+0x1ec>
200007bc:	ff170ee3          	beq	a4,a7,200007b8 <__adddf3+0x6e>
200007c0:	29731313          	bseti	t1,t1,0x17
200007c4:	03800693          	li	a3,56
200007c8:	0906c763          	blt	a3,a6,20000856 <__adddf3+0x10c>
200007cc:	46fd                	li	a3,31
200007ce:	02000e13          	li	t3,32
200007d2:	0506cd63          	blt	a3,a6,2000082c <__adddf3+0xe2>
200007d6:	410e0e33          	sub	t3,t3,a6
200007da:	01c316b3          	sll	a3,t1,t3
200007de:	010658b3          	srl	a7,a2,a6
200007e2:	01c61e33          	sll	t3,a2,t3
200007e6:	0116e6b3          	or	a3,a3,a7
200007ea:	01c03e33          	snez	t3,t3
200007ee:	01c6e6b3          	or	a3,a3,t3
200007f2:	01035833          	srl	a6,t1,a6
200007f6:	00a68633          	add	a2,a3,a0
200007fa:	983e                	add	a6,a6,a5
200007fc:	00d636b3          	sltu	a3,a2,a3
20000800:	00d807b3          	add	a5,a6,a3
20000804:	00879693          	slli	a3,a5,0x8
20000808:	1806d863          	bgez	a3,20000998 <__adddf3+0x24e>
2000080c:	0705                	addi	a4,a4,1
2000080e:	7ff00693          	li	a3,2047
20000812:	1ad70c63          	beq	a4,a3,200009ca <__adddf3+0x280>
20000816:	00165693          	srli	a3,a2,0x1
2000081a:	8a05                	andi	a2,a2,1
2000081c:	49779513          	bclri	a0,a5,0x17
20000820:	8e55                	or	a2,a2,a3
20000822:	07fe                	slli	a5,a5,0x1f
20000824:	8e5d                	or	a2,a2,a5
20000826:	00155793          	srli	a5,a0,0x1
2000082a:	a2bd                	j	20000998 <__adddf3+0x24e>
2000082c:	fe080693          	addi	a3,a6,-32
20000830:	00d356b3          	srl	a3,t1,a3
20000834:	4881                	li	a7,0
20000836:	01c80863          	beq	a6,t3,20000846 <__adddf3+0xfc>
2000083a:	04000893          	li	a7,64
2000083e:	410888b3          	sub	a7,a7,a6
20000842:	011318b3          	sll	a7,t1,a7
20000846:	00c8e8b3          	or	a7,a7,a2
2000084a:	011038b3          	snez	a7,a7
2000084e:	0116e6b3          	or	a3,a3,a7
20000852:	4801                	li	a6,0
20000854:	b74d                	j	200007f6 <__adddf3+0xac>
20000856:	00c366b3          	or	a3,t1,a2
2000085a:	00d036b3          	snez	a3,a3
2000085e:	bfd5                	j	20000852 <__adddf3+0x108>
20000860:	0a080063          	beqz	a6,20000900 <__adddf3+0x1b6>
20000864:	40ee0833          	sub	a6,t3,a4
20000868:	ef01                	bnez	a4,20000880 <__adddf3+0x136>
2000086a:	00a7e733          	or	a4,a5,a0
2000086e:	c711                	beqz	a4,2000087a <__adddf3+0x130>
20000870:	fff80693          	addi	a3,a6,-1
20000874:	da8d                	beqz	a3,200007a6 <__adddf3+0x5c>
20000876:	01181a63          	bne	a6,a7,2000088a <__adddf3+0x140>
2000087a:	879a                	mv	a5,t1
2000087c:	8742                	mv	a4,a6
2000087e:	a865                	j	20000936 <__adddf3+0x1ec>
20000880:	431e0e63          	beq	t3,a7,20000cbc <__adddf3+0x572>
20000884:	29779793          	bseti	a5,a5,0x17
20000888:	86c2                	mv	a3,a6
2000088a:	03800713          	li	a4,56
2000088e:	06d74463          	blt	a4,a3,200008f6 <__adddf3+0x1ac>
20000892:	477d                	li	a4,31
20000894:	02000893          	li	a7,32
20000898:	02d74a63          	blt	a4,a3,200008cc <__adddf3+0x182>
2000089c:	40d888b3          	sub	a7,a7,a3
200008a0:	01179733          	sll	a4,a5,a7
200008a4:	00d55833          	srl	a6,a0,a3
200008a8:	011518b3          	sll	a7,a0,a7
200008ac:	01076733          	or	a4,a4,a6
200008b0:	011038b3          	snez	a7,a7
200008b4:	01176733          	or	a4,a4,a7
200008b8:	00d7d6b3          	srl	a3,a5,a3
200008bc:	963a                	add	a2,a2,a4
200008be:	00e63733          	sltu	a4,a2,a4
200008c2:	969a                	add	a3,a3,t1
200008c4:	00e687b3          	add	a5,a3,a4
200008c8:	8772                	mv	a4,t3
200008ca:	bf2d                	j	20000804 <__adddf3+0xba>
200008cc:	fe068713          	addi	a4,a3,-32
200008d0:	00e7d733          	srl	a4,a5,a4
200008d4:	4801                	li	a6,0
200008d6:	01168863          	beq	a3,a7,200008e6 <__adddf3+0x19c>
200008da:	04000813          	li	a6,64
200008de:	40d80833          	sub	a6,a6,a3
200008e2:	01079833          	sll	a6,a5,a6
200008e6:	00a86833          	or	a6,a6,a0
200008ea:	01003833          	snez	a6,a6
200008ee:	01076733          	or	a4,a4,a6
200008f2:	4681                	li	a3,0
200008f4:	b7e1                	j	200008bc <__adddf3+0x172>
200008f6:	00a7e733          	or	a4,a5,a0
200008fa:	00e03733          	snez	a4,a4
200008fe:	bfd5                	j	200008f2 <__adddf3+0x1a8>
20000900:	00170693          	addi	a3,a4,1
20000904:	7fe6f813          	andi	a6,a3,2046
20000908:	06081b63          	bnez	a6,2000097e <__adddf3+0x234>
2000090c:	00a7e6b3          	or	a3,a5,a0
20000910:	ef39                	bnez	a4,2000096e <__adddf3+0x224>
20000912:	38068b63          	beqz	a3,20000ca8 <__adddf3+0x55e>
20000916:	00c36733          	or	a4,t1,a2
2000091a:	38070963          	beqz	a4,20000cac <__adddf3+0x562>
2000091e:	962a                	add	a2,a2,a0
20000920:	979a                	add	a5,a5,t1
20000922:	00a63533          	sltu	a0,a2,a0
20000926:	97aa                	add	a5,a5,a0
20000928:	00879713          	slli	a4,a5,0x8
2000092c:	26075a63          	bgez	a4,20000ba0 <__adddf3+0x456>
20000930:	49779793          	bclri	a5,a5,0x17
20000934:	4705                	li	a4,1
20000936:	820d                	srli	a2,a2,0x3
20000938:	01d79693          	slli	a3,a5,0x1d
2000093c:	8ed1                	or	a3,a3,a2
2000093e:	7ff00613          	li	a2,2047
20000942:	838d                	srli	a5,a5,0x3
20000944:	00c71963          	bne	a4,a2,20000956 <__adddf3+0x20c>
20000948:	8edd                	or	a3,a3,a5
2000094a:	4781                	li	a5,0
2000094c:	c689                	beqz	a3,20000956 <__adddf3+0x20c>
2000094e:	000807b7          	lui	a5,0x80
20000952:	4681                	li	a3,0
20000954:	4581                	li	a1,0
20000956:	7ff77713          	andi	a4,a4,2047
2000095a:	07b2                	slli	a5,a5,0xc
2000095c:	83b1                	srli	a5,a5,0xc
2000095e:	0752                	slli	a4,a4,0x14
20000960:	8f5d                	or	a4,a4,a5
20000962:	05fe                	slli	a1,a1,0x1f
20000964:	00b767b3          	or	a5,a4,a1
20000968:	8536                	mv	a0,a3
2000096a:	85be                	mv	a1,a5
2000096c:	8082                	ret
2000096e:	34068163          	beqz	a3,20000cb0 <__adddf3+0x566>
20000972:	00c36333          	or	t1,t1,a2
20000976:	24031763          	bnez	t1,20000bc4 <__adddf3+0x47a>
2000097a:	862a                	mv	a2,a0
2000097c:	ae1d                	j	20000cb2 <__adddf3+0x568>
2000097e:	33168c63          	beq	a3,a7,20000cb6 <__adddf3+0x56c>
20000982:	962a                	add	a2,a2,a0
20000984:	00a63533          	sltu	a0,a2,a0
20000988:	979a                	add	a5,a5,t1
2000098a:	97aa                	add	a5,a5,a0
2000098c:	01f79713          	slli	a4,a5,0x1f
20000990:	8205                	srli	a2,a2,0x1
20000992:	8e59                	or	a2,a2,a4
20000994:	8385                	srli	a5,a5,0x1
20000996:	8736                	mv	a4,a3
20000998:	00767693          	andi	a3,a2,7
2000099c:	ce81                	beqz	a3,200009b4 <__adddf3+0x26a>
2000099e:	00f67693          	andi	a3,a2,15
200009a2:	4511                	li	a0,4
200009a4:	00a68863          	beq	a3,a0,200009b4 <__adddf3+0x26a>
200009a8:	00a606b3          	add	a3,a2,a0
200009ac:	00c6b533          	sltu	a0,a3,a2
200009b0:	97aa                	add	a5,a5,a0
200009b2:	8636                	mv	a2,a3
200009b4:	00879693          	slli	a3,a5,0x8
200009b8:	f606dfe3          	bgez	a3,20000936 <__adddf3+0x1ec>
200009bc:	0705                	addi	a4,a4,1
200009be:	7ff00693          	li	a3,2047
200009c2:	49779793          	bclri	a5,a5,0x17
200009c6:	f6d718e3          	bne	a4,a3,20000936 <__adddf3+0x1ec>
200009ca:	4781                	li	a5,0
200009cc:	4601                	li	a2,0
200009ce:	b7a5                	j	20000936 <__adddf3+0x1ec>
200009d0:	0d005263          	blez	a6,20000a94 <__adddf3+0x34a>
200009d4:	080e1163          	bnez	t3,20000a56 <__adddf3+0x30c>
200009d8:	00c366b3          	or	a3,t1,a2
200009dc:	dc068ee3          	beqz	a3,200007b8 <__adddf3+0x6e>
200009e0:	fff70813          	addi	a6,a4,-1
200009e4:	00081b63          	bnez	a6,200009fa <__adddf3+0x2b0>
200009e8:	40c50633          	sub	a2,a0,a2
200009ec:	406787b3          	sub	a5,a5,t1
200009f0:	00c53533          	sltu	a0,a0,a2
200009f4:	8f89                	sub	a5,a5,a0
200009f6:	4705                	li	a4,1
200009f8:	a0a1                	j	20000a40 <__adddf3+0x2f6>
200009fa:	db170fe3          	beq	a4,a7,200007b8 <__adddf3+0x6e>
200009fe:	03800693          	li	a3,56
20000a02:	0906c463          	blt	a3,a6,20000a8a <__adddf3+0x340>
20000a06:	46fd                	li	a3,31
20000a08:	02000e13          	li	t3,32
20000a0c:	0506ca63          	blt	a3,a6,20000a60 <__adddf3+0x316>
20000a10:	410e0e33          	sub	t3,t3,a6
20000a14:	01c316b3          	sll	a3,t1,t3
20000a18:	010658b3          	srl	a7,a2,a6
20000a1c:	01c61e33          	sll	t3,a2,t3
20000a20:	0116e6b3          	or	a3,a3,a7
20000a24:	01c03e33          	snez	t3,t3
20000a28:	01c6e6b3          	or	a3,a3,t3
20000a2c:	01035833          	srl	a6,t1,a6
20000a30:	40d50633          	sub	a2,a0,a3
20000a34:	41078833          	sub	a6,a5,a6
20000a38:	00c53533          	sltu	a0,a0,a2
20000a3c:	40a807b3          	sub	a5,a6,a0
20000a40:	00879693          	slli	a3,a5,0x8
20000a44:	f406dae3          	bgez	a3,20000998 <__adddf3+0x24e>
20000a48:	008008b7          	lui	a7,0x800
20000a4c:	18fd                	addi	a7,a7,-1 # 7fffff <HeapSize+0x7ff7ff>
20000a4e:	0117f8b3          	and	a7,a5,a7
20000a52:	8832                	mv	a6,a2
20000a54:	a275                	j	20000c00 <__adddf3+0x4b6>
20000a56:	d71701e3          	beq	a4,a7,200007b8 <__adddf3+0x6e>
20000a5a:	29731313          	bseti	t1,t1,0x17
20000a5e:	b745                	j	200009fe <__adddf3+0x2b4>
20000a60:	fe080693          	addi	a3,a6,-32
20000a64:	00d356b3          	srl	a3,t1,a3
20000a68:	4881                	li	a7,0
20000a6a:	01c80863          	beq	a6,t3,20000a7a <__adddf3+0x330>
20000a6e:	04000893          	li	a7,64
20000a72:	410888b3          	sub	a7,a7,a6
20000a76:	011318b3          	sll	a7,t1,a7
20000a7a:	00c8e8b3          	or	a7,a7,a2
20000a7e:	011038b3          	snez	a7,a7
20000a82:	0116e6b3          	or	a3,a3,a7
20000a86:	4801                	li	a6,0
20000a88:	b765                	j	20000a30 <__adddf3+0x2e6>
20000a8a:	00c366b3          	or	a3,t1,a2
20000a8e:	00d036b3          	snez	a3,a3
20000a92:	bfd5                	j	20000a86 <__adddf3+0x33c>
20000a94:	0a080d63          	beqz	a6,20000b4e <__adddf3+0x404>
20000a98:	40ee0833          	sub	a6,t3,a4
20000a9c:	e70d                	bnez	a4,20000ac6 <__adddf3+0x37c>
20000a9e:	00a7e733          	or	a4,a5,a0
20000aa2:	c305                	beqz	a4,20000ac2 <__adddf3+0x378>
20000aa4:	fff80713          	addi	a4,a6,-1
20000aa8:	eb19                	bnez	a4,20000abe <__adddf3+0x374>
20000aaa:	40a60533          	sub	a0,a2,a0
20000aae:	00a63733          	sltu	a4,a2,a0
20000ab2:	40f307b3          	sub	a5,t1,a5
20000ab6:	862a                	mv	a2,a0
20000ab8:	8f99                	sub	a5,a5,a4
20000aba:	85b6                	mv	a1,a3
20000abc:	bf2d                	j	200009f6 <__adddf3+0x2ac>
20000abe:	01181963          	bne	a6,a7,20000ad0 <__adddf3+0x386>
20000ac2:	85b6                	mv	a1,a3
20000ac4:	bb5d                	j	2000087a <__adddf3+0x130>
20000ac6:	1f1e0a63          	beq	t3,a7,20000cba <__adddf3+0x570>
20000aca:	29779793          	bseti	a5,a5,0x17
20000ace:	8742                	mv	a4,a6
20000ad0:	03800593          	li	a1,56
20000ad4:	06e5c863          	blt	a1,a4,20000b44 <__adddf3+0x3fa>
20000ad8:	45fd                	li	a1,31
20000ada:	02000893          	li	a7,32
20000ade:	02e5ce63          	blt	a1,a4,20000b1a <__adddf3+0x3d0>
20000ae2:	40e888b3          	sub	a7,a7,a4
20000ae6:	011795b3          	sll	a1,a5,a7
20000aea:	00e55833          	srl	a6,a0,a4
20000aee:	011518b3          	sll	a7,a0,a7
20000af2:	0105e5b3          	or	a1,a1,a6
20000af6:	011038b3          	snez	a7,a7
20000afa:	0115e5b3          	or	a1,a1,a7
20000afe:	00e7d733          	srl	a4,a5,a4
20000b02:	40b605b3          	sub	a1,a2,a1
20000b06:	00b637b3          	sltu	a5,a2,a1
20000b0a:	40e30733          	sub	a4,t1,a4
20000b0e:	862e                	mv	a2,a1
20000b10:	40f707b3          	sub	a5,a4,a5
20000b14:	85b6                	mv	a1,a3
20000b16:	8772                	mv	a4,t3
20000b18:	b725                	j	20000a40 <__adddf3+0x2f6>
20000b1a:	fe070593          	addi	a1,a4,-32
20000b1e:	00b7d5b3          	srl	a1,a5,a1
20000b22:	4801                	li	a6,0
20000b24:	01170863          	beq	a4,a7,20000b34 <__adddf3+0x3ea>
20000b28:	04000813          	li	a6,64
20000b2c:	40e80833          	sub	a6,a6,a4
20000b30:	01079833          	sll	a6,a5,a6
20000b34:	00a86833          	or	a6,a6,a0
20000b38:	01003833          	snez	a6,a6
20000b3c:	0105e5b3          	or	a1,a1,a6
20000b40:	4701                	li	a4,0
20000b42:	b7c1                	j	20000b02 <__adddf3+0x3b8>
20000b44:	00a7e5b3          	or	a1,a5,a0
20000b48:	00b035b3          	snez	a1,a1
20000b4c:	bfd5                	j	20000b40 <__adddf3+0x3f6>
20000b4e:	00170813          	addi	a6,a4,1
20000b52:	7fe87813          	andi	a6,a6,2046
20000b56:	06081f63          	bnez	a6,20000bd4 <__adddf3+0x48a>
20000b5a:	00a7ee33          	or	t3,a5,a0
20000b5e:	00c36833          	or	a6,t1,a2
20000b62:	ef21                	bnez	a4,20000bba <__adddf3+0x470>
20000b64:	000e1763          	bnez	t3,20000b72 <__adddf3+0x428>
20000b68:	879a                	mv	a5,t1
20000b6a:	02081a63          	bnez	a6,20000b9e <__adddf3+0x454>
20000b6e:	4581                	li	a1,0
20000b70:	bda9                	j	200009ca <__adddf3+0x280>
20000b72:	12080d63          	beqz	a6,20000cac <__adddf3+0x562>
20000b76:	40c508b3          	sub	a7,a0,a2
20000b7a:	01153e33          	sltu	t3,a0,a7
20000b7e:	40678833          	sub	a6,a5,t1
20000b82:	41c80833          	sub	a6,a6,t3
20000b86:	00881e13          	slli	t3,a6,0x8
20000b8a:	020e5163          	bgez	t3,20000bac <__adddf3+0x462>
20000b8e:	40a60533          	sub	a0,a2,a0
20000b92:	00a63733          	sltu	a4,a2,a0
20000b96:	40f307b3          	sub	a5,t1,a5
20000b9a:	862a                	mv	a2,a0
20000b9c:	8f99                	sub	a5,a5,a4
20000b9e:	85b6                	mv	a1,a3
20000ba0:	00f66733          	or	a4,a2,a5
20000ba4:	e20703e3          	beqz	a4,200009ca <__adddf3+0x280>
20000ba8:	4701                	li	a4,0
20000baa:	b3fd                	j	20000998 <__adddf3+0x24e>
20000bac:	0108e633          	or	a2,a7,a6
20000bb0:	10060963          	beqz	a2,20000cc2 <__adddf3+0x578>
20000bb4:	87c2                	mv	a5,a6
20000bb6:	8646                	mv	a2,a7
20000bb8:	b7e5                	j	20000ba0 <__adddf3+0x456>
20000bba:	000e1a63          	bnez	t3,20000bce <__adddf3+0x484>
20000bbe:	85b6                	mv	a1,a3
20000bc0:	0e081863          	bnez	a6,20000cb0 <__adddf3+0x566>
20000bc4:	4581                	li	a1,0
20000bc6:	004007b7          	lui	a5,0x400
20000bca:	4601                	li	a2,0
20000bcc:	a0dd                	j	20000cb2 <__adddf3+0x568>
20000bce:	da0806e3          	beqz	a6,2000097a <__adddf3+0x230>
20000bd2:	bfcd                	j	20000bc4 <__adddf3+0x47a>
20000bd4:	40c50e33          	sub	t3,a0,a2
20000bd8:	01c53eb3          	sltu	t4,a0,t3
20000bdc:	406788b3          	sub	a7,a5,t1
20000be0:	41d888b3          	sub	a7,a7,t4
20000be4:	00889e93          	slli	t4,a7,0x8
20000be8:	8872                	mv	a6,t3
20000bea:	060ed563          	bgez	t4,20000c54 <__adddf3+0x50a>
20000bee:	40a60833          	sub	a6,a2,a0
20000bf2:	40f308b3          	sub	a7,t1,a5
20000bf6:	01063633          	sltu	a2,a2,a6
20000bfa:	40c888b3          	sub	a7,a7,a2
20000bfe:	85b6                	mv	a1,a3
20000c00:	06088163          	beqz	a7,20000c62 <__adddf3+0x518>
20000c04:	60089693          	clz	a3,a7
20000c08:	16e1                	addi	a3,a3,-8
20000c0a:	02000793          	li	a5,32
20000c0e:	8f95                	sub	a5,a5,a3
20000c10:	00d898b3          	sll	a7,a7,a3
20000c14:	00f857b3          	srl	a5,a6,a5
20000c18:	0117e7b3          	or	a5,a5,a7
20000c1c:	00d81633          	sll	a2,a6,a3
20000c20:	08e6c063          	blt	a3,a4,20000ca0 <__adddf3+0x556>
20000c24:	8e99                	sub	a3,a3,a4
20000c26:	00168813          	addi	a6,a3,1
20000c2a:	477d                	li	a4,31
20000c2c:	02000513          	li	a0,32
20000c30:	05074563          	blt	a4,a6,20000c7a <__adddf3+0x530>
20000c34:	41050533          	sub	a0,a0,a6
20000c38:	00a79733          	sll	a4,a5,a0
20000c3c:	010656b3          	srl	a3,a2,a6
20000c40:	00a61533          	sll	a0,a2,a0
20000c44:	8f55                	or	a4,a4,a3
20000c46:	00a03533          	snez	a0,a0
20000c4a:	00a76633          	or	a2,a4,a0
20000c4e:	0107d7b3          	srl	a5,a5,a6
20000c52:	b7b9                	j	20000ba0 <__adddf3+0x456>
20000c54:	011e6633          	or	a2,t3,a7
20000c58:	f645                	bnez	a2,20000c00 <__adddf3+0x4b6>
20000c5a:	4581                	li	a1,0
20000c5c:	4781                	li	a5,0
20000c5e:	4701                	li	a4,0
20000c60:	b9d9                	j	20000936 <__adddf3+0x1ec>
20000c62:	60081793          	clz	a5,a6
20000c66:	01878693          	addi	a3,a5,24 # 400018 <HeapSize+0x3ff818>
20000c6a:	467d                	li	a2,31
20000c6c:	f8d65fe3          	bge	a2,a3,20000c0a <__adddf3+0x4c0>
20000c70:	17e1                	addi	a5,a5,-8
20000c72:	00f817b3          	sll	a5,a6,a5
20000c76:	4601                	li	a2,0
20000c78:	b765                	j	20000c20 <__adddf3+0x4d6>
20000c7a:	1685                	addi	a3,a3,-31
20000c7c:	00d7d6b3          	srl	a3,a5,a3
20000c80:	4701                	li	a4,0
20000c82:	00a80863          	beq	a6,a0,20000c92 <__adddf3+0x548>
20000c86:	04000713          	li	a4,64
20000c8a:	41070733          	sub	a4,a4,a6
20000c8e:	00e79733          	sll	a4,a5,a4
20000c92:	8f51                	or	a4,a4,a2
20000c94:	00e03733          	snez	a4,a4
20000c98:	00e6e633          	or	a2,a3,a4
20000c9c:	4781                	li	a5,0
20000c9e:	b709                	j	20000ba0 <__adddf3+0x456>
20000ca0:	8f15                	sub	a4,a4,a3
20000ca2:	49779793          	bclri	a5,a5,0x17
20000ca6:	b9cd                	j	20000998 <__adddf3+0x24e>
20000ca8:	879a                	mv	a5,t1
20000caa:	bddd                	j	20000ba0 <__adddf3+0x456>
20000cac:	862a                	mv	a2,a0
20000cae:	bdcd                	j	20000ba0 <__adddf3+0x456>
20000cb0:	879a                	mv	a5,t1
20000cb2:	8746                	mv	a4,a7
20000cb4:	b149                	j	20000936 <__adddf3+0x1ec>
20000cb6:	8736                	mv	a4,a3
20000cb8:	bb09                	j	200009ca <__adddf3+0x280>
20000cba:	85b6                	mv	a1,a3
20000cbc:	879a                	mv	a5,t1
20000cbe:	8772                	mv	a4,t3
20000cc0:	b99d                	j	20000936 <__adddf3+0x1ec>
20000cc2:	4581                	li	a1,0
20000cc4:	4781                	li	a5,0
20000cc6:	b985                	j	20000936 <__adddf3+0x1ec>

20000cc8 <__divdf3>:
20000cc8:	1141                	addi	sp,sp,-16
20000cca:	0145d893          	srli	a7,a1,0x14
20000cce:	00c59793          	slli	a5,a1,0xc
20000cd2:	c622                	sw	s0,12(sp)
20000cd4:	c426                	sw	s1,8(sp)
20000cd6:	7ff8f893          	andi	a7,a7,2047
20000cda:	83b1                	srli	a5,a5,0xc
20000cdc:	81fd                	srli	a1,a1,0x1f
20000cde:	06088e63          	beqz	a7,20000d5a <__divdf3+0x92>
20000ce2:	7ff00713          	li	a4,2047
20000ce6:	0ce88363          	beq	a7,a4,20000dac <__divdf3+0xe4>
20000cea:	01d55813          	srli	a6,a0,0x1d
20000cee:	078e                	slli	a5,a5,0x3
20000cf0:	00f86833          	or	a6,a6,a5
20000cf4:	29781813          	bseti	a6,a6,0x17
20000cf8:	00351f13          	slli	t5,a0,0x3
20000cfc:	c0188893          	addi	a7,a7,-1023
20000d00:	4e01                	li	t3,0
20000d02:	0146d713          	srli	a4,a3,0x14
20000d06:	00c69793          	slli	a5,a3,0xc
20000d0a:	7ff77713          	andi	a4,a4,2047
20000d0e:	83b1                	srli	a5,a5,0xc
20000d10:	82fd                	srli	a3,a3,0x1f
20000d12:	cf45                	beqz	a4,20000dca <__divdf3+0x102>
20000d14:	7ff00513          	li	a0,2047
20000d18:	10a70163          	beq	a4,a0,20000e1a <__divdf3+0x152>
20000d1c:	01d65513          	srli	a0,a2,0x1d
20000d20:	078e                	slli	a5,a5,0x3
20000d22:	8fc9                	or	a5,a5,a0
20000d24:	29779793          	bseti	a5,a5,0x17
20000d28:	00361513          	slli	a0,a2,0x3
20000d2c:	c0170713          	addi	a4,a4,-1023
20000d30:	4301                	li	t1,0
20000d32:	40e888b3          	sub	a7,a7,a4
20000d36:	002e1713          	slli	a4,t3,0x2
20000d3a:	00676733          	or	a4,a4,t1
20000d3e:	177d                	addi	a4,a4,-1
20000d40:	4eb9                	li	t4,14
20000d42:	00d5c633          	xor	a2,a1,a3
20000d46:	0eeee763          	bltu	t4,a4,20000e34 <__divdf3+0x16c>
20000d4a:	20002eb7          	lui	t4,0x20002
20000d4e:	e20e8e93          	addi	t4,t4,-480 # 20001e20 <__floatunsidf+0x3e>
20000d52:	21d74733          	sh2add	a4,a4,t4
20000d56:	4318                	lw	a4,0(a4)
20000d58:	8702                	jr	a4
20000d5a:	00a7e833          	or	a6,a5,a0
20000d5e:	04080e63          	beqz	a6,20000dba <__divdf3+0xf2>
20000d62:	cb85                	beqz	a5,20000d92 <__divdf3+0xca>
20000d64:	60079713          	clz	a4,a5
20000d68:	ff570893          	addi	a7,a4,-11
20000d6c:	4875                	li	a6,29
20000d6e:	ff870313          	addi	t1,a4,-8
20000d72:	41180833          	sub	a6,a6,a7
20000d76:	006797b3          	sll	a5,a5,t1
20000d7a:	01055833          	srl	a6,a0,a6
20000d7e:	00f86833          	or	a6,a6,a5
20000d82:	006517b3          	sll	a5,a0,t1
20000d86:	c0d00893          	li	a7,-1011
20000d8a:	40e888b3          	sub	a7,a7,a4
20000d8e:	8f3e                	mv	t5,a5
20000d90:	bf85                	j	20000d00 <__divdf3+0x38>
20000d92:	60051813          	clz	a6,a0
20000d96:	01580893          	addi	a7,a6,21
20000d9a:	4371                	li	t1,28
20000d9c:	02080713          	addi	a4,a6,32
20000da0:	fd1356e3          	bge	t1,a7,20000d6c <__divdf3+0xa4>
20000da4:	1861                	addi	a6,a6,-8
20000da6:	01051833          	sll	a6,a0,a6
20000daa:	bff1                	j	20000d86 <__divdf3+0xbe>
20000dac:	00a7e833          	or	a6,a5,a0
20000db0:	00081963          	bnez	a6,20000dc2 <__divdf3+0xfa>
20000db4:	4f01                	li	t5,0
20000db6:	4e09                	li	t3,2
20000db8:	b7a9                	j	20000d02 <__divdf3+0x3a>
20000dba:	4f01                	li	t5,0
20000dbc:	4881                	li	a7,0
20000dbe:	4e05                	li	t3,1
20000dc0:	b789                	j	20000d02 <__divdf3+0x3a>
20000dc2:	8f2a                	mv	t5,a0
20000dc4:	883e                	mv	a6,a5
20000dc6:	4e0d                	li	t3,3
20000dc8:	bf2d                	j	20000d02 <__divdf3+0x3a>
20000dca:	00c7e533          	or	a0,a5,a2
20000dce:	cd21                	beqz	a0,20000e26 <__divdf3+0x15e>
20000dd0:	cb85                	beqz	a5,20000e00 <__divdf3+0x138>
20000dd2:	60079513          	clz	a0,a5
20000dd6:	ff550e93          	addi	t4,a0,-11
20000dda:	4375                	li	t1,29
20000ddc:	ff850713          	addi	a4,a0,-8
20000de0:	41d30333          	sub	t1,t1,t4
20000de4:	00e797b3          	sll	a5,a5,a4
20000de8:	00665333          	srl	t1,a2,t1
20000dec:	00f36333          	or	t1,t1,a5
20000df0:	00e617b3          	sll	a5,a2,a4
20000df4:	c0d00713          	li	a4,-1011
20000df8:	8f09                	sub	a4,a4,a0
20000dfa:	853e                	mv	a0,a5
20000dfc:	879a                	mv	a5,t1
20000dfe:	bf0d                	j	20000d30 <__divdf3+0x68>
20000e00:	60061713          	clz	a4,a2
20000e04:	01570e93          	addi	t4,a4,21
20000e08:	4371                	li	t1,28
20000e0a:	02070513          	addi	a0,a4,32
20000e0e:	fdd356e3          	bge	t1,t4,20000dda <__divdf3+0x112>
20000e12:	1761                	addi	a4,a4,-8
20000e14:	00e61333          	sll	t1,a2,a4
20000e18:	bff1                	j	20000df4 <__divdf3+0x12c>
20000e1a:	00c7e533          	or	a0,a5,a2
20000e1e:	e901                	bnez	a0,20000e2e <__divdf3+0x166>
20000e20:	4781                	li	a5,0
20000e22:	4309                	li	t1,2
20000e24:	b739                	j	20000d32 <__divdf3+0x6a>
20000e26:	4781                	li	a5,0
20000e28:	4701                	li	a4,0
20000e2a:	4305                	li	t1,1
20000e2c:	b719                	j	20000d32 <__divdf3+0x6a>
20000e2e:	8532                	mv	a0,a2
20000e30:	430d                	li	t1,3
20000e32:	b701                	j	20000d32 <__divdf3+0x6a>
20000e34:	0107e663          	bltu	a5,a6,20000e40 <__divdf3+0x178>
20000e38:	24f81863          	bne	a6,a5,20001088 <__divdf3+0x3c0>
20000e3c:	24af6663          	bltu	t5,a0,20001088 <__divdf3+0x3c0>
20000e40:	01f81593          	slli	a1,a6,0x1f
20000e44:	001f5713          	srli	a4,t5,0x1
20000e48:	01ff1693          	slli	a3,t5,0x1f
20000e4c:	00185813          	srli	a6,a6,0x1
20000e50:	00e5ef33          	or	t5,a1,a4
20000e54:	00879e13          	slli	t3,a5,0x8
20000e58:	01855593          	srli	a1,a0,0x18
20000e5c:	01c5e5b3          	or	a1,a1,t3
20000e60:	010e5e13          	srli	t3,t3,0x10
20000e64:	00851313          	slli	t1,a0,0x8
20000e68:	03c85533          	divu	a0,a6,t3
20000e6c:	0805ceb3          	zext.h	t4,a1
20000e70:	010f5793          	srli	a5,t5,0x10
20000e74:	03c87833          	remu	a6,a6,t3
20000e78:	02ae8733          	mul	a4,t4,a0
20000e7c:	0842                	slli	a6,a6,0x10
20000e7e:	0107e7b3          	or	a5,a5,a6
20000e82:	00e7f863          	bgeu	a5,a4,20000e92 <__divdf3+0x1ca>
20000e86:	97ae                	add	a5,a5,a1
20000e88:	00b7e463          	bltu	a5,a1,20000e90 <__divdf3+0x1c8>
20000e8c:	20e7e163          	bltu	a5,a4,2000108e <__divdf3+0x3c6>
20000e90:	157d                	addi	a0,a0,-1
20000e92:	8f99                	sub	a5,a5,a4
20000e94:	03c7d833          	divu	a6,a5,t3
20000e98:	03c7f733          	remu	a4,a5,t3
20000e9c:	030e8fb3          	mul	t6,t4,a6
20000ea0:	08ef4733          	pack	a4,t5,a4
20000ea4:	01f77863          	bgeu	a4,t6,20000eb4 <__divdf3+0x1ec>
20000ea8:	972e                	add	a4,a4,a1
20000eaa:	01f77463          	bgeu	a4,t6,20000eb2 <__divdf3+0x1ea>
20000eae:	1eb77363          	bgeu	a4,a1,20001094 <__divdf3+0x3cc>
20000eb2:	187d                	addi	a6,a6,-1
20000eb4:	0542                	slli	a0,a0,0x10
20000eb6:	010562b3          	or	t0,a0,a6
20000eba:	0102d793          	srli	a5,t0,0x10
20000ebe:	01035813          	srli	a6,t1,0x10
20000ec2:	0802c533          	zext.h	a0,t0
20000ec6:	08034f33          	zext.h	t5,t1
20000eca:	03e503b3          	mul	t2,a0,t5
20000ece:	41f70733          	sub	a4,a4,t6
20000ed2:	03e78433          	mul	s0,a5,t5
20000ed6:	02a80533          	mul	a0,a6,a0
20000eda:	00850fb3          	add	t6,a0,s0
20000ede:	0103d513          	srli	a0,t2,0x10
20000ee2:	957e                	add	a0,a0,t6
20000ee4:	030787b3          	mul	a5,a5,a6
20000ee8:	00857463          	bgeu	a0,s0,20000ef0 <__divdf3+0x228>
20000eec:	6fc1                	lui	t6,0x10
20000eee:	97fe                	add	a5,a5,t6
20000ef0:	01055f93          	srli	t6,a0,0x10
20000ef4:	0803c3b3          	zext.h	t2,t2
20000ef8:	0542                	slli	a0,a0,0x10
20000efa:	9fbe                	add	t6,t6,a5
20000efc:	951e                	add	a0,a0,t2
20000efe:	01f76663          	bltu	a4,t6,20000f0a <__divdf3+0x242>
20000f02:	19f71c63          	bne	a4,t6,2000109a <__divdf3+0x3d2>
20000f06:	18a6fa63          	bgeu	a3,a0,2000109a <__divdf3+0x3d2>
20000f0a:	006683b3          	add	t2,a3,t1
20000f0e:	00d3b433          	sltu	s0,t2,a3
20000f12:	00b404b3          	add	s1,s0,a1
20000f16:	9726                	add	a4,a4,s1
20000f18:	fff28793          	addi	a5,t0,-1
20000f1c:	869e                	mv	a3,t2
20000f1e:	00e5e563          	bltu	a1,a4,20000f28 <__divdf3+0x260>
20000f22:	e00d                	bnez	s0,20000f44 <__divdf3+0x27c>
20000f24:	02e59063          	bne	a1,a4,20000f44 <__divdf3+0x27c>
20000f28:	01f76663          	bltu	a4,t6,20000f34 <__divdf3+0x26c>
20000f2c:	00ef9c63          	bne	t6,a4,20000f44 <__divdf3+0x27c>
20000f30:	00a3fa63          	bgeu	t2,a0,20000f44 <__divdf3+0x27c>
20000f34:	007306b3          	add	a3,t1,t2
20000f38:	ffe28793          	addi	a5,t0,-2
20000f3c:	0066b2b3          	sltu	t0,a3,t1
20000f40:	92ae                	add	t0,t0,a1
20000f42:	9716                	add	a4,a4,t0
20000f44:	40a682b3          	sub	t0,a3,a0
20000f48:	41f70733          	sub	a4,a4,t6
20000f4c:	0056b6b3          	sltu	a3,a3,t0
20000f50:	8f15                	sub	a4,a4,a3
20000f52:	557d                	li	a0,-1
20000f54:	0ce58c63          	beq	a1,a4,2000102c <__divdf3+0x364>
20000f58:	03c75533          	divu	a0,a4,t3
20000f5c:	03c77733          	remu	a4,a4,t3
20000f60:	02ae8fb3          	mul	t6,t4,a0
20000f64:	01071693          	slli	a3,a4,0x10
20000f68:	0102d713          	srli	a4,t0,0x10
20000f6c:	8f55                	or	a4,a4,a3
20000f6e:	01f77863          	bgeu	a4,t6,20000f7e <__divdf3+0x2b6>
20000f72:	972e                	add	a4,a4,a1
20000f74:	00b76463          	bltu	a4,a1,20000f7c <__divdf3+0x2b4>
20000f78:	13f76363          	bltu	a4,t6,2000109e <__divdf3+0x3d6>
20000f7c:	157d                	addi	a0,a0,-1
20000f7e:	41f70733          	sub	a4,a4,t6
20000f82:	03c75fb3          	divu	t6,a4,t3
20000f86:	03c77733          	remu	a4,a4,t3
20000f8a:	03fe8eb3          	mul	t4,t4,t6
20000f8e:	08e2c733          	pack	a4,t0,a4
20000f92:	01d77863          	bgeu	a4,t4,20000fa2 <__divdf3+0x2da>
20000f96:	972e                	add	a4,a4,a1
20000f98:	01d77463          	bgeu	a4,t4,20000fa0 <__divdf3+0x2d8>
20000f9c:	10b77463          	bgeu	a4,a1,200010a4 <__divdf3+0x3dc>
20000fa0:	1ffd                	addi	t6,t6,-1 # ffff <HeapSize+0xf7ff>
20000fa2:	01051693          	slli	a3,a0,0x10
20000fa6:	01f6e6b3          	or	a3,a3,t6
20000faa:	0806c533          	zext.h	a0,a3
20000fae:	41d70733          	sub	a4,a4,t4
20000fb2:	0106de93          	srli	t4,a3,0x10
20000fb6:	02af0fb3          	mul	t6,t5,a0
20000fba:	03ee8f33          	mul	t5,t4,t5
20000fbe:	03d80eb3          	mul	t4,a6,t4
20000fc2:	02a80833          	mul	a6,a6,a0
20000fc6:	01e80533          	add	a0,a6,t5
20000fca:	010fd813          	srli	a6,t6,0x10
20000fce:	982a                	add	a6,a6,a0
20000fd0:	01e87463          	bgeu	a6,t5,20000fd8 <__divdf3+0x310>
20000fd4:	6541                	lui	a0,0x10
20000fd6:	9eaa                	add	t4,t4,a0
20000fd8:	01085e13          	srli	t3,a6,0x10
20000fdc:	080fcfb3          	zext.h	t6,t6
20000fe0:	0842                	slli	a6,a6,0x10
20000fe2:	9e76                	add	t3,t3,t4
20000fe4:	987e                	add	a6,a6,t6
20000fe6:	01c76663          	bltu	a4,t3,20000ff2 <__divdf3+0x32a>
20000fea:	03c71f63          	bne	a4,t3,20001028 <__divdf3+0x360>
20000fee:	0a080e63          	beqz	a6,200010aa <__divdf3+0x3e2>
20000ff2:	00e58eb3          	add	t4,a1,a4
20000ff6:	fff68513          	addi	a0,a3,-1
20000ffa:	8776                	mv	a4,t4
20000ffc:	02bee163          	bltu	t4,a1,2000101e <__divdf3+0x356>
20001000:	01cee663          	bltu	t4,t3,2000100c <__divdf3+0x344>
20001004:	03ce9163          	bne	t4,t3,20001026 <__divdf3+0x35e>
20001008:	01037b63          	bgeu	t1,a6,2000101e <__divdf3+0x356>
2000100c:	ffe68513          	addi	a0,a3,-2
20001010:	00131693          	slli	a3,t1,0x1
20001014:	0066b733          	sltu	a4,a3,t1
20001018:	972e                	add	a4,a4,a1
2000101a:	9776                	add	a4,a4,t4
2000101c:	8336                	mv	t1,a3
2000101e:	01031463          	bne	t1,a6,20001026 <__divdf3+0x35e>
20001022:	01c70563          	beq	a4,t3,2000102c <__divdf3+0x364>
20001026:	86aa                	mv	a3,a0
20001028:	0016e513          	ori	a0,a3,1
2000102c:	3ff88713          	addi	a4,a7,1023
20001030:	0ae05263          	blez	a4,200010d4 <__divdf3+0x40c>
20001034:	00757693          	andi	a3,a0,7
20001038:	ce81                	beqz	a3,20001050 <__divdf3+0x388>
2000103a:	00f57693          	andi	a3,a0,15
2000103e:	4591                	li	a1,4
20001040:	00b68863          	beq	a3,a1,20001050 <__divdf3+0x388>
20001044:	00b506b3          	add	a3,a0,a1
20001048:	00a6b5b3          	sltu	a1,a3,a0
2000104c:	97ae                	add	a5,a5,a1
2000104e:	8536                	mv	a0,a3
20001050:	00779693          	slli	a3,a5,0x7
20001054:	0006d663          	bgez	a3,20001060 <__divdf3+0x398>
20001058:	49879793          	bclri	a5,a5,0x18
2000105c:	40088713          	addi	a4,a7,1024
20001060:	7fe00693          	li	a3,2046
20001064:	10e6c663          	blt	a3,a4,20001170 <__divdf3+0x4a8>
20001068:	01d79693          	slli	a3,a5,0x1d
2000106c:	810d                	srli	a0,a0,0x3
2000106e:	8d55                	or	a0,a0,a3
20001070:	838d                	srli	a5,a5,0x3
20001072:	4432                	lw	s0,12(sp)
20001074:	07b2                	slli	a5,a5,0xc
20001076:	0752                	slli	a4,a4,0x14
20001078:	83b1                	srli	a5,a5,0xc
2000107a:	8f5d                	or	a4,a4,a5
2000107c:	067e                	slli	a2,a2,0x1f
2000107e:	44a2                	lw	s1,8(sp)
20001080:	00c765b3          	or	a1,a4,a2
20001084:	0141                	addi	sp,sp,16
20001086:	8082                	ret
20001088:	18fd                	addi	a7,a7,-1
2000108a:	4681                	li	a3,0
2000108c:	b3e1                	j	20000e54 <__divdf3+0x18c>
2000108e:	1579                	addi	a0,a0,-2 # fffe <HeapSize+0xf7fe>
20001090:	97ae                	add	a5,a5,a1
20001092:	b501                	j	20000e92 <__divdf3+0x1ca>
20001094:	1879                	addi	a6,a6,-2
20001096:	972e                	add	a4,a4,a1
20001098:	bd31                	j	20000eb4 <__divdf3+0x1ec>
2000109a:	8796                	mv	a5,t0
2000109c:	b565                	j	20000f44 <__divdf3+0x27c>
2000109e:	1579                	addi	a0,a0,-2
200010a0:	972e                	add	a4,a4,a1
200010a2:	bdf1                	j	20000f7e <__divdf3+0x2b6>
200010a4:	1ff9                	addi	t6,t6,-2
200010a6:	972e                	add	a4,a4,a1
200010a8:	bded                	j	20000fa2 <__divdf3+0x2da>
200010aa:	4301                	li	t1,0
200010ac:	8536                	mv	a0,a3
200010ae:	bf85                	j	2000101e <__divdf3+0x356>
200010b0:	8636                	mv	a2,a3
200010b2:	8e1a                	mv	t3,t1
200010b4:	4709                	li	a4,2
200010b6:	0aee0d63          	beq	t3,a4,20001170 <__divdf3+0x4a8>
200010ba:	470d                	li	a4,3
200010bc:	0aee0363          	beq	t3,a4,20001162 <__divdf3+0x49a>
200010c0:	4705                	li	a4,1
200010c2:	f6ee15e3          	bne	t3,a4,2000102c <__divdf3+0x364>
200010c6:	4781                	li	a5,0
200010c8:	4501                	li	a0,0
200010ca:	a0ad                	j	20001134 <__divdf3+0x46c>
200010cc:	862e                	mv	a2,a1
200010ce:	87c2                	mv	a5,a6
200010d0:	857a                	mv	a0,t5
200010d2:	b7cd                	j	200010b4 <__divdf3+0x3ec>
200010d4:	c335                	beqz	a4,20001138 <__divdf3+0x470>
200010d6:	fc900693          	li	a3,-55
200010da:	fed746e3          	blt	a4,a3,200010c6 <__divdf3+0x3fe>
200010de:	5689                	li	a3,-30
200010e0:	04d74e63          	blt	a4,a3,2000113c <__divdf3+0x474>
200010e4:	4685                	li	a3,1
200010e6:	8e99                	sub	a3,a3,a4
200010e8:	41e88893          	addi	a7,a7,1054
200010ec:	00d55733          	srl	a4,a0,a3
200010f0:	01151533          	sll	a0,a0,a7
200010f4:	00a03533          	snez	a0,a0
200010f8:	011798b3          	sll	a7,a5,a7
200010fc:	01156533          	or	a0,a0,a7
20001100:	8f49                	or	a4,a4,a0
20001102:	00d7d7b3          	srl	a5,a5,a3
20001106:	00777693          	andi	a3,a4,7
2000110a:	ce81                	beqz	a3,20001122 <__divdf3+0x45a>
2000110c:	00f77693          	andi	a3,a4,15
20001110:	4591                	li	a1,4
20001112:	00b68863          	beq	a3,a1,20001122 <__divdf3+0x45a>
20001116:	00b706b3          	add	a3,a4,a1
2000111a:	00e6b5b3          	sltu	a1,a3,a4
2000111e:	97ae                	add	a5,a5,a1
20001120:	8736                	mv	a4,a3
20001122:	00879693          	slli	a3,a5,0x8
20001126:	0406ca63          	bltz	a3,2000117a <__divdf3+0x4b2>
2000112a:	01d79513          	slli	a0,a5,0x1d
2000112e:	830d                	srli	a4,a4,0x3
20001130:	8d59                	or	a0,a0,a4
20001132:	838d                	srli	a5,a5,0x3
20001134:	4701                	li	a4,0
20001136:	bf35                	j	20001072 <__divdf3+0x3aa>
20001138:	4685                	li	a3,1
2000113a:	b77d                	j	200010e8 <__divdf3+0x420>
2000113c:	5805                	li	a6,-31
2000113e:	40e806b3          	sub	a3,a6,a4
20001142:	00d7d6b3          	srl	a3,a5,a3
20001146:	4581                	li	a1,0
20001148:	01070663          	beq	a4,a6,20001154 <__divdf3+0x48c>
2000114c:	43e88893          	addi	a7,a7,1086
20001150:	011795b3          	sll	a1,a5,a7
20001154:	8dc9                	or	a1,a1,a0
20001156:	00b035b3          	snez	a1,a1
2000115a:	00b6e733          	or	a4,a3,a1
2000115e:	4781                	li	a5,0
20001160:	b75d                	j	20001106 <__divdf3+0x43e>
20001162:	000807b7          	lui	a5,0x80
20001166:	4501                	li	a0,0
20001168:	7ff00713          	li	a4,2047
2000116c:	4601                	li	a2,0
2000116e:	b711                	j	20001072 <__divdf3+0x3aa>
20001170:	4781                	li	a5,0
20001172:	4501                	li	a0,0
20001174:	7ff00713          	li	a4,2047
20001178:	bded                	j	20001072 <__divdf3+0x3aa>
2000117a:	4781                	li	a5,0
2000117c:	4501                	li	a0,0
2000117e:	4705                	li	a4,1
20001180:	bdcd                	j	20001072 <__divdf3+0x3aa>

20001182 <__gedf2>:
20001182:	0145d893          	srli	a7,a1,0x14
20001186:	00100737          	lui	a4,0x100
2000118a:	177d                	addi	a4,a4,-1 # fffff <HeapSize+0xff7ff>
2000118c:	0146d813          	srli	a6,a3,0x14
20001190:	7ff8f893          	andi	a7,a7,2047
20001194:	7ff00793          	li	a5,2047
20001198:	00b77333          	and	t1,a4,a1
2000119c:	7ff87813          	andi	a6,a6,2047
200011a0:	8f75                	and	a4,a4,a3
200011a2:	81fd                	srli	a1,a1,0x1f
200011a4:	82fd                	srli	a3,a3,0x1f
200011a6:	00f88d63          	beq	a7,a5,200011c0 <__gedf2+0x3e>
200011aa:	7ff00e13          	li	t3,2047
200011ae:	87c2                	mv	a5,a6
200011b0:	01c81f63          	bne	a6,t3,200011ce <__gedf2+0x4c>
200011b4:	00c76e33          	or	t3,a4,a2
200011b8:	000e0b63          	beqz	t3,200011ce <__gedf2+0x4c>
200011bc:	57f9                	li	a5,-2
200011be:	a031                	j	200011ca <__gedf2+0x48>
200011c0:	00a36e33          	or	t3,t1,a0
200011c4:	57f9                	li	a5,-2
200011c6:	fe0e02e3          	beqz	t3,200011aa <__gedf2+0x28>
200011ca:	853e                	mv	a0,a5
200011cc:	8082                	ret
200011ce:	4e01                	li	t3,0
200011d0:	00089663          	bnez	a7,200011dc <__gedf2+0x5a>
200011d4:	00a36e33          	or	t3,t1,a0
200011d8:	001e3e13          	seqz	t3,t3
200011dc:	04081363          	bnez	a6,20001222 <__gedf2+0xa0>
200011e0:	00c76eb3          	or	t4,a4,a2
200011e4:	000e0863          	beqz	t3,200011f4 <__gedf2+0x72>
200011e8:	fe0e81e3          	beqz	t4,200011ca <__gedf2+0x48>
200011ec:	00169793          	slli	a5,a3,0x1
200011f0:	17fd                	addi	a5,a5,-1 # 7ffff <HeapSize+0x7f7ff>
200011f2:	bfe1                	j	200011ca <__gedf2+0x48>
200011f4:	020e9963          	bnez	t4,20001226 <__gedf2+0xa4>
200011f8:	40b005b3          	neg	a1,a1
200011fc:	0015e793          	ori	a5,a1,1
20001200:	b7e9                	j	200011ca <__gedf2+0x48>
20001202:	ff08c5e3          	blt	a7,a6,200011ec <__gedf2+0x6a>
20001206:	fe6769e3          	bltu	a4,t1,200011f8 <__gedf2+0x76>
2000120a:	00a67463          	bgeu	a2,a0,20001212 <__gedf2+0x90>
2000120e:	fee305e3          	beq	t1,a4,200011f8 <__gedf2+0x76>
20001212:	00c56563          	bltu	a0,a2,2000121c <__gedf2+0x9a>
20001216:	4781                	li	a5,0
20001218:	fae379e3          	bgeu	t1,a4,200011ca <__gedf2+0x48>
2000121c:	00159793          	slli	a5,a1,0x1
20001220:	bfc1                	j	200011f0 <__gedf2+0x6e>
20001222:	fc0e15e3          	bnez	t3,200011ec <__gedf2+0x6a>
20001226:	fcb699e3          	bne	a3,a1,200011f8 <__gedf2+0x76>
2000122a:	fd185ce3          	bge	a6,a7,20001202 <__gedf2+0x80>
2000122e:	40d006b3          	neg	a3,a3
20001232:	0016e793          	ori	a5,a3,1
20001236:	bf51                	j	200011ca <__gedf2+0x48>

20001238 <__ledf2>:
20001238:	0145d893          	srli	a7,a1,0x14
2000123c:	00100737          	lui	a4,0x100
20001240:	177d                	addi	a4,a4,-1 # fffff <HeapSize+0xff7ff>
20001242:	0146d813          	srli	a6,a3,0x14
20001246:	7ff8f893          	andi	a7,a7,2047
2000124a:	7ff00793          	li	a5,2047
2000124e:	00b77333          	and	t1,a4,a1
20001252:	7ff87813          	andi	a6,a6,2047
20001256:	8f75                	and	a4,a4,a3
20001258:	81fd                	srli	a1,a1,0x1f
2000125a:	82fd                	srli	a3,a3,0x1f
2000125c:	00f88d63          	beq	a7,a5,20001276 <__ledf2+0x3e>
20001260:	7ff00e13          	li	t3,2047
20001264:	87c2                	mv	a5,a6
20001266:	01c81f63          	bne	a6,t3,20001284 <__ledf2+0x4c>
2000126a:	00c76e33          	or	t3,a4,a2
2000126e:	000e0b63          	beqz	t3,20001284 <__ledf2+0x4c>
20001272:	4789                	li	a5,2
20001274:	a031                	j	20001280 <__ledf2+0x48>
20001276:	00a36e33          	or	t3,t1,a0
2000127a:	4789                	li	a5,2
2000127c:	fe0e02e3          	beqz	t3,20001260 <__ledf2+0x28>
20001280:	853e                	mv	a0,a5
20001282:	8082                	ret
20001284:	4e01                	li	t3,0
20001286:	00089663          	bnez	a7,20001292 <__ledf2+0x5a>
2000128a:	00a36e33          	or	t3,t1,a0
2000128e:	001e3e13          	seqz	t3,t3
20001292:	04081363          	bnez	a6,200012d8 <__ledf2+0xa0>
20001296:	00c76eb3          	or	t4,a4,a2
2000129a:	000e0863          	beqz	t3,200012aa <__ledf2+0x72>
2000129e:	fe0e81e3          	beqz	t4,20001280 <__ledf2+0x48>
200012a2:	00169793          	slli	a5,a3,0x1
200012a6:	17fd                	addi	a5,a5,-1
200012a8:	bfe1                	j	20001280 <__ledf2+0x48>
200012aa:	020e9963          	bnez	t4,200012dc <__ledf2+0xa4>
200012ae:	40b005b3          	neg	a1,a1
200012b2:	0015e793          	ori	a5,a1,1
200012b6:	b7e9                	j	20001280 <__ledf2+0x48>
200012b8:	ff08c5e3          	blt	a7,a6,200012a2 <__ledf2+0x6a>
200012bc:	fe6769e3          	bltu	a4,t1,200012ae <__ledf2+0x76>
200012c0:	00a67463          	bgeu	a2,a0,200012c8 <__ledf2+0x90>
200012c4:	fee305e3          	beq	t1,a4,200012ae <__ledf2+0x76>
200012c8:	00c56563          	bltu	a0,a2,200012d2 <__ledf2+0x9a>
200012cc:	4781                	li	a5,0
200012ce:	fae379e3          	bgeu	t1,a4,20001280 <__ledf2+0x48>
200012d2:	00159793          	slli	a5,a1,0x1
200012d6:	bfc1                	j	200012a6 <__ledf2+0x6e>
200012d8:	fc0e15e3          	bnez	t3,200012a2 <__ledf2+0x6a>
200012dc:	fcb699e3          	bne	a3,a1,200012ae <__ledf2+0x76>
200012e0:	fd185ce3          	bge	a6,a7,200012b8 <__ledf2+0x80>
200012e4:	40d006b3          	neg	a3,a3
200012e8:	0016e793          	ori	a5,a3,1
200012ec:	bf51                	j	20001280 <__ledf2+0x48>

200012ee <__muldf3>:
200012ee:	1141                	addi	sp,sp,-16
200012f0:	0145d793          	srli	a5,a1,0x14
200012f4:	00c59813          	slli	a6,a1,0xc
200012f8:	c622                	sw	s0,12(sp)
200012fa:	c426                	sw	s1,8(sp)
200012fc:	c24a                	sw	s2,4(sp)
200012fe:	7ff7f793          	andi	a5,a5,2047
20001302:	00c85813          	srli	a6,a6,0xc
20001306:	81fd                	srli	a1,a1,0x1f
20001308:	cbc9                	beqz	a5,2000139a <__muldf3+0xac>
2000130a:	7ff00713          	li	a4,2047
2000130e:	0ee78163          	beq	a5,a4,200013f0 <__muldf3+0x102>
20001312:	01d55713          	srli	a4,a0,0x1d
20001316:	080e                	slli	a6,a6,0x3
20001318:	01076833          	or	a6,a4,a6
2000131c:	29781813          	bseti	a6,a6,0x17
20001320:	00351e93          	slli	t4,a0,0x3
20001324:	c0178313          	addi	t1,a5,-1023
20001328:	4f01                	li	t5,0
2000132a:	0146d513          	srli	a0,a3,0x14
2000132e:	00c69793          	slli	a5,a3,0xc
20001332:	7ff57513          	andi	a0,a0,2047
20001336:	83b1                	srli	a5,a5,0xc
20001338:	82fd                	srli	a3,a3,0x1f
2000133a:	c979                	beqz	a0,20001410 <__muldf3+0x122>
2000133c:	7ff00713          	li	a4,2047
20001340:	12e50163          	beq	a0,a4,20001462 <__muldf3+0x174>
20001344:	01d65713          	srli	a4,a2,0x1d
20001348:	078e                	slli	a5,a5,0x3
2000134a:	8fd9                	or	a5,a5,a4
2000134c:	29779793          	bseti	a5,a5,0x17
20001350:	00361713          	slli	a4,a2,0x3
20001354:	c0150513          	addi	a0,a0,-1023
20001358:	4e01                	li	t3,0
2000135a:	00a30633          	add	a2,t1,a0
2000135e:	002f1513          	slli	a0,t5,0x2
20001362:	01c56533          	or	a0,a0,t3
20001366:	48a9                	li	a7,10
20001368:	00160313          	addi	t1,a2,1
2000136c:	12a8c763          	blt	a7,a0,2000149a <__muldf3+0x1ac>
20001370:	4889                	li	a7,2
20001372:	8db5                	xor	a1,a1,a3
20001374:	10a8c463          	blt	a7,a0,2000147c <__muldf3+0x18e>
20001378:	157d                	addi	a0,a0,-1
2000137a:	4685                	li	a3,1
2000137c:	12a6e863          	bltu	a3,a0,200014ac <__muldf3+0x1be>
20001380:	8f72                	mv	t5,t3
20001382:	4689                	li	a3,2
20001384:	36df0c63          	beq	t5,a3,200016fc <__muldf3+0x40e>
20001388:	468d                	li	a3,3
2000138a:	36df0563          	beq	t5,a3,200016f4 <__muldf3+0x406>
2000138e:	4685                	li	a3,1
20001390:	26df1063          	bne	t5,a3,200015f0 <__muldf3+0x302>
20001394:	4781                	li	a5,0
20001396:	4881                	li	a7,0
20001398:	a615                	j	200016bc <__muldf3+0x3ce>
2000139a:	00a86eb3          	or	t4,a6,a0
2000139e:	060e8163          	beqz	t4,20001400 <__muldf3+0x112>
200013a2:	02080a63          	beqz	a6,200013d6 <__muldf3+0xe8>
200013a6:	60081713          	clz	a4,a6
200013aa:	ff570893          	addi	a7,a4,-11
200013ae:	47f5                	li	a5,29
200013b0:	ff870313          	addi	t1,a4,-8
200013b4:	411787b3          	sub	a5,a5,a7
200013b8:	00681833          	sll	a6,a6,t1
200013bc:	00f557b3          	srl	a5,a0,a5
200013c0:	0107e7b3          	or	a5,a5,a6
200013c4:	00651833          	sll	a6,a0,t1
200013c8:	c0d00313          	li	t1,-1011
200013cc:	8ec2                	mv	t4,a6
200013ce:	40e30333          	sub	t1,t1,a4
200013d2:	883e                	mv	a6,a5
200013d4:	bf91                	j	20001328 <__muldf3+0x3a>
200013d6:	60051793          	clz	a5,a0
200013da:	01578893          	addi	a7,a5,21
200013de:	4371                	li	t1,28
200013e0:	02078713          	addi	a4,a5,32
200013e4:	fd1355e3          	bge	t1,a7,200013ae <__muldf3+0xc0>
200013e8:	17e1                	addi	a5,a5,-8
200013ea:	00f517b3          	sll	a5,a0,a5
200013ee:	bfe9                	j	200013c8 <__muldf3+0xda>
200013f0:	00a86eb3          	or	t4,a6,a0
200013f4:	000e9a63          	bnez	t4,20001408 <__muldf3+0x11a>
200013f8:	4801                	li	a6,0
200013fa:	833e                	mv	t1,a5
200013fc:	4f09                	li	t5,2
200013fe:	b735                	j	2000132a <__muldf3+0x3c>
20001400:	4801                	li	a6,0
20001402:	4301                	li	t1,0
20001404:	4f05                	li	t5,1
20001406:	b715                	j	2000132a <__muldf3+0x3c>
20001408:	8eaa                	mv	t4,a0
2000140a:	833e                	mv	t1,a5
2000140c:	4f0d                	li	t5,3
2000140e:	bf31                	j	2000132a <__muldf3+0x3c>
20001410:	00c7e733          	or	a4,a5,a2
20001414:	cf29                	beqz	a4,2000146e <__muldf3+0x180>
20001416:	cb8d                	beqz	a5,20001448 <__muldf3+0x15a>
20001418:	60079e13          	clz	t3,a5
2000141c:	ff5e0513          	addi	a0,t3,-11 # fffff5 <HeapSize+0xfff7f5>
20001420:	48f5                	li	a7,29
20001422:	ff8e0713          	addi	a4,t3,-8
20001426:	40a888b3          	sub	a7,a7,a0
2000142a:	00e797b3          	sll	a5,a5,a4
2000142e:	011658b3          	srl	a7,a2,a7
20001432:	00f8e8b3          	or	a7,a7,a5
20001436:	00e617b3          	sll	a5,a2,a4
2000143a:	c0d00513          	li	a0,-1011
2000143e:	873e                	mv	a4,a5
20001440:	41c50533          	sub	a0,a0,t3
20001444:	87c6                	mv	a5,a7
20001446:	bf09                	j	20001358 <__muldf3+0x6a>
20001448:	60061713          	clz	a4,a2
2000144c:	01570513          	addi	a0,a4,21
20001450:	48f1                	li	a7,28
20001452:	02070e13          	addi	t3,a4,32
20001456:	fca8d5e3          	bge	a7,a0,20001420 <__muldf3+0x132>
2000145a:	1761                	addi	a4,a4,-8
2000145c:	00e618b3          	sll	a7,a2,a4
20001460:	bfe9                	j	2000143a <__muldf3+0x14c>
20001462:	00c7e733          	or	a4,a5,a2
20001466:	eb01                	bnez	a4,20001476 <__muldf3+0x188>
20001468:	4781                	li	a5,0
2000146a:	4e09                	li	t3,2
2000146c:	b5fd                	j	2000135a <__muldf3+0x6c>
2000146e:	4781                	li	a5,0
20001470:	4501                	li	a0,0
20001472:	4e05                	li	t3,1
20001474:	b5dd                	j	2000135a <__muldf3+0x6c>
20001476:	8732                	mv	a4,a2
20001478:	4e0d                	li	t3,3
2000147a:	b5c5                	j	2000135a <__muldf3+0x6c>
2000147c:	28a01533          	bset	a0,zero,a0
20001480:	53057893          	andi	a7,a0,1328
20001484:	02089163          	bnez	a7,200014a6 <__muldf3+0x1b8>
20001488:	24057f13          	andi	t5,a0,576
2000148c:	240f1e63          	bnez	t5,200016e8 <__muldf3+0x3fa>
20001490:	08857513          	andi	a0,a0,136
20001494:	cd01                	beqz	a0,200014ac <__muldf3+0x1be>
20001496:	85b6                	mv	a1,a3
20001498:	b5e5                	j	20001380 <__muldf3+0x92>
2000149a:	463d                	li	a2,15
2000149c:	24c50c63          	beq	a0,a2,200016f4 <__muldf3+0x406>
200014a0:	462d                	li	a2,11
200014a2:	fec50ae3          	beq	a0,a2,20001496 <__muldf3+0x1a8>
200014a6:	87c2                	mv	a5,a6
200014a8:	8776                	mv	a4,t4
200014aa:	bde1                	j	20001382 <__muldf3+0x94>
200014ac:	010ede13          	srli	t3,t4,0x10
200014b0:	01075693          	srli	a3,a4,0x10
200014b4:	080eceb3          	zext.h	t4,t4
200014b8:	080743b3          	zext.h	t2,a4
200014bc:	027e8733          	mul	a4,t4,t2
200014c0:	027e0fb3          	mul	t6,t3,t2
200014c4:	01075893          	srli	a7,a4,0x10
200014c8:	03d68f33          	mul	t5,a3,t4
200014cc:	9f7e                	add	t5,t5,t6
200014ce:	98fa                	add	a7,a7,t5
200014d0:	02de0533          	mul	a0,t3,a3
200014d4:	01f8f463          	bgeu	a7,t6,200014dc <__muldf3+0x1ee>
200014d8:	6f41                	lui	t5,0x10
200014da:	957a                	add	a0,a0,t5
200014dc:	08074733          	zext.h	a4,a4
200014e0:	0108d413          	srli	s0,a7,0x10
200014e4:	08c2                	slli	a7,a7,0x10
200014e6:	0807cfb3          	zext.h	t6,a5
200014ea:	98ba                	add	a7,a7,a4
200014ec:	0107d713          	srli	a4,a5,0x10
200014f0:	03fe82b3          	mul	t0,t4,t6
200014f4:	03fe07b3          	mul	a5,t3,t6
200014f8:	0102df13          	srli	t5,t0,0x10
200014fc:	03d70eb3          	mul	t4,a4,t4
20001500:	9ebe                	add	t4,t4,a5
20001502:	9f76                	add	t5,t5,t4
20001504:	02ee0e33          	mul	t3,t3,a4
20001508:	00ff7463          	bgeu	t5,a5,20001510 <__muldf3+0x222>
2000150c:	67c1                	lui	a5,0x10
2000150e:	9e3e                	add	t3,t3,a5
20001510:	080844b3          	zext.h	s1,a6
20001514:	010f5e93          	srli	t4,t5,0x10
20001518:	010f1793          	slli	a5,t5,0x10
2000151c:	01085f13          	srli	t5,a6,0x10
20001520:	0802c2b3          	zext.h	t0,t0
20001524:	9796                	add	a5,a5,t0
20001526:	02748933          	mul	s2,s1,t2
2000152a:	9ef2                	add	t4,t4,t3
2000152c:	943e                	add	s0,s0,a5
2000152e:	027f03b3          	mul	t2,t5,t2
20001532:	01095293          	srli	t0,s2,0x10
20001536:	03e68833          	mul	a6,a3,t5
2000153a:	029686b3          	mul	a3,a3,s1
2000153e:	969e                	add	a3,a3,t2
20001540:	9696                	add	a3,a3,t0
20001542:	0076f463          	bgeu	a3,t2,2000154a <__muldf3+0x25c>
20001546:	6e41                	lui	t3,0x10
20001548:	9872                	add	a6,a6,t3
2000154a:	03f482b3          	mul	t0,s1,t6
2000154e:	0106de13          	srli	t3,a3,0x10
20001552:	9e42                	add	t3,t3,a6
20001554:	01069813          	slli	a6,a3,0x10
20001558:	08094933          	zext.h	s2,s2
2000155c:	984a                	add	a6,a6,s2
2000155e:	03ff0fb3          	mul	t6,t5,t6
20001562:	0102d693          	srli	a3,t0,0x10
20001566:	03e70f33          	mul	t5,a4,t5
2000156a:	02970733          	mul	a4,a4,s1
2000156e:	977e                	add	a4,a4,t6
20001570:	96ba                	add	a3,a3,a4
20001572:	01f6f463          	bgeu	a3,t6,2000157a <__muldf3+0x28c>
20001576:	6741                	lui	a4,0x10
20001578:	9f3a                	add	t5,t5,a4
2000157a:	01069713          	slli	a4,a3,0x10
2000157e:	0802c2b3          	zext.h	t0,t0
20001582:	9522                	add	a0,a0,s0
20001584:	9716                	add	a4,a4,t0
20001586:	9eba                	add	t4,t4,a4
20001588:	00f537b3          	sltu	a5,a0,a5
2000158c:	97f6                	add	a5,a5,t4
2000158e:	982a                	add	a6,a6,a0
20001590:	9e3e                	add	t3,t3,a5
20001592:	00eeb733          	sltu	a4,t4,a4
20001596:	00a83533          	sltu	a0,a6,a0
2000159a:	01d7beb3          	sltu	t4,a5,t4
2000159e:	9572                	add	a0,a0,t3
200015a0:	82c1                	srli	a3,a3,0x10
200015a2:	01d76733          	or	a4,a4,t4
200015a6:	9736                	add	a4,a4,a3
200015a8:	00fe36b3          	sltu	a3,t3,a5
200015ac:	01c53e33          	sltu	t3,a0,t3
200015b0:	01c6e6b3          	or	a3,a3,t3
200015b4:	96ba                	add	a3,a3,a4
200015b6:	00981713          	slli	a4,a6,0x9
200015ba:	01176733          	or	a4,a4,a7
200015be:	96fa                	add	a3,a3,t5
200015c0:	00e03733          	snez	a4,a4
200015c4:	01785813          	srli	a6,a6,0x17
200015c8:	06a6                	slli	a3,a3,0x9
200015ca:	01755793          	srli	a5,a0,0x17
200015ce:	01076733          	or	a4,a4,a6
200015d2:	0526                	slli	a0,a0,0x9
200015d4:	8f49                	or	a4,a4,a0
200015d6:	00769513          	slli	a0,a3,0x7
200015da:	8fd5                	or	a5,a5,a3
200015dc:	06055c63          	bgez	a0,20001654 <__muldf3+0x366>
200015e0:	00175693          	srli	a3,a4,0x1
200015e4:	8b05                	andi	a4,a4,1
200015e6:	8ed9                	or	a3,a3,a4
200015e8:	01f79713          	slli	a4,a5,0x1f
200015ec:	8f55                	or	a4,a4,a3
200015ee:	8385                	srli	a5,a5,0x1
200015f0:	3ff30693          	addi	a3,t1,1023 # 10003ff <HeapSize+0xfffbff>
200015f4:	06d05263          	blez	a3,20001658 <__muldf3+0x36a>
200015f8:	00777613          	andi	a2,a4,7
200015fc:	ce01                	beqz	a2,20001614 <__muldf3+0x326>
200015fe:	00f77613          	andi	a2,a4,15
20001602:	4511                	li	a0,4
20001604:	00a60863          	beq	a2,a0,20001614 <__muldf3+0x326>
20001608:	00a70633          	add	a2,a4,a0
2000160c:	00e63533          	sltu	a0,a2,a4
20001610:	97aa                	add	a5,a5,a0
20001612:	8732                	mv	a4,a2
20001614:	00779613          	slli	a2,a5,0x7
20001618:	00065663          	bgez	a2,20001624 <__muldf3+0x336>
2000161c:	49879793          	bclri	a5,a5,0x18
20001620:	40030693          	addi	a3,t1,1024
20001624:	7fe00613          	li	a2,2046
20001628:	0cd64a63          	blt	a2,a3,200016fc <__muldf3+0x40e>
2000162c:	01d79893          	slli	a7,a5,0x1d
20001630:	830d                	srli	a4,a4,0x3
20001632:	00e8e8b3          	or	a7,a7,a4
20001636:	838d                	srli	a5,a5,0x3
20001638:	07b2                	slli	a5,a5,0xc
2000163a:	4432                	lw	s0,12(sp)
2000163c:	83b1                	srli	a5,a5,0xc
2000163e:	06d2                	slli	a3,a3,0x14
20001640:	05fe                	slli	a1,a1,0x1f
20001642:	8edd                	or	a3,a3,a5
20001644:	00b6e7b3          	or	a5,a3,a1
20001648:	44a2                	lw	s1,8(sp)
2000164a:	4912                	lw	s2,4(sp)
2000164c:	8546                	mv	a0,a7
2000164e:	85be                	mv	a1,a5
20001650:	0141                	addi	sp,sp,16
20001652:	8082                	ret
20001654:	8332                	mv	t1,a2
20001656:	bf69                	j	200015f0 <__muldf3+0x302>
20001658:	c6a5                	beqz	a3,200016c0 <__muldf3+0x3d2>
2000165a:	fc900613          	li	a2,-55
2000165e:	d2c6cbe3          	blt	a3,a2,20001394 <__muldf3+0xa6>
20001662:	5609                	li	a2,-30
20001664:	06c6c063          	blt	a3,a2,200016c4 <__muldf3+0x3d6>
20001668:	4605                	li	a2,1
2000166a:	40d606b3          	sub	a3,a2,a3
2000166e:	41e30313          	addi	t1,t1,1054
20001672:	00d75633          	srl	a2,a4,a3
20001676:	00671733          	sll	a4,a4,t1
2000167a:	00e03733          	snez	a4,a4
2000167e:	00679333          	sll	t1,a5,t1
20001682:	00676733          	or	a4,a4,t1
20001686:	8f51                	or	a4,a4,a2
20001688:	00d7d7b3          	srl	a5,a5,a3
2000168c:	00777693          	andi	a3,a4,7
20001690:	ce81                	beqz	a3,200016a8 <__muldf3+0x3ba>
20001692:	00f77693          	andi	a3,a4,15
20001696:	4611                	li	a2,4
20001698:	00c68863          	beq	a3,a2,200016a8 <__muldf3+0x3ba>
2000169c:	00c706b3          	add	a3,a4,a2
200016a0:	00e6b633          	sltu	a2,a3,a4
200016a4:	97b2                	add	a5,a5,a2
200016a6:	8736                	mv	a4,a3
200016a8:	00879693          	slli	a3,a5,0x8
200016ac:	0406cd63          	bltz	a3,20001706 <__muldf3+0x418>
200016b0:	01d79893          	slli	a7,a5,0x1d
200016b4:	830d                	srli	a4,a4,0x3
200016b6:	00e8e8b3          	or	a7,a7,a4
200016ba:	838d                	srli	a5,a5,0x3
200016bc:	4681                	li	a3,0
200016be:	bfad                	j	20001638 <__muldf3+0x34a>
200016c0:	4685                	li	a3,1
200016c2:	b775                	j	2000166e <__muldf3+0x380>
200016c4:	5805                	li	a6,-31
200016c6:	40d80633          	sub	a2,a6,a3
200016ca:	00c7d633          	srl	a2,a5,a2
200016ce:	4501                	li	a0,0
200016d0:	01068663          	beq	a3,a6,200016dc <__muldf3+0x3ee>
200016d4:	43e30313          	addi	t1,t1,1086
200016d8:	00679533          	sll	a0,a5,t1
200016dc:	8f49                	or	a4,a4,a0
200016de:	00e03733          	snez	a4,a4
200016e2:	8f51                	or	a4,a4,a2
200016e4:	4781                	li	a5,0
200016e6:	b75d                	j	2000168c <__muldf3+0x39e>
200016e8:	000807b7          	lui	a5,0x80
200016ec:	7ff00693          	li	a3,2047
200016f0:	4581                	li	a1,0
200016f2:	b799                	j	20001638 <__muldf3+0x34a>
200016f4:	000807b7          	lui	a5,0x80
200016f8:	4881                	li	a7,0
200016fa:	bfcd                	j	200016ec <__muldf3+0x3fe>
200016fc:	4781                	li	a5,0
200016fe:	4881                	li	a7,0
20001700:	7ff00693          	li	a3,2047
20001704:	bf15                	j	20001638 <__muldf3+0x34a>
20001706:	4781                	li	a5,0
20001708:	4881                	li	a7,0
2000170a:	4685                	li	a3,1
2000170c:	b735                	j	20001638 <__muldf3+0x34a>

2000170e <__subdf3>:
2000170e:	00100837          	lui	a6,0x100
20001712:	187d                	addi	a6,a6,-1 # fffff <HeapSize+0xff7ff>
20001714:	00b877b3          	and	a5,a6,a1
20001718:	00d87833          	and	a6,a6,a3
2000171c:	0146de13          	srli	t3,a3,0x14
20001720:	080e                	slli	a6,a6,0x3
20001722:	01d65313          	srli	t1,a2,0x1d
20001726:	0145d713          	srli	a4,a1,0x14
2000172a:	01d55893          	srli	a7,a0,0x1d
2000172e:	078e                	slli	a5,a5,0x3
20001730:	01036333          	or	t1,t1,a6
20001734:	7ffe7e13          	andi	t3,t3,2047
20001738:	7ff00813          	li	a6,2047
2000173c:	7ff77713          	andi	a4,a4,2047
20001740:	81fd                	srli	a1,a1,0x1f
20001742:	00f8e7b3          	or	a5,a7,a5
20001746:	050e                	slli	a0,a0,0x3
20001748:	82fd                	srli	a3,a3,0x1f
2000174a:	060e                	slli	a2,a2,0x3
2000174c:	010e1663          	bne	t3,a6,20001758 <__subdf3+0x4a>
20001750:	00c36833          	or	a6,t1,a2
20001754:	00081463          	bnez	a6,2000175c <__subdf3+0x4e>
20001758:	0016c693          	xori	a3,a3,1
2000175c:	41c70833          	sub	a6,a4,t3
20001760:	7ff00893          	li	a7,2047
20001764:	24b69263          	bne	a3,a1,200019a8 <__subdf3+0x29a>
20001768:	0d005863          	blez	a6,20001838 <__subdf3+0x12a>
2000176c:	020e1463          	bnez	t3,20001794 <__subdf3+0x86>
20001770:	00c366b3          	or	a3,t1,a2
20001774:	ce91                	beqz	a3,20001790 <__subdf3+0x82>
20001776:	fff70813          	addi	a6,a4,-1 # ffff <HeapSize+0xf7ff>
2000177a:	00081963          	bnez	a6,2000178c <__subdf3+0x7e>
2000177e:	962a                	add	a2,a2,a0
20001780:	979a                	add	a5,a5,t1
20001782:	00a63533          	sltu	a0,a2,a0
20001786:	97aa                	add	a5,a5,a0
20001788:	4705                	li	a4,1
2000178a:	a889                	j	200017dc <__subdf3+0xce>
2000178c:	01171863          	bne	a4,a7,2000179c <__subdf3+0x8e>
20001790:	862a                	mv	a2,a0
20001792:	aab5                	j	2000190e <__subdf3+0x200>
20001794:	ff170ee3          	beq	a4,a7,20001790 <__subdf3+0x82>
20001798:	29731313          	bseti	t1,t1,0x17
2000179c:	03800693          	li	a3,56
200017a0:	0906c763          	blt	a3,a6,2000182e <__subdf3+0x120>
200017a4:	46fd                	li	a3,31
200017a6:	02000e13          	li	t3,32
200017aa:	0506cd63          	blt	a3,a6,20001804 <__subdf3+0xf6>
200017ae:	410e0e33          	sub	t3,t3,a6
200017b2:	01c316b3          	sll	a3,t1,t3
200017b6:	010658b3          	srl	a7,a2,a6
200017ba:	01c61e33          	sll	t3,a2,t3
200017be:	0116e6b3          	or	a3,a3,a7
200017c2:	01c03e33          	snez	t3,t3
200017c6:	01c6e6b3          	or	a3,a3,t3
200017ca:	01035833          	srl	a6,t1,a6
200017ce:	00a68633          	add	a2,a3,a0
200017d2:	983e                	add	a6,a6,a5
200017d4:	00d636b3          	sltu	a3,a2,a3
200017d8:	00d807b3          	add	a5,a6,a3
200017dc:	00879693          	slli	a3,a5,0x8
200017e0:	1806d863          	bgez	a3,20001970 <__subdf3+0x262>
200017e4:	0705                	addi	a4,a4,1
200017e6:	7ff00693          	li	a3,2047
200017ea:	1ad70c63          	beq	a4,a3,200019a2 <__subdf3+0x294>
200017ee:	00165693          	srli	a3,a2,0x1
200017f2:	8a05                	andi	a2,a2,1
200017f4:	49779513          	bclri	a0,a5,0x17
200017f8:	8e55                	or	a2,a2,a3
200017fa:	07fe                	slli	a5,a5,0x1f
200017fc:	8e5d                	or	a2,a2,a5
200017fe:	00155793          	srli	a5,a0,0x1
20001802:	a2bd                	j	20001970 <__subdf3+0x262>
20001804:	fe080693          	addi	a3,a6,-32
20001808:	00d356b3          	srl	a3,t1,a3
2000180c:	4881                	li	a7,0
2000180e:	01c80863          	beq	a6,t3,2000181e <__subdf3+0x110>
20001812:	04000893          	li	a7,64
20001816:	410888b3          	sub	a7,a7,a6
2000181a:	011318b3          	sll	a7,t1,a7
2000181e:	00c8e8b3          	or	a7,a7,a2
20001822:	011038b3          	snez	a7,a7
20001826:	0116e6b3          	or	a3,a3,a7
2000182a:	4801                	li	a6,0
2000182c:	b74d                	j	200017ce <__subdf3+0xc0>
2000182e:	00c366b3          	or	a3,t1,a2
20001832:	00d036b3          	snez	a3,a3
20001836:	bfd5                	j	2000182a <__subdf3+0x11c>
20001838:	0a080063          	beqz	a6,200018d8 <__subdf3+0x1ca>
2000183c:	40ee0833          	sub	a6,t3,a4
20001840:	ef01                	bnez	a4,20001858 <__subdf3+0x14a>
20001842:	00a7e733          	or	a4,a5,a0
20001846:	c711                	beqz	a4,20001852 <__subdf3+0x144>
20001848:	fff80693          	addi	a3,a6,-1
2000184c:	da8d                	beqz	a3,2000177e <__subdf3+0x70>
2000184e:	01181a63          	bne	a6,a7,20001862 <__subdf3+0x154>
20001852:	879a                	mv	a5,t1
20001854:	8742                	mv	a4,a6
20001856:	a865                	j	2000190e <__subdf3+0x200>
20001858:	431e0e63          	beq	t3,a7,20001c94 <__subdf3+0x586>
2000185c:	29779793          	bseti	a5,a5,0x17
20001860:	86c2                	mv	a3,a6
20001862:	03800713          	li	a4,56
20001866:	06d74463          	blt	a4,a3,200018ce <__subdf3+0x1c0>
2000186a:	477d                	li	a4,31
2000186c:	02000893          	li	a7,32
20001870:	02d74a63          	blt	a4,a3,200018a4 <__subdf3+0x196>
20001874:	40d888b3          	sub	a7,a7,a3
20001878:	01179733          	sll	a4,a5,a7
2000187c:	00d55833          	srl	a6,a0,a3
20001880:	011518b3          	sll	a7,a0,a7
20001884:	01076733          	or	a4,a4,a6
20001888:	011038b3          	snez	a7,a7
2000188c:	01176733          	or	a4,a4,a7
20001890:	00d7d6b3          	srl	a3,a5,a3
20001894:	963a                	add	a2,a2,a4
20001896:	00e63733          	sltu	a4,a2,a4
2000189a:	969a                	add	a3,a3,t1
2000189c:	00e687b3          	add	a5,a3,a4
200018a0:	8772                	mv	a4,t3
200018a2:	bf2d                	j	200017dc <__subdf3+0xce>
200018a4:	fe068713          	addi	a4,a3,-32
200018a8:	00e7d733          	srl	a4,a5,a4
200018ac:	4801                	li	a6,0
200018ae:	01168863          	beq	a3,a7,200018be <__subdf3+0x1b0>
200018b2:	04000813          	li	a6,64
200018b6:	40d80833          	sub	a6,a6,a3
200018ba:	01079833          	sll	a6,a5,a6
200018be:	00a86833          	or	a6,a6,a0
200018c2:	01003833          	snez	a6,a6
200018c6:	01076733          	or	a4,a4,a6
200018ca:	4681                	li	a3,0
200018cc:	b7e1                	j	20001894 <__subdf3+0x186>
200018ce:	00a7e733          	or	a4,a5,a0
200018d2:	00e03733          	snez	a4,a4
200018d6:	bfd5                	j	200018ca <__subdf3+0x1bc>
200018d8:	00170693          	addi	a3,a4,1
200018dc:	7fe6f813          	andi	a6,a3,2046
200018e0:	06081b63          	bnez	a6,20001956 <__subdf3+0x248>
200018e4:	00a7e6b3          	or	a3,a5,a0
200018e8:	ef39                	bnez	a4,20001946 <__subdf3+0x238>
200018ea:	38068b63          	beqz	a3,20001c80 <__subdf3+0x572>
200018ee:	00c36733          	or	a4,t1,a2
200018f2:	38070963          	beqz	a4,20001c84 <__subdf3+0x576>
200018f6:	962a                	add	a2,a2,a0
200018f8:	979a                	add	a5,a5,t1
200018fa:	00a63533          	sltu	a0,a2,a0
200018fe:	97aa                	add	a5,a5,a0
20001900:	00879713          	slli	a4,a5,0x8
20001904:	26075a63          	bgez	a4,20001b78 <__subdf3+0x46a>
20001908:	49779793          	bclri	a5,a5,0x17
2000190c:	4705                	li	a4,1
2000190e:	820d                	srli	a2,a2,0x3
20001910:	01d79693          	slli	a3,a5,0x1d
20001914:	8ed1                	or	a3,a3,a2
20001916:	7ff00613          	li	a2,2047
2000191a:	838d                	srli	a5,a5,0x3
2000191c:	00c71963          	bne	a4,a2,2000192e <__subdf3+0x220>
20001920:	8edd                	or	a3,a3,a5
20001922:	4781                	li	a5,0
20001924:	c689                	beqz	a3,2000192e <__subdf3+0x220>
20001926:	000807b7          	lui	a5,0x80
2000192a:	4681                	li	a3,0
2000192c:	4581                	li	a1,0
2000192e:	7ff77713          	andi	a4,a4,2047
20001932:	07b2                	slli	a5,a5,0xc
20001934:	83b1                	srli	a5,a5,0xc
20001936:	0752                	slli	a4,a4,0x14
20001938:	8f5d                	or	a4,a4,a5
2000193a:	05fe                	slli	a1,a1,0x1f
2000193c:	00b767b3          	or	a5,a4,a1
20001940:	8536                	mv	a0,a3
20001942:	85be                	mv	a1,a5
20001944:	8082                	ret
20001946:	34068163          	beqz	a3,20001c88 <__subdf3+0x57a>
2000194a:	00c36333          	or	t1,t1,a2
2000194e:	24031763          	bnez	t1,20001b9c <__subdf3+0x48e>
20001952:	862a                	mv	a2,a0
20001954:	ae1d                	j	20001c8a <__subdf3+0x57c>
20001956:	33168c63          	beq	a3,a7,20001c8e <__subdf3+0x580>
2000195a:	962a                	add	a2,a2,a0
2000195c:	00a63533          	sltu	a0,a2,a0
20001960:	979a                	add	a5,a5,t1
20001962:	97aa                	add	a5,a5,a0
20001964:	01f79713          	slli	a4,a5,0x1f
20001968:	8205                	srli	a2,a2,0x1
2000196a:	8e59                	or	a2,a2,a4
2000196c:	8385                	srli	a5,a5,0x1
2000196e:	8736                	mv	a4,a3
20001970:	00767693          	andi	a3,a2,7
20001974:	ce81                	beqz	a3,2000198c <__subdf3+0x27e>
20001976:	00f67693          	andi	a3,a2,15
2000197a:	4511                	li	a0,4
2000197c:	00a68863          	beq	a3,a0,2000198c <__subdf3+0x27e>
20001980:	00a606b3          	add	a3,a2,a0
20001984:	00c6b533          	sltu	a0,a3,a2
20001988:	97aa                	add	a5,a5,a0
2000198a:	8636                	mv	a2,a3
2000198c:	00879693          	slli	a3,a5,0x8
20001990:	f606dfe3          	bgez	a3,2000190e <__subdf3+0x200>
20001994:	0705                	addi	a4,a4,1
20001996:	7ff00693          	li	a3,2047
2000199a:	49779793          	bclri	a5,a5,0x17
2000199e:	f6d718e3          	bne	a4,a3,2000190e <__subdf3+0x200>
200019a2:	4781                	li	a5,0
200019a4:	4601                	li	a2,0
200019a6:	b7a5                	j	2000190e <__subdf3+0x200>
200019a8:	0d005263          	blez	a6,20001a6c <__subdf3+0x35e>
200019ac:	080e1163          	bnez	t3,20001a2e <__subdf3+0x320>
200019b0:	00c366b3          	or	a3,t1,a2
200019b4:	dc068ee3          	beqz	a3,20001790 <__subdf3+0x82>
200019b8:	fff70813          	addi	a6,a4,-1
200019bc:	00081b63          	bnez	a6,200019d2 <__subdf3+0x2c4>
200019c0:	40c50633          	sub	a2,a0,a2
200019c4:	406787b3          	sub	a5,a5,t1
200019c8:	00c53533          	sltu	a0,a0,a2
200019cc:	8f89                	sub	a5,a5,a0
200019ce:	4705                	li	a4,1
200019d0:	a0a1                	j	20001a18 <__subdf3+0x30a>
200019d2:	db170fe3          	beq	a4,a7,20001790 <__subdf3+0x82>
200019d6:	03800693          	li	a3,56
200019da:	0906c463          	blt	a3,a6,20001a62 <__subdf3+0x354>
200019de:	46fd                	li	a3,31
200019e0:	02000e13          	li	t3,32
200019e4:	0506ca63          	blt	a3,a6,20001a38 <__subdf3+0x32a>
200019e8:	410e0e33          	sub	t3,t3,a6
200019ec:	01c316b3          	sll	a3,t1,t3
200019f0:	010658b3          	srl	a7,a2,a6
200019f4:	01c61e33          	sll	t3,a2,t3
200019f8:	0116e6b3          	or	a3,a3,a7
200019fc:	01c03e33          	snez	t3,t3
20001a00:	01c6e6b3          	or	a3,a3,t3
20001a04:	01035833          	srl	a6,t1,a6
20001a08:	40d50633          	sub	a2,a0,a3
20001a0c:	41078833          	sub	a6,a5,a6
20001a10:	00c53533          	sltu	a0,a0,a2
20001a14:	40a807b3          	sub	a5,a6,a0
20001a18:	00879693          	slli	a3,a5,0x8
20001a1c:	f406dae3          	bgez	a3,20001970 <__subdf3+0x262>
20001a20:	008008b7          	lui	a7,0x800
20001a24:	18fd                	addi	a7,a7,-1 # 7fffff <HeapSize+0x7ff7ff>
20001a26:	0117f8b3          	and	a7,a5,a7
20001a2a:	8832                	mv	a6,a2
20001a2c:	a275                	j	20001bd8 <__subdf3+0x4ca>
20001a2e:	d71701e3          	beq	a4,a7,20001790 <__subdf3+0x82>
20001a32:	29731313          	bseti	t1,t1,0x17
20001a36:	b745                	j	200019d6 <__subdf3+0x2c8>
20001a38:	fe080693          	addi	a3,a6,-32
20001a3c:	00d356b3          	srl	a3,t1,a3
20001a40:	4881                	li	a7,0
20001a42:	01c80863          	beq	a6,t3,20001a52 <__subdf3+0x344>
20001a46:	04000893          	li	a7,64
20001a4a:	410888b3          	sub	a7,a7,a6
20001a4e:	011318b3          	sll	a7,t1,a7
20001a52:	00c8e8b3          	or	a7,a7,a2
20001a56:	011038b3          	snez	a7,a7
20001a5a:	0116e6b3          	or	a3,a3,a7
20001a5e:	4801                	li	a6,0
20001a60:	b765                	j	20001a08 <__subdf3+0x2fa>
20001a62:	00c366b3          	or	a3,t1,a2
20001a66:	00d036b3          	snez	a3,a3
20001a6a:	bfd5                	j	20001a5e <__subdf3+0x350>
20001a6c:	0a080d63          	beqz	a6,20001b26 <__subdf3+0x418>
20001a70:	40ee0833          	sub	a6,t3,a4
20001a74:	e70d                	bnez	a4,20001a9e <__subdf3+0x390>
20001a76:	00a7e733          	or	a4,a5,a0
20001a7a:	c305                	beqz	a4,20001a9a <__subdf3+0x38c>
20001a7c:	fff80713          	addi	a4,a6,-1
20001a80:	eb19                	bnez	a4,20001a96 <__subdf3+0x388>
20001a82:	40a60533          	sub	a0,a2,a0
20001a86:	00a63733          	sltu	a4,a2,a0
20001a8a:	40f307b3          	sub	a5,t1,a5
20001a8e:	862a                	mv	a2,a0
20001a90:	8f99                	sub	a5,a5,a4
20001a92:	85b6                	mv	a1,a3
20001a94:	bf2d                	j	200019ce <__subdf3+0x2c0>
20001a96:	01181963          	bne	a6,a7,20001aa8 <__subdf3+0x39a>
20001a9a:	85b6                	mv	a1,a3
20001a9c:	bb5d                	j	20001852 <__subdf3+0x144>
20001a9e:	1f1e0a63          	beq	t3,a7,20001c92 <__subdf3+0x584>
20001aa2:	29779793          	bseti	a5,a5,0x17
20001aa6:	8742                	mv	a4,a6
20001aa8:	03800593          	li	a1,56
20001aac:	06e5c863          	blt	a1,a4,20001b1c <__subdf3+0x40e>
20001ab0:	45fd                	li	a1,31
20001ab2:	02000893          	li	a7,32
20001ab6:	02e5ce63          	blt	a1,a4,20001af2 <__subdf3+0x3e4>
20001aba:	40e888b3          	sub	a7,a7,a4
20001abe:	011795b3          	sll	a1,a5,a7
20001ac2:	00e55833          	srl	a6,a0,a4
20001ac6:	011518b3          	sll	a7,a0,a7
20001aca:	0105e5b3          	or	a1,a1,a6
20001ace:	011038b3          	snez	a7,a7
20001ad2:	0115e5b3          	or	a1,a1,a7
20001ad6:	00e7d733          	srl	a4,a5,a4
20001ada:	40b605b3          	sub	a1,a2,a1
20001ade:	00b637b3          	sltu	a5,a2,a1
20001ae2:	40e30733          	sub	a4,t1,a4
20001ae6:	862e                	mv	a2,a1
20001ae8:	40f707b3          	sub	a5,a4,a5
20001aec:	85b6                	mv	a1,a3
20001aee:	8772                	mv	a4,t3
20001af0:	b725                	j	20001a18 <__subdf3+0x30a>
20001af2:	fe070593          	addi	a1,a4,-32
20001af6:	00b7d5b3          	srl	a1,a5,a1
20001afa:	4801                	li	a6,0
20001afc:	01170863          	beq	a4,a7,20001b0c <__subdf3+0x3fe>
20001b00:	04000813          	li	a6,64
20001b04:	40e80833          	sub	a6,a6,a4
20001b08:	01079833          	sll	a6,a5,a6
20001b0c:	00a86833          	or	a6,a6,a0
20001b10:	01003833          	snez	a6,a6
20001b14:	0105e5b3          	or	a1,a1,a6
20001b18:	4701                	li	a4,0
20001b1a:	b7c1                	j	20001ada <__subdf3+0x3cc>
20001b1c:	00a7e5b3          	or	a1,a5,a0
20001b20:	00b035b3          	snez	a1,a1
20001b24:	bfd5                	j	20001b18 <__subdf3+0x40a>
20001b26:	00170813          	addi	a6,a4,1
20001b2a:	7fe87813          	andi	a6,a6,2046
20001b2e:	06081f63          	bnez	a6,20001bac <__subdf3+0x49e>
20001b32:	00c36833          	or	a6,t1,a2
20001b36:	00a7ee33          	or	t3,a5,a0
20001b3a:	ef21                	bnez	a4,20001b92 <__subdf3+0x484>
20001b3c:	000e1763          	bnez	t3,20001b4a <__subdf3+0x43c>
20001b40:	879a                	mv	a5,t1
20001b42:	02081a63          	bnez	a6,20001b76 <__subdf3+0x468>
20001b46:	4581                	li	a1,0
20001b48:	bda9                	j	200019a2 <__subdf3+0x294>
20001b4a:	12080d63          	beqz	a6,20001c84 <__subdf3+0x576>
20001b4e:	40c508b3          	sub	a7,a0,a2
20001b52:	01153e33          	sltu	t3,a0,a7
20001b56:	40678833          	sub	a6,a5,t1
20001b5a:	41c80833          	sub	a6,a6,t3
20001b5e:	00881e13          	slli	t3,a6,0x8
20001b62:	020e5163          	bgez	t3,20001b84 <__subdf3+0x476>
20001b66:	40a60533          	sub	a0,a2,a0
20001b6a:	00a63733          	sltu	a4,a2,a0
20001b6e:	40f307b3          	sub	a5,t1,a5
20001b72:	862a                	mv	a2,a0
20001b74:	8f99                	sub	a5,a5,a4
20001b76:	85b6                	mv	a1,a3
20001b78:	00f66733          	or	a4,a2,a5
20001b7c:	e20703e3          	beqz	a4,200019a2 <__subdf3+0x294>
20001b80:	4701                	li	a4,0
20001b82:	b3fd                	j	20001970 <__subdf3+0x262>
20001b84:	0108e633          	or	a2,a7,a6
20001b88:	10060963          	beqz	a2,20001c9a <__subdf3+0x58c>
20001b8c:	87c2                	mv	a5,a6
20001b8e:	8646                	mv	a2,a7
20001b90:	b7e5                	j	20001b78 <__subdf3+0x46a>
20001b92:	000e1a63          	bnez	t3,20001ba6 <__subdf3+0x498>
20001b96:	85b6                	mv	a1,a3
20001b98:	0e081863          	bnez	a6,20001c88 <__subdf3+0x57a>
20001b9c:	4581                	li	a1,0
20001b9e:	004007b7          	lui	a5,0x400
20001ba2:	4601                	li	a2,0
20001ba4:	a0dd                	j	20001c8a <__subdf3+0x57c>
20001ba6:	da0806e3          	beqz	a6,20001952 <__subdf3+0x244>
20001baa:	bfcd                	j	20001b9c <__subdf3+0x48e>
20001bac:	40c50e33          	sub	t3,a0,a2
20001bb0:	01c53eb3          	sltu	t4,a0,t3
20001bb4:	406788b3          	sub	a7,a5,t1
20001bb8:	41d888b3          	sub	a7,a7,t4
20001bbc:	00889e93          	slli	t4,a7,0x8
20001bc0:	8872                	mv	a6,t3
20001bc2:	060ed563          	bgez	t4,20001c2c <__subdf3+0x51e>
20001bc6:	40a60833          	sub	a6,a2,a0
20001bca:	40f308b3          	sub	a7,t1,a5
20001bce:	01063633          	sltu	a2,a2,a6
20001bd2:	40c888b3          	sub	a7,a7,a2
20001bd6:	85b6                	mv	a1,a3
20001bd8:	06088163          	beqz	a7,20001c3a <__subdf3+0x52c>
20001bdc:	60089693          	clz	a3,a7
20001be0:	16e1                	addi	a3,a3,-8
20001be2:	02000793          	li	a5,32
20001be6:	8f95                	sub	a5,a5,a3
20001be8:	00d898b3          	sll	a7,a7,a3
20001bec:	00f857b3          	srl	a5,a6,a5
20001bf0:	0117e7b3          	or	a5,a5,a7
20001bf4:	00d81633          	sll	a2,a6,a3
20001bf8:	08e6c063          	blt	a3,a4,20001c78 <__subdf3+0x56a>
20001bfc:	8e99                	sub	a3,a3,a4
20001bfe:	00168813          	addi	a6,a3,1
20001c02:	477d                	li	a4,31
20001c04:	02000513          	li	a0,32
20001c08:	05074563          	blt	a4,a6,20001c52 <__subdf3+0x544>
20001c0c:	41050533          	sub	a0,a0,a6
20001c10:	00a79733          	sll	a4,a5,a0
20001c14:	010656b3          	srl	a3,a2,a6
20001c18:	00a61533          	sll	a0,a2,a0
20001c1c:	8f55                	or	a4,a4,a3
20001c1e:	00a03533          	snez	a0,a0
20001c22:	00a76633          	or	a2,a4,a0
20001c26:	0107d7b3          	srl	a5,a5,a6
20001c2a:	b7b9                	j	20001b78 <__subdf3+0x46a>
20001c2c:	011e6633          	or	a2,t3,a7
20001c30:	f645                	bnez	a2,20001bd8 <__subdf3+0x4ca>
20001c32:	4581                	li	a1,0
20001c34:	4781                	li	a5,0
20001c36:	4701                	li	a4,0
20001c38:	b9d9                	j	2000190e <__subdf3+0x200>
20001c3a:	60081793          	clz	a5,a6
20001c3e:	01878693          	addi	a3,a5,24 # 400018 <HeapSize+0x3ff818>
20001c42:	467d                	li	a2,31
20001c44:	f8d65fe3          	bge	a2,a3,20001be2 <__subdf3+0x4d4>
20001c48:	17e1                	addi	a5,a5,-8
20001c4a:	00f817b3          	sll	a5,a6,a5
20001c4e:	4601                	li	a2,0
20001c50:	b765                	j	20001bf8 <__subdf3+0x4ea>
20001c52:	1685                	addi	a3,a3,-31
20001c54:	00d7d6b3          	srl	a3,a5,a3
20001c58:	4701                	li	a4,0
20001c5a:	00a80863          	beq	a6,a0,20001c6a <__subdf3+0x55c>
20001c5e:	04000713          	li	a4,64
20001c62:	41070733          	sub	a4,a4,a6
20001c66:	00e79733          	sll	a4,a5,a4
20001c6a:	8f51                	or	a4,a4,a2
20001c6c:	00e03733          	snez	a4,a4
20001c70:	00e6e633          	or	a2,a3,a4
20001c74:	4781                	li	a5,0
20001c76:	b709                	j	20001b78 <__subdf3+0x46a>
20001c78:	8f15                	sub	a4,a4,a3
20001c7a:	49779793          	bclri	a5,a5,0x17
20001c7e:	b9cd                	j	20001970 <__subdf3+0x262>
20001c80:	879a                	mv	a5,t1
20001c82:	bddd                	j	20001b78 <__subdf3+0x46a>
20001c84:	862a                	mv	a2,a0
20001c86:	bdcd                	j	20001b78 <__subdf3+0x46a>
20001c88:	879a                	mv	a5,t1
20001c8a:	8746                	mv	a4,a7
20001c8c:	b149                	j	2000190e <__subdf3+0x200>
20001c8e:	8736                	mv	a4,a3
20001c90:	bb09                	j	200019a2 <__subdf3+0x294>
20001c92:	85b6                	mv	a1,a3
20001c94:	879a                	mv	a5,t1
20001c96:	8772                	mv	a4,t3
20001c98:	b99d                	j	2000190e <__subdf3+0x200>
20001c9a:	4581                	li	a1,0
20001c9c:	4781                	li	a5,0
20001c9e:	b985                	j	2000190e <__subdf3+0x200>

20001ca0 <__unorddf2>:
20001ca0:	001007b7          	lui	a5,0x100
20001ca4:	17fd                	addi	a5,a5,-1 # fffff <HeapSize+0xff7ff>
20001ca6:	00b7f733          	and	a4,a5,a1
20001caa:	81d1                	srli	a1,a1,0x14
20001cac:	8ff5                	and	a5,a5,a3
20001cae:	7ff5f593          	andi	a1,a1,2047
20001cb2:	82d1                	srli	a3,a3,0x14
20001cb4:	7ff00813          	li	a6,2047
20001cb8:	7ff6f693          	andi	a3,a3,2047
20001cbc:	01059563          	bne	a1,a6,20001cc6 <__unorddf2+0x26>
20001cc0:	8f49                	or	a4,a4,a0
20001cc2:	4505                	li	a0,1
20001cc4:	e719                	bnez	a4,20001cd2 <__unorddf2+0x32>
20001cc6:	4501                	li	a0,0
20001cc8:	01069563          	bne	a3,a6,20001cd2 <__unorddf2+0x32>
20001ccc:	8fd1                	or	a5,a5,a2
20001cce:	00f03533          	snez	a0,a5
20001cd2:	8082                	ret

20001cd4 <__fixdfsi>:
20001cd4:	0145d713          	srli	a4,a1,0x14
20001cd8:	00c59793          	slli	a5,a1,0xc
20001cdc:	7ff77713          	andi	a4,a4,2047
20001ce0:	3fe00693          	li	a3,1022
20001ce4:	83b1                	srli	a5,a5,0xc
20001ce6:	81fd                	srli	a1,a1,0x1f
20001ce8:	04e6d463          	bge	a3,a4,20001d30 <__fixdfsi+0x5c>
20001cec:	41d00693          	li	a3,1053
20001cf0:	00e6d763          	bge	a3,a4,20001cfe <__fixdfsi+0x2a>
20001cf4:	80000537          	lui	a0,0x80000
20001cf8:	157d                	addi	a0,a0,-1 # 7fffffff <__StackTop+0x5ff7dfff>
20001cfa:	952e                	add	a0,a0,a1
20001cfc:	8082                	ret
20001cfe:	41300693          	li	a3,1043
20001d02:	29479793          	bseti	a5,a5,0x14
20001d06:	02e6d163          	bge	a3,a4,20001d28 <__fixdfsi+0x54>
20001d0a:	bed70693          	addi	a3,a4,-1043
20001d0e:	00d797b3          	sll	a5,a5,a3
20001d12:	43300693          	li	a3,1075
20001d16:	40e68733          	sub	a4,a3,a4
20001d1a:	00e55533          	srl	a0,a0,a4
20001d1e:	8d5d                	or	a0,a0,a5
20001d20:	c989                	beqz	a1,20001d32 <__fixdfsi+0x5e>
20001d22:	40a00533          	neg	a0,a0
20001d26:	8082                	ret
20001d28:	8e99                	sub	a3,a3,a4
20001d2a:	00d7d533          	srl	a0,a5,a3
20001d2e:	bfcd                	j	20001d20 <__fixdfsi+0x4c>
20001d30:	4501                	li	a0,0
20001d32:	8082                	ret

20001d34 <__fixunsdfsi>:
20001d34:	0145d713          	srli	a4,a1,0x14
20001d38:	00c59793          	slli	a5,a1,0xc
20001d3c:	7ff77713          	andi	a4,a4,2047
20001d40:	3fe00693          	li	a3,1022
20001d44:	862a                	mv	a2,a0
20001d46:	83b1                	srli	a5,a5,0xc
20001d48:	81fd                	srli	a1,a1,0x1f
20001d4a:	04e6d263          	bge	a3,a4,20001d8e <__fixunsdfsi+0x5a>
20001d4e:	41f00693          	li	a3,1055
20001d52:	8e8d                	sub	a3,a3,a1
20001d54:	fff58513          	addi	a0,a1,-1
20001d58:	02d75c63          	bge	a4,a3,20001d90 <__fixunsdfsi+0x5c>
20001d5c:	4501                	li	a0,0
20001d5e:	e98d                	bnez	a1,20001d90 <__fixunsdfsi+0x5c>
20001d60:	41300693          	li	a3,1043
20001d64:	29479793          	bseti	a5,a5,0x14
20001d68:	00e6df63          	bge	a3,a4,20001d86 <__fixunsdfsi+0x52>
20001d6c:	bed70693          	addi	a3,a4,-1043
20001d70:	00d797b3          	sll	a5,a5,a3
20001d74:	43300693          	li	a3,1075
20001d78:	40e68733          	sub	a4,a3,a4
20001d7c:	00e65633          	srl	a2,a2,a4
20001d80:	00c7e533          	or	a0,a5,a2
20001d84:	8082                	ret
20001d86:	8e99                	sub	a3,a3,a4
20001d88:	00d7d533          	srl	a0,a5,a3
20001d8c:	8082                	ret
20001d8e:	4501                	li	a0,0
20001d90:	8082                	ret

20001d92 <__floatsidf>:
20001d92:	c529                	beqz	a0,20001ddc <__floatsidf+0x4a>
20001d94:	40a00733          	neg	a4,a0
20001d98:	0ae56733          	max	a4,a0,a4
20001d9c:	01f55613          	srli	a2,a0,0x1f
20001da0:	60071693          	clz	a3,a4
20001da4:	41e00513          	li	a0,1054
20001da8:	47a9                	li	a5,10
20001daa:	8d15                	sub	a0,a0,a3
20001dac:	02d7c363          	blt	a5,a3,20001dd2 <__floatsidf+0x40>
20001db0:	47ad                	li	a5,11
20001db2:	8f95                	sub	a5,a5,a3
20001db4:	06d5                	addi	a3,a3,21
20001db6:	00f757b3          	srl	a5,a4,a5
20001dba:	00d71733          	sll	a4,a4,a3
20001dbe:	07b2                	slli	a5,a5,0xc
20001dc0:	83b1                	srli	a5,a5,0xc
20001dc2:	0552                	slli	a0,a0,0x14
20001dc4:	8d5d                	or	a0,a0,a5
20001dc6:	067e                	slli	a2,a2,0x1f
20001dc8:	00c567b3          	or	a5,a0,a2
20001dcc:	85be                	mv	a1,a5
20001dce:	853a                	mv	a0,a4
20001dd0:	8082                	ret
20001dd2:	16d5                	addi	a3,a3,-11
20001dd4:	00d717b3          	sll	a5,a4,a3
20001dd8:	4701                	li	a4,0
20001dda:	b7d5                	j	20001dbe <__floatsidf+0x2c>
20001ddc:	4601                	li	a2,0
20001dde:	4781                	li	a5,0
20001de0:	bfe5                	j	20001dd8 <__floatsidf+0x46>

20001de2 <__floatunsidf>:
20001de2:	c91d                	beqz	a0,20001e18 <__floatunsidf+0x36>
20001de4:	60051713          	clz	a4,a0
20001de8:	41e00693          	li	a3,1054
20001dec:	47a9                	li	a5,10
20001dee:	8e99                	sub	a3,a3,a4
20001df0:	00e7cf63          	blt	a5,a4,20001e0e <__floatunsidf+0x2c>
20001df4:	47ad                	li	a5,11
20001df6:	8f99                	sub	a5,a5,a4
20001df8:	0755                	addi	a4,a4,21
20001dfa:	00f557b3          	srl	a5,a0,a5
20001dfe:	00e51533          	sll	a0,a0,a4
20001e02:	07b2                	slli	a5,a5,0xc
20001e04:	06d2                	slli	a3,a3,0x14
20001e06:	83b1                	srli	a5,a5,0xc
20001e08:	00f6e5b3          	or	a1,a3,a5
20001e0c:	8082                	ret
20001e0e:	1755                	addi	a4,a4,-11
20001e10:	00e517b3          	sll	a5,a0,a4
20001e14:	4501                	li	a0,0
20001e16:	b7f5                	j	20001e02 <__floatunsidf+0x20>
20001e18:	4781                	li	a5,0
20001e1a:	4681                	li	a3,0
20001e1c:	b7dd                	j	20001e02 <__floatunsidf+0x20>
20001e1e:	0000                	unimp
20001e20:	1170                	addi	a2,sp,172
20001e22:	2000                	.insn	2, 0x2000
20001e24:	10c6                	slli	ra,ra,0x31
20001e26:	2000                	.insn	2, 0x2000
20001e28:	10b0                	addi	a2,sp,104
20001e2a:	2000                	.insn	2, 0x2000
20001e2c:	10c6                	slli	ra,ra,0x31
20001e2e:	2000                	.insn	2, 0x2000
20001e30:	1162                	slli	sp,sp,0x38
20001e32:	2000                	.insn	2, 0x2000
20001e34:	10c6                	slli	ra,ra,0x31
20001e36:	2000                	.insn	2, 0x2000
20001e38:	10b0                	addi	a2,sp,104
20001e3a:	2000                	.insn	2, 0x2000
20001e3c:	1170                	addi	a2,sp,172
20001e3e:	2000                	.insn	2, 0x2000
20001e40:	1170                	addi	a2,sp,172
20001e42:	2000                	.insn	2, 0x2000
20001e44:	1162                	slli	sp,sp,0x38
20001e46:	2000                	.insn	2, 0x2000
20001e48:	10b0                	addi	a2,sp,104
20001e4a:	2000                	.insn	2, 0x2000
20001e4c:	10cc                	addi	a1,sp,100
20001e4e:	2000                	.insn	2, 0x2000
20001e50:	10cc                	addi	a1,sp,100
20001e52:	2000                	.insn	2, 0x2000
20001e54:	10cc                	addi	a1,sp,100
20001e56:	2000                	.insn	2, 0x2000
20001e58:	1162                	slli	sp,sp,0x38
20001e5a:	2000                	.insn	2, 0x2000

20001e5c <__clz_tab>:
20001e5c:	0100 0202 0303 0303 0404 0404 0404 0404     ................
20001e6c:	0505 0505 0505 0505 0505 0505 0505 0505     ................
20001e7c:	0606 0606 0606 0606 0606 0606 0606 0606     ................
20001e8c:	0606 0606 0606 0606 0606 0606 0606 0606     ................
20001e9c:	0707 0707 0707 0707 0707 0707 0707 0707     ................
20001eac:	0707 0707 0707 0707 0707 0707 0707 0707     ................
20001ebc:	0707 0707 0707 0707 0707 0707 0707 0707     ................
20001ecc:	0707 0707 0707 0707 0707 0707 0707 0707     ................
20001edc:	0808 0808 0808 0808 0808 0808 0808 0808     ................
20001eec:	0808 0808 0808 0808 0808 0808 0808 0808     ................
20001efc:	0808 0808 0808 0808 0808 0808 0808 0808     ................
20001f0c:	0808 0808 0808 0808 0808 0808 0808 0808     ................
20001f1c:	0808 0808 0808 0808 0808 0808 0808 0808     ................
20001f2c:	0808 0808 0808 0808 0808 0808 0808 0808     ................
20001f3c:	0808 0808 0808 0808 0808 0808 0808 0808     ................
20001f4c:	0808 0808 0808 0808 0808 0808 0808 0808     ................

20001f5c <irq_handler_chain_slots>:
	...
20001f64:	0000                	unimp
20001f66:	0001                	nop
	...
20001f70:	0000                	unimp
20001f72:	0002                	c.slli64	zero
	...
20001f7c:	0000                	unimp
20001f7e:	00000003          	lb	zero,0(zero) # 0 <next_slot_number-0x5>
	...
20001f8a:	00ff                	.short	0x00ff

20001f8c <irq_handler_chain_first_slot>:
20001f8c:	b842                	.insn	2, 0xb842
20001f8e:	00428093          	addi	ra,t0,4
20001f92:	0002a283          	lw	t0,0(t0)
20001f96:	8282                	jr	t0

20001f98 <irq_handler_chain_remove_tail>:
20001f98:	ff608513          	addi	a0,ra,-10
20001f9c:	effff097          	auipc	ra,0xeffff
20001fa0:	068080e7          	jalr	104(ra) # 10001004 <irq_add_tail_to_free_list>
20001fa4:	be42                	.insn	2, 0xbe42
	...

20001fa8 <default_alarm_pool>:
	...
20001fbc:	2190 2000                                   .!. 

20001fc0 <__VECTOR_TABLE>:
20001fc0:	1a00006f          	j	20002160 <__default_isrs_start>
	...
20001fcc:	1960006f          	j	20002162 <isr_riscv_machine_soft_irq>
	...
20001fdc:	1840006f          	j	20002160 <__default_isrs_start>
	...

20001fec <isr_riscv_machine_external_irq>:
20001fec:	715d                	addi	sp,sp,-80
20001fee:	c006                	sw	ra,0(sp)
20001ff0:	c216                	sw	t0,4(sp)
20001ff2:	c41a                	sw	t1,8(sp)
20001ff4:	c61e                	sw	t2,12(sp)
20001ff6:	c82a                	sw	a0,16(sp)
20001ff8:	ca2e                	sw	a1,20(sp)
20001ffa:	cc32                	sw	a2,24(sp)
20001ffc:	ce36                	sw	a3,28(sp)
20001ffe:	d03a                	sw	a4,32(sp)
20002000:	d23e                	sw	a5,36(sp)
20002002:	d442                	sw	a6,40(sp)
20002004:	d646                	sw	a7,44(sp)
20002006:	d872                	sw	t3,48(sp)
20002008:	da76                	sw	t4,52(sp)
2000200a:	dc7a                	sw	t5,56(sp)
2000200c:	de7e                	sw	t6,60(sp)
2000200e:	34102573          	csrr	a0,mepc
20002012:	300025f3          	csrr	a1,mstatus
20002016:	c0aa                	sw	a0,64(sp)
20002018:	c2ae                	sw	a1,68(sp)

2000201a <save_meicontext>:
2000201a:	be516673          	csrrsi	a2,0xbe5,2
2000201e:	c4b2                	sw	a2,72(sp)

20002020 <get_first_irq>:
20002020:	be40e573          	csrrsi	a0,0xbe4,1
20002024:	02054163          	bltz	a0,20002046 <no_more_irqs>

20002028 <dispatch_irq>:
20002028:	30046073          	csrsi	mstatus,8
2000202c:	200025b7          	lui	a1,0x20002
20002030:	95aa                	add	a1,a1,a0
20002032:	0905a583          	lw	a1,144(a1) # 20002090 <__soft_vector_table>
20002036:	000580e7          	jalr	a1
2000203a:	30047073          	csrci	mstatus,8

2000203e <get_next_irq>:
2000203e:	be40e573          	csrrsi	a0,0xbe4,1
20002042:	fe0553e3          	bgez	a0,20002028 <dispatch_irq>

20002046 <no_more_irqs>:
20002046:	4506                	lw	a0,64(sp)
20002048:	4596                	lw	a1,68(sp)
2000204a:	4626                	lw	a2,72(sp)
2000204c:	34151073          	csrw	mepc,a0
20002050:	30059073          	csrw	mstatus,a1
20002054:	be561073          	csrw	0xbe5,a2
20002058:	4082                	lw	ra,0(sp)
2000205a:	4292                	lw	t0,4(sp)
2000205c:	4322                	lw	t1,8(sp)
2000205e:	43b2                	lw	t2,12(sp)
20002060:	45d2                	lw	a1,20(sp)
20002062:	4662                	lw	a2,24(sp)
20002064:	46f2                	lw	a3,28(sp)
20002066:	5702                	lw	a4,32(sp)
20002068:	5792                	lw	a5,36(sp)
2000206a:	5822                	lw	a6,40(sp)
2000206c:	58b2                	lw	a7,44(sp)
2000206e:	5e42                	lw	t3,48(sp)
20002070:	5ed2                	lw	t4,52(sp)
20002072:	5f62                	lw	t5,56(sp)
20002074:	5ff2                	lw	t6,60(sp)

20002076 <check_irq_before_exit>:
20002076:	be402573          	csrr	a0,0xbe4
2000207a:	fa0550e3          	bgez	a0,2000201a <save_meicontext>
2000207e:	4542                	lw	a0,16(sp)
20002080:	6161                	addi	sp,sp,80
20002082:	30200073          	mret
	...

20002090 <__soft_vector_table>:
20002090:	2164                	.insn	2, 0x2164
20002092:	2000                	.insn	2, 0x2000
20002094:	2164                	.insn	2, 0x2164
20002096:	2000                	.insn	2, 0x2000
20002098:	2164                	.insn	2, 0x2164
2000209a:	2000                	.insn	2, 0x2000
2000209c:	2164                	.insn	2, 0x2164
2000209e:	2000                	.insn	2, 0x2000
200020a0:	2164                	.insn	2, 0x2164
200020a2:	2000                	.insn	2, 0x2000
200020a4:	2164                	.insn	2, 0x2164
200020a6:	2000                	.insn	2, 0x2000
200020a8:	2164                	.insn	2, 0x2164
200020aa:	2000                	.insn	2, 0x2000
200020ac:	2164                	.insn	2, 0x2164
200020ae:	2000                	.insn	2, 0x2000
200020b0:	2164                	.insn	2, 0x2164
200020b2:	2000                	.insn	2, 0x2000
200020b4:	2164                	.insn	2, 0x2164
200020b6:	2000                	.insn	2, 0x2000
200020b8:	2164                	.insn	2, 0x2164
200020ba:	2000                	.insn	2, 0x2000
200020bc:	2164                	.insn	2, 0x2164
200020be:	2000                	.insn	2, 0x2000
200020c0:	2164                	.insn	2, 0x2164
200020c2:	2000                	.insn	2, 0x2000
200020c4:	2164                	.insn	2, 0x2164
200020c6:	2000                	.insn	2, 0x2000
200020c8:	2164                	.insn	2, 0x2164
200020ca:	2000                	.insn	2, 0x2000
200020cc:	2164                	.insn	2, 0x2164
200020ce:	2000                	.insn	2, 0x2000
200020d0:	2164                	.insn	2, 0x2164
200020d2:	2000                	.insn	2, 0x2000
200020d4:	2164                	.insn	2, 0x2164
200020d6:	2000                	.insn	2, 0x2000
200020d8:	2164                	.insn	2, 0x2164
200020da:	2000                	.insn	2, 0x2000
200020dc:	2164                	.insn	2, 0x2164
200020de:	2000                	.insn	2, 0x2000
200020e0:	2164                	.insn	2, 0x2164
200020e2:	2000                	.insn	2, 0x2000
200020e4:	2164                	.insn	2, 0x2164
200020e6:	2000                	.insn	2, 0x2000
200020e8:	2164                	.insn	2, 0x2164
200020ea:	2000                	.insn	2, 0x2000
200020ec:	2164                	.insn	2, 0x2164
200020ee:	2000                	.insn	2, 0x2000
200020f0:	2164                	.insn	2, 0x2164
200020f2:	2000                	.insn	2, 0x2000
200020f4:	2164                	.insn	2, 0x2164
200020f6:	2000                	.insn	2, 0x2000
200020f8:	2164                	.insn	2, 0x2164
200020fa:	2000                	.insn	2, 0x2000
200020fc:	2164                	.insn	2, 0x2164
200020fe:	2000                	.insn	2, 0x2000
20002100:	2164                	.insn	2, 0x2164
20002102:	2000                	.insn	2, 0x2000
20002104:	2164                	.insn	2, 0x2164
20002106:	2000                	.insn	2, 0x2000
20002108:	2164                	.insn	2, 0x2164
2000210a:	2000                	.insn	2, 0x2000
2000210c:	2164                	.insn	2, 0x2164
2000210e:	2000                	.insn	2, 0x2000
20002110:	2164                	.insn	2, 0x2164
20002112:	2000                	.insn	2, 0x2000
20002114:	2164                	.insn	2, 0x2164
20002116:	2000                	.insn	2, 0x2000
20002118:	2164                	.insn	2, 0x2164
2000211a:	2000                	.insn	2, 0x2000
2000211c:	2164                	.insn	2, 0x2164
2000211e:	2000                	.insn	2, 0x2000
20002120:	2164                	.insn	2, 0x2164
20002122:	2000                	.insn	2, 0x2000
20002124:	2164                	.insn	2, 0x2164
20002126:	2000                	.insn	2, 0x2000
20002128:	2164                	.insn	2, 0x2164
2000212a:	2000                	.insn	2, 0x2000
2000212c:	2164                	.insn	2, 0x2164
2000212e:	2000                	.insn	2, 0x2000
20002130:	2164                	.insn	2, 0x2164
20002132:	2000                	.insn	2, 0x2000
20002134:	2164                	.insn	2, 0x2164
20002136:	2000                	.insn	2, 0x2000
20002138:	2164                	.insn	2, 0x2164
2000213a:	2000                	.insn	2, 0x2000
2000213c:	2164                	.insn	2, 0x2164
2000213e:	2000                	.insn	2, 0x2000
20002140:	2164                	.insn	2, 0x2164
20002142:	2000                	.insn	2, 0x2000
20002144:	2164                	.insn	2, 0x2164
20002146:	2000                	.insn	2, 0x2000
20002148:	2164                	.insn	2, 0x2164
2000214a:	2000                	.insn	2, 0x2000
2000214c:	2164                	.insn	2, 0x2164
2000214e:	2000                	.insn	2, 0x2000
20002150:	2164                	.insn	2, 0x2164
20002152:	2000                	.insn	2, 0x2000
20002154:	2164                	.insn	2, 0x2164
20002156:	2000                	.insn	2, 0x2000
20002158:	2164                	.insn	2, 0x2164
2000215a:	2000                	.insn	2, 0x2000
2000215c:	2164                	.insn	2, 0x2164
2000215e:	2000                	.insn	2, 0x2000

20002160 <__default_isrs_start>:
20002160:	9002                	ebreak

20002162 <isr_riscv_machine_soft_irq>:
20002162:	9002                	ebreak

20002164 <__unhandled_user_irq>:
20002164:	8109                	srli	a0,a0,0x2
20002166:	9002                	ebreak

20002168 <stdio_uart>:
20002168:	3cf0 1000 3ddc 1000 3d3a 1000 3de8 1000     .<...=..:=...=..
20002178:	0000 0000 0100 0000                         ........

20002180 <striped_spin_lock_num>:
20002180:	0010 0000                                   ....

20002184 <print_mutex>:
	...
