:020000041000EA
:10000000F2EB887194C40410C0C40410A80000105E
:1000100090A31AE7D3DEFFFF420101114403000061
:100020003600001000200820FF0400004C320500BC
:10003000793512AB79A897910010938121981721F7
:100040000810130121FC176500101305B547731044
:100050005530732540F135ED1707000013070705EC
:100060000C4391C55043144731071D28D5BF9775E0
:100070000010938525D3178600101306A62521A00E
:1000800023A005009105E39DC5FEEF40100B592804
:10009000EF4030070290FDBF884108C2910511066C
:1000A000E36CD6FE82800100C0C404100000002072
:1000B000A06D00206032051000000820000008201C
:1000C0006032051000100820001008200000000019
:1000D000828021651305C5DF028552B83774002080
:1000E000834704F299EF9307000089CB371501107D
:1000F000130505BB97000000E700000085472300BB
:10010000F4F252BE9307000089CFB775002037156F
:100110000110938545F2130505BB17030000670026
:1001200000008280597186D6EF70707CA2D4A6D26E
:10013000CAD0CECED2CCD6CADAC8DEC6E2C40DC989
:10014000B777002083A747D937170110371601105A
:10015000C847B7150110130707BB130606BC9385E4
:1001600005C193065002EFB080277D55EF406079BE
:10017000EF108010054A370900D00146D2850145AD
:1001800023204905EF10200B852301458145EF0011
:1001900030481307F00A9307D00C9308A005130802
:1001A000E006130630079306500A8A850808B71A36
:1001B000030046D046C83AD23ADA3ACA3AC242D4E2
:1001C00042CC3ED63EDE3ECE3EC632D832C036DCD3
:1001D00036C4938AFAD3C520B7890020378B002014
:1001E000EF20C06A23AEB18023ACA180512283A549
:1001F000C181AA8B03A58181EF00B0692A8C81455A
:100200000145C9210327490083C70181058B05C129
:1002100059EB03A5818183A5C18199E723A0A91C7E
:1002200023A6B18023884181EF00903E55BF0DE7A2
:1002300099EB03A7818183A7C1812388418123A0F2
:10024000E91C23A6F18063940B00E30B0CF803A5D3
:10025000818183A5C181C9BFFDD783A7818103A700
:10026000091C83A6C18103A6C1803387E740238888
:100270000180B3B7E700918E6394F600E3F5EAFCE2
:1002800083278B1B850713D7F74179833385E700D5
:100290000D89198D232CAB1AEF00F06D03A5818118
:1002A00083A5C18151B7C5D703A5818183A5C1812C
:1002B0002388018095BF832F0500032F4500832EDF
:1002C0008500032EC50003A3050083A8450003A8ED
:1002D0008500C8454111B787002006C6938787155A
:1002E00037870020130787D423A0670023A21701B4
:1002F00023A40701C8C7014881472320F70123220F
:10030000E7012324D7012326C70123ACF18223AEC2
:10031000018323AA018223800184EF70D033FD453D
:100320006945EF00506E014681456945EF00B070A8
:1003300081456945EF001072FD456D45EF00B06CD9
:10034000014681456D45EF00106F81456D45EF0019
:1003500070705145EF005072B240B70700D03707B8
:100360001000B8C301468545514541016F00B06C8E
:1003700003C701842A861DC383A7818383A6C18303
:10038000B307F540B386D5403335F5006393A6181F
:10039000B7564C00938606B463EDF616B70700D047
:1003A00003A34700131EB30003C5018383A8418341
:1003B000634E0E0E01E9854623A4C18223A6B182B5
:1003C0002388D182014537070A401C433D63B71695
:1003D0000A40B3F767009CC2B7270A40914694C30E
:1003E0001C4393F70710EDDF54431C433D6337175D
:1003F0000A409397C768B3F767001CC31147B72734
:100400000A4098C337070A401C4393F70710EDDFF3
:100410005C4393870780939757606395080C138715
:1004200006801317576093088070894663CFE800F1
:100430009308800C854663CAE8009306808F634169
:10044000D722132787F3B306E04013078070634574
:10045000F7161307800C6340F70E1307808F63C3F2
:10046000E720130780F363C7E724D5CA0147B777AE
:100470000020938787D583A80700C843C6962A978C
:1004800063C9060A1305F00EB3C6A60A94C36340F7
:10049000070A9306F00E3347D70A0545D8C32380D1
:1004A000A18423ACC18223AEB18285A801DD23885B
:1004B000018283A7818203A3C182B307F6403383FD
:1004C0006540333EF600630DC3056389080E23AA19
:1004D0000182814805472380E18423ACC18223AE99
:1004E000B182D5B51307C05D6345F70A1307401FF6
:1004F0006345F704130740A263C8E7161307C0E07B
:1005000063C7E7188146014723A0D18223A2E18275
:1005100082802380018423AA018205458280828013
:10052000371303001303F3D3E37EF3E879BF0147E6
:10053000ADB78146A1BF05471DBF03A7018283A6B2
:1005400041823307E6403338E600B386D5406398EE
:100550000601B7A607009386F61163FCE60E054573
:10056000011106CE05472EC632C43EC26384E80E92
:10057000EF00B045B24522469247F24023A0C18227
:1005800023A2B18223ACC18223AEB18205450561AD
:10059000828003A7018283A641823307E640333875
:1005A000E600B386D540E39C06FBB756020093866F
:1005B000F69EE3E6E6FA8280094755BDE30B07F0B5
:1005C000B7770020B7880020938787D5938888D491
:1005D00083AE070003A7880003A3080003AE47000B
:1005E00083A748003327D70133A36E0013371700C2
:1005F00013331300B327FE003377670093B7170058
:10060000F98F89C783A7C80063DAC70BB7880020B2
:100610009388881503A7080003A3880083A74800D0
:1006200033A7EE003323D30113371700133313001E
:10063000B327FE003377670093B71700F98FE38A7B
:1006400007E883A7C800E3C6C7E9894823AA11833E
:1006500051B58280EF00303492472246B24531BF17
:10066000F956E5B3795721B503A7018283A64182E4
:100670003307E6403338E600B386D540639E060371
:10068000B75602009386F69E63E8E602828003A7CF
:10069000018283A641823307E6403338E600B38601
:1006A000D540639B0601B7A607009386F61163E564
:1006B000E60082807D5765BB7D555DB5854823AAE0
:1006C000118309BD11C9B7770020138787D5584317
:1006D00083A787D558C11CC189C583C701842380DE
:1006E000F50003A5418382805971014586D6A2D4C5
:1006F000A6D2CAD0CECED2CCD6CADAC8DEC6E2C422
:10070000E6C2EAC06EDEEF70303171651305052078
:100710008545EF20007F23A2A1846303056C1306A7
:10072000000FB28501478146378A8080B709FFFEF6
:10073000EF80C075130A1A089389F9EF7D59930465
:1007400080072944B3072041B367F90AB3C7F720EC
:1007500086071387170093155700B386E540B3B596
:10076000D500ED838D8F13166700B697B308E6406A
:100770001358A70133B7D70033361601BA9733BEE3
:1007800047033308C8404698333718013A983386F0
:10079000244193058007334606082E8501473333ED
:1007A0004803135E7E00931E8E00338ECE41B387C6
:1007B000C7419D8E05099357730013938700B307B4
:1007C000F3403308F840B3870841B3863603B38754
:1007D00037031398B6009607B3E70701DD8EB3C65B
:1007E0000608EF80B046E31F89F4B7C6041083AB58
:1007F000862703ABC627B7C70410B7C6041003A7E4
:10080000072703A6062883A7472783A64628014A69
:10081000814A32CC36CE3A89BA8C3A8CBA89BE84B7
:100820003EC03EC43EC85ED05AD25ED45AD6D28DA7
:10083000568D0144C1A8228597400010E780E0A2B0
:100840006246F24697300010E780E0F7B7C7041021
:1008500003A6872883A6C72897300010E780A0F654
:10086000B7C7041003A6072983A6472997300010AD
:10087000E780808C2A8AAE8A97000010E780406B60
:10088000025692562A8BAE8B97300010E780A0F369
:1008900097000010E7800071AA8D2E8D5285D685B5
:1008A00097000010E78080612256B2562A8AAE8AED
:1008B00097300010E78020F197000010E780806EED
:1008C0002A87AE874A86A6865A85DE853E8BBA8BF6
:1008D00097300010E78020EF97000010E780806CD1
:1008E0002A87AE874A86A6865285D6853A8ABE8AE8
:1008F00097300010E78020ED97000010E780806AB5
:100900002A87AE873A854A86A686BE85972000103C
:10091000E780A02A97400010E78040898246AA8796
:1009200066865285D68533CA070897200010E7806F
:10093000C02897400010E7806087A2466286B34ACD
:100940000508DA855E8597200010E780002797402C
:100950000010E780A085C2464E86334B0508EA8525
:100960006E8597200010E780402597400010E780B3
:10097000E0834167D2865686DA85334505087D17C0
:10098000EF80A06B0504B147E317F4EA37190110B3
:1009900037940410B78A8080370AFFFEB79488889E
:1009A000130949C213044402938A1A08130AFAEF7E
:1009B000938494888149834619008347090003473B
:1009C0002900034539009386F6FD1307F7FD938749
:1009D000F7FD13D646409355274092068A07D18FDC
:1009E000D58D1A071305F5FDB3E6B700598D13979A
:1009F00046601375F50F110901E7130715F079C368
:100A000093F7F70F13965700B307F6403336F60007
:100A10003386C7403338F6004296B338560393F511
:100A2000F50F93966500B385B6401317550033054F
:100A3000A740B3B6B600B386D5403337A70033B866
:100A4000B6003307E540C29693D878003338A70044
:100A500042971393880033B85603B3081341330603
:100A60001641918F33365703135878009318880036
:100A700033880841B3860641B386D5401D82B3B59D
:100A80009902131886003306C840118F3307E540DA
:100A9000B38747039D81139545000D8D120533855E
:100AA000A94033450508B3C50508B3864603139628
:100AB000B700330747039606558E598E334606080E
:100AC000EF8080478509E31889EEEF800040B78703
:100AD0000020938787B11307600E98C31307800720
:100AE000D8C3938B8700B7C7041083ACC72803AC67
:100AF0008728B7C7041083A9472903A90729B7C6C0
:100B00000410B7C7041037C7041003A4072783A431
:100B1000472703A8C62983A78629032D072A832DE3
:100B2000472A66C64ECA3EC042C262C4DE8C4AC86C
:100B300085494E8597300010E78020730246924623
:100B40008509A10C97300010E780E0C72246B24625
:100B500097300010E78020C74246D2469720001009
:100B6000E780805D2A8AAE8A97000010E780003512
:100B70006A86EE8697300010E780E0C49700001088
:100B8000E78040422A8BAE8B5285D68597000010B5
:100B9000E780003A6A86EE8697300010E780A0C2B0
:100BA00097000010E78000402286A6862A8AAE8A37
:100BB0005A85DE8597200010E780200097300010CE
:100BC000E780C05E23ACACFE2286A6865285D68521
:100BD00097200010E78060FE97300010E780005DEE
:100BE00023AEACFE9307C003E395F9F4B78700206A
:100BF000938787931307200D98C313078007D8C3E3
:100C000037C70410032D872A832DC72A938C8700AA
:100C100085494E8597300010E78020650246924650
:100C20008509A10C97300010E780E0B92246B24652
:100C300097300010E78020B94246D2469720001036
:100C4000E780804F2A8AAE8A97000010E78000274D
:100C50006A86EE8697300010E780E0B697000010B5
:100C6000E78040342A8BAE8B5285D68597000010E2
:100C7000E780002C6A86EE8697300010E780A0B4EB
:100C800097000010E78000322286A6862A8AAE8A64
:100C90005A85DE8597200010E78020F297300010FB
:100CA000E780C05023ACACFE2286A6865285D6854E
:100CB00097200010E78060F097300010E780004F29
:100CC00023AEACFE9307C003E395F9F4B777002099
:100CD000938787631307E00B98C3B7C60410130705
:100CE0008007D8C303A8462B37C70410938C87000E
:100CF00083A7062B032D872B832DC72B3EC042C213
:100D000085494E8597300010E7802056024692466E
:100D10008509A10C97300010E780E0AA2246B24670
:100D200097300010E78020AA4246D2469720001054
:100D3000E78080402A8AAE8A97000010E78000187A
:100D40006A86EE8697300010E780E0A797000010D3
:100D5000E78040252A8BAE8B5285D6859700001000
:100D6000E780001D6A86EE8697300010E780A0A518
:100D700097000010E78000232286A6862A8AAE8A82
:100D80005A85DE8597200010E78020E39730001019
:100D9000E780C04123ACACFE2286A6865285D6856C
:100DA00097200010E78060E197300010E780004056
:100DB00023AEACFE93070006E395F9F42654B65033
:100DC00096540659F649664AD64A464BB64B264CC7
:100DD000964C064DF25D03A5418465616F705037F6
:100DE000B777002083A747D93797041037960410A8
:100DF000C847B7150110130787021306060393852A
:100E000005C19306A004EFA0805D7D55EF30702FE3
:100E10001D7150100C10680886CEA2CCA6CACAC894
:100E2000CEC63926EF80200F9305B1012810EFF0D0
:100E30007F898347B1012A846396071E8547630F24
:100E4000F41C1307007E8947BA896307F41CF24635
:100E500037990410130649080818C1453AC6EF30FF
:100E600070153247C1643774002010189387F4FF5F
:100E7000930644D89305400B1305E004EF905018F7
:100E80009387F4FF379604103E87930644D81306E1
:100E900086089305400B13050007EF9070168256E5
:100EA000130649080818C145EF30D0104E87930645
:100EB00044D89387F4FF10189305400B13051008CE
:100EC000EF90101472468258B7B6AA2A9386B6AA33
:100ED000B317D6023794888892081304948813575E
:100EE000F64113DEF8413773002013038363930543
:100EF00080072E85339888028587998FB3A7F720BE
:100F00008A071D8E1307007E954746981358684040
:100F10003308C8413366062113068604B316D60289
:100F20001358F6419186B3860641B3A6D62096069D
:100F3000B306D64033E666208356460003560600C5
:100F4000EF80802C0256B788002093888893130680
:100F5000D602B31686021358F641930580072E85F4
:100F60008D471307007EB2969586B3860641139887
:100F70004600B306D8408A06B306D64033E61621AB
:100F80008356460003560600EF80002892563788A5
:100F90000020130888B19386D6023394860213D6B4
:100FA000F64193058007138704802E853694935766
:100FB0005440918F13964700B307F6408A07B387D2
:100FC000F640B3E7072183D6470003D60700EF803A
:100FD000C0065D2037960410AA861306C6080818B6
:100FE000C145EF30207D9387F4FFB77600201018BD
:100FF0003E879386C6D79305D00C1305C006EF90A5
:10100000300003A54184EF70B014F6406644D64426
:101010004649B64925618280FD4915BD7D47930942
:10102000007E35B5225515498356C1029304B00E92
:101030003346950A3365250B4A966D154167B6858B
:10104000334606083345050813070780EF70F07E26
:10105000B255035681024167B3C6950AB3E5250B25
:10106000CA96ED15B3C60608B3C505083285130741
:101070000780EF70907CD9B303A78184B767002005
:101080009387C7383345E7203325E5203345F520DE
:10109000828083A7018503A64185B3E6C70099E650
:1010A00023A8A18423AAB18401458280B306F54018
:1010B000918D3335D5006386A506B7460F0093861C
:1010C0000624BE9683A5C185B3B7F600B29723AABE
:1010D000F18423A8D184938715001307B0036346D6
:1010E000F70023AEF18405458280B776002083A700
:1010F00046D623AE018485076352F70223A206D6A3
:10110000B776002083A706D60545850713A7870174
:101110003307E040F98F23A0F6D6828023A2F6D6CB
:10112000D9B7B7450F009385F523E3E8D5F8ADBFF0
:101130003777002083A68185032707D6B7B7AA2A69
:101140009387B7AA3697B317F7029356F741898763
:10115000958FB3A7F7208E07B307F74063D3070037
:10116000E10737770020832647D603A7C1851CC136
:1011700094C118C28280B347A520376700201307A7
:10118000C738B3A7A720B3C7E720985723A4A184E3
:1011900023ACE184828037770020832607D6B7B757
:1011A000AA2A9387B7AA3695B317F5029356F54145
:1011B0008987958FB3A7F7208E07B307F54063D3D0
:1011C0000700E1072320F7D68280B776002003A727
:1011D00046D6B7978888938797883A95B317F502CC
:1011E0001357F541AA979587998F13974700B3072F
:1011F000F7408A07B307F54063D407009387C70316
:1012000023A2F6D68280B78703409107B347F52023
:1012100098438566BE96134707041377070C3786F5
:10122000024098C23365C5200D67BA974CC11307B9
:10123000001098C38280B787034091073345F5209B
:101240001C418E050A064D8E3D8E8567318A3E957E
:1012500010C18280B787034091073345F52099C5B7
:1012600089673E95930700041CC182808D673E9577
:10127000930700041CC18280B316A028370700D052
:10128000B787034034C3910714D3B347F52098437D
:101290008566BE96134707041377070C378602400E
:1012A00098C23365C52015478D6658C1B697130798
:1012B000001098C3828039713793041022CC2A849D
:1012C0001305030906CE2ED232D436D63AD83EDAEA
:1012D00042DC46DEEF30F01C01CC4C1022852EC6DD
:1012E000EF308054379504101305050AEF30701B5A
:1012F0000545EF304058F3760430B77700209387E8
:101300003724139737003317E028F19B2FA8E744C1
:101310003378E800E31C08FE0F00300393D7350054
:101320003E950347050093F77500B317F02833780F
:10133000F700631108025D8F2300E5000F00300302
:10134000B777002093878723A3850700A18A73A01E
:10135000063082804111328506C6B13F737E04306B
:10136000B777002093873724139837003318002964
:10137000F19BAFA80745B3F80801E39C08FE0F00F6
:10138000300363F6C60015A8050663E8C602935746
:101390003600AA9783C8070013787600331800290F
:1013A00033F30801E31203FEB3E808019356F60194
:1013B000328523801701F58D11A07D550F00300374
:1013C000B777002093878723A3850700137E8E00BD
:1013D00073200E3091E1828041113A8506C6E13DCD
:1013E00037770020034587D6DD469307150093F72E
:1013F000F70F63F3F600C1472304F7D68280AA856E
:10140000379704101307470A13850186FD46614686
:10141000B1B7B77600209386862381471306000272
:101420000F0030033387F600230007008507E39998
:10143000C7FE828081463D481D459305400393F7D2
:1014400036008A073317F80013D626004207518F5B
:10145000733037BEB317F500C207D18F73A037BE04
:101460008506E39EB6FC7360043082809357550076
:1014700086073315A028C176E98E13871700420529
:10148000558F5D8D91C9733025BE733027BE732093
:1014900005BE732007BE8280733005BE733007BE61
:1014A000828093574500F3A707BEC1833D8933D59A
:1014B000A74882809377F500B317F0281181C207FF
:1014C000C98F73A027BE8280F3275030F19B33452C
:1014D000F5200325050DB76700209387C7431D8DB1
:1014E000133505038280011106CE73770430B77778
:1014F00000209387172493963700B316D028F19BCA
:101500002FA6D744758E6DFE0F003003F3275030A1
:1015100013054503F19BB347F52094436380D5023F
:10152000B767002093874766638AF6002EC62AC4F1
:101530003AC2EF10207EB24522451247F3275030C1
:10154000F19B3345F5200CC10F0030030F00300331
:10155000B777002093878723A3840700218B73200C
:101560000730F24005618280797106D673780430C5
:10157000B777002093871724139737003317E02895
:10158000F19BAFA6E744F98EEDFE0F003003038315
:1015900041866343032AB7680020B32763209388FA
:1015A000C84333CE17218346AE0093922700931E83
:1015B00013002382D186F327503013054503F19B96
:1015C000B347F52003AF07009307F00233071F412D
:1015D00063E9E71C8347BF00FA8F6360F610A30539
:1015E000CE00376600201306C6463306C6412322C6
:1015F000BE00B706100093159600B7FE0F00F58DDC
:10160000B37ED60193878200B386F800B3E7D50195
:10161000B7B5AAAA9385B5AA09873307B7021353AA
:1016200046017E031376E67FB306DF40B3E767002B
:1016300052065D8E05639397160093D836009395F6
:1016400076001366F62E93F84800B3F76700931EF2
:10165000B0282320CE002305EE00B3E7170133F7AF
:10166000D5019395160003264F00D98F93F5056099
:1016700013D72600CD8F1377071093981600D98FB4
:1016800093D5160093F8080813171600B3E717014F
:1016900093F505048A0693F6860333776700CD8FAA
:1016A0003297D58FE9768506137707805206131790
:1016B000B748D58F1366760E2314FE001367770B99
:1016C0001316F6282320EF002322CF00728F2DAAB5
:1016D00083C6B700637FD616BE8F0387AF00B327DC
:1016E000E720B3C71721E35507FE939315008567DD
:1016F000B3F3F300AE9393F30380D2059393B3480F
:1017000093E5750EB16293E3730B9395F52893827D
:1017100022E493868F00B306DE409A9EB3CE1E214C
:10172000939716008568B3F7170193D8360093F89E
:10173000480023856F00B3E717011313B02893986F
:101740007600B3F8680013931600B3E7170113731C
:10175000036093D82600B3E7670093F8081013934B
:101760001600B3E717011373030893D81600B3E705
:10177000670093F808048A0693F68603B3E7170117
:10178000D58FE9768506D58F2394FF0023A07E00B0
:1017900023A2BE0023945E002385EE00A385CE0025
:1017A000A5A0B7670020938747666310FF1AB76745
:1017B00000209387C746B387C74113979700B706A2
:1017C000100037FF0F0033FFE701758F93D64701F5
:1017D0003367E701FE0693F7E77F558FD207D98F6E
:1017E000769371773343132193E7F72E130727E49A
:1017F000FD562322B300A305C300728F2320F300FC
:101800002314E3002305D300F3275030F19B334525
:10181000F5202320E5010F0030030F003003B777D8
:10182000002093878723A384070013788800732000
:101830000830B2504561828032C82EC62AC442C2E6
:10184000EF10404D038341864246B245224512487F
:1018500099B383D38F0093878200C6979392330006
:1018600093868F0093F20202B387F640969793D245
:10187000130022D413F40204A297139413001374D8
:101880000408A297139423004AD093F202302289CD
:10189000969713D4230093D27300937309409E97B5
:1018A00093F202019373E400B3E272009313B02841
:1018B0009697B3727400B38757401394770026D27B
:1018C00093921700B3747400056493D33700B3F296
:1018D000820093F34300B3E2720093931700B3E2E4
:1018E000920093F3036093D42700B3E2720093F461
:1018F000041093931700B3E2920093F30308B3E24A
:1019000072009393150093D41700B3F38300AE9342
:1019100013F404048A07B3E2820093F7870369741F
:1019200093F30380D205B3E7F2009393B348930295
:10193000140093E5750E225492540259B3E25700F5
:1019400093E3730B9395F528F9B332CE2ECC76CA78
:101950002AC842C672C41AC2EF10C03BB767002043
:101960007246E245D24E42453248224E1243938897
:10197000C74335BD797106D6737E0430B777002032
:1019800093871724139737003317E028F19BAFA6EE
:10199000E744F98EEDFE0F003003F3275030F19B42
:1019A000930F4503B3C7FF2003A807003767002044
:1019B000930E47666300D80B630EB808376F00209C
:1019C000130FCF433307E8419307F00263E5E708BD
:1019D00022D493574500F3A707BE9372F50033173F
:1019E000A02893585500C183931307018608B312AA
:1019F0005028B3F2F200B3E3130173B003BEC17712
:101A00007D8F8508B3E8E80073B008BE0F0030038F
:101A1000F32750BE1397070101446350071CC28788
:101A200001439843D4431376870013770780131735
:101A3000B74813D5464119E2B306A7006385D5041C
:101A40000387A7003E83B327E720634C0716B3C77D
:101A5000E721C1BF7688F3275030F19BB3C7FF2041
:101A600023A007010F0030030F003003B7770020D9
:101A700093878723A384070093778E0073A0073092
:101A8000B250456182800386A700634E0618332753
:101A9000C6203347E7211443584393F5860099E560
:101AA00093F606809396B64851873697638307036B
:101AB000931617008565ED8EBA9693F60680939679
:101AC000B648520793E6760B1367770E94C3131745
:101AD000F728B326C62033C5E6210343B500939506
:101AE0002600D8C3A38567008306A50031671307C6
:101AF00027E42385D70063CA060A83568500A1051B
:101B0000FA9513D51600139736001373050413774F
:101B10000702336767001383870033076740139317
:101B2000160013730308137505301A9713932600D4
:101B30002A971373034013D526009D821A97C18AF2
:101B40001373E500B3E6660036971313B0282E979B
:101B500033756500098F931617008565ED8E9355D3
:101B6000370013157700918933756500CD8E931575
:101B70001700C98E93F5056013552700CD8E137598
:101B8000051093151700C98E93F505081355170016
:101B9000CD8E137505049315270033E7A60093F641
:101BA0008503558FE9768506558F03C54186B32693
:101BB000C6202394E700B3C7E6212382C18623858C
:101BC000A700638C020473B023BE73B028BE73A059
:101BD00003BE73A008BE2254BDBD918393F7F71FC7
:101BE00013844703E30DF5E22ECE7ECC72CA46C8BD
:101BF0001EC616C442C2EF10E011B7670020938ED4
:101C00004766B76700201248A242B243C248524E0C
:101C1000E24FF245138FC74319B573B003BE73B0DB
:101C200008BE22540DBD0DEC6302030A7177130741
:101C300027E4FD562314E3002305D3003387E7414F
:101C4000B7B6AAAA9386B6AA09873307D70203C6EE
:101C500041862385C7002382E186E38002FCA5B785
:101C6000B76600201387870093868647998E13975F
:101C700016000566718F13D63600118A518F9315A1
:101C8000B028139676006D8E93951600518F93F5BC
:101C9000056013D626004D8F137606109395160017
:101CA000518F93F5050813D616004D8F1376060451
:101CB0008A06518F93F68603558F13671700131703
:101CC000D7282394E700E38A02F4F5BD7688BDB7F0
:101CD000F32750BE1397070181456349070091839D
:101CE00093F7F71F93874703939527007376043084
:101CF000B777002093871724139737003317E0280E
:101D0000F19BAFA6E744F98EEDFE0F003003376775
:101D100000201307C743B307E540B7B6AAAA9386C6
:101D2000B6AA8987B387D70293974760F3265030C6
:101D3000F19AAE9694426384A6048306A700638A50
:101D4000F604830667016384F6068306270263822E
:101D5000F6068306E7026380F60683C64186238281
:101D6000F1862305D5000F003003B7770020938755
:101D70008723A3840700218A73200630828073277B
:101D80005030B7660020719B2E979386466614C329
:101D9000E9B78146B3A6D620B3C6E62071777D5851
:101DA000130727E4238506012394E6007DB78546C3
:101DB000D5B78946C5B78D46F1BFAA8537970410B8
:101DC00041111307070C138551869546014606C637
:101DD000EFF0CFD863460500930730033385A74063
:101DE000B24041018280B777002093878723AE9766
:101DF0001CC18280011122CC26CA37740020B7741E
:101E0000002006CE130484D9938404DA6377940205
:101E10004AC84EC61309F00FFD591C4085C7EFF0A4
:101E20002FDCAA852285C137231224010F0030033D
:101E30002104E36494FE4249B249F2406244D24430
:101E400005618280EFF0CFD9AA852285693F230200
:101E500034010F0030032104E36194FCE9BF411118
:101E600006C622C42A84EFF0AFD7AA852285A53FF3
:101E7000FD572302F4000F003003B2402244410119
:101E80008280411122C42A84054506C6EFF02FD76F
:101E9000B777002093878723AA971CC00F003003D1
:101EA000B240224441018280B77700209387872384
:101EB000AE971CC10F003003828083A781867377A1
:101EC0000430139637003316C028F19BAFA5C744E2
:101ED000F18DEDFD0F00300383A781860F003003E5
:101EE000238007009377870073A00730332010000A
:101EF000014581458280397106DE22DC26DA4AD826
:101F00004ED652D456D25AD05ECE62CC66CA6AC879
:101F1000F32750BE139707016349073213D94700CF
:101F20009377C91F13793900B3192029B70B0B40D8
:101F30006399073437870020B3C727211307871613
:101F4000B3C7E72083AA07008D6793874704DE970E
:101F5000372A001023A03701130A6AEF7D54FD547D
:101F6000039B8A0023AE3B0363580B0883D74A00C8
:101F70009397576063DE071483C76A006397071E51
:101F8000039B8A0063470B0403A74A01332B6B2191
:101F9000FD57336BEB20032C8B00032BCB0063032B
:101FA000FC2AB346792103A78B029C4A3306EC40F6
:101FB000998F6360F60483A70B02B3D7274995CBAB
:101FC0005E85EF00B00B63C66501E31BBBF8E379E8
:101FD00085F933201000F2506254D2544259B2595C
:101FE000225A925A025BF24B624CD24C424D216112
:101FF000828023A88601E9B783A74A01332C6B218D
:102000005E85336CFC20832CCC00032D8C00EF000C
:10201000F006E3CD95F56383BC1C63C50C1C8327D8
:102020000C0183254C016385472503978A000355DE
:102030002C004207598D82972E87AA87B3E6E700C6
:102040006382061A63590720B306FD40333DDD0065
:10205000B387EC40B387A74103170C002324DC00AF
:102060002326FC00E34407F003A84A013325E720B8
:1020700013161700336505214C4583288500E3C7F7
:10208000B7EE6394F500E3E316EF2394EA001385BB
:102090008A0031A0832886004C46131617003A9612
:1020A00063CEB7006383F51E336506210317050071
:1020B0003326E72033660621E35E07FC2310EC009D
:1020C0002310650183D74A0093975760E3C607EA58
:1020D00083A70A017377043093963700B316D0288C
:1020E000F19B2FA6D744758E6DFE0F00300383D869
:1020F0004A00FD572392FA009398586083A70A017B
:102100000F003003238007009377870073A0073008
:10211000E3C408E603A54A0103978A0033A81821FF
:102120003368A82093858A0063450702032388004B
:102130000326C80001A8638BC60E03970700BE855F
:1021400063490700B327E720B3E7A720D447E35448
:10215000D6FE23901501831808002310E800E3DD64
:1021600008FA83C76A00E38D07E023830A00039B14
:102170008A00FD555A87E30EBBE403A54A01B32745
:10218000E7203A86B3E7A72083D627000397070006
:1021900013888A009396566063C206023E88E30362
:1021A000B7DEB327E720B3E7A72083D627003A8618
:1021B0000397070093965660E3D206FE80C7C4C714
:1021C000E30FCBFC2310E80083D68A00328B2390E8
:1021D000D7002394CA00E316B7FC6DB3E368A5D912
:1021E000E3DF0CE203570C0083A70A012394EA0003
:1021F0007377043093963700B316D028F19B2FA63F
:10220000D744758E6DFE0F00300383D62A0083A756
:102210000A012310DC0023916A010F0030032380A0
:1022200007009377870073A0073089B39447E3765C
:10223000D3F023901501831808002310E800E3DD94
:1022400008EC05B7E31F8BD5A5BB8549CE870149AF
:10225000B78B0B40C5B15E853AC63EC40525A24783
:102260003247B306F500B3B7A600BA95AE97EDB303
:102270009C492E852EC4829735D5A2459C41D841D4
:1022800075BB8547B78B0B4075B1E3FF16E13DB5D4
:10229000B767002093878748984B09C713858186C5
:1022A000A94591B641118D4537050B4006C622C49C
:1022B000452B376400209307844837080B4023A63A
:1022C0000701EFF0EF9193078448AA850D4523801D
:1022D000A700370700D003230700B7760020D84BAC
:1022E0009386862337061100AE967D16BD4894CBA3
:1022F000A380670090C723911701FD5509439148BA
:10230000154699462392B70023146704231C170728
:102310002318C7082314D70A9D42A146A54F294F69
:10232000AD4E314E3543B9480546231CD70C23101A
:10233000A7062310570C2318F70F2314E7112310B7
:10234000D713231CC713231867142314171723103C
:10235000B7002318C702231C070037080B40B72516
:1023600000102320D80237870020938565EF232AA9
:10237000F716EFF04F9785450D45EFF02F8F22446C
:10238000B240B7270B40A146B4C313858186A94547
:10239000410191BC37650020130585488280797121
:1023A00006D62A882E8395E73ACE36CC32CA2EC876
:1023B0002AC6E9294243524632483305A340333501
:1023C000A300B305B640898DE2467247014563C656
:1023D000050C83270801F375043013953700331576
:1023E000A028F19BAFA8A744B3F8A800E39C08FE7F
:1023F0000F0030038318280003250801A18963C159
:10240000080A032E4801B3A71821B3E7C72103DE4A
:1024100007002311C8010F0030032300050073A03B
:10242000053083D52700054E13950801F295C605A2
:10243000C581B3F5C50BD8CB94CB23A46700D0C717
:102440002391B7004D8D03270801F376043013164E
:1024500037003316C028719BAF25C744F18DEDFDC1
:102460000F00300303564800032708012390C700DC
:10247000231218010F0030032300070093F7860092
:1024800073A00730034708008327C8008966938636
:1024900046043317E028B69798C3B250456182804E
:1024A0000F0030032300050073A00530B2507D55A6
:1024B00045618280B283AA8710492E83F375043068
:1024C000131536003315A028719A2F28A6443378A7
:1024D000A800E31C08FE0F0030038398270013F6C2
:1024E00085008C4B63CE0808C84B33A8182133688D
:1024F000A820035508002391A7000F003003238074
:102500000500732006300356280085451395080101
:102510002E96460645823376B60A232AE8002328FB
:10252000D80023246800232678002311C800518D89
:10253000984BF3760430131637003316C028719B7E
:10254000AF25C744F18DEDFD0F00300303D64700E2
:10255000984B2310C800239217010F00300323006B
:10256000070013F786007320073003C70700DC4716
:102570008966938646043317E028B69798C382800D
:102580000F00300323800500732006307D558280C4
:102590000357A50093D7054163D8E7045449B3A76F
:1025A000F7201849B3E7D720F37604301316370025
:1025B0003316C028719B2F28C7443378C800E31C0A
:1025C00008FE0F00300303D62700B3C5050813F734
:1025D0008600B3460608630BB6001C490F003003A3
:1025E0002380070073200730014582806176D18EF9
:1025F0002391D70085472303F50014490F003003CA
:10260000238006007320073083460500584509667D
:1026100013064604B316D02832973E8514C3828031
:10262000034515008280011122CC26CA4EC6AA8419
:1026300006CE4AC8A12C1307803E3384E402B707B4
:102640000080FD17B3B4E402B309A40033B48900D9
:10265000AE94269463F487003E84FD599384A9FFC9
:1026600033B934019307F4FF3E99636A2403630688
:102670008902292C3385A440B305B940B3B7A4001F
:102680009D8D634AB002DDC5A2856244F240D2440A
:1026900042494E85B2490561B5A4E3FC99FCFD228F
:1026A000814401493385A440B305B940B3B7A400C0
:1026B0009D8DE35AB0FCD92A3385A44033B5A400DC
:1026C000B305B940898D63C10502B726001037658F
:1026D00000209386A6EB130585480147A6854A8608
:1026E000D13BFD57E302F5FAB7060B40DC5263E736
:1026F00027019856E31AF9F8E37897F883A78186BB
:102700007377043093953700B315B028F19B2FA54C
:10271000B7446D8D6DFD0F00300383A781860F00D8
:102720003003238007009377870073A0073033209E
:1027300000006DBF31D941B7F32750BE1397070191
:10274000635A0706B7670020011193878748D84767
:1027500022CC26CA06CE83C70700AA843A852E84D7
:102760003EC63AC4212A2247B247B305B440B3C794
:10277000E7209C4B3387A440B3B6E400958D898F46
:1027800063CD0504A9C933200000B7060B40D85219
:102790008147636B87009C56018F3337E000B3B7E6
:1027A000970093B71700D98FF2406244D2443E8518
:1027B00005618280B7060B40D8528147636BB70032
:1027C0009C560D8F3337E000B3B7A70093B71700BF
:1027D000D98F3E858280E378F7FA4D283385A4406F
:1027E00033B5A400B305B440898D63C70504B7268B
:1027F0000010B76700209386A6EB0147A6852286C6
:102800001385874845396359A00237070B405C534D
:1028100063EB870218576394870063669702B76774
:102820000020AA8513858748A533B7060B40D852E8
:102830008147E36B87F685B737070B405C5363F737
:102840008700814795B733200000D1BF1857818F8B
:10285000B337F0003337970013371700D98FA9B774
:10286000B787F4BFAA9793B717001385C186379629
:1028700004103E951306C60D6FE0FFA74C51AA87C2
:1028800088572E87CC53E31DB7FE8280B7070B40D5
:10289000CC5388572E87CC53E39DE5FE82803707C3
:1028A0000B405C5303288702BE865C53E39CD7FE33
:1028B00033060501BE953335A6002E95636CF502EF
:1028C0006388A702B7070B40DC5363F7A7003707FD
:1028D0000B405C53E3EFA7FE639BA70037070B4059
:1028E00021A054536395F6001457E3ECC6FE828092
:1028F000E37A06FDB7070B40DC537D552A86E39843
:10290000A7FCE9BF37070B405C53E3EFB7FE639BBF
:10291000F500B7070B4021A0D8536395E500985701
:10292000E36CA7FE8280011122CC2A84194526CAB5
:1029300006CEAE84F52A51CDB7870740370700048D
:10294000630DF40EB727024098C3B7060240B737AD
:10295000024098C3A1069C42B377F740EDFFB787CA
:10296000F8BFA2971387018793B71700B3A7E72093
:102970001945130700102390E7005D2A93173500CF
:10298000B3D79702850713D7770029EB9304000488
:10299000854654D018D4185893771700ADE385674F
:1029A0009387C702A297545423A0070018D819454B
:1029B0003EC4BD2A0A05335595025854A247130652
:1029C0001030134707071377E70798C38D4610D8D1
:1029D00034C4F2406244D244056182804166791673
:1029E000C166637FE604FD16014754D018D4185819
:1029F000B7044000938404FC93771700CDD38D6710
:102A000093870703A2979306103094C35C50145425
:102A100019459A07B6973AC63EC4192AB7862B8F2E
:102A2000938656B73335D502A2478145AA072D8133
:102A300033D5A702AD3532479DB73707000819B720
:102A400085839316670093F7F703B384F600BA867D
:102A50003E8781B7B70701403327A5203347F720CA
:102A600003284700C1676373F8005CC39387F5FFD1
:102A70009308C5FF81E793B72800B5E737880020A2
:102A8000130888CFB347052103A307008D67BA97C2
:102A9000131EB02823A0C7010A05631903020323EC
:102AA000070016068567334666001376060EBA974A
:102AB00090C30546637016078967BA971316B02846
:102AC00090C34295C16714C15CC3828083274801CB
:102AD000B3D767028507B3A7F72001009387E7FF05
:102AE000E3DE07FE6DBF8D67BA970D4823A007018F
:102AF0001C47858BF5DF03280700160685673346DC
:102B000006011376060EBA97378800200A0590C38F
:102B1000130888CF832807003316B028B3C81501DF
:102B200093F8380023A017011C47F18FF5DF69B730
:102B3000B7870020938787CF3345F52008418280EF
:102B4000B727B700938707B0B3D7B702832805002C
:102B5000C206320733E8E6003356F60263C40804BF
:102B6000B787054011676300F506B727024098C391
:102B7000B7060240B737024098C3A1069C42B3771C
:102B8000F740EDFF0D670CC1110710C52A97930799
:102B900010021CC31C41E3DF07FE23260501A147E9
:102BA0001CC382801C4193F7F703E39BB7FA1C45D3
:102BB000D207D183E396C7FA5C4537770700F98FD0
:102BC000E39007FB828021674DB7B7B70D40370709
:102BD000004098C329C5B7C607B0B747F84F378735
:102BE0000D409386360D9387D7F254CFA98F1CD30F
:102BF0004CD308D7B7B60D40B707004037070002DF
:102C00009CC24D17B7A7014098C7B70700079CC2E1
:102C100001EEB7A70D403707008098C38280B787C1
:102C20000D4023AE0700F9B73346C6203346C62011
:102C30003346C6200E06B7070001637EF600B28752
:102C400023AAF186B7870D40D0C337070040B7A746
:102C50000D4098C38280FD173E86DDB7B7871040D0
:102C60003325A5203345F5204CC185471CC1828002
:102C7000A1679387A7DF83D7070085458287411126
:102C800022C426C206C6AA842E846345050005C652
:102C900013E40503A1679387A7DF83D707001165B6
:102CA0008545130525258297AA87A6862286A945EC
:102CB00013052010829713E40502E9BFB7170E40F1
:102CC0009387878298437DDF0F0030038280B71798
:102CD0000E4037170E409387C7801307C7820F0037
:102CE000300323A007009107E39BE7FE82808567FE
:102CF000938707AA378704401CC39307A0115CC7BA
:102D0000B7B6FA00B7A7044094C35C43E3DF07FEFD
:102D1000828082803795041041111305051006C684
:102D2000EFE06FD9411122C426C237140110B71445
:102D3000011006C6130404B7938484BA6377940021
:102D40001C4011048297E36D94FEB24022449244E9
:102D500041018280B747EFEF9387F7B7B72602406C
:102D60003707F4039CC25917B7370240B706024031
:102D700098C3A1069C42B377F740EDFF8280B70766
:102D80001150F847A1676303F7008280B7271150FD
:102D900037070400F8C78280370700207D17B73750
:102DA0000240B706024098C3A1069C42B377F740A1
:102DB000EDFF8280156541111305352506C64D3D91
:102DC000B240AA871145410182871565411113055B
:102DD000352506C6713DB240AA8705454101828767
:102DE0006FE02FE3411122C406C626C24AC0370451
:102DF000014023220408E53DB73701400547D8DFED
:102E00007C40E39FE7FE0D47B737014098DB054460
:102E1000370701401C5FE39F87FE37366859A2855C
:102E2000130606F00947954637050540113B15473F
:102E300037968647BA86A285130606C037850540B1
:102E40000133B726B700938606B001468945114580
:102E50001131B7D6F008A2859386061801461545AC
:102E6000D53EB776DC02938606C0014681452145F2
:102E7000D536B776DC02938606C0014681452545E6
:102E8000D13EB7D6F008938606180146814519450C
:102E9000D136B7D6F00893860618014681451D4500
:102EA000553E11457131B7E71B43938737E8B3347B
:102EB000F50201441949C9802285A6850504793B9C
:102EC000E31C24FFB2402244924402494101828023
:102ED000411122C406C62A84EF70F02909CD3707B4
:102EE0000820B3078500130707006366F700B240A8
:102EF000224441018280379504101305C510EFE08C
:102F00008FBB411122C426C206C62A84AE84EF704C
:102F1000701B05C1B305940237070820130707008B
:102F2000B307B5006367F700B24022449244410101
:102F30008280379504101305C510EFE0CFB7637595
:102F4000D600B2952380A5008280828079714AD014
:102F50004ECE52CC56CA5AC862C466C26AC0C68C2B
:102F600006D622D426D293F838002A892E8AB2892E
:102F7000B68A3A8B3E8D428C63850806D1C75EC601
:102F8000B2843304AB01B38B84000345F4FF338672
:102F90008B40D686D2857D140299E3188BFEB24B06
:102FA000EA9493FC2C0063800C02B389344163FCE7
:102FB00089012686D686D2851305000285098504F7
:102FC0000299E3E889FFB25022540259F249624A59
:102FD000D24A424B224C924C024D26859254456176
:102FE000828063F50703B304F840B29432842286EA
:102FF000D6860504D285130500020299E31994FED2
:10300000E3030DFC5EC6B5BFB28461BFB284CDBF21
:10301000A24E3E83C28F93F72E00024E1248E9E77C
:10302000930703FEB337F000333FC30133FFE701DB
:1030300093F21E00630F080E638D020E63960F005D
:1030400093F3CE00638303007D18630F0F06130F05
:1030500000030503B3076700A38FE7FF930703FE91
:10306000B337F0006373C301EDF7639F020493F776
:103070000E01B9C393F70E4089E763096E0C63072D
:10308000030DC1476389F80EF9186394080E93077E
:1030900003FEE5C3930713003A9393082006230029
:1030A000130193080002638D170113831700BA9769
:1030B000930800032380170193070002631DF304A4
:1030C00093070002F68859B56370030391CF130F7D
:1030D000000311A091CB0503B3076700A38FE7FF9F
:1030E000930703FEE36803FF93F70E01F1D793F70D
:1030F0000E40C1FBE31303F8C1476387F80E89470D
:103100006392F80C93072006930800032300F7004E
:10311000A3001701094363910F0293F74E00BDCB43
:10312000B3086700130EB002930713002380C80191
:1031300051BFE31E0FF04DBFB3086700130ED0025E
:103140002380C80193071300F68809B59307F3FF9E
:10315000D1C3138E08FF631F0E069308E3FF13FE0F
:103160000E02BA98631A0E08130E80072380C80156
:103170003DBF9A873DB793F70E028DCB93070002B0
:10318000E300F3F4930713003A93930880052300B8
:10319000130101BF93F88E009A87E38508F23A93F2
:1031A0009308000285072300130129BF930700023B
:1031B000E308F3F0930713003A9393088007230082
:1031C0001301C5B5930700032300F7000543E38609
:1031D0000FF49DB7414E6386C803094EE399C8EDCD
:1031E0009A883E83C6874DBD93D75E48B307F040AB
:1031F000819B9387870709BF130E80052380C80131
:103200007DB593F80E02638608009A883E83C687D0
:10321000A5BF9A883E83C68745B711E182806F10AB
:10322000101E1971CAD8D2D4D6D2DECE2A892E8ADF
:10323000B28BB68A3A85BE853A86BE86A2DCA6DA0D
:10324000CED6DAD0E2CC86DE0A4BBA843E84428CFB
:10325000C68997100010E78020F2631C054AB7C7A3
:10326000041003A6072D83A6472D2685A285970067
:103270000010E780E04963410524B7C7041003A6A6
:10328000872D83A6C72D2685A28597000010E7808D
:10329000C03C6346A018B7C7041003A6072C83A63A
:1032A000472C2685A28597000010E780003B6343EA
:1032B000A014B7C7041003A6072E83A6472E2685A1
:1032C000A28597000010E780A0446345051226857B
:1032D000A28501468146EEC6E6CAEAC897000010FC
:1032E000E7800043814D6349051A93770B40639350
:1032F000071637C704108326872C0327C72C194CC1
:10330000B68C3A8D1810A28526853ACE3ECC971001
:103310000010E780A0E92ACA97100010E780E0F4C7
:103320002A86AE862685A28597100010E780A08B9E
:103330006686EA8697000010E780E0482EC62AC419
:1033400097100010E78080EC2AC897100010E780E3
:10335000C0F62A86AE862245B24597100010E78057
:103360008088B7C7041003A6872E83A6C72E2AC459
:103370002EC697000010E780402EC2485248E24710
:1033800072476353A026850846853ACC3ECA42C898
:1033900046C497100010E78040F26686EA869700E0
:1033A0000010E780802BA2484248D247624763441E
:1033B000050005088148630B0C1637D5CCCC1305E6
:1033C000D5CC13030002254E6380672C33B6A802C8
:1033D0008507B305F7007D1C0D82B346C62086061F
:1033E000B386D84093860603A38FD5FE637E1E273F
:1033F000B288D9BFA28766545AC1F650065B2687A9
:10340000CE88D654B6596288D686664C965A5E8661
:10341000D285F64B265A4A854659096169AE93779B
:103420004B00ADE737970410130747178D476654D5
:10343000F650D654664CDA884E88065BB659D68666
:103440005E86965AF64BD2854A85265A46590961B8
:103450006FF0DFAFA546814718109305000363F1B5
:1034600086358507B306F700A38FB6FE7D1C9386CD
:1034700007FE13067CFF91C26DF6B7C6041003A6C3
:10348000062C83A6462CB28C368DB5BD379704101A
:103490001307C716914761BF2686A286014581455D
:1034A00097000010E780207493770B40AA842E8445
:1034B000854DE38007E479BFE6CA93773B00937CB0
:1034C0002B00DE846386071E379C0410130CCC1778
:1034D0006284330B9400711C0345340033068B4027
:1034E000D686D2857D140299E31884FF9104638106
:1034F0000C02B387744163FD37012686D686D285D8
:103500001305000285040299B3877441E3E737FF8E
:10351000F6506654D64C4659B659265A965A065B0A
:10352000F64B664C2685D6540961828042853ACA9C
:1035300042C43EC897100010E78020D32A86AE868A
:103540002685A28597000010E780E069B7C70410C0
:1035500003A4872E83A4C72E2A8C2286A686AE8C2F
:1035600097000010E780C01A2248C2475247634FB5
:1035700005002286A6866285E68597000010E78012
:10358000C00D2248C24752476350A0123765666695
:1035900013057566930800021DA03316A80285075F
:1035A000B305F7000986158EB346C6208606B30616
:1035B000D84093860603A38FD5FE328825C2935642
:1035C000F841E39C17FD93763B0005466384C610E3
:1035D000DA884E88D6865E86D2854A85EFF01F97B8
:1035E000AA84464DB64D2DB73ECCB7C7041003A6EE
:1035F000872E83A6C72E2245B2453ACE46CA42C878
:1036000097000010E780C0104248D248E247724756
:10361000E34305DA63940808850871BB93763B00A1
:103620000546638BC61493060002E383D7FA13069C
:10363000D00263950D0293764B0099EE93768B0042
:10364000C1DA13060002B386C700B305C100AE9607
:103650002380C6FE8507ADBF1306B002B3862700E0
:103660002380C6028507ADB7638067023E9C930541
:10367000000313060002630CFC008507B306F70085
:10368000A38FB6FEE399C7FE9307000201B70A9C19
:103690009306E00285072300DC02CDBD93F61800F7
:1036A000E38B06D0850801BB05081378E8FFF9BD58
:1036B0009147E3FB37E11384CBFFB30434015E840D
:1036C0002286D6860504D285130500020299E319E5
:1036D00094FEDDBBE38E09EE63990D089376CB0073
:1036E000C9E663F33703938607FE99CE13060003FA
:1036F00011A095DA8507B306F700A38FC6FE93865F
:1037000007FEE3E837FF05B793060002E395D7F21B
:10371000C1B5E6CA93773B00937C2B005E84A5C3BA
:10372000B794041093848417138BD4FF228C03C5A1
:1037300024006286D686D285FD14050C0299E31812
:103740009BFE93043400E3850CDCB3877441E3F102
:1037500037DD2686D686D2851305000285040299B8
:10376000B3877441E3E737FF65B3FD19E3FD37EB3A
:10377000938607FEA5FE45BDE38709EAB1BF8D47E5
:10378000E3F037FB1384DBFF4E94DE842686D68677
:103790008504D285130500020299E39984FE49B796
:1037A000B79604109386065AB366DC209042D44242
:1037B000B28C368D89BE75714AC1DAD8DED6E6D2B2
:1037C0002A892E8BB28CB68B3A85BE853A86BE8608
:1037D00022C526C3CEDED2DCE2D406C7CA49BA84EB
:1037E0003E84428A468C97100010E780E09841E1C1
:1037F000B7C7041003A6872D83A6C72D2685A285EB
:1038000097000010E78060E56343A006B7C7041087
:1038100003A6072D83A6472D2685A28597000010B5
:10382000E78000EF634505042685A28501468146B1
:10383000D6DAEAD0EECE97000010E78060ED26D011
:10384000931AF46963430500A28A9317B028B3F76B
:10385000F90013F709403ECA3AC8B3E7540115EF1F
:10386000C1E7D247194A63860748154881A02687D1
:10387000A2874EC9E2885288DE866686DA854A8546
:103880002A44BA409A440A49F659665A465BB65BDE
:10389000265C965C49616FF0DF98A1EBD247638AA2
:1038A000074402C8C247014863CE47492685A2851E
:1038B0000146814642C897000010E78060E5424813
:1038C0002687D687635405009397FA699399B94878
:1038D00093E90940D65A065DF64D4EC9E288DE8668
:1038E0006686DA854A8569BF194A13D54A01137578
:1038F000F57F130515C097100010E7800097B7C734
:10390000041003A6072F83A6472F97000010E78017
:1039100080EBB7C7041003A6872F83A6C72F97F0A5
:10392000FF0FE78080299397CA003707F03FB183E4
:10393000D98FAE8DBE85B7C7041003A6073083A606
:1039400047302A8D268597000010E780C029B7C729
:10395000041003A6873083A6C73097000010E780C5
:1039600080E62A86AE866A85EE8597F0FF0FE780AF
:10397000C02497100010E78060832AC897100010B9
:10398000E780A08EB7C7041003A6073183A647318E
:103990002ACC2ECE97000010E780E0E2B7C70410D3
:1039A00003A6872E83A6C72E97F0FF0FE780E0209F
:1039B00097000010E780807FB7C7041003A6873107
:1039C00083A6C7312A8DF245624597000010E78033
:1039D00080DF2ACC6A856AD22ECE97100010E7804D
:1039E000C088B7C7041003A6073283A647329700E2
:1039F0000010E78040DD2A86AE866245F2459700DA
:103A00000010E780401E2A86AE862A8DAE8D970074
:103A10000010E78040DB2ACC2ECE6A86EE866A85CF
:103A2000EE8597F0FF0FE7804019B7C7041003A693
:103A3000873283A6C7322AD42ED66245F24597F044
:103A4000FF0FE780606F37C8041003260833832612
:103A5000483397F0FF0FE78040162A86AE8662450E
:103A6000F24597F0FF0FE780206DB7C7041003A65B
:103A7000872983A6C72997F0FF0FE78000142A86BD
:103A8000AE866245F24597F0FF0FE780E06AB7C760
:103A900004102ACC2ECE03A5873383A5C7336A86AC
:103AA000EE8697000010E78000142A86AE866245F5
:103AB000F24597F0FF0FE78040102A86AE86225528
:103AC000B25597F0FF0FE7802067B7C7041003A631
:103AD000073483A6473497F0FF0FE780000E925714
:103AE00001469387F73F9396470197000010E780C0
:103AF00080CD2A862AD2AE862ECC2685D685970002
:103B00000010E780E0C0E24712576353050237C850
:103B10000410BE85C2470326083383264833FD17A9
:103B20003A853EC897F0FF0FE78000612A87AE878D
:103B3000C2469305600C3A86938636063E8513FD91
:103B4000290063E9D512D246914D6392061491463D
:103B5000B68D63F78601631B0D1E9306CCFF36CA34
:103B6000C24699CAD6853A86BE86268597F0FF0F4B
:103B7000E780805C2AD0AE8A2685A28501468146F0
:103B800097000010E780C0B86344051A0257D68733
:103B9000D2489396B94893D95948528836C0668618
:103BA000DE86DA854A85FD19EFF0AFE793F9090261
:103BB0002A86DE8613855904DA85130416000299D5
:103BC000C24737DECCCC938EFDFFB306F040C24730
:103BD0001818130EDECCB3E6D70A13D8F7018147C5
:103BE00033B6C603850793B5A600B308F700138361
:103BF00007FE0D823345C6200605898E938606038F
:103C0000A38FD8FEB28699E1E31C03FC954636C427
:103C100076C202C02286A948DE86DA854A85EFF0A0
:103C20002FBFAA8463080D02330495416374840393
:103C300033868C00DE86DA851305000205040299BE
:103C4000E36884FF3387944105078147637DEC0C6B
:103C50008504BE94BA402A44D65A065DF64D0A49F8
:103C6000F659665A465BB65B265C965C26859A4496
:103C700049618280D24699EA9546B68DE3F486EF93
:103C800063180D0C9306BCFF36CAE9BD954D498EED
:103C9000E30A06C0B7C6041003A6863483A6C6345A
:103CA0002685D6853ACA3ECC97000010E780E09A78
:103CB0005247E24763420502B7C6041003A6862CAA
:103CC00083A6C62C2685D68597000010E78040A4E1
:103CD000E34A05BC5247E247630B0A0293F60940E8
:103CE0009DC67D1A63F58D01630A0D04094D02CA54
:103CF00085BD93F729003E8D95E393374C00FD1762
:103D00001307CCFFF98F3ECA02C8914DB5B5E3F059
:103D10008DFF63050D0202CA094D99B502CA02C89A
:103D2000094D914D91BD9387FCFFE297858F0DB7AB
:103D300002569396FA69B687328799BDB306BC419D
:103D400036CA39BD3308FA407D188DB6094D09BD14
:103D5000094D09BDB74700103571938747D526CB6C
:103D60004AC94EC752C5E6DA06CF22CDEAD823ACFF
:103D7000F1862E8AB68C3A89B289AA846386053C7C
:103D800003C50C00014D630A053C56C3DEDEB79A3D
:103D90000410B79B04105AC1E2DCEED6938A0A40A5
:103DA000938B4B44130B5002414411A86A86CE8674
:103DB000D2858294050D03C50C00630B0510850C9C
:103DC000E31665FF814603C50C0013871C009307AB
:103DD00005FE93F7F70F6366F400B3C757219C43C2
:103DE0008287930705FD93F7F70F25466379F60859
:103DF0009307A002814D630DF51A9307E002014875
:103E00006305F50A930785F993F7F70F4946636F42
:103E1000F602B3C777219C43828793E61600BA8CDB
:103E20005DB793E62600BA8C79BF93E64600BA8C5C
:103E300059BF93E60601BA8C79B793E68600BA8C2F
:103E400059B703C51C0093E60610050793077006D3
:103E5000BA8C63E9A70A93074002E3F9A7F4930732
:103E6000B5FD93F7F70F13072004E361F7F43797D5
:103E7000041013070749B3C7E7209C438287814D8D
:103E8000B3CDBD21B3ADAD2003450700BA8C938DF2
:103E90000DFD930705FD93F7F70F0507E372F6FE97
:103EA0009307E0020148E31FF5F403C51C00A54594
:103EB00093E60640930705FD93F7F70F3A8663F6FE
:103EC000F50C9307A002630DF52ABA8C05071DBFF8
:103ED0009A4A0A4BF65B665CB65D6A8463643D0190
:103EE000138DF9FFCE866A86D28501458294FA4009
:103EF00022856A44DA444A49BA492A4AD65C465D70
:103F00000D618280930575F913F7F50FBD47E3EF57
:103F1000E7E8256613061604B317E028F18F6392CD
:103F2000072429466300C70A1D46E311C7E8032793
:103F3000090011096309072693E81602BA8698005A
:103F4000254531A013B6060163180626918213F6A3
:103F5000F600930576036364C500930506038507A1
:103F60003306F700A30FB6FE138607FE61FEA146D7
:103F700046C442C036C26A86C1480148CE86D28550
:103F80002685EFF0EF882A8D3DB5334808210506D8
:103F90003328A82003450600130808FD930705FDF4
:103FA00093F7F70FE3F3F5FEB28C1307160099BDF4
:103FB000832D0900110963C40D0803C51C00BA8CC8
:103FC000050725BD930749003ED4032C090042860E
:103FD0006303081C03450C006296E287630A0532FE
:103FE0006386C70003C7170085077DFBB38787413A
:103FF0003ED293F706406388071C93F726003ED015
:104000009257B3D7070B3ED282576381073C89474B
:104010003ED0B307A8013ECE6A8929A84A86CE863B
:10402000D285829405093307A941629703450700A9
:10403000630E051AF247E39327FF3E8D4DAA03C591
:104040001C0093E62600BA8CB30DB041050775B38A
:1040500003C51C009307C006E317F5DE03C52C005B
:1040600093E6063013873C00D5B303C51C0093E6E6
:1040700006200507E1BB03C51C0093078006630902
:10408000F52293E606080507D1B39377D50F13778A
:10409000F50D1D099387B7FB130797FB137989FF6C
:1040A00093B717001337170003250900832549002C
:1040B0002E079607D98FD58F3EC02A87AE876A868E
:1040C000EE88CE86D2852685EFF0EFEE21092A8D87
:1040D000DDB1930760046300F5121D09137989FFB0
:1040E00003270900832749006A8636C0EE88CE86FA
:1040F000D2852685EFF0EF9221092A8D6DB96A8667
:10410000CE86D285130550028294050D6DB19307BA
:104110004900898A3ED0130C1D006388061A0345A6
:1041200009006A86CE86D285829485476E9D63F3A8
:10413000B7216286CE86050CD285130500028294D3
:10414000E319ACFF025985B903C50C00B734001060
:104150009384A4F4014DE31A05C20144E3643DD9FC
:1041600041B39307F006630BF50863F9A72A930799
:1041700080076308F5182946BD9A328C02DC51A0ED
:104180000328090003C52C00890C13871C00336821
:10419000080A110985B903450C007D566296E2872D
:1041A000E31005E4B5A293F8F6FE93F6064093E813
:1041B00018029800E38506D8A14646C442C036C21C
:1041C0006A86C1485DBB93F726003ED06382072410
:1041D00089473ED06A894A86CE86D285829405096F
:1041E0003307A94162970345070075F54A8D825749
:1041F000D1E32259C9B693E60602C5B52146328CF1
:1042000002DC13FF064013F336FF63060F0013F3BF
:1042100026FF130F004093760320639006129377D6
:104220000310930E49006390074A1377030471EF5C
:1042300013770308630E075203560900631706122B
:104240001373F3FE63030F128147980076CE1AC4EE
:104250006EC242C0E2886A860148CE86D285268533
:10426000EFE01FDB2A8D7249B9B693F726003ED0E6
:10427000638007526A899257E3FDB7F7EA9D338D51
:10428000FD404A86CE860509D28513050002829438
:10429000E319A9FF225905B6930780056301F502CA
:1042A000930720066313F5500946328C02DC91BF58
:1042B00003C52C0093E6060C13873C0041BE414623
:1042C00093E60602328C02DC2DBF854763FEB705FC
:1042D000130CFDFFB307BC013ECE6A8C6286CE860E
:1042E000D285130500028294F247050CE318FCFE08
:1042F000034509006286CE86D28582946E9D02595E
:104300005DBC4146328C02DCEDBD034609003DB781
:1043100093F706403ED2B1DB93F726003ED2638688
:1043200007466A8902D281BF034509006A86CE86A4
:10433000D28582940259628DBDBC1D09137989FF13
:10434000032E0900832E49002109B367DE01639C17
:1043500007221373F3FE63080F22814798001AC4E3
:104360006EC242C0E2886A8609B913575348130ED9
:10437000100619C3130E1004591E9800A545B376F4
:104380008603850763E5D502938606033305F700A8
:10439000A30FD5FE938607FEE38A06EAE36886EB61
:1043A000335686038507B3768603E3FFD5FCF29682
:1043B0003305F700A30FD5FE938607FEE38806E8D2
:1043C00093360601E39406E8118255BF925763F6CF
:1043D000B73D930700403ED092573389AD01330972
:1043E000F94042CE6A86CE86D285130500028294B9
:1043F000050D7248E3172DFF03450C00E30B05DEA6
:1044000093871D003ED28257E38607DC02D011B1AC
:104410009257E3E3B7FD85073ED26DBB9307900645
:1044200013F3F6FE631EF53613FF064063040F0018
:1044300013F3E6FE89C51305C5F9631005329375BC
:104440000320BDE993770310130C490063940722FE
:10445000137703046302072003470900BA869358C1
:10446000F7016301071EB7DECCCC938EDECC98003B
:1044700021A0138607FE1DC233B6D603850793B568
:10448000A600330EF7000D823345C6200605898E3F
:1044900093860603A30FDEFEB286E1DD42C01AC496
:1044A0006EC246886A86A948CE86D2852685EFE008
:1044B0003FB662892A8D01B21D09137989FF8323D2
:1044C000490083250900210993DFF301B3E7750053
:1044D000638B072693D7F341BD8D3387F540B3C374
:1044E0007700B387F34037D5CCCCB3B3E50037DFE3
:1044F000CCCCB3837740BA851305D5CC130FCFCC82
:1045000081479800A542B386750033B6B600B296CF
:1045100033B6A6029E888507330EF700AE8E135C75
:104520002600719A6296918EB386D54033B6D50037
:104530003386C3403306A602B383E6031E96B3B3A5
:10454000A602B386A6021E96131CF601935316000C
:104550008582E29633C6D62006063386C54013060A
:104560000603A30FCEFEB685639B080063E9D20164
:1045700042C01AC46EC27E886A86A94801B4938676
:1045800007FED1F2F5B7935753481307100699C3A6
:1045900013071004930767FF3EDE980081478146AA
:1045A0007285F6853ADA1AD83ED642D432D272D023
:1045B00076CE97E0FF0FE780202DB2579376F50F68
:1045C000A545F24E025E12562258425352578507B5
:1045D00063E3D50493860603B305F700A38FD5FEE6
:1045E000938607FEE38D06D6E256638BD615728559
:1045F000F68581463AD61AD43ED242D032CE97E0E2
:10460000FF0FE78000FA7246025892572253325742
:104610002A8EAE8E69B7F255AE96B305F700A38F1A
:10462000D5FE63950E00BD46E3FBC6D3938607FE19
:10463000E38706D29396CE01135E4E00369E93DE3C
:104640004E00B1BF9800E31B0FE493070003230063
:10465000F1049800854799B51377030863030710A1
:10466000031709001356F740B346C700918EB3C62F
:104670000608F5B38326090093D8F601EDCEB307FB
:10468000D040B7DECCCCB3E6F60A938EDECC9800F1
:1046900033B6D603850593B7A600330EB7000D8257
:1046A0003345C6200605898E93860603A30FDEFEDA
:1046B000B28681E7938705FEE1FF42C01AC46EC24D
:1046C0004688AE87C5B30326090011E61373F3FECF
:1046D000980063100F0693575348130E100699C3A2
:1046E000130E1004591E9800A545B377860385065E
:1046F00063E4F502938707033305D700A30FF5FEA4
:10470000938706FE9DC76366860333568603850638
:10471000B3778603E3F0F5FEF2973305D700A30FD6
:10472000F5FE9337060191E7938706FE99C3118240
:104730006DBF76CE1AC46EC242C0E288B68721BE73
:10474000E36FCEC06DB59800E3140FE2930700034A
:104750002300F1049800854721BD2946328C02DCF4
:104760005DBC03270900B306E040B366D70AC5B9AC
:1047700003260900E1B49800E3110FF49307000346
:104780002300F104980085450DBF930700403ED0FB
:10479000E3940DC422596FF00FE285073ED295B81D
:1047A00029469A86328C02DCA9BC13F3F6FE9305E7
:1047B00075F99DB939711303C102B28E373E0010ED
:1047C00036D63AD82E86F686AA851A871305EEF3D2
:1047D00006CE3EDA42DC46DE1AC6EFF0AFD7F24034
:1047E00021618280397103A38187130E410206CEB5
:1047F0002ED232D436D63AD83EDA42DC46DE72C603
:10480000630F0300AA86373500102C00728713054A
:10481000A5217D560293F2400545216182805121F8
:10482000F24001452161828083A78187011106CE74
:1048300091CFAA86373500102E871305A5216C006D
:104840007D568297F2400545056182809929F240A4
:104850000145056182800D45731025BE7D15E35D20
:1048600005FE05651305058073104530736004303F
:104870007310003482800290FDBF83A7C18781CF6F
:10488000370708203E95130707006361A70223AE90
:10489000A1863E858280938781913707082023AEC9
:1048A000F1863E9513070700E373A7FEFD573E858B
:1048B0008280AE87B28509E937C70410032687478F
:1048C0008326C7473E8549A47D5582809307F5FF1F
:1048D000854663EDF600011132C62E85B28501468C
:1048E00006CEA522F2403245056182807D55828048
:1048F0007D5582807D5582807D55828013353500BF
:104900008280411106C6853F4111B28706C62A86BC
:104910002E85B68589CF3797041013074718379827
:104920000410AA8613054819753D0545A937379720
:1049300004101307472BBA87DDB7411122C426C2E2
:1049400037140110B7140110130484BA938404BB04
:1049500006C6EFE02FBD637794001C4011048297D8
:10496000E36D94FEB24022449244410182801C4196
:104970002E85B28582878347550101114AC806CE2C
:104980002E89C1C76354C00622CC26CA83C705003E
:104990003284AA84D91781E783474501A1CF85478F
:1049A00001466304F40293061900854703C7060015
:1049B0003E888507591709E703C7F6FF4D1729EF0A
:1049C0008506E315F4FE635886009C40B305C44099
:1049D0003305C9008297B305890083C7F5FF624498
:1049E000CD1793B71700238AF400D244F24042490E
:1049F000056182801C4137C50410130505488945AF
:104A000082970546E311C4FAF9B71C41F2404A8582
:104A10004249B28505618287B305C8403305C900A4
:104A200063580601984036C63EC40297B246A24774
:104A3000984037C5041013050548894536C63EC45D
:104A40000297A247B2463E86A5BF397122DC26DA1C
:104A50004AD856D206DEB28A4ED652D45ECEAE8444
:104A60002A893684EFD09FE2B7470F009387072447
:104A7000AA9733B6A700370700802E967D17BE850C
:104A80006374C7003A86FD55377A002013058AD92A
:104A900097B0FF0FE780C065FD57AA8B6381F40ACA
:104AA00039C4B75900109389699703A441881DC080
:104AB00063940A0429A0638C8700004801CC1C4041
:104AC0002686CA852285F5DB83A70188EDF78299C2
:104AD000004875F4639E0B04F25062544259B25977
:104AE000225A925AF24B2685D25421618280B759BC
:104AF00000109389E99655BF5AD0294B29A0638CA1
:104B0000870000481DC01C402686CA852285F5DB2B
:104B100083A70188EDF7829922859305F100054668
:104B2000A30761018299004879FC025BE3860BFAD6
:104B300013058AD997B0FF0FE780806671BF4A8559
:104B4000EF609037AA84A9BF797126D24AD04ECEA1
:104B500052CC56CA5AC85EC606D622D4AA892E8915
:104B6000B28BB68A370A0B4003A4418809E415A822
:104B700089CB00481DC483A70188CA854E85E39967
:104B800087FE1C44FDD78297E355A0FEB250225405
:104B900092540259F249624AD24A424BB24B4561A1
:104BA000828083274A0263EA570103278A026394BB
:104BB000FA00636477017955D1BF05458145EFD08F
:104BC0001FCE5DB783A741881387418899C7638942
:104BD000A700138707019C4BFDFB91C108C382808E
:104BE000FDFD944B14C323A807008280411106C623
:104BF0004924EF00807AB2400545410182807971F5
:104C00004AD006D622D44ECE52CC2A89A307A10080
:104C1000EFD0DFC7B7470F0093870724AA9733B6B3
:104C2000A700370700802E967D17BE856374C700E6
:104C30003A86FD55B7790020138589D997B0FF0FC3
:104C4000E780004B03A441882A8A05C426D229A004
:104C5000630DF400004809CC1C4005469305F100A3
:104C60002285EDDB83A70188E5F7313300486DF439
:104C70009254631A0A00B2502254F249624A4A8599
:104C8000025945618280138589D997B0FF0FE7806B
:104C90002051B2502254F249624A4A850259456174
:104CA0008280411106C622C426C22A84EF60D02029
:104CB000AA8485462285A6853686413B03A4418881
:104CC00011C45C4091CB8297004865FCB2402244FD
:104CD0002685924441018280004865F4B240224416
:104CE0002685924441018280635EB00203A7018958
:104CF000B787F8BFBA9793B7170093860187B3A712
:104D0000D720039807003306B500B5458346050054
:104D1000630BD8001C4F93F70702EDFF14C3050582
:104D2000E316C5FE82801C4F93F70702EDFF0CC30C
:104D3000D5B703A8C1886353B00603A7018981468C
:104D40001C4FC18B85EF85061C4FC18BF5FF1043AF
:104D5000B307D500A38FC7FEE394D5FE630D08000B
:104D6000930700051CDF5C5B85669386460393F71B
:104D7000870336971CC3AE8636858280630D080094
:104D8000930700051CDF5C5B05661306460393F77B
:104D9000870332971CC3EDF2F556F9BFE30E08FE08
:104DA00083A7018913070005856698DFD85B938682
:104DB0004603B6971377870398C3F55675BF83A745
:104DC000C18881CB03A7018903A58188232C070211
:104DD0008287828003A701891C4FA18BF5FF828007
:104DE00003A70189B787074001112A863305F740D9
:104DF0001335150006CE2E881305150283A5C1882C
:104E000009C68DC9F24005618280EDDD232C0702C1
:104E100081452AC6EFC08FE53245B755001093850E
:104E2000E5DBEFC03FB5F24023A6018823A401884B
:104E300005618280B75500109385E5DB2AC623A65D
:104E4000C18823A40189EFC00FEA32458545EFC030
:104E5000EFE183A7018913070005856698DFD85B1A
:104E6000F24093864603B6971377870398C305618C
:104E70008280B7C7041083C7874B4111B7C704109E
:104E800083C7474B22C4B7C7041083C7074BB70774
:104E900007408945014506C623A8F188EFC0AFB693
:104EA00089450545EFC02FB603A50189F1659385B6
:104EB0000520EFD05FA72244B240376500201305DC
:104EC000856685454101FDB98280238A01888280FB
:104ED00003C755009307F00F0145631DF70083C713
:104EE000650089EB83C77500FD1781E713369600CF
:104EF00019C20145828003C725002545238AE18820
:104F000082800545828085476384F500054582805F
:104F1000834756008346460003C74189A207D58FC1
:104F200001456303F7008280411106C683471600DE
:104F30006380B70209476385E700B2404101828080
:104F40000145130640068145EFD03FC80545F5B73A
:104F50008345360003472600A20593F70510D98D37
:104F600089CB13D695003285058A93F5F507EFD0E6
:104F70001FD17D5513D69500C5BF37950410130575
:104F8000456C828085476390F50283471600639ED7
:104F9000B70003475600834746009D4622075D8FB2
:104FA00081476307D7003E85828081473E858280A6
:104FB000B7970410B2859306600A1386C7616F1015
:104FC000C06B0547B79704102300E5001385C75F42
:104FD000828083C6150003C6050003C7250083C76A
:104FE0003500A206D18E4207558FE207D98F1307ED
:104FF000004B6383E70082804111014681457D5566
:1050000006C6EFD0DFC723A8A18A23A6B18A828073
:1050100003C5018A6FC00FCA1387418A1C4341111F
:1050200006C622C426C24AC0B5C7F376043013961A
:1050300037003316C028F19BAFA5C744F18DEDFDB5
:105040000F00300354C31C43A380018A0F003003B8
:1050500023800700A18A73A006300144814403C560
:10506000018AEFC00FC419E90144B24022852244ED
:1050700081440249A68592444101828003C5018A88
:10508000EFC04FC3B240228522440249A685924414
:10509000410182801304803E8144D1B7411126C270
:1050A000AA8401454AC006C62E89EF10D01159C105
:1050B0000145EF1050153DCD22C4EFD02FFDB7476D
:1050C0000F0093870724AA9733B6A70037070080FD
:1050D0002E967D17BE856363C7041385418B97B0F9
:1050E000FF0FE780E00031C50145EF10D00D09C585
:1050F0000145EF10501115E581457D55EF00103C3D
:10510000F5541385418B97B0FF0FE7806009224467
:10511000B240024926859244410182803A86FD557B
:105120006DBFA6854A860145EF105010AA8471F91B
:10513000C1BF2244F554E9BF411106C622C4EFD0D5
:10514000EFF4B7470F0093870724AA9733B6A70059
:10515000370700802E967D17BE856374C7003A8698
:10516000FD551385418B97B0FF0FE78060F815C19F
:105170007D558145EF0090340145EF1050166DF9D3
:105180001385418B2244B240410117B3FF0F6700E2
:105190002301B24022444101828001114AC84EC617
:1051A00006CE52C4AA892E89EFD04FEEB7470F0022
:1051B00093870724AA9733B6A700370700802E9657
:1051C0007D17BE856374C7003A86FD551385418BF4
:1051D00097B0FF0FE780C0F119E5F2404249B249AC
:1051E000224A056182800145EF10E07D45C922CC4D
:1051F00056C20144635020050145EF10B0202A86B5
:10520000B30789403346F60AB3858900014521C2B8
:10521000EF10901881452A947D55EF00302A014502
:10522000EF10F00BEFD08FE623ACA18823AEB1884E
:10523000E34424FD6244924AF2404249B249138554
:10524000418B224A056117B3FF0F670063F5814563
:105250007D55EF00B0260145EF1070080145EF10B5
:105260008076AA870145F9D7EF10D01971F1EFD0F8
:10527000EFE183A7818937A7070083A6C1891307B8
:1052800007123E97B337F700B697E3E5B7FAE39115
:10529000F5FAE361A7FAE34124F769BFF240424916
:1052A000B249814601471385418B224A23ACD188FC
:1052B00023AEE188056117B3FF0F670063EE41116C
:1052C00022C41385418B814506C697B0FF0FE78046
:1052D00060D339E51387418A1C439DCFF3760430B0
:1052E000139637003316C028F19BAFA5C744F18D44
:1052F000EDFD0F00300383C7118A854554C393F732
:10530000F70F1843A380B18A0F0030032300070072
:10531000A18A73A00630A1C7B24022444101828015
:1053200081457D5526C2EF0070190145EF10A06D33
:10533000AA841385418B97B0FF0FE78060E699C878
:1053400083A7018B81CB22449244B24003A5C18A3A
:1053500041018287B2402244924441018280EFD0D1
:105360006F832A84EFD08FD29307853E33B6A70090
:10537000370700802E967D17BE856374C7003A8676
:10538000FD5522852244B240B7560010938686010F
:105390008547014741016FD08F804111B70700D089
:1053A00022C4804306C6EFC0FFFEEFD06FA763079D
:1053B0008500B2402244014541018280B7C70410F4
:1053C00083C7C74B81450145EF2000001385418B02
:1053D0001C41C5CB0545EFC05F9EB7550010AA879D
:1053E0001375F50F9385E52B2380F18AEFC0AF8FFE
:1053F00003C5018A8545EFC06F873945EFC0CF8C63
:1054000025E19387418A23A0070023A20700EFC06C
:105410007FF82A84EFD08FC79307853E33B6A70065
:10542000370700802E967D17BE856374C7003A86C5
:10543000FD55B756001022859386860185470147A2
:10544000EFC0FFF5E34705F6376500201305056853
:105450008545EFF02FF7B240224405454101828097
:105460000545EFB0DFF9AA851385418AEFC0DFA3B8
:10547000B75500109385050101463945EFC0CF8E21
:10548000E1B7EFC0DF9DB9B7379504101305057676
:105490008280379504101305C5708280B78700207D
:1054A00083C68718011106CE2A87A5C605E337856E
:1054B000002093079040130505D22311F5009307B0
:1054C00040302310F500F24005618280954763EC7F
:1054D000E704B79704109387476F37850020334759
:1054E000F720130505D21843130625008147CD4543
:1054F00039A02310D600050709066383B702834647
:105500000700850793F7F70FEDF6860793E7073057
:105510004DBF2AC6C545138587189120324779B7F4
:105520009307803279BF014579BF1565397113053D
:10553000753406DEEFD0CFF3AA8705466800A5458F
:105540008297D24762471386C18B93D787695CC223
:10555000F2501357876923AEE18A21618280854723
:105560006385F51A9387C18B03C707002548FD158E
:105570009356474013860603634CD8182300C50092
:105580008546638FD51C3D8B2546930607036364D0
:10559000E618A300D50009476384E51C03C717007C
:1055A000254893564740138606036349D8162301BE
:1055B000C5008D466386D51A3D8B254693060703A5
:1055C0006361E616A301D5001147638BE51803C795
:1055D0002700254893564740138606036346D81490
:1055E0002302C5009546638DD5163D8B254693064F
:1055F0000703636EE612A302D50019476382E5161E
:1056000003C7370025489356474013860603634374
:10561000D8122303C5009D466384D5143D8B2546CF
:1056200093060703636BE610A303D5002147638944
:10563000E51203C7470025489356474013860603E3
:105640006340D8102304C500A546638BD5103D8B5D
:105650001306070363E9E60EA304C5002947638127
:10566000E51003C7570025489356474013860603A5
:10567000634ED80C2305C500AD466383D50E3D8B24
:105680002546930607036366E60CA305D50031475C
:105690006388E50C03C76700254893564740138687
:1056A00006036354D800138676032306C500B54667
:1056B0006388D50A3D8B2546930607036374E6008D
:1056C00093067703A306D5003947638BE50883C7A4
:1056D0007700254613D74740930607036354E60037
:1056E000930677032307D5003D47638BE506F98FC3
:1056F000A5461387770363E4F60013870703A30720
:10570000E500C147638EF504410523000500828052
:1057100013867603A5B593067703A5BD1386760396
:1057200079B59306770379BD1386760355BD930645
:105730007703D1B513867603E9BD93067703EDB5FC
:105740001386760301B71306770339B713867603FA
:1057500015B793067703A305D5003147E39CE5F21F
:105760002E95230005008280411106C622C47D2C9F
:1057700037041150B147B70500203CDC93856533F1
:105780001306F00F3945EFB03FDEB7870020130650
:105790000004138587D58145EF501059AA87054528
:1057A000A380A700B705105023A205082E87130871
:1057B00000082320070893060710130600044297E9
:1057C0009385450898D7239CC70023A20700A38090
:1057D0000702239CC702A38D070223A2070223917D
:1057E00007038CC7D4C7D4D797B0FF0FE780C09EFC
:1057F000054528C037070020F56778C4C10723286E
:10580000F408B2402244B72711504167F8C741015C
:105810008280854539456FB07FC5378500201305E7
:1058200085D70146814589A42382B18C99C5B727C4
:1058300011503707020023A8E708828083C70500BC
:1058400093F7F70791C3828003C715009547E31CC0
:10585000F7FE03C72500B707115098C3828003C61F
:10586000350005480D8A6302061103C5250003C7EC
:10587000550083C54500935675009378F507B3A787
:10588000D8203783002022074D8F9607130383D536
:105890009A971377F77FB3C506012381A700A381E9
:1058A0000700A38DC700239CE700A380B700638592
:1058B0000609B70510509385450813956800B3E5B0
:1058C000B8201A950CC523A0050063850808B70702
:1058D00010509107B3E7F8205CC101111307F703DB
:1058E000198306CE8947931577006304F600931554
:1058F000670003A6818CB3A7D82096073307B600AC
:105900009A9723A4E18CD0C7B7151050637AB706D5
:10591000B3A7D82096079A9703C7B701B7051050C9
:10592000D4432D8E9317A701F240D18F9397F72977
:105930009CC2054505618280B70710509387070810
:1059400093956800B3E7F8209A959CD523A00700AB
:10595000639F08009606B70710509A969387071022
:1059600023A20600DCC605458280014582803705FA
:10597000105021059387F8FFB3E7A720DCD1B1BF12
:105980003EC636C446C2EFD0EFB8B247A2469248F0
:10599000D047B7870020138387D59DBF17B3FF0F6C
:1059A0006700838393F7F5079D81B3A7B7203785F9
:1059B00000209607130585D54111B2853E953686A0
:1059C00006C65D20B24005454101828013F5F5070A
:1059D00019E593B715008507372711503CD79D81EE
:1059E0003325B520B78700201605938787D53E95C8
:1059F0001316B028814517B3FF0F6700630F93F7A5
:105A0000F50791E382809D81B3A7B72037850020F9
:105A10009607130585D5FD753E959385F57F01465F
:105A2000A301050017B3FF0F6700830C411106C6E1
:105A3000B7270240B706001094C337070240B737B4
:105A4000024094C321071C43B3F7F640EDFF0566FF
:105A5000814537051050EF50302DB240B707115037
:105A60002547F8DB41018280411122C406C68547E3
:105A7000231AC500231B05000CC9230DF5002A8439
:105A800097B0FF0FE780200119C5B72711503707DE
:105A9000020023A8E708228597B0FF0FE7804002A5
:105AA00001C98547230EF400B2402244410182809F
:105AB00022852244B240410117B3FF0F67008308DB
:105AC000011126CA4EC6B7A9041022CC4AC852C436
:105AD00003C7018E06CE2A899389C9810144814773
:105AE00015A083A7418EB697A5CFDC474A8505044C
:105AF000829703C7018E1374F40FA28793061700D1
:105B000063CA8600998F931654009607E36BE4FCF2
:105B1000CE97E1BF37750020130585251306400594
:105B20008145EF507020B7760020FD579386C6253B
:105B300037770020DCC69CC61307C726DCC29CC290
:105B40001CC35CC31CC75CC71CCB5CCB1CCF5CCF2D
:105B5000F2406244D2444249B249224A05618280FD
:105B60000290F2406244D2444249B249224A05615D
:105B7000828082808280014582800145828082808D
:105B8000828082808280B77700209387872503C533
:105B900017003335A0008280B777002093878725D0
:105BA0008843135525488280011152C4377A00205A
:105BB00003479AD606CE9307F00F6319F70E638C4E
:105BC000050E56C2AA8A37750020130640055AC032
:105BD000130585252E8B814522CC26CA4AC84EC680
:105BE000EF5090141385418D2384018EEFC02FA7B1
:105BF000376500201384418D1305C56A23A8818C65
:105C0000EFC02FA83764002013058469EF20E01946
:105C100013048469B757001023AE818C938727FC47
:105C200099C71385018EEFF0CFB923A2A18E37A9B2
:105C3000041003C7018E1309C9810144814715A0CF
:105C400083A7418EB6979DC7DC438DC7829703C754
:105C5000018E05041374F40F93061700A28763C71F
:105C60008602998F931654009607E36BE4FCCA975B
:105C7000DC43E9FF02906244D2444249B249924A6D
:105C8000024B0145F240224A05618280DA85568541
:105C9000A3045AD7EFF05FAD71DD5685EFF07FB703
:105CA0006244D2444249B249924A024BF240224AEB
:105CB00005450561828002900145E9B75971DAC84E
:105CC000377B002003479BD686D69307F00F630CE3
:105CD000F71EA2D4CECE37940410B7790020A6D2F6
:105CE000CAD0D2CCD6CADEC613044477938989259C
:105CF000214983ABC18D83A74B0173770430939601
:105D00003700B316D028F19B2FA6D744758E6DFEB1
:105D10000F00300323ACEB004C105E85EF10703B9E
:105D200003A74B0183A78B010F003003230007005B
:105D3000A18B73A007306301051883475102636686
:105D4000F916B3C787209C438287A257DDD332550B
:105D5000829745B78345810293F6F50713D77500FF
:105D6000B3A73621BA9703C74703799B238AE70273
:105D700003C747036D9B238AE702638A061483C720
:105D8000470103C7018E63F4E71203A7418E96070C
:105D9000BA97638207129C4FB2560346910203459D
:105DA00041028297B9B783C7818E6386071083C784
:105DB000818EFD172384F18E83C7818E9DFBB7777B
:105DC0000020938B872583C70B00E2C4014593E72E
:105DD00017002380FB0083C74B03034C4102F99B50
:105DE000238AFB0283C74B03ED9B238AFB0283C7F5
:105DF0005B03F99BA38AFB0283C75B03ED9BA38A2A
:105E0000FB02EF0050188347810213070006F98F49
:105E1000638FE70013070004638DE70E2257854662
:105E20007D8B6303D71689466304D71069C302903C
:105E3000034541028145EFF07FB9034541029305D7
:105E40000008EFF0BFB8264C6DB583A70900858B1D
:105E5000E38107EAEFF01FD369BD03454102EFF08C
:105E60003FC6EF007010A2572381F90059B583C7D0
:105E70003900858BE38F07E62255EFF0BFCF95BD44
:105E800003454102EFF0DFC3EF00100EEFF05FCFEC
:105E90008DB583A70900858BE38D07E403A5090071
:105EA00013553548EFF0FFCDA9B5029099B593068B
:105EB000170063D6F6020290265496540659F64906
:105EC000664AD64AB64BB650464B65618280B2569A
:105ED0000346910203454102EF00B01019BD998FAE
:105EE00037A7041096071307C781BA976DB5130734
:105EF00000026386E72285FF834791022547E36816
:105F0000F7F23797041013078779B3C7E7209C434C
:105F1000828737550010130545F8EF00D0066285DB
:105F200030108545EFF00F86E30405F0264CD1B321
:105F30008345C10213F70507E31B07EE13F7F507C7
:105F4000B326772113D87500C29683C6460103C6CF
:105F5000018E63E7C60A130516006342D520918EB1
:105F600037A6041096061306C681B296638C071EE8
:105F7000C84A36C2EF003001924662853010DC4AD2
:105F80008545829745F56DB58346C1023D47E3617E
:105F9000D7EAB387DB0083C7470003C7018E63EAF4
:105FA000E70693061700E3C5F6E8B38BE740B7A70B
:105FB0000410960B9387C781BE9B03A54B01EF008E
:105FC000807C83A74B01301062858545829739FD1F
:105FD0008347810293F70706E39C07E48347910216
:105FE000854BD917E3E6FBE4EF00E0790347910224
:105FF000A9476306F72462852C10392D264CD5B9A4
:1060000003A6418E9606B296638E0714E38206E2DB
:1060100085B703A7418E9607B30BF700E39F0BF8F4
:1060200001BD8347A10203C71B006382E71E03C7AC
:106030001B00631D0732A380FB006388071CFD174C
:1060400013F5F70FEFF0EFC409C9E6C28347150057
:10605000BE8C89476382FC22964C02900290A380FA
:106060000B00F9B383C71B00628585461306210226
:106070002C102301F1021125264CA5B90355A102CC
:10608000BD47135785001375F50FE3E3E7DAB797BC
:1060900004109387077CB347F7209C43828728101E
:1060A000C52D8345A1026285EFF02FF783C70B0052
:1060B000264C93E727002380FB0025B90357A10254
:1060C0008547E317F7D683C70B0062852C10DD9B4D
:1060D0002380FB009123264C29B983C70B008946F6
:1060E000628513D72700758F93D75748D98F13062A
:1060F00021022C102311F1024923264CDDBE035747
:10610000A1028547E316F7D283C70B0062852C10E6
:1061100093E787002380FB000123264CD9BE8346EA
:10612000C1023D47E366D7D0B387DB0083C7470092
:1061300003C7018E63FBE70403A7418E9607B30BE9
:10614000F700E3870BCE03A54B01352D83A74B0149
:106150006285301085458297E31A05DCD1B9814606
:10616000E39807CC83479102054513F6D70F630BDD
:10617000A602E39E07CAB3277721C29783C74703C6
:106180006285894693D717489DB793061700E3C1E8
:10619000F6CAB38BE740B7A70410960B9387C78165
:1061A000BE9B55B70355A10205ED36C642C43AC29F
:1061B00003459BD6638FC708EFF05F8112472248E3
:1061C000B246B3277721C29703C747031367270057
:1061D000238AE70203C7470313671700238AE702EE
:1061E000E38606D4C84A36C2792B924630108545DC
:1061F000DC4A628582970145792383A74B0393D7B5
:106200008748E38A07DE264CEDB4EFF07F9762857E
:106210002C101921264CF1BCEFE03FD62A86E30969
:1062200005C083473600834626006285A207DD8EBF
:106230002C10A121AA87E38D07BE264C5DBC628588
:10624000DE862C1013062102230101023D21264C7B
:106250004DB4EFF0CFFA12472248B246B327772168
:10626000C29703C74703759B238AE70203C7470307
:10627000799B238AE702ADB7EAC06EDE034775005B
:10628000B775002083C6852593576748135757482D
:1062900012079607D98F13F7F6FCD98F238CF524B4
:1062A000834735008346250037770020A207D58F26
:1062B00037A60410330DF5009307C7269305950004
:1062C000930DC6813EC263FDA50983C715002D4706
:1062D00085486399E70083C7050083C83500BE95EC
:1062E00083C7150011476393E70683C7018E330305
:1062F000BD40334303088146014763FEF60483A78C
:10630000418E13965600B297B1C303AE07011A86A9
:10631000628536CE46CC1AC62EC43ACA3EC8029E04
:106320002A8613359500A2453243E248F24609E534
:10633000C2475247637AC30A83C7018E850693F624
:10634000F60F138617003687E359D6FA0290964C5B
:10635000064DF25D21B3B307F7409607EE9775B788
:10636000EFF0FF81964C064DF25D55B58145628593
:106370003EC4EFF06FCB6285EFF04FE203C72B0016
:1063800062853AC2EFF0CFF31247A2472381EB00B8
:106390005DB1EFF04FFE2A86E30C05A883460600A8
:1063A00062852C10D92CAA87E39907E851B483554C
:1063B000C102EFF0AF8E2A8675F19DBC8947630A52
:1063C000F708EFF08FFB2A86E31D05E495B4EFF0A4
:1063D000AF8B2A86E30D05A46285C9462C10712C6B
:1063E000AA87E39C07E4A9B40545638BA8046389E5
:1063F000080203CE250081471303F00F01A885078B
:1064000093F7F70F2302D50063FC17013305FE0055
:106410001375F50F5E95834E4500E3826EFE3DB722
:1064200012453AC832C62EC4EF10401283C7018EFF
:10643000A245324642478507B295E3D6E7E839B729
:10644000884BB7770010938727D7E314F5FAE688CF
:106450004DB7EFF00F842A86E31505DCC9BA5DCE8F
:1064600079715AC8377B002022D426D24AD04ECE2A
:1064700052CC56CA5EC662C466C206D66AC02E84B4
:10648000BE8BBA8A3689B284130B8B25814C954911
:10649000377C0020054A25A883452B00034D9CD658
:1064A000EF10E003AA87A2856A85A9C3EFF02FBB8E
:1064B0001DCD8347240013D77700630A4705238047
:1064C000FA00850C638A9405834704003E94834751
:1064D00014002285639D3701834534008D896398BC
:1064E00025018345240093F50507DDD50290029030
:1064F0000145B250225492540259F249624AD24A9A
:10650000424BB24B224C924C024D4561828023801B
:10651000FB00850CE39A94FB0545E1BF05458280AD
:1065200083C7250093F7070781C702900145828042
:106530004111B777002026C22E85AE8483C5A725DA
:10654000B777002022C406C603C497D6EF0030797F
:1065500001E90290B2402244924401454101828007
:1065600022852244B240A685924441016FF02FAFAC
:1065700013D7750093F7F507130747033775002006
:1065800083A5018DB3A7E720130585253E956F00F0
:10659000D06813D7750093F7F507130747033775CE
:1065A000002083A5018DB3A7E720130585253E951F
:1065B0006F00B06D3775002093F7F507130585253B
:1065C00013D77500B3A7A720BA9703C74703058B56
:1065D00001C702900145828003C747033775002039
:1065E000034595D6011106CE13671700238AE702EB
:1065F0003EC6EFF02FBB11EDB24703C74703799BAF
:10660000238AE70203C747036D9B238AE7020290B0
:106610000145F2400561828003C6450083C65500EE
:1066200003C7650003CE050003C3150083C825001A
:1066300003C83500B7770020938747222382C7001D
:10664000A382D7002380C701A3806700238117019D
:10665000A38107012383E70003C7750023A6070072
:106660008146A383E70083C5050023A407009307A1
:1066700000080146B3F5B74035BF03C8550003C74E
:10668000650003CF050083CE150003CE250003C3AC
:10669000350083C845000111B777002006CE9387E7
:1066A00047222380E701A380D7012381C701A3816B
:1066B000670023821701A38207012383E70003C732
:1066C000750090C723970700A383E70003C77500F1
:1066D00003C86500220733670701B356D70A23961C
:1066E000D7000DCB2A88B9C629C2838707001307B4
:1066F0000004B3D6E60A63C9070437760020130600
:10670000461E81454285EFF0FFEA05C1F24005458E
:106710000561828083C50500930700088146014614
:10672000B3F5B740EFF01FE975F10290F240014573
:106730000561828083C50700014693F505084285FF
:10674000EFF05FE761F5D5B7B7770020B2852AC6CD
:1067500036861385471E36C4EF4090673248A246FE
:106760002A8693050008E1BFB77700209387472268
:1067700023A0070023A2070023A4070023A60700E5
:1067800023A807008280B777002023AAA72282804F
:1067900003476500034305008348150003482500AF
:1067A000834535000346450083465500B7770020F2
:1067B0009387472223806700A38017012381070165
:1067C000A381B7002382C700A382D7002383E700F9
:1067D0000347750023A4070023A60700A383E7004F
:1067E0008280B7770020938747229843011122CCFB
:1067F00006CE9D81135777482A84630BB70299C64A
:106800000290F2406244014505618280BE85EFF04E
:10681000EF82B777002093874722984B09C73E86BF
:1068200022858D4502970545F240624405618280CC
:106830000387070063410702884761D5B7750020C9
:1068400036869385451E36C6EF409058B246B777D8
:1068500000209387472203D7E7008C4703D66700C1
:10686000369733470708B6952397E7008CC7630030
:10687000E60493B6060485EE03D6C70083870700B7
:1068800013050004B306E640B3C60608B3D6A60A4D
:1068900063C307066304C708377600201306461E45
:1068A00081452285EFF01FD121DD0545B5BF984B0D
:1068B00011CB3E86894522850297B77700209387C2
:1068C000472219CD83C5070093070008228581461A
:1068D000B3F5B7400146EFF0FFCD1DD10545A9B78F
:1068E00081452285EFF08F8E228593050008EFF019
:1068F000EF8D054515BF630FC700B77700203686BB
:106900001385471E36C6EF40B04CB2462A86930523
:10691000000841BF93050008014661B78145014663
:1069200049B7011126CA06CEAA84EFF0CFA509E522
:10693000F240D24405618280EFF00FA675F93777F7
:106940000020B3C79420B3C7F7201307C711B3E6DD
:10695000E72003C636008E0761DEC10722CC3384F0
:10696000E700228536C6EF00B0739307F00363E4B7
:10697000A700624475BFB246014583C53600EFF0FB
:106980003FBF65D92285EF00B071B2469307F0038F
:1069900083C5360063F2A7026244F2409397740005
:1069A00037760020D2441306C6093E9693060004AB
:1069B000014505616FF01FC06244F240D2440145B9
:1069C00005616FF01FBD411122C406C62A84EFF095
:1069D0008F9B11E5B2402244014541018280EFF0D6
:1069E000AF9B6DF9B347842037770020B3C7F720FA
:1069F0001307C711B3E7E72003C54700B24022449D
:106A00000589410182803345A5203345A520931790
:106A1000350037750020C1071305C51141113E959A
:106A200006C6EF005064B240410182803347A52082
:106A3000C16701113347E720FD1722CC26CAB337BF
:106A4000F60013143700B774002013070401FD1774
:106A50009384C4114EC65D8EB30997004AC833466D
:106A600006082A894E8552C406CEEF0050742A8A41
:106A7000EFF06F9111E9F2406244D2444249B249C9
:106A80005285224A05618280EFF00F916DF5A29444
:106A900083C73400EDD34E85EF0090601304F003FC
:106AA000E37BA4FC83C534000145EFF07FAC61D5E6
:106AB0004E85EF00F05E83C53400637EA400377618
:106AC00000201E091306C6094A96930600040145D4
:106AD000EFF05FAE4DB70145EFF0BFAB69BF0111FD
:106AE00026CA06CEAA84EFF00F8A11E50145F240CE
:106AF000D24405618280EFF02F8A6DF9B3C79420EC
:106B0000B3C7F7208E073777002093864702130715
:106B1000C71122CC3384E60022853EC6EF00B05474
:106B200015C1B77700201387C711B2474AC801457E
:106B3000BA9783C527003E89EFF09FA311E5624411
:106B400042496DB762445DB7939774003777002070
:106B50001307C70993870704BA97BE8522851306D2
:106B600000043EC6EF00B06483452900AA8609CD23
:106B700032462AC60145EFF0FFA3AA87324591EBC2
:106B80000290624442499DB7EFF0BFA0624442497F
:106B9000B1BF62444249A1BF411122C4C16733441D
:106BA000A52033448420FD17B337F6000E04377751
:106BB0000020FD171307C711130444023A945D8E99
:106BC00026C233460608AA84228506C64AC0EF10AC
:106BD000E0002A892285EF0010499307F00363E95A
:106BE000A700B240224492444A8502494101828072
:106BF0002685EFF0DFEEB240224492444A850249F6
:106C0000410182803345A5203345A52093173500E7
:106C100037750020938747021305C51141113E9532
:106C200006C6EF00F047B24041018280411122C404
:106C3000377400201304C41122851306800C81458B
:106C400006C626C24AC0EF40300EF1679387072080
:106C50001CC47D57A147B775002037750020A302DB
:106C6000E4002307F4009385451501478546130684
:106C700000041305C5122386018EEF005036054728
:106C8000B775002037750020BA869385451913061D
:106C9000000413050514EF00903437790020130524
:106CA000491DEFB0CF9BB77400201385C41DEFB012
:106CB0000F9B1309491D9384C41D2320240304D86A
:106CC000B240232E0400232A0402224492440249A3
:106CD00041018280B77700209387C711945B985356
:106CE00095C219CB23AE070023AA070223A80702E7
:106CF00023A007020545828023AA070223A80702D2
:106D00000545828065DB23AE0700DDB783C7C18EF2
:106D100041113777002006C61307C71113F6170075
:106D2000232007002302070001CE898B377700203C
:106D300085C7B24013050714854541016F10C00B8C
:106D4000377500201305C512EF10200683C7C18ECA
:106D500037770020898BF1FF13050714EF10E0044B
:106D6000B2403777002013050714854541016F10A5
:106D7000A00883C755000947639EE70003C7650065
:106D8000631AF700B77800209388C81183C72800DA
:106D900089C70290014842858280011106CE03C74F
:106DA0002500930740022A832380E80003C70500DB
:106DB0002548BA9503C71500BA86631EF7006368B5
:106DC000060383C70500BE9503C71500C29733C8E5
:106DD0000708E306D7FE9546BA876303D702114733
:106DE0006397E70003C75500A9476309F704014506
:106DF00042C2EFF01FB31248F24042850561828023
:106E00001A8542C62EC41AC2EFF08FF1B777002060
:106E10001243A24532489388C71111CD83C725007C
:106E2000A380F80003C70500BA95429783C71500F1
:106E3000334807086DB7029001487DBF83C805003D
:106E40008946B777002037770020C6951A85938743
:106E5000E7111307F711368642C446C2EFF02FE060
:106E60009248224869D93908C29833C8080841B7FE
:106E7000834706001307000293F707066393E702B0
:106E80000347560037780020834646001308C81190
:106E9000834808002207558F81466387E8003685BE
:106EA0008280814636858280011106CE0347160016
:106EB00093082002630C170763E0E8026306F704F7
:106EC000930710026316F7008547638BF50A854622
:106ED000F24036850561828093073002E31AF7FE9F
:106EE00085476388F50AF515FDF193070000E5D3A2
:106EF00083473600834526000145A207DD8D9700B4
:106F00000000E7000000E1B78547638BF506B7573F
:106F10000010938727FDC5DFF515D5F9B77500205B
:106F2000938545120145EFE0CF8A55B785476382C7
:106F3000F5068D47E39DF5F822CC834736000347DD
:106F4000260037750020A20733E6E7008547B3F532
:106F5000E740130505142302C80032C61374170056
:106F6000EF009069930700008DCB3246A285014562
:106F70001356164897000000E7000000624481BFE6
:106F8000B7770020B2859D4613864712EFF0EFEEEB
:106F90003DBFB285EFF04FE81DBF62440DBF797170
:106FA00022D43774002026D24AD04ECE06D61304FF
:106FB000C41183473400AE84AA8936896389B7082F
:106FC00083472400638CB70202900145B2502254DB
:106FD00092540259F249456182809307000081CBA7
:106FE000B77700201385C712EF00700A61CD014505
:106FF000EFF03F9383472400639E970093070000C0
:1070000091C7014597000000E70000000145EFF03F
:107010001FAD19C105455DBF377500201305051467
:10702000EF007004E30809FE75F59377F903FDF3AB
:10703000834524004E85EFF0AFD369DD83452400FE
:107040004E8581460146EFF0EFD6054541B7B7774B
:1070500000209385C709B77700201385C71233C670
:107060000608EF00B0371307000025DB0347540084
:107070009306F00FE303D7F6E30109F6B777002094
:107080009387C7093306F90031A08507E387C7F462
:107090000347540083C60700E399E6FE3EC4B77772
:1070A00000201385C71232C6EF00607EA247324629
:1070B00069FD8345540097000000E7000000324658
:1070C000A247E1B797000000E70000000DB7377551
:1070D000002041111306C02481451305C53E06C694
:1070E000EF40804437780020377700203775002044
:1070F0001308C8361307875393080004930700103A
:1071000081460146814513054551BD29B240377876
:10711000002037770020377500201308C83A13077E
:1071200047411305053F930800049307001081466B
:1071300005468145410189A9377500204111130594
:10714000455106C64D29377500201305053F6521B9
:10715000B240054541018280411122C437750020AB
:107160003774002006C61304C43E1305C55123001E
:107170000400EF009043377500201305853FEF00B2
:10718000D042A3040412A3020400B24022444101ED
:10719000828003C755009307F00F6304F700014591
:1071A0008280797152CC377A002006D64ECE130AEF
:1071B000CA3E83495A0083479A12B3E9F900639A99
:1071C000090E56CA5AC822D403C7250003C40500B5
:1071D00083C745002300EA002A8BAE8A2E94CDC7D0
:1071E00037770020B777002026D24AD05EC662C427
:1071F00066C2B304C400130CC751938C47511549A0
:10720000854B31A0637D9406834704003E948347F9
:107210001400E39927FF63749406A2855A85EFF062
:107220002FB03DCD834724009D83638A7709628513
:10723000EF00B0378347240003478A12E685A30492
:10724000FA128347540083464400759BA207D58FEA
:1072500093F7F77F938707E093B717008607D98FD7
:107260005A852304FA12A52905CD0347040083C7D4
:107270004A00850993F9F90F3A94E3EAF9F8925430
:107280000259B24B224C924C33055441B250225415
:10729000D24A424BF249624A334505084561828031
:1072A0000290225492540259D24A424BB24B224C81
:1072B000924CB250F249624A01454561828037756D
:1072C00000201305853FEF00502E8347240003471D
:1072D0004A00B7750020A302FA0083475400834692
:1072E0004400759BA207D58F93F7F77F938707E03C
:1072F00093B717008607D98F9385053F0145230271
:10730000FA00AD269DB70111B777002006CE93870E
:10731000C73E03C797122A886307B70483C757007D
:107320006386B700F2400145056182809307000043
:1073300081CF2AC6B3C50608014536C497000000B0
:10734000E70000003248A246B77700209385073F48
:10735000428536C642C4192EB777002039CD05457F
:10736000F2400561828003D747130DEB93070000BD
:1073700091CFB775002033C606089385C536014501
:1073800042C497000000E70000002248B7750020C3
:10739000428593854551A1260545D9B783A5C712D6
:1073A0002AC63775002033C606081305C55136C4F2
:1073B000EF00D0023248A24655BF3246224593859F
:1073C000073F252C054569BF011106CE8DC98546AD
:1073D00063E2A602984119CF1386018FB347C520F7
:1073E00098C36306D700F240054505618280EFE04F
:1073F000AFFB75F902900145F24005618280854737
:107400002C0001453EC402C6EFE00FFA854719E1A2
:107410000290DDB723A8F18EC5B783470500858BA1
:10742000B1E7834605002A8793D6264899C23E8550
:10743000828001112E852EC4FD553AC606CE979046
:10744000FF0FE78080D13247A24683470700858B34
:107450008DE3034607001356264809EE034607004E
:107460008547136646002300C70029A081473E8553
:107470008280814736853EC49790FF0FE78040D2D7
:10748000A247F2403E850561828041114AC02E89A3
:1074900026C2FD55AA844A8522C406C69790FF0FCE
:1074A000E780A0CB03C404001354244809EC4A85A8
:1074B0009790FF0FE780C0CEB240228522449244CD
:1074C00002494101828083C70400858B99E783C705
:1074D0000400ED9B2380F400D9BF0144C9BF83475A
:1074E00055000347450003453500A207D98F0D8994
:1074F000094793F7F77F630AE5028D46630DD500D0
:1075000005476312E502F91593B515009385F53F1C
:1075100063EAF5008280930600046386E502054570
:10752000E3FAF6FE0290014582806388A500130706
:1075300000040545E368F7FE828013070020054537
:10754000E392E7FE828093060040D1BF2E9663FC53
:10755000C500154883C715006388070183C7050068
:10756000BE95E3E9C5FE828003C725009377F70740
:10757000B3A7A7201D83BA972380D70083C7050030
:10758000BE95E3E9C5FC8280797122D42A84034543
:107590000500858926D279994AD04ECE4D8D06D6E2
:1075A000BA852300A4003687B284130584003E8682
:1075B00085462EC43EC64289C6891524A24599C176
:1075C000B24789EF2322240123113401B2502254FF
:1075D00092540259F2490545456182801305C40160
:1075E0002AC4EFA0DF872245814799C0AA870145B9
:1075F0005CC808CCC1BF0545828083C70500011166
:107600004AC893D71748FD172A891385850022CCCD
:1076100026CA32C606CEAE8413F407E4A924324645
:1076200011CA09E91304F41F618E09E683C7040037
:10763000858B81CB0145F2406244D24442490561C9
:10764000828083C514004A85EFE09FF265D583C729
:107650000400858B99C30290F1BF83C514004A854D
:1076600081460146EFE01FF579F5F5B701114AC8EB
:107670002A891385850022CC06CE2E84ED2209C5E9
:1076800083470400858B99C70145F2406244424913
:1076900005618280834514004A85EFE07FED6DD55A
:1076A000035624004C401305840011268347040030
:1076B000AA86858B01C591CB0290F9B7F1F7834576
:1076C00014004A85EFE0FFECC1B750408345140039
:1076D0004A8536C6EFE01FEE65D132457DB783D6C9
:1076E000C500797122D406D603C70500AE872A8467
:1076F00081EA058B29C70145B25022544561828039
:107700004ECE26D24AD0098BC1690DE7938909FC78
:10771000130900049384870026853EC651226367BF
:107720002501B24703C70700058B1DC792540259B4
:10773000F249D1B7938909E013090020E1BF83C55D
:1077400015003EC6EFE0DFE25DD5B24703C7070094
:10775000058B1DC7029045B783C517002285EFE052
:107760003FE169D526852D2AB24703C70700058B5F
:107770006368250321C3029092540259F249A5BFC0
:1077800083D6270083C51700014691C2D0432285C6
:107790003EC6EFE03FE25DDDB24703D52700A9BF5B
:1077A00051F783C517002285EFE0BFDE92540259DE
:1077B000F24991B783D6270033F7A90083C5170094
:1077C000B3D6E60A014691C2D043228536C6EFE021
:1077D0007FDE55D1324592540259F24931BFA1673B
:1077E00063E1C708011122CC2A84484526CA4AC849
:1077F0004EC652C406CE3A8AB6892E89B28411C5C5
:10780000FD559790FF0FE7804095084811C5FD553D
:107810009790FF0FE780609493961901C582131724
:10782000FA004844558F231504002313E400232055
:107830002401231294002314040009C59790FF0F1C
:10784000E7800096084809C59790FF0FE7804095AC
:10785000F2406244D2444249B249224A0545056198
:10786000828001458280835685000357A500035519
:107870004500B3C706083346070863F4E600B3279C
:10788000F520918FB3C707083355F50A82808357D7
:1078900085000357A5003385E74013351500828026
:1078A000035685008356A50003574500B3470608D5
:1078B000B3C506086374D600B327F7208D8FB3C70E
:1078C00007083335F7007D151D8F798D3345050881
:1078D0008280011122CC2A84084926CA06CEAE84B1
:1078E00011C5FD559790FF0FE780208783558400D1
:1078F0008356A4000357440033C60508B3C70608DF
:1079000063E1D508B306F640B3C60608C9C2636290
:10791000D70663E7E700998FB3C70708E3FDE7FEE3
:10792000035664000C40268546064582B387C7028D
:10793000BE95EF30F0498356A40003574400938767
:107940001600B3C7070863F2D706060785468147C6
:10795000998F08482315F40019C536C69790FF0F74
:10796000E7800084B246F2406244D2443685056125
:1079700082806366E602198EB34706082315F40079
:1079800049BFB326C7209D8EB3C60608C9F28357E8
:10799000A400B3C707080607E3CDE7FA55BF3A9638
:1079A000B34706082315F400ADB78546EDB70111BE
:1079B00022CC2A8408494AC806CE26CA2E8901C983
:1079C000FD5532C09780FF0FE780207902460355AE
:1079D00084008355A40003574400B3460508B3C789
:1079E00005086369B50EB384F640B3C40408EDC856
:1079F0006369970C3356960AB344060863E7E700B9
:107A0000998FB3C70708E3FDE7FE035864000C40F5
:107A1000B306F74046081358180133860703B3C668
:107A20000608B29563F99606B38606034A853EC6F4
:107A30003AC442C233C6060832C0EF30703922471A
:107A4000B24712483387E440BA973308F802024637
:107A50000C403305C90033460808EF307037035631
:107A6000A40003574400B3079600B3C70708931652
:107A7000170063F3C704958F08482315F40009C560
:107A80009780FF0FE780C071F2406244424926852B
:107A9000D24405618280338604034A85EF30503337
:107AA0000356A40003574400B3079600B3C7070862
:107AB00093161700E3E1C7FC93161700E3CED7FA3D
:107AC0005DBF63F8E602BA96B3C706082315F40053
:107AD000BA840DB7B324D7209D8CB3C4040889F8A9
:107AE0008357A40093161700B3C70708E3C6D7F857
:107AF00059B7998EB3C70608D1BF011122CC2A8489
:107B0000484526CA06CEAE8411C5FD559780FF0FA5
:107B1000E780A06483568400835584000356A40044
:107B200003574400B3C60608B3C705083345060823
:107B300063F4C500B327F720898FB3C70708504007
:107B400063E4E7029357F60163400602484419C50F
:107B50003EC69780FF0FE780A064B247F2406244C0
:107B6000D2443E8505618280B68763E3E604998F3F
:107B7000B3C70708E3FDE7FE1317160013561701F6
:107B8000B387C7020840A68536C63E95EF3050241D
:107B9000B2460357440093871600B3C7070863FB38
:107BA000D70206078147998F2314F400854779BFD0
:107BB0009317160013D61701B307D6020840A685FF
:107BC00036C63E95EF30D020B246035744008506B6
:107BD000B3C706080607E3C9E7FCF1B7630C061054
:107BE000AA884845397106DE3283AE8E01CD2EC893
:107BF000FD5546C632CA9780FF0FE78000565243B4
:107C0000C24EB24803DE880083A6480083D7A8008E
:107C100003D74800334E0E08B3C7070863C80608E9
:107C2000636DFE0CB307FE40B3C7070863FFE70CA4
:107C3000B307F740B3C7070833D6670A33430608CC
:107C400033086E0033480808330FE340F287636758
:107C5000EE00998FB3C70708E3FDE7FE1396160001
:107C6000935616013386D70203A508001D8F3347AC
:107C700007083295636B670A3306D302F68546CC54
:107C800042CA72C81AC6EF30B0143243424E52484C
:107C9000E24883D7480086076364C8016344F8005C
:107CA0003308F840239408011A879DA06371E30606
:107CB0006364FE0C3306FE40334606089315170036
:107CC0001A96330FE3406342B6023388E700334825
:107CD0000808330E6840334E0E086364FE00E34725
:107CE000BEF6B305BE4033CE05083308C3013348A2
:107CF0000808A9BF01473A8582803328C721B30706
:107D0000F840B3C70708E3E5E7F2014711A02DEFFC
:107D100003A5C80019C53AC69780FF0FE780404801
:107D20003247F2503A85216182803307D702F685C7
:107D30001AD642D072CC46D47AD23ECE36C676CA55
:107D40003346070832C8EF30B008F247125FB24638
:107D5000A258FA97B386F6024246D24E03A508000F
:107D600046C6B385CE0033C60608EF3070063253E0
:107D70000258624EB24831BF931517003386F54062
:107D80007296334606082DBF139516003306E3405E
:107D9000935515013306B6023388E70033480808C7
:107DA0003E8E3A83014FB29E55B5411122C42A84BA
:107DB000484506C611C5FD559780FF0FE780E0399D
:107DC000084811C5FD559780FF0FE78000394844EA
:107DD000231504002314040009C59780FF0FE780D2
:107DE000203C084809C59780FF0FE780603BB24000
:107DF0002244054541018280411122C42A8448451C
:107E000026C206C6AE8411C5FD559780FF0FE780D8
:107E1000C034084811C5FD559780FF0FE780E03357
:107E2000835564009397F4004844C605C581DD8DF1
:107E30002313B40009C59780FF0FE7806036084818
:107E400009C59780FF0FE780A035B24022449244D5
:107E50000545410182803727024085471CC3B7365C
:107E60000240370702409CC221071C438546B3F7F6
:107E7000F640E5FF37070A4085471CC31C4393F7CC
:107E80000710EDDF8280011126CA06CE22CC37070B
:107E90000840AA84B70704006304E500B707080098
:107EA000372702401CC3B7360240370702409CC246
:107EB0002107004333F487406DFC19452EC6EFA01F
:107EC0003FC7B24583AF4400938E44000D6F89478E
:107ED000769F13D3750193989500B3FFFF0023207D
:107EE000FF001A864687130E001009A8636DE5008F
:107EF00089073687330668006387C701B306170111
:107F000033B8E60065D6939687009D8E1307001060
:107F1000854819A0630517073356D5023A889D8E08
:107F20007D17E3F9C5FE33880703131487009CC847
:107F30009C404167130707F0A18F8566F98FA696CD
:107F40003355050309689CC2B3870E0123A0F701CE
:107F50008945D0402320BF0098406D8E9384440211
:107F6000134777001377F70C98C290C3F24062442E
:107F7000C2940D4798C08CC3D244056182803E886C
:107F80007DB7011122CC2A8415452EC606CEEFA05E
:107F90003FBAB245B7D6CCCC9386D6CC13D6150013
:107FA0002A963356B60237470F001307F723B32735
:107FB000A520B328C620B3B6D8028982B30ED64016
:107FC0006362B70637D75F6B1307B7A6B3B7E7028D
:107FD000D983850718400568130EF0042326070689
:107FE0000C433A98054393C5450099892320B8006E
:107FF000232ED70114D363741E0113D3460023200C
:10800000670A6C5F85669386C607AD8FF24062444F
:10801000B3C70708BA969CC285477CD73355C502BB
:10802000056182803747E655130797B8B3B7E70273
:10803000DD83850745B7B7770020938747D71307B8
:1080400000026300F504B727024098C3B706024058
:10805000B737024098C3A1069C42B377F740EDFFC3
:108060001C41230205001307501623A6070698C3D8
:1080700023AE070223AC07020D4723A4E7086FF0E5
:108080005FF04147C9B70111A307A1009305F100B3
:1080900005463785084006CE9790FF0FE780A0DDA4
:1080A000F240056182802E86AA85378508401793A5
:1080B000FF0F670043DC9307400663E4A70283A732
:1080C000818F37870A403107B3C7F720B3C7E7204E
:1080D00098434205C176398D0567758DBA9788C377
:1080E0008280379504101305C5286FC09FBB4111CE
:1080F00006C622C426C24AC0EFC05FAF3145EF902A
:10810000AF97370400D085671CDC2145EF90CF96F0
:108110009304001004DC2545EF900F96130900200E
:10812000232C24036545EF902F95B70700021CDC34
:10813000232C240104D01CCCEFF0FFD1FD45754564
:10814000EF906F8C014681457545EF90CF8E81454C
:108150007545EF902F90B7070A409C43BD663717CF
:108160000A409397C7689397D768F58F1CC39145CA
:108170006545EF904F89114723ACE18EB7860A40E1
:1081800093074006BCD2F84E4176B7970A40718FEC
:10819000F8CF93070032FCCAB84A8546B7970A4021
:1081A00033F7E640B7E51710B8CB938505F8378568
:1081B0000840EFF05FCD85452945EF90CF84854598
:1081C0002D45EF904F8437750020B7250600938525
:1081D00005A81305C5D6EFF01FE68D451945EF90AC
:1081E0008F828D451D45EF900F82014685451945CB
:1081F000EF906F84014685451D45EF90CF833795FD
:1082000004101305052AEFC0DFA9B24022449244AE
:10821000024901454101828001114EC6AA89130518
:10822000400606CE22CC26CA370400D04AC8856450
:10823000EFF07FE81305400604CCEFA0CFBE130596
:10824000400604D0EFA02FBE9307002004CC1CD022
:1082500013054006EFA02FBD3707F0001307070FE7
:108260009304001023AEE18E333930019387C18F20
:1082700004D01305600333092041238237011379A9
:1082800009FAEFF05FE01305890C04CCEFF0BFDFD3
:108290001305F00E04D0EFF01FDF1305B00E04D06D
:1082A000EFF07FDE514504CCEFF0FFDD1305E00F6A
:1082B00004D0EFF05FDD1305F00E04D0EFF0BFDC6B
:1082C0001305B00E04D0EFF01FDC514504CCEFF0E5
:1082D0009FDB1305400804D0EFF0FFDA130500041C
:1082E00004CCEFF05FDA1305500804D0EFF0BFD9EB
:1082F0001305F00F04CCEFF01FD91305600804D06C
:10830000EFF07FD81305F00F04CCEFF0DFD71305A3
:10831000700804D0EFF03FD71305F00F04CCEFF056
:108320009FD61305800804D0EFF0FFD5294504CC73
:10833000EFF07FD51305900804D0EFF0DFD41305DC
:10834000100204CCEFF03FD41305A00804D0EFF0E6
:108350009FD3014504CCEFF01FD31305B00804D020
:10836000EFF07FD21305000804CCEFF0DFD1130546
:10837000C00804D0EFF03FD1054504CCEFF0BFD0EA
:108380001305D00804D0EFF01FD0054504CCEFF062
:108390009FCF1305E00804D0EFF0FFCE1305F00FD8
:1083A00004CCEFF05FCE1305F00804D0EFF0BFCDA2
:1083B0001305F00F04CCEFF01FCD1305600B04D0B4
:1083C000EFF07FCC014504CCEFF0FFCB13050002AA
:1083D00004CCEFF05FCB1305600304D0EFF0BFCA0D
:1083E000214504CCEFF03FCA1305A00304D0EFF001
:1083F0009FC9154504CCEFF01FC91305000904D02F
:10840000EFF07FC8214504CCEFF0FFC7214504CC35
:10841000EFF07FC7214504CCEFF0FFC6214504CC27
:10842000EFF07FC61305D00B04D0EFF0DFC5194580
:1084300004CCEFF05FC51305C00B04D0EFF0BFC450
:10844000014504CCEFF03FC41305F00F04D0EFF06A
:108450009FC31305000604CCEFF0FFC2054504CC12
:10846000EFF07FC2114504CCEFF0FFC11305300CD3
:1084700004D0EFF05FC14D4504CCEFF0DFC0130531
:10848000400C04D0EFF03FC04D4504CCEFF0BFBF2F
:108490001305900C04D0EFF01FBF1305200204CC8D
:1084A000EFF07FBE1305E00B04D0EFF0DFBD4545D4
:1084B00004CCEFF05FBD1305100E04D0EFF0BFBC8D
:1084C000414504CCEFF03FBC394504CCEFF0BFBBD5
:1084D0001305F00D04D0EFF01FBB1305100204CC00
:1084E000EFF07FBA314504CCEFF0FFB9094504CC79
:1084F000EFF07FB91305000F04D0EFF0DFB81305DC
:10850000500404CCEFF03FB8254504CCEFF0BFB7E2
:10851000214504CCEFF03FB7214504CCEFF0BFB6C6
:108520001305600204CCEFF01FB61305A00204CCC3
:10853000EFF07FB51305100F04D0EFF0DFB4130593
:10854000300404CCEFF03FB41305000704CCEFF087
:108550009FB31305200704CCEFF0FFB213056003AF
:1085600004CCEFF05FB21305700304CCEFF0BFB1A1
:108570001305F00604CCEFF01FB11305200F04D053
:10858000EFF07FB01305500404CCEFF0DFAF2545CA
:1085900004CCEFF05FAF214504CCEFF0DFAE214516
:1085A00004CCEFF05FAE1305600204CCEFF0BFAD7A
:1085B0001305A00204CCEFF01FAD1305300F04D05B
:1085C000EFF07FAC1305300404CCEFF0DFAB130504
:1085D000000704CCEFF03FAB1305200704CCEFF00D
:1085E0009FAA1305600304CCEFF0FFA913057003E5
:1085F00004CCEFF05FA91305F00604CCEFF0BFA8A0
:108600001305D00E04D0EFF01FA86D4504CCEFF099
:108610009FA72D4504CCEFF01FA71305E00A04D057
:10862000EFF07FA61305700704CCEFF0DFA513056C
:10863000D00C04D0EFF03FA51305300604CCEFF0CA
:108640009FA41305000704D0EFF0FFA31D4504CC41
:10865000EFF07FA31D4504CCEFF0FFA2114504CC41
:10866000EFF07FA2394504CCEFF0FFA13D4504CCEB
:10867000EFF07FA1254504CCEFF0FFA01D4504CC11
:10868000EFF07FA0214504CCEFF0FF9F0D4504CC17
:10869000EFF07F9F1305800E04D0EFF0DF9E1305EF
:1086A000400304CCEFF03F9E1305200604D0EFF00A
:1086B0009F9D614504CCEFF01F9D354504CCEFF044
:1086C0009F9C1305100704CCEFF0FF9B1305D00E01
:1086D00004CCEFF05F9B1305000704CCEFF0BF9ACA
:1086E0001305000704CCEFF01F9A614504CCEFF0AE
:1086F0009F993D4504CCEFF01F991305100704CC5A
:10870000EFF07F981305F00E04CCEFF0DF97130520
:10871000000704CCEFF03F971305000704CCEFF0FF
:108720009F961305300604D0EFF0FF95614504CC09
:10873000EFF07F95454504CCEFF0FF94130510074B
:1087400004CCEFF05F941305100F04CCEFF0BF934F
:108750001305000704CCEFF01F931305000704CCAA
:10876000EFF07F92614504CCEFF0FF914D4504CCD2
:10877000EFF07F911305100704CCEFF0DF901305A5
:10878000300F04CCEFF03F901305000704CCEFF05E
:108790009F8F1305000704CCEFF0FF8E13054006F2
:1087A00004D0EFF05F8E1305800204CCEFF0BF8D94
:1087B0001305900204CCEFF01F8D1305100F04CCAD
:1087C000EFF07F8C054504CCEFF0FF8B1305100F05
:1087D00004CCEFF05F8B014504CCEFF0DF8A1D4540
:1087E00004CCEFF05F8A1305600604D0EFF0BF8978
:1087F0001305C00304CCEFF01F89014504CCEFF052
:108800009F881305D00C04CCEFF0FF87130570068A
:1088100004CCEFF05F871305500404CCEFF0BF8663
:108820001305500404CCEFF01F86414504CCEFF053
:108830009F85014504CCEFF01F85014504CCEFF086
:108840009F84014504CCEFF01F841305700604D00B
:10885000EFF07F83014504CCEFF0FF821305C003E6
:1088600004CCEFF05F82014504CCEFF0DF810145DD
:1088700004CCEFF05F81014504CCEFF0DF800545CB
:1088800004CCEFF05F801305400504CCEFF0AFFFA0
:10889000414504CCEFF02FFF1305200304CCEFF08B
:1088A0008FFE1305800904CCEFF0EFFD13054007A0
:1088B00004D0EFF04FFD414504CCEFF0CFFC1305A1
:1088C000500804CCEFF02FFC1305000804CCEFF0A7
:1088D0008FFB014504CCEFF00FFB014504CCEFF01A
:1088E0008FFA1305E00404CCEFF0EFF9014504CC56
:1088F000EFF06FF91305800904D0EFF0CFF81305FE
:10890000E00304CCEFF02FF81D4504CCEFF0AFF7F7
:108910001305500304D0EFF00FF71305100204D035
:10892000EFF06FF6454504D0EFF0EFF51305800743
:10893000EF907FCF1305900204D0EFF0CFF46244A4
:10894000F240D2444249B249514505616F90BFCDD2
:10895000011106CE22CC26CA4AC84EC6370900D01D
:10896000930900102A84232039031305A002EFF095
:108970008FF10145232C3901EFF0EFF00145232C55
:108980003901EFF04FF00145232C3901EFF0AFEF43
:108990001305F00E232C3901EFF0EFEE1305B002B2
:1089A00023203903EFF02FEE0145232C3901EFF09E
:1089B0008FED0145232C3901EFF0EFEC0145232C1D
:1089C0003901EFF04FEC1305F00E232C3901EFF0D5
:1089D0008FEBF164232039031305C0029384042034
:1089E000EFF06FEAA294232C390122859305001E33
:1089F0001304041EEFF02FEBE31994FEF2406244DF
:108A0000D2444249B2490561828003D86600630EB0
:108A1000084601163306060383DF460079714ED0FF
:108A2000BE8993F77F00B337F00093D83F00C69715
:108A300003AE0600B387C702416822D626D44AD2C5
:108A400052CE56CC5ACA7D183E9E638A092BB78EE9
:108A500000205EC862C666C4938ECE198147930219
:108A600000089303400B0944135B87000D4A130968
:108A7000E0109304A00593DA890063860F1C2A8313
:108A80000148034F0E0013767800B3D8C240B3F804
:108A9000E80103DF8E00638F080A63616F0883D8E3
:108AA000AE0063EDB80683D86E016380782063ED75
:108AB0001315638A08226393980683D8CE009A8B95
:108AC000FD18B388B840B3C8080803DF8E01630BF4
:108AD0008F146369E41B630E0F2003DFCE00130CB9
:108AE000FFFFB3081C41B3C8080863691F0303DF15
:108AF000EE0063657F0303DF0E0183AF0E00330FCB
:108B00007F03B3A8E821338F1F0123006F0103AF58
:108B10000E00FA98A380E80083DF4600651605087A
:108B2000133616009308130033480808329E33C3E7
:108B30000808E368F8F5850713F67F0003D8660098
:108B4000B3C7070875CA63F007118505B3C50508E3
:108B5000050E35B7E3646FFC83D8AE00E3E0B8FCE4
:108B600083D86E016382781663E813076380081860
:108B7000E39698FA83D8CE009A8BFD18B388B84054
:108B8000B3C8080803DF8E0163068F066369E40D2E
:108B900063040F1603DFCE00130CFFFFB3081C4164
:108BA000B3C80808E36C1FF703DFEE00E3687FF744
:108BB00003DF0E0183AF0E00330F7F03B3A8E8215C
:108BC000338F1F0123005F0103AF0E00FA98A380CB
:108BD000380183DF460099B7E39228F583DBEE0086
:108BE00003DF8E01AE88FD1BB38B6B40B3CB0B084C
:108BF000E31E8FF803DCEE0003DFCE007D1CB30B19
:108C00007C41B3CB0B0879BFE39A28F183DBEE00FC
:108C100003DF8E01AE88FD1BB38B6B40B3CB0B081B
:108C2000E3198FEA03DCEE0003DFCE007D1CB30BFB
:108C30007C41B3CB0B0855BD63F707018505B3C570
:108C40000508E39E0FE2C24B324CA24C3254A254B0
:108C500012598259724AE24A524B45618280E31F9F
:108C60004FEB03DFCE0003DCEE00930CFFFFB38C71
:108C70001C419308FCFFB38B7841B3CB0B08B3C8FE
:108C80000C080DB7E31C4FE903DFCE0003DCEE0058
:108C9000930CFFFFB38C1C419308FCFFB38B78410E
:108CA000B3CB0B08B3C80C0889B583D8CE0083DBDF
:108CB000EE00FD18FD1BB3886840B38BBB40B3C802
:108CC0000808B3CB0B0811B583D8CE0083DBEE00C8
:108CD000FD18FD1BB3886840B38BBB40B3C80808C0
:108CE000B3CB0B0845B5AE8B9A88C5B3AE8B9A88CB
:108CF00051BD03DFCE00D5BB03DFCE0065B5378F96
:108D00000020130FCF198142930E00089303400BEC
:108D10000944935987000D4A1309E0109304A005F4
:108D2000E3860FF2AA88014603480E009377760087
:108D300033D3FE40337868006305080803588F007A
:108D4000636118090358AF00636DB80603586F01DB
:108D50006308781063E9030B630308126313980632
:108D60000358CF0046837D183308B84033480808BD
:108D7000835A8F0163878A0A636F540B63840A10D6
:108D8000835ACF00138BFAFF33080B41334808088E
:108D900063E90A03835AEF0063E56A02835A0F010D
:108DA000832F0F0033836A023328682033830F0137
:108DB0002300330103230F001A98A300E80083DF88
:108DC0004600E517050693B71700138818003346C9
:108DD00006083E9EB3480808E368F6F5850293F757
:108DE0007F0003D66600B3C2020881CBE3F0C2E67F
:108DF0008505B3C50508050E35B7E3F9C2E4850559
:108E0000B3C5050831BFE31E28FB0353EF00835AA7
:108E10008F012E887D133303134133430308E39DF1
:108E20008AF4035BEF00835ACF007D1B33036B4052
:108E300033430308B1BFE3964AF9835ACF00035B7B
:108E4000EF005EC8938BFAFFB38B0B411308FBFF57
:108E5000330368403343030833C80B08C24B0DBFCC
:108E60000358CF000353EF007D187D1333081841DA
:108E70003303B3403348080833430308D5BD2E837A
:108E80004688FDB5835ACF0021B78280B78700207E
:108E90009387C71913981500239BD70088C323A273
:108EA00007002396B7002397C7002399C700239A8A
:108EB000E700F59A2398070181E632872E86BA8566
:108EC0002395B7002394C7008280B787002093873B
:108ED000C71903D6870083D6A700D8433306D60226
:108EE000060609C78C43C8C36F20806E0111328506
:108EF00032C606CEEF90DFFDB7870020324693875B
:108F0000C71919C5F2408C43C8C305616F20406C76
:108F1000F24005618280B78700209387C719CC4350
:108F200099C903D6870003D7A70088433306E60212
:108F300006066F20E0698280B78700209387C719F3
:108F400003D787006366A70003D7A7006373B70042
:108F5000828003D767019306400B6304D70A63E45A
:108F6000E60601CF9306A0056316D70C03D7C7000A
:108F70007D170D8FAA853345070803D787018946DA
:108F8000630ED70863EDE6045DC303D7C7009306FD
:108F9000F7FF898E33C50608E36CA7FA03D7E7000D
:108FA000E368B7FA83D60701984313588600B3865F
:108FB000B6023325D5202A97230007019C43AA97A0
:108FC000A380C70082809306E0106316D70603D7FC
:108FD000E7007D17098F2E85B345070879BF8D46B9
:108FE000631CD70403D7C70083D6E7001308F7FF35
:108FF000FD163305A8408D8E33450508B3C5060818
:1090000061BF83D6C70003D7E700FD167D17898EA1
:109010000D8F33C50608B345070885B783D6E7002B
:1090200003D7C700FD168D8EB3C50608B5B703D7A5
:10903000C7009DB7828082808280378F0020130F07
:10904000CF1983588F0063E2A8020358AF000111C3
:109050004EC8B337B800BA8933B7C800D98F99E37F
:109060006376D800C249056182808280B387D5408B
:10907000B38FB640B3EFFF0A330EA640B307C54027
:1090800022CE26CC4ACAB302F041336EFE0A05470F
:109090006364C50041677D177D5463F3D5000544C3
:1090A000B307FE419303400B89441398170063E212
:1090B000A8088358AF0063EEB80683586F01638D2C
:1090C000780A63E7130F638508121303A005639200
:1090D00068068358CF002A83FD18B388B840B3C808
:1090E0000808835E8F01638B9E0A63E0D40F638A56
:1090F0000E10835ECF001389FEFFB3081941B3C879
:10910000080863E81E03835EEF0063E46E02835E7B
:109110000F0133836E0293DE8900B3A86820032316
:109120000F0046932300D30103230F009A98A380D6
:109130003801635B58006380B60CA29583588F009A
:10914000B3C50508F29795B7B387F741B308E500B3
:10915000139817006301A60A33C50808E35D0EFDE6
:1091600083588F00E3E2A8FE8358AF00E3EEB8FC1B
:1091700083586F01E39778F48358CF000353EF00CF
:10918000835E8F01FD187D13B388A8403303B3407D
:10919000B3C8080833430308E3999EF40359EF006A
:1091A000835ECF007D19330369403343030891BFC9
:1091B0001303E010E39F68F60353EF00AE887D13BE
:1091C0003303A3403343030829BF0D49E3932EF72C
:1091D000835ECF001389FEFFB30819410359EF00E6
:1091E000B3C808087D19330369403343030811BF2E
:1091F0002E83AA88FDB57244E2445249C2490561F2
:109200008280835ECF00F5BDB78800209388C8199F
:1092100003D388006368A302397152D6328A03D619
:10922000A8004ADA56D43E89B68AB337B600B336B8
:109230004301D58F99E3637856015259325AA25AA5
:10924000216182808280B38755415ED0B38BBA4062
:10925000B3EBFB0A4ED85AD262CEB309AA40B30789
:10926000454122DE26DC66CC6ACA6EC8330B7041EB
:10927000B3E9F90A054C63654501C167138CF7FF33
:10928000FD5C63F35501854C338E79415E8D930F00
:10929000400B89439306E0109307A00513568700FF
:1092A0000D44E68B931C1E00636AA30A03D8A80032
:1092B0006366B80A6304090AB3842501B302A900EE
:1092C000B3C40408B3C202082E8F6AC62A88636E2C
:1092D000030703D3A800636AE30703D368016304A9
:1092E000F31363ED6F0A630F03126310F30603D3E6
:1092F000C800C28E7D133303E3413343030803DD0B
:109300008801630B7D0A63ECA30D63000D1203DD7E
:10931000C800930DFDFFB38D6D4033C30D08636628
:109320006D0203DDE8006362DD0303DD080183AD48
:109330000800330DDD03332DA321EA9D2380CD00EA
:1093400003A308006A93A300E30005083348080854
:10935000638E020703D388009DBF324D63DB6C012F
:109360006388BA0CDE9503D38800B3C505084E9E0A
:1093700015BF330EAE413308AC00931C1E006309C9
:10938000AA0A33450808E3DD99FD03D38800E362A8
:10939000A3FE03D8A800E37FB8F0E1BFE317D3FA38
:1093A00083DEE80003DD88017A83FD1EB38E0E4163
:1093B000B3CE0E08E3197DF483DDE80003DDC800B9
:1093C000FD1DB38DDD41B3CE0D0891BF050F334FA9
:1093D0000F08E384E4F903D388002A88CDBDE3169F
:1093E0008DF683DDE80003DDC8006EC4930DFDFF3C
:1093F000B38D6D4022437D13B30ED341B3CE0E081F
:1094000033C30D0829BF03D3C80083DEE8007D13F2
:10941000FD1E33030341B38EEE4133430308B3CE45
:109420000E08F1BDFA8E4283D9BD03DDC800C5BD6B
:109430007254E254C259125B825B724CE24C524D40
:10944000C24D5259325AA25A21618280B7870020F8
:109450009387C71903D88700397152D62A8A636364
:10946000A84C4ED8B68983D6A70056D4AE8A63E9F5
:10947000B64A6ACA931616000D4D66CCB306DD4097
:1094800022DE26DC4ADA5AD25ED062CE3285939C46
:109490005660E30A07146EC8D283D2822E86014931
:1094A000894F130F400B13DC8900930BE010130B53
:1094B000A005D28D131759606341E542B2881E831F
:1094C0002E8E168866C483D6870063EE560683DE2A
:1094D000A70063E81E0F83D467016386E47F636699
:1094E0009F50E38C04006390640783DEC7001684FA
:1094F000FD1EB38E1E41B3CE0E0803DA870163044E
:10950000FA5163E14F65E3000A0603DAC700930CE2
:10951000FAFFB38CDC41B3CE0C086360DA4503DAA2
:10952000E700636C8A4283D4070194433384840246
:10953000B3AE8E20F696238086019443F696A380E0
:10954000360183D6870063EE760683DEA70063EAE2
:109550001E0783DE67016384EE67636BDF636386E8
:109560000E4063906E0783DEC7001E84FD1EB38E1F
:109570001E41B3CE0E0883D48701638EF43F63E1AE
:109580009F5A6389047C83D4C700138AF4FFB30E07
:10959000DA41B3CE0E0863E6D40383D4E70063E276
:1095A000840283D40701944333848402B3AE8E20B3
:1095B000F696238086019443F696A380360183D6DF
:1095C000870063EE660E83DEA70063EFCE0603D44A
:1095D00067016306E467636B8F4663010468631188
:1095E000640703D4C7009A847D14118C33440408A3
:1095F00003DA8701630BFA4763E74F7363070A7A5D
:1096000003DAC700930CFAFFB38C8C4033C40C0808
:10961000636C8A0203DAE70063689A0283D6070163
:1096200083AE0700B3869602B326D420B69E23806D
:109630008E0183AE0700F696A380360183D687009D
:1096400063EF660683DEA70063EBBE0683DE670179
:109650006386EE5D6363DF3D63810E6463916E0735
:1096600083DEC7001A84FD1EB38E5E41CA9EB3CE50
:109670000E0883D487016381F43D63EB9F42638EC0
:10968000046C83D4C700138AF4FFB30EDA41B3CE5F
:109690000E0863E6D40383D4E70063E2840283D434
:1096A0000701944333848402B3AE8E20F696238060
:1096B00086019443F696A380360183D6870063EF34
:1096C000760683DEA70063EACE0F83D46701638545
:1096D000E45B63669F3A6385045C6391640783DEA1
:1096E000C7001E84FD1EB38E5E41BA9EB3CE0E0827
:1096F00003DA87016304FA3B63EE4F3D63090A66B0
:1097000003DAC700930CFAFFB38CDC41B3CE0C082C
:10971000636DDA2103DAE70063698A2083D40701E5
:10972000944333848402B3AE8E20F6962380860160
:109730009443F696A380360183D6870063EF5606DE
:1097400083DEA70063EBCE0783DE67016388EE4B01
:10975000636CDF4563830E1E63916E0783DEC70073
:109760001684FD1EB38E5E41BA9EB3CE0E0883D41E
:109770008701638AF41D63E39F386383045E83D4A7
:10978000C700138AF4FFB30EDA41B3CE0E0863E6C6
:10979000D40383D4E70063E2840283D407019443B3
:1097A00033848402B3AE8E20F696238086019443E0
:1097B000F696A380360183D6870063EE060F83DE1C
:1097C000A70063E1BE0803D46701630EE44D63663E
:1097D0008F1E630904506313640703D4C700C28457
:1097E0007D14330454414A943344040883D68701DA
:1097F0006383F61F63E7DF50638C065A83D6C70086
:10980000138AF6FF33048A403344040863EC86026B
:1098100083D6E70063E8960283D6070183AE07008C
:10982000B3869602B326D420B69E23808E0183AEE3
:109830000700F696A380360183D6870063ED0607FE
:1098400083DEA70063E9CE0683D667016389E63924
:10985000636DDF12638F0640639F660583D6C70082
:10986000C28EFD16918EB3C6060803D48701630C21
:10987000F41363ED8F2E630C044C03D4C7009304E0
:10988000F4FFB386D440B3C606086366D40203D49B
:10989000E7006362D40383D407018043B38ED4030B
:1098A000B3A6D621B30ED40023808E0183AE070069
:1098B000F696A3803601050705087D1E7D138508F1
:1098C0001317576033480808334E0E083343030814
:1098D000B3C80808E359E5BEA24C63CD0C48930613
:1098E000F5FF13081900B3C606083348080863EEED
:1098F000064D3309A9401387AC003349E92005061A
:10990000FD158502FD13931C596033460608B3C547
:109910000508B3C20208B3C303084289368559BE9D
:10992000C259A25A325A21618280E3E856E863871D
:10993000E42D636D9F26E39304E283D48701728450
:10994000968EE39AF4E303DAE70083D4C7007D1A26
:1099500033048A40334404081DBDE3E476C66380C3
:10996000E42763699F22E39004C083D4870146847F
:109970009E8EE396F4C103DAE70083D4C7007D1A14
:1099800033048A403344040839B1E39676F383DE26
:10999000E70003D48701B286FD1EB38E0E41B3CE1D
:1099A0000E08E318F4ED83D4E70003D4C700FD14D8
:1099B000B38ED441B3CE0E08C9BDE31174E983D48C
:1099C000E70083D687012E84FD14B3840441B3C419
:1099D0000408E391F6E303DAE70083D6C7007D1AB3
:1099E000B3049A40B3C4040815B5E39E74B503D418
:1099F000E70003DA8701C68E7D14330454403344F4
:109A00000408E310FAB183DCE70003DAC700FD1CA9
:109A1000B38C8C4033C40C0809B6E3927ECB03D4DC
:109A2000E70083D48701AE8E7D143304B4413A94A9
:109A300033440408E393F4C503DAE70083D4C70092
:109A40007D1A33048A4033440408A1B1E31A74BF79
:109A500083D4E70003DA87013284FD14B384B44170
:109A6000BA94B3C40408E319FAB983DCE70003DA53
:109A7000C700FD1CB38C9C40B3C40C0851BEE39FCF
:109A800074CB03D4E70003DA8701F28E7D1433042C
:109A9000B4414A9433440408E310FAC783DCE70076
:109AA00003DAC700FD1CB38C8C4033C40C088DB1A5
:109AB000E397A4C183D4C70003DAE700938CF4FFD3
:109AC0007D1AB38EDC41330A8A40B3CE0E0833448C
:109AD0000A08C1B6E314AAC783DCE70003DAC700AB
:109AE00066C6930CFAFFB38EDC41B24CB3CE0E08BF
:109AF000FD1C33848C403344040819B9E39FA4CB84
:109B000083D4C70003DAE700938CF4FF7D1AB38E89
:109B1000DC41330A8A40B3CE0E0833440A0885B9C3
:109B2000E391A4AB83D4C70003DAE700938CF4FF7E
:109B30007D1AB38EDC41330A8A40B3CE0E0833441B
:109B40000A0891BCE311AAA183DCE70003DAC7008D
:109B500066C6930CFAFFB38EDC41B24CB3CE0E084E
:109B6000FD1C33848C403344040845BAE315A4D566
:109B700003D4C70003DAE7009304F4FF958C93063F
:109B8000FAFFB38ED641B3CE0E08B3C60408F5B9BA
:109B9000E3997EA303D4E700C68E7D143304B44159
:109BA0004A9433440408C1BAE3997EC103D4E70060
:109BB000F28E7D1433045440334404084DBE83DEDA
:109BC000C70003D4E700FD1EB38EBE417D14CA9EBC
:109BD00033041441B3CE0E083344040869BA83D663
:109BE000C70083DEE700FD16FD1EB3860641B38E77
:109BF000CE40B3C60608B3CE0E0885B903D4E7003D
:109C000083DEC7007D1433045441FD1E3A94B38EA5
:109C10005E4033440408B3CE0E0891BE83DEC70015
:109C200003D4E700FD1E7D14B38EBE4133045441BE
:109C3000BA9E4A94B3CE0E08334404081DBC03D424
:109C4000C70083D4E7007D143304B441FD143A9473
:109C5000918C33440408B3C4040859BA03DA870169
:109C6000630EFA7163EE4F1563040A74B2841A84AA
:109C700041BAB28EC286D5BE83DEC70003D4E700E8
:109C8000FD1E7D14B38EBE4133045441CA9E3A94E6
:109C9000B3CE0E0833440408A1BC2E849A8ED1BAE8
:109CA00072849E8EB1B483D4E70003D4C700FD1440
:109CB000B38454417D14CA9433040441B3C40408EA
:109CC0003344040825B683DEC70003D4E700FD1E35
:109CD0007D14B38E5E4033041441B3CE0E0833447A
:109CE000040821B803DA87016307FA6B63E54F0DB7
:109CF00063060A6CAE84428411B64684968E6FF079
:109D0000CFFFE391A6B583D6C70003DAE700938CB3
:109D1000F6FF7D1AB38C8C40330A9A4033C40C088A
:109D2000B3440A08E5B4E311AA9383DCE70003DA3D
:109D3000C70066C6930CFAFF33848C40B24C3344A0
:109D40000408FD1CB3849C40B3C40408D1B003D400
:109D5000C70025BE83D4C7003DB883D4C70015BA59
:109D600083D4C7002DB403DAC7006FF00FFB03DA0A
:109D7000C70079BA93061900B3C606086367D5040D
:109D800013876C003347E9200506FD158502FD1396
:109D9000931C576033460608B3C50508B3C20208D2
:109DA000B3C3030836896FF0EFF003DAC7008DB054
:109DB00083D6C700A1BCAE844284E306AAF5BDBC2D
:109DC000B2841A84E303AAF7A5B87254E254525934
:109DD000C259A25A125B825B724CE24C524DC24D88
:109DE000325A216182805286AE88D286B384A50021
:109DF0003304AA40B383A540B302AA00094F13035A
:109E0000400B93DF890033CE04086364D80883DEF7
:109E1000A70063E5CE1183DB6701638D6B7663601A
:109E2000735F638E0B50930EA0056394DB0783DE94
:109E3000C700368BFD1EB38ECE41B3CE0E0803D9BC
:109E40008701E302E90F63622F63E304090C03D97E
:109E5000C700130CF9FFB30EDC41B3CE0E086363E9
:109E6000D95103D9E700636F694F03D9070103A8EC
:109E70000700330B690313D98900B3AE6E217698BE
:109E80002300280103A807007698A300380103D80F
:109E900087006365C80883DEA70063E1CE0983DE1F
:109EA000670163896E7C6368D36D638D0E48130907
:109EB000A00563952E0703D9C7007D193309C94151
:109EC00033490908328E83DE8701E38DEE0D63622C
:109ED000DF67E38B0E0A83DEC700138BFEFF3309B7
:109EE0002B413349090863EB2E0383DEE70063E768
:109EF000CE0303D8070183AE07003308C803332815
:109F00000921338E0E0193DE89002300DE0103AEAA
:109F100007007298A300380103D88700334E040865
:109F20006369C81183DEA70063E2BE0803D9670135
:109F30006302696E636D23516307093E130BA0052D
:109F40006314690703D9C700728B7D193309B940BF
:109F50003349090883DB8701E38DEB0163607F7779
:109F6000E3800B0683DBC700138CFBFF33092C4116
:109F70003349090863EC2B0383DBE70063E86B03D9
:109F800003D8070183AE070033086803332809218B
:109F9000C29E2380FE0183AE07007698A30038019D
:109FA00003D887006367C80983DEA70063E31E093F
:109FB00083DE6701638F6E5E6365D34363830E3612
:109FC0001309A00563972E0783DEC7007289138EDD
:109FD000FEFF330E5E413A9E334E0E0883DE87014C
:109FE0006388EE7B6363DF5363800E7883DEC70094
:109FF000138BFEFF330ECB41334E0E0863EBCE03C3
:10A0000083DEE70063E72E0303D8070183AE070072
:10A010003308280333280E21338E0E0193DE890086
:10A020002300DE0103AE07007298A300380103D8B5
:10A03000870033CE03086365C80883DEA70063E7A3
:10A04000CE1183DB670163866B5A6367733D638957
:10A050000B2A930EA0056395DB0783DEC700328BC6
:10A06000FD1EB38E5E41AA9EB3CE0E0803D98701B2
:10A07000630AE96763632F456304096A03D9C7006C
:10A08000130CF9FFB30EDC41B3CE0E086360D92D7B
:10A0900003D9E700636C692B03D9070103A8070004
:10A0A000330B690313D98900B3AE6E217698230070
:10A0B000280103A807007698A300380103D8870079
:10A0C0006366D80883DEA70063E2CE0983DE6701FA
:10A0D00063826E566363D34963880E26130EA00510
:10A0E0006396CE0783DEC700368EFD1EB38E5E41BB
:10A0F000AA9EB3CE0E0803D987016301E965636A9E
:10A100002F396305096003D9C700130BF9FFB30E9C
:10A11000DB41B3CE0E08636BD90303D9E700636755
:10A12000C90303D8070103A907003308C80333A8EC
:10A130000E21330E090193DE89002300DE0103AEF8
:10A1400007007298A300380103D8870033CE0208B5
:10A150006368C81103D8A7006364180983DE670128
:10A16000638A6E4E6368D32D63810E1A1309A005AE
:10A1700063962E0783DEC700728BFD1EB38E5E4191
:10A18000BA9EB3CE0E0803D987016305E95D636308
:10A190002F516304096203D9C700930BF9FFB38EF3
:10A1A000DB41B3CE0E08636DD90303D9E7006369C1
:10A1B000690303D8070103A907003308680333A81C
:10A1C0000E21B30E09012380FE0183AE07007698AD
:10A1D000A300380103D887006364C80903D8A70027
:10A1E0006360B80803D867016306683E636E031DA9
:10A1F000630B0810930EA0056314D80783DEC70015
:10A200007288138EFEFF330EBE40334E0E0883DE7F
:10A2100087016383EE4F6366DF2D63800E5083DE1C
:10A22000C7001389FEFF330EC941334E0E0863E9A0
:10A23000CE0383DEE70063E50E0383DE070103A997
:10A24000070033880E0393DE890033280E21330E76
:10A2500009012300DE0103AE07007298A300380154
:10A2600063CC0C04130EF5FF13081700334E0E08D1
:10A270003348080863690E07B30EA740A90C85068A
:10A280008505FD187D16B3CE9E217285B3C60608DE
:10A29000B3C50508B3C80808334606084287B38427
:10A2A000CA013304CA41B383CA41B302CA0103D805
:10A2B0008700939C5E6081BE13081700334808082E
:10A2C00063630503990C85068505FD187D16B34E5D
:10A2D0009721B3C60608B3C50508B3C808083346B6
:10A2E00006084287E9B77254E2545259C259A25A39
:10A2F000125B825B724CE24C524D325A2161828079
:10A30000728BB28EA5B32E8819B703D98701894EF7
:10A310006300D94563EE2E4D6308094A468BF28EE1
:10A320009DBD468965B983DB8701094963812B455A
:10A330006367794B638F0B482E8B728925B1728BC3
:10A34000B68EF5BC328941B6B68E75B3E360D8E0FF
:10A35000930E400B6380DB2F63E57E21B68EE39383
:10A360000BD851BBE36CC8BA930E400B6384DB314E
:10A3700063E77E213289E3900BB4B1B683DCE7005A
:10A38000B28403DAC700FD1CB38C9C401A84B3C4AA
:10A390000C086FF0EFA703DAE700AE8483D6C7009E
:10A3A0007D1AB3049A404284B3C404086FF00FC608
:10A3B00003DAC700B2841A846FF08FA583D6C70072
:10A3C000AE8442846FF08FC4930EE010E31AD8E994
:10A3D00003D8E7007D183308C841334808082E8E9B
:10A3E0003DB5130EE010E396CEC503D9E700468EC7
:10A3F0007D19330949412A9933490908C5B6930E95
:10A40000E010E398DBA903DBE700F28E7D1B330B42
:10A41000DB40334B0B0825B4930EE010E392DBCB0B
:10A4200003DBE700F28E7D1B330B4B413A9B334B32
:10A430000B082DB91309E010E3922EDB03D9E700D6
:10A44000C68E7D193309C941334B09082DBB130B47
:10A45000E010E31B69B503DBE7002E897D1B330B9E
:10A460004B412A9B334B0B08F5B40D4CE31389A3E6
:10A4700003D9C70003DCE700130DF9FF330DDD41FD
:10A48000930EFCFF338B6E41334B0B08B34E0D081C
:10A49000F9B20D4BE31C69CB03D9C70003DBE7001E
:10A4A000930BF9FFB38BDB41930EFBFF338ECE4151
:10A4B000334E0E08B3CE0B08B9B90D4CE31289C167
:10A4C00003D9C70003DCE700130DF9FF330DDD41AD
:10A4D000930EFCFF338B6E41334B0B08B34E0D08CC
:10A4E00075B60D49E39E2ED783DEC70003D9E7007A
:10A4F000138BFEFF330BCB41130EF9FF33080E41D4
:10A5000033480808334E0B081DB30D4BE3936EB36D
:10A5100083DEC70003DBE700938BFEFFB38BCB41E9
:10A52000130EFBFF33092E413349090833CE0B08C4
:10A53000F1B40D4BE3946E9F83DEC70003DBE700AD
:10A54000938BFEFFB38B2B411309FBFF330EC941E5
:10A55000334E0E0833C90B0879B21309E010E397A4
:10A560002EBF03D9E700F28E130EF9FF330EDE4043
:10A57000334E0E0849B61309E010E3912E9B83DE9B
:10A58000E7007289138EFEFF330E4E413A9E334E22
:10A590000E0815BA83DEC70003DBE700FD1E7D1B36
:10A5A000B38EDE40330BCB41B3CE0E08334B0B08DA
:10A5B00079B003DEC70003D9E7007D1E7D19330E95
:10A5C0004E41330959412A9E3A99334E0E08334978
:10A5D000090829B483DEC70003D8E700FD1E7D18F3
:10A5E000338ECE413308B840334E0E083348080846
:10A5F00039B983DEC70003DBE700FD1E7D1BB38E88
:10A600004E41330B5B41BA9E2A9BB3CE0E08334BAF
:10A610000B08A9BC03D9C70003DBE7007D19330988
:10A6200049417D1B2A99330BBB4033490908334B01
:10A630000B080DB203DEE70083DEC7007D1E330E7C
:10A640005E41FD1E2A9EB38EDE40334E0E08B3CE11
:10A650000E0855B403D9E70083DEC7007D1933091E
:10A660005941FD1E3A99B38ECE41334B0908B3CE02
:10A670000E0811BE03D9C70083DEE7007D19330938
:10A680004941FD1E3A99338ECE4133490908334E74
:10A690000E0815B88D4BE31579B503D9C70083DBD8
:10A6A000E700130CF9FF330CDC41938EFBFF338B77
:10A6B0006E41334B0B08B34E0C08F5B40D4CE397C9
:10A6C0008B8F83DBC70003DCE700138DFBFF330DAB
:10A6D0002D411309FCFF330B6941334B0B08334900
:10A6E0000D0849B803DCE70003D9C7007D1C330B14
:10A6F0006C41334B0B0859BA03D9E70083DEC7001E
:10A700007D19330809413348080815B603D9C70035
:10A7100019B403D9C7006FF08FF483DEC70001BE00
:10A7200003D9C700A5B203DCE70003D9C7007D1C2D
:10A73000330B6C41334B0B086FF06FF203DBE70018
:10A7400003D9C7007D1B330ECB41334E0E08E1B257
:10A75000468BF28E83DBE70003D9C700FD1B338BEA
:10A760006B41334B0B0881B483DEC70041B82E8B9D
:10A77000728903DCE70083DBC7007D1C330B6C416F
:10A78000334B0B086FF00FFF83DEC7006FF0AFF5A0
:10A7900003DBE70083DEC7007D1B33092B41334910
:10A7A0000908A9B803DBE70083DEC7007D1B330E71
:10A7B000CB41334E0E086FF00FF303D9C700E5B25B
:10A7C00083DBC7006FF00FFB03D9C700468BF28E07
:10A7D000D9BA83DBC7002E8B72896FF0AFF90D4CAD
:10A7E0002E8B7289E38F8BED83DEA7006FF00FFC59
:10A7F0008D4B468BF28EE30279EB03D8A700CDB2E6
:10A8000079715AC8378B0020130BCB1903538B0077
:10A8100006D66363A30A8358AB0063EFB8084AD037
:10A8200032890346060049CE22D426D24ECE52CCDF
:10A8300056CA5EC662C483DE460003DE66003E8AF8
:10A84000BA89B68BAE8A2A8CAE842A8425A0636925
:10A850008304EFE08F9B03461900050931C683DEB0
:10A860004B0003DE6B0003538B008358AB007694E0
:10A87000334404083308D401D2874E87DE86B3857B
:10A88000C40163550301B3C405086284B385C401E0
:10A8900063D4B800D6846284A6852285E3F998FA49
:10A8A00003461900050961F2225492540259F249F3
:10A8B000624AD24AB24B224CB250424B456182802E
:10A8C0000259DDBF37770020AA87032547D92E8696
:10A8D000BE8509A0B3B7C502011106CEB385C50276
:10A8E000BDEB4520AA8725CD0326C5FF9306400270
:10A8F000719A711663EFC602CD452A8763F1C502CE
:10A9000023200500232205006D47637DC702232411
:10A91000050023260500130705016307D60423203D
:10A9200007002322070023240700F2403E8505612B
:10A93000828081452AC6EF00303FB247F2403E8513
:10A94000056182801307850023200700232207006A
:10A9500023240700D9BFEF00F02EB1471CC1F240FD
:10A9600081473E850561828023280500232A050052
:10A97000130785016DB7B7770020AA8503A547D9CE
:10A9800009A0397122DC06DE9387B50059472A8475
:10A99000636FF704C14663E5B604E52BC146614722
:10A9A0008948376800201308486B42975C431306B8
:10A9B00087FF6389C730D843D0478C47719B3E9748
:10A9C0005443D0C53EC60CC693E61600228554C338
:10A9D000D123B247F25062541385870021618280EF
:10A9E000B1471CC00145F25062542161828093F648
:10A9F00087FFE3C707FEE3E5B6FE36C6592BB2462E
:10AA00009307701F63F9D73693D7960063870710B3
:10AA10001147636EF72E93D7660093889703138EC2
:10AA2000870313953800376800201308486B429558
:10AA30005C4161156301F5023D4339A0CC47635188
:10AA40000626630AB500AE87D843719B3306D7400C
:10AA5000E356C3FEF28883270801376E0020130EE9
:10AA6000CE6B6389C721D843BD45719B3306D74060
:10AA700063C4C532232AC8012328C80163520630A3
:10AA80001306F01F032348006363E624137687FF51
:10AA9000210642960C4215833313E328130786FFE1
:10AAA0008CC7D8C7232268001CC2DCC513D5284038
:10AAB0003315A028636AA306B377650089EF0605FE
:10AAC00093F8C8FFB3776500910891E70605B3775F
:10AAD00065009108E5DFBD4EB3EF08217E830327B3
:10AAE000C300468F6305E3245043BA875847719AE1
:10AAF000B305D64063C5BE24E3C605FE3E96544268
:10AB00008C47228593E6160054C2D8C50CC73EC6B2
:10AB10005121B24713858700F9B51305002093082A
:10AB20000004130EF00301B783278800D843719BFC
:10AB30003306D7406366D70093250601638F05125D
:10AB40003773002083A5C1900325C3D87D56B695E1
:10AB5000630AC52E05663D06B29593F5058093956B
:10AB6000B548228542CE3ECC36CA3AC82EC6EF0042
:10AB7000100A7D56B2454247D246E2477248AA883B
:10AB800037730020630CC5243385E70063E6A824EF
:10AB9000377E0020130ECEF303260E002E962320C0
:10ABA000CE00B28E63091533032FC3D87D566300E0
:10ABB000CF343386A84076962320CE0093FE7800CB
:10ABC000638A0E2893F888FF0566A108210633835F
:10ABD000B8003306D6413306664052069355460107
:10ABE000228542D672D43ED236D03ACE46CC76CAF0
:10ABF0001AC82EC6EF00B0017D56B2454243D24E70
:10AC0000E248724782569257225E32586301C5323B
:10AC100003260E00330515412E95136515002324D8
:10AC200018012E9623A2A8002320CE0063860703D6
:10AC30003D456371E52CCC435117619B8589D98DC6
:10AC4000CCC31543B385E70023A2650023A46500A8
:10AC50006364E52E03A5480003A781906374C700D1
:10AC600023A4C19003A741906374C70023A2C1909D
:10AC7000C68785AA0323480015BD13E71600D8C36D
:10AC8000BE96136616002324D8002285D0C23EC685
:10AC90001126B247F25062541385870021618280E9
:10ACA00090473E9754434CC63EC693E6160090C567
:10ACB000228554C3C524B247F250625413858700DD
:10ACC000216182805C478908E307F7D8EDB113560C
:10ACD0009700914563FAC50ED14563EBC51A13057C
:10ACE000C6050E059305B60542951041611563161C
:10ACF000C50099AA10466306C5004C42F199E36B62
:10AD0000B7FE4846C8C790C71CC55CC645B3514787
:10AD10006375F70E130740056368F71893D7C600ED
:10AD20009388F706138EE70613953800EDB9050FE3
:10AD300093773F002103F1CF0327C30065B3884712
:10AD400093E8160023A2170158C508C7BE96232A08
:10AD5000D8002328D80013E715003E9623A6C60185
:10AD600023A4C601D8C222850CC23EC62524B24700
:10AD7000138587008DB993D836001387860015B1E7
:10AD80003E9754433EC6228593E6160054C31924C9
:10AD9000B2471385870081B993E51600CCC3BE96F0
:10ADA000232AD8002328D800936516003E9723A6AF
:10ADB000C60123A4C601CCC2228510C33EC6D92A2F
:10ADC000B2471385870005B1135667001305960334
:10ADD0000E059305860309BF6385070F8327880047
:10ADE000C84371993306D5406366D5001327060121
:10ADF000E30507E82285792AF5B69388C705138EFF
:10AE0000B7051395380005B183A78F00FD18639F20
:10AE1000F71793F73800E11FE5FB83274800B3F7E6
:10AE2000A7402322F80006051307F5FFE37EF7CEBF
:10AE30003377F50011E706053377F500110F65DF6D
:10AE4000FA8859B9C10531BB89853313B328232248
:10AE500068004DBD3383B8003306604052069355F9
:10AE60004601228542D472D23ED036CE3ACC46CA72
:10AE70002EC61AC8692B7D56B245D2486247F246A3
:10AE80008257125E2258E315C5D84245814549B321
:10AE90009305400563E4C5061356C7001305F6067F
:10AEA0000E059305E60689B5130740156364F7069A
:10AEB00093D7F60093888707138E7707139538008A
:10AEC0009DB6377E0020130ECEF3832E0E00AE9E6D
:10AED0002320DE01D1B9139F4801E3170FCC83284B
:10AEE0008800BA9513E5150023A2A800B5B3232660
:10AEF00013D9E9B1854723A2F800EDBD93054015AC
:10AF000063EEC5041356F700130586070E05930577
:10AF10007607D9BB13074055636EF70493D7260114
:10AF20009388D707138EC70713953800EDBCE11E31
:10AF30003305D3018145E9B922859385870042CA4B
:10AF400072C836C6EF00D00A5248424EB246832835
:10AF5000880003260E0003A54800FDB9930540555F
:10AF600063E1C502135627011305D6070E059305A5
:10AF7000C6079DBB1305803F9308F007130EE0073B
:10AF80005DB41305803F9305E007B9BB83274800F4
:10AF900059BD8280828063800516011122CC26CAA9
:10AFA0002E8406CEAA8432C0EFF0BFFE82455947F8
:10AFB0009387B5006371F70EE19BBE8613D7F70147
:10AFC00063EEB714631C07140326C4FF130884FF41
:10AFD0001377C6FF635CD70C376E0020130E4E6BE1
:10AFE00083288E003303E80003254300638168143F
:10AFF0009378E5FF9A9883A8480093F81800639225
:10B00000080E7199B308A70063DBD808058A0DE222
:10B01000832E84FFB30ED84103A64E00719A329559
:10B02000B308E50063D2D822B308C70063D1D81CA7
:10B0300026853AC442C23EC0EFF0BF948247124810
:10B040002247AA866303052E0326C4FF930585FFC6
:10B05000799A4296630CB6161306C7FF930740020F
:10B0600063EFC71C4D476368C716AA872287104342
:10B0700090C35043D0C3184798C7A285268536C0D1
:10B08000852F2685EFF01FF18246F2406244D244BC
:10B09000368505618280C146B687014715B783268C
:10B0A000C30003268300468754C690C68326480003
:10B0B0003305F740BD45858A3306E80063E0A50403
:10B0C000D98E2322D8005C4293E717005CC2268504
:10B0D000EFF05FECA286F2406244D244368505610F
:10B0E0008280058A31F6832E84FFB30ED84103A6F1
:10B0F0004E00719A15BFB2856FF0BF88DD8E232296
:10B10000D800B305F80013651500C8C15C42A1055D
:10B11000268593E717005CC2E12D55BFB1479CC05F
:10B120008146F2406244D24436850561828071993D
:10B13000B308E5001383070163DD6818058AE31986
:10B1400006EE832E84FFB30ED84103A64E00719AFB
:10B150003295B308E500E3C968EC83A6CE0083A569
:10B160008E001306C7FF13074002D4C58CC6938612
:10B170008E006368C71ECD45368763FEC5000C4050
:10B180006D4723A4BE004C4023A6BE006366C720C3
:10B19000210413870E01104010C3504050C31044C7
:10B1A00010C73386FE003387F8402324CE00136790
:10B1B000170058C203A74E00268536C0058BD98FCD
:10B1C00023A2FE00EFF01FDD824631B78326C5FFC4
:10B1D000F19A3697E1BD0C406D470CC14C404CC113
:10B1E0006362C70C130784009307850049B583A6E3
:10B1F000CE0083A58E001306C7FF13054002D4C5F9
:10B200008CC693868E00636AC50ACD45368763FE79
:10B21000C5000C406D4723A4BE004C4023A6BE00D1
:10B220006369C70E210413870E01104010C35040FC
:10B2300050C3104410C736844687768885BDA285E2
:10B240002AC03124824615BD8326C300832583008E
:10B250001306C7FF13054002D4C58CC603A7CE0052
:10B2600083A68E0013888E00D8C614C76367C508EE
:10B27000CD46428763FEC60014406D4723A4DE001E
:10B28000544023A6DE006360C70C210413870E011F
:10B29000144014C3544054C3144414C74284468712
:10B2A000768829B5184418C5584458C56304F6086B
:10B2B00013070401930705015DBB3685A28576C699
:10B2C0003EC446C236C06122B24EA2479248824670
:10B2D0009DB73E983387F84023240E01136717006B
:10B2E0002322E8000327C4FF2685058BD98F232E50
:10B2F000F4FEEFF03FCAA286F9BB4285A28576C66E
:10B300003EC446C242C0A12202489248A247B24E61
:10B3100071B7184423A8EE00584423AAEE00630234
:10B32000A606410413878E0109B72685EFF09FC654
:10B330008146C5BB1048130784019307850110C9D6
:10B34000504850C92DB314441307400223A8DE000F
:10B35000544423AADE00630FE604410413878E01E0
:10B3600005BF3685A28576C63EC446C236C0C52016
:10B37000B7670020138E476BB24EA24792488246B1
:10B380000DB5104813870E02610423ACCE000326CE
:10B39000C4FF23AECE0051BD0C441307400223A8C6
:10B3A000BE004C4423AABE006301E6024104138799
:10B3B0008E01D5B3144813870E02610423ACDE005E
:10B3C0008326C4FF23AEDE00E1B5104813870E02CA
:10B3D00023ACCE005048610423AECE006DBB377362
:10B3E00000203971AA8E032543D92E8E13038102C2
:10B3F00032D436D6F68572869A8606CE3AD83EDAAA
:10B4000042DC46DE1AC63125F240216182804111BC
:10B4100022C426C2AA842E8506C623AA0190EF90D4
:10B42000CFC5FD576307F500B24022449244410165
:10B43000828083A74191EDDBB24022449CC09244BC
:10B4400041018280B777002003A547D9828063F14C
:10B45000A502B387C500637DF50005CE2A9603C714
:10B46000F7FF7D16FD172300E600E31AC5FE828074
:10B47000BD4763E1C702AA879306F6FF5DC2850652
:10B48000BE9603C7050085078505A38FE7FEE39AEF
:10B49000D7FE8280B367B5008D8BAE88BDEF935722
:10B4A0004600139847002A98FD172A879441C10542
:10B4B00041072328D7FE83A645FF232AD7FE83A66C
:10B4C00085FF232CD7FE83A6C5FF232ED7FEE31FBF
:10B4D00007FD92073387170193050701AA97137891
:10B4E000C600C1072E8E9376F600630D0802F11692
:10B4F000F19A369751073308154103A30500B38825
:10B500000501910523A06800E399E5FE1387460035
:10B51000B305C701BA970D8A85B79306F6FFAA87C8
:10B52000B9BF8280368689BF3D432A876373C302D1
:10B530009377F700BDEFADE5937606FF3D8ABA96A7
:10B540000CC34CC30CC74CC74107E36BD7FE11E2D9
:10B550008280B306C3408A069702000096966780F1
:10B56000A6002307B700A306B7002306B700A3056C
:10B57000B7002305B700A304B7002304B700A30353
:10B58000B7002303B700A302B7002302B700A3014B
:10B59000B7002301B700A300B7002300B7008280E3
:10B5A00093F5F50F93968500D58D93960501D58D6E
:10B5B00061B7939627009702000096968682E780EF
:10B5C00086FA9680C1171D8F3E96E374C3F8A5B71F
:10B5D000B3C7A5008D8BB308C500B1E7133646008D
:10B5E00039E2937735002A87CDE713F6C8FFB30613
:10B5F000E6409307000263C4D704AE86BA8763713E
:10B60000C70203A806009107910623AE07FFE3EAED
:10B61000C7FE7D16198E719A91051107B295329762
:10B620006366170182802A87E37E15FF83C70500C2
:10B6300005078505A30FF7FEE39AE8FE8280944193
:10B6400083A2450083AF850003AFC50083AE05012B
:10B6500003AE450103A3850103A8C50114C394519A
:10B6600013074702232057FE232ED7FE2322F7FF7E
:10B67000B306E6402324E7FF2326D7FF2328C7FF8E
:10B68000232A67FE232C07FF93854502E3C9D7FAD7
:10B69000ADB783C60500050793773700A30FD7FE24
:10B6A0008505A1D783C60500050793773700A30F4B
:10B6B000D7FE8505F9FF15BF937735002A879DEFE3
:10B6C000B7867F7F9386F6F7FD5510431107B37752
:10B6D000D600B697D18FD58FE389B7FE8346C7FFD3
:10B6E000B307A7408DCA8346D7FF9DC20345E7FF36
:10B6F0003335A0003E9579158280F9D28347070043
:10B70000050793763700F5FB098F1305F7FF828055
:10B710001385D7FF82801385C7FF828001114AC835
:10B720003769002022CC26CA4EC62E8406CEAA89AE
:10B730001309496BEFF0FF85832789000567C44330
:10B74000F1989387F47F9387077F33848740318014
:10B750007D143204634BE40081454E85EFF03FCB0E
:10B7600083278900A697630DF5004E85EFF09F8231
:10B77000F2406244D2444249B249014505618280A7
:10B78000B30580404E85EFF09FC8FD57630AF50270
:10B7900037770020832689008327C7F3818C93E4C1
:10B7A00014004E85818FC4C2232EF7F2EFF08FFE76
:10B7B000F2406244D2444249B24905450561828063
:10B7C00081454E85EFF0BFC403278900BD46B3070E
:10B7D000E540E3DCF6F8B776002003A6C6D893E789
:10B7E0001700B7760020118D5CC323AEA6F2B5BF5B
:10B7F000F9CD011122CC2EC62A8406CEEFF06FF9C6
:10B80000B245376800201308486B03A5C5FF1387AE
:10B8100085FF832888009377E5FF3306F7005442BD
:10B8200013731500F19A638FC81054C2B308D60081
:10B8300083A8480093F818006316030603A385FF46
:10B84000B76500209385C56B3307674008479A9713
:10B85000630DB50C0323C700232665002324A30032
:10B86000638E081093E6170054C31CC29306F01FA2
:10B8700063E9F60693F687FFA10603264800C29601
:10B880008C429583B317F628138686FF0CC750C7E2
:10B890002322F80098C2D8C522856244F24005618F
:10B8A0006FF04FEF63960802B7650020B697938557
:10B8B000C56B144693E817003305F700638CB60E8A
:10B8C0005046D0C614C6232217011CC145B782803A
:10B8D0001365150023AEA5FE1CC29306F01FE3FB03
:10B8E000F6F893D697001146636CD60893D6670096
:10B8F000938596038E0513868603C2959441E115C0
:10B900006396D500D1A094466386D500D042719A43
:10B91000E3EBC7FECC464CC714C722856244F24015
:10B9200098C5D8C605616FF0EFE6639A08064C46E5
:10B930001046BE9693E716004CC690C55CC336977A
:10B9400014C399BFBE96631A030083A785FF1D8F9A
:10B950001047BE965C475CC690C7B777002013E6D9
:10B96000160083A707D950C32324E800E3E6F6F2C4
:10B9700083A5C1902285EFF07FDA39BFB69715BF56
:10B9800051466373D602130640056367D60493D607
:10B99000C7009385F6068E051386E606B9BF93E6C3
:10B9A000170054C31CC2CDBD9385C6058E051386F2
:10B9B000B605A1B7232AE8002328E8004CC70CC726
:10B9C000232217011CC1C9BD832748000986B397EC
:10B9D000C7282322F80081B713064015636AD600F2
:10B9E00093D6F700938586078E051386760731B7C1
:10B9F00013064055636AD60093D627019385D60770
:10BA00008E051386C607D5BD9305803F1306E00754
:10BA1000EDB545712326111C2324811C2322911C82
:10BA20002320A11B36CC328DAE842320211D2A84F5
:10BA30002AC6EF20303118413A853ADAEFF0DFC7F5
:10BA40002AD882C909C45C5899E36F10C03D839716
:10BA5000C400F8509396270163C606249397D7280D
:10BA60001317D7482396F400F8D09397576013F72D
:10BA70008700630F071C9848630C071CE98B294754
:10BA80006383E71EB7C70410232E311B232C411BF1
:10BA90009309C10E37CA0410938787FF2328611BBF
:10BAA000232A511B2326711B2324811B2322911B34
:10BAB000232EB11982C782C5CEC34E8B3ED0130A46
:10BAC0004A1602D202DC02DE82C882C0414402CAA7
:10BAD00083470D00EA8A1387B7FD29C3A1C3568C9B
:10BAE00083C71A00850A81C71387B7FD6DFBB38C26
:10BAF000AA416385AA03BE472E452320AB01E697E2
:10BB0000050523229B01BEC7AAC59D47210B63C122
:10BB1000A718D247E6973ECA83471C0099E36F10E7
:10BB2000C03D83C81A00138D1A00A301010AFD5AF3
:10BB300002C8814B130CA005050D938708FE636CAA
:10BB4000FC020257B3C7E7209C438287938708FD16
:10BB500002C8A546424783480D00050D3347E7203C
:10BB6000B327F7203EC8938708FDE3F5F6FE9387D9
:10BB700008FEE378FCFC639408006F100038854CE5
:10BB800023061113A301010A668C02CE814A02D654
:10BB900002D4014E7C123E4693FD4B083288638FDF
:10BBA0000D760347310A31C3AE4501471305310A0B
:10BBB0002320AB000506054585052322AB00B2C74F
:10BBC000AEC51D45210B634DB53C05C3AE455811AF
:10BBD0002320EB000906094785052322EB00B2C7A5
:10BBE000AEC51D47210BE34FB74213070008E382A0
:10BBF000ED30B38A9A416340507513F70B10631A06
:10BC0000077C2320FB00AE476696B2C78507232238
:10BC10009B011D47BEC56342F746210B13F34B0042
:10BC200063070300C247B38A8741E34D5041C247CF
:10BC3000B3E6870BD247B6973ECAE3180636F247FB
:10BC400082C589C7F2453245EFF09FBA4E8B49B5A0
:10BC50003245A685EF20007131E98397C40029475A
:10BC6000E98BE391E7E28397E400E3CD07E0E24666
:10BC700032456A86A685EF1030652A896F005037F5
:10BC800083480D0055BD83480D0093EB0B026DB545
:10BC90003245D001A685EF10306C19C16F1090436A
:10BCA0004E8B85BD93162701E3D306DC7D596F00CB
:10BCB000303493F78B00E3900766E247080946CEDD
:10BCC0009D07E19BD0438C43A1073ECC97A0FF0F7B
:10BCD000E780A0264A46DA466A47FA47F2488809CA
:10BCE00046CEBECFB2C9B6CBBACDEF20503D2AD595
:10BCF0008947F2486314F5006F10201985476314D3
:10BD0000F5006F10602A13FCF8FD9307100463041C
:10BD1000FC006F10202D930700032302F10A130784
:10BD20001006930780056394E8006F104064A30237
:10BD3000F10A9307300663D457016F10E06F7E4716
:10BD4000CE465E46EE45635407006F10F02D82C26A
:10BD500002CE7C12930D010932C32EC56E850C01F3
:10BD60003011BEC446DC36C13AC7EF20F00C6A473A
:10BD70004A46DA463AC57A4732C136C39018B70602
:10BD8000FC3F0C016E85B6DE3AC782D882DA82DCCF
:10BD90009780FF0FE780807F4A435A486A460C012C
:10BDA0006E851AD642D432D202C102C302C502C77E
:10BDB0009780FF0FE780205413E92B001256FA4BAF
:10BDC00022583253E258A64719E1854636D59306E4
:10BDD00010066394D8006F10D041B79604101387F3
:10BDE000862D3AD25AD4CAC4DE8CA6CA46D69254FC
:10BDF0003EDC3E89EAC61A8B328CC28B1DA00C0138
:10BE00006E855AC95ECB62CD66CF02C102C302C540
:10BE100002C79780FF0FE780004E19E16F10502D89
:10BE2000FD1AB707034090180C016E85BEDE5AC19B
:10BE30005EC362C566C782D882DA82DC9780FF0F54
:10BE4000E780C0746E8597A0FF0FE78040FAAA854F
:10BE50002A8D6E85CA4C5A4CEA4B7A4B97A0FF0F3D
:10BE6000E78060026A474A46DA46BAD47A47B2D0D7
:10BE70008C1890100801E6D8E2DADEDCDADEBAD6F9
:10BE8000B6D29790FF0FE78080183387A4018345CF
:10BE900007004A8705090A4B9A4B2A4CBA4CA30F54
:10BEA000B9FEE39E0AF4B258E2575A835E8862866E
:10BEB000E68BB70AFE3F0C016E85BACEC6CC3ED6E5
:10BEC000D6444A8CEA8C2649364D1AC99ACA42CBC6
:10BED000C2C632CDB2C45ECF02C102C302C556C7CC
:10BEE0009780FF0FE780C04C225BB257E648764749
:10BEF0006342A0020C016E8546D63AD49780FF0FAC
:10BF0000E780603FB258E25739E593FC1C002257A6
:10BF100063830C043AD912570346FCFF8345F700AC
:10BF20006287639EC50013050003A30FA7FE4A574F
:10BF30009306F7FF36D90346F7FFE388C5FE93055E
:10BF400016001305900393F5F50F6314A6006F1008
:10BF50002069A30FB7FE2A561387F800230AE10AC7
:10BF6000B306FC401307F6FF3AD536D263540700F8
:10BF70006F10B0259306B002A30AD10AA54663D478
:10BF8000E6006F10005C9306610B13070703238024
:10BF9000E600180B998E1387D60D3ADC6F10C0603F
:10BFA0003245D001A685F2CABEC6C6C4BAC2EF10D9
:10BFB000B03AE31305003E46564EB647A64816472C
:10BFC0004E8B21B1AE4A925605473A96BA9A930DD6
:10BFD0008B00E351D72A05472322EB002320FB00E7
:10BFE000B2C7D6C51D47E34757534257850AD6C542
:10BFF0003A965257B2C7A10D23ACEDFE425723AE7D
:10C00000EDFE1D47E34657536E474E45DE453ED68F
:10C010003ACD92577E472AC92ECB08090C0132D45B
:10C0200002C102C302C502C73ACF138BF7FF978044
:10C03000FF0FE780402C2256E3070526B257850AFA
:10C040005A968507D6C5B2C723A0FD0023A26D016D
:10C050009D47E3CE5723A10DE257E25658193E966D
:10C0600093871A0023A0ED00B2C7BEC523A2DD004E
:10C070001D47138B8D00E353F7BA3245D001A685D7
:10C08000EF10902D631A05723E464E8B41BEE2477B
:10C090006247A301010A9C4313094700E38D073A55
:10C0A000E3C70A663E855686814546D43ECCEF20DE
:10C0B000A03A2ACE0347310AE247A25819E16F108D
:10C0C000C067B30CF54033EC0C0A11C3050C4ACC25
:10C0D0006F00903993F70B02CDE3E24713F70B01A2
:10C0E000910719C36F10006FE24613F70B0403ACFE
:10C0F0000600E3030766131C5C60935CFC413ECCC6
:10C1000066876348070863C60A0AB3679C0193FB06
:10C11000FBF7C5E3639F0A08834E310AE3870E6E7F
:10C12000014C014E02CE814C814A1C0B050C63145C
:10C130000E006F1070143E46AE4593FD4B08090C7F
:10C1400032882E8563830D6C02D602D4014EE380C3
:10C150000EA80947A1BCE247854CA301010A9C43F4
:10C160002306F112E24791073ECC39BC93F70B024C
:10C1700013E30B01E388071C9A8BE2479D07E19BC1
:10C18000D8439386870036CC03AC0700BA8CE35CB7
:10C1900007F6B3378001B30C9041B38CFC40930792
:10C1A000D002A301F10A330C804163C40A0093FB5F
:10C1B000FBF763970C34A54763E48735834E310A58
:10C1C000130C0C03054FA3078119FA8C33ECEA0B0F
:10C1D000014E9307F11802CEE38B0EF4050C81BFDC
:10C1E000E2479C433EC8E3DD0710C247B307F04077
:10C1F0003EC8E24791073ECC83480D0093EB4B00CD
:10C2000025BA9307B00283480D00A301F10A2DB2AD
:10C2100083480D0093EB0B0805B283480D0093078C
:10C22000A00293061D006394F8006F10607D938751
:10C2300008FD25460147368D814AE360F69083C8A4
:10C2400006003347E7203327F720938708FD85064C
:10C25000E377F6FEFD57368DB36AF70AF9B832492F
:10C260004A85EF20202E5C413E85BEC0EFF0CFC452
:10C27000AA874A85BEC83E89EF20C02C184583484E
:10C280000D003ADEE30A098AE308078A83470700BC
:10C29000E384078A93EB0B4045B083480D0093EB92
:10C2A0001B0059B88347310A83480D00E39607887D
:10C2B00093070002A301F10A41B093F70B0293E642
:10C2C0000B01E38D0708E2479D07E19B1387870079
:10C2D0003ACCD0439843A301010A93FBF6BF63C055
:10C2E0000A5EB367C70093FBF6B7639A075C63986F
:10C2F0000A5C13FC160063060C763E4693070003A7
:10C30000A307F11802CE02D602D493FD4B08E28CAB
:10C31000014E9307F1183288E3950D8842473307A1
:10C3200087416344E06A0347310AE31F0786B38A03
:10C330009A41E354508D37C80410AE45130848168F
:10C34000635A54055689BEC49D4DDA87C6C2F28A27
:10C35000528B21A04119635924034106850523A06E
:10C360004701C0C3B2C7AEC5A107E3D5BDFE324584
:10C37000D001A685EF10407E6310054441193E466A
:10C38000AE45CE87E34B24FD5A8896483E8BA647A0
:10C39000568ECA8A5696850523200B0123225B01FF
:10C3A000B2C7AEC51D47210BE359B7843245D00152
:10C3B000A685F2C6BEC4C6C2EF10007A631E053E53
:10C3C00013F70B103E46364EA64796484E8BE30AAF
:10C3D000078213075006E35717BF5E47CE456E45E9
:10C3E0003ACB7E472EC92ACD0C010809B2C4BEC281
:10C3F000F2C602C102C302C502C73ACF9780FF0F3F
:10C40000E78060EF96472646364E631D054EAE47E1
:10C4100037970410130787132320EB000506054701
:10C4200085072322EB00B2C7BEC51D47210BE341A0
:10C43000F720AA57125763D0E76C4257AE47210B3B
:10C440003A9652578507B2C7232CEBFE4257BEC51A
:10C45000232EEBFE1D47634FF7769257938AF7FF23
:10C46000635E50FB37C80410C14CAE479D4D1309A5
:10C47000481663C65C01B9A3C11AE3D85C1F410624
:10C48000850723202B0123229B01B2C7BEC5210BA8
:10C49000E3D4FDFE3245D001A685EF10E06B631DAD
:10C4A00005303E46AE474E8BC1BF83480D00930713
:10C4B00080066382F87493EB0B046FF0EFE793F759
:10C4C0000B026399071E93F70B0199C36F10002BA2
:10C4D000624793F70B04032C070011073ACCE3895A
:10C4E0000728A301010A334C0C08814CE3C30ACC92
:10C4F00033EE8A0193FBFBF763030E10E38D0CCA46
:10C50000B7DDCCCCB7D6CCCC938DDDCC9386C6CC66
:10C5100013F80B4001450C0B46899DA07257034749
:10C520000700130617F019C2E30FA710628E668387
:10C53000BE8533069C01333786013A963337B603FE
:10C54000935E2700719B7697198E3307CC40333664
:10C55000EC003386CC40330FD7023306B603B33E2C
:10C56000B7037A963307B7037696931EF601935C6A
:10C5700016000583338CEE00631403006F10801ADD
:10C5800033069C013337860132973333B7030505F1
:10C590009387F5FF135E23001373C3FF7293330772
:10C5A00067403307EC403307B70305833347E72081
:10C5B00006073307EC4013070703A38FE5FEE31FCD
:10C5C00008F4628E6683BE85BDB7A1679387078333
:10C5D00062472312F10AE247A301010A18439107B7
:10C5E000014663C20A5A13F3FBF7936B2300E39BE4
:10C5F0000A0EE319070E3ECC094E93088007834EBE
:10C60000310A814A014C814C1C0B02CEF1B693F7E2
:10C610000B0263970756E24713F70B01910719C303
:10C620006F10E01A624793F60B041843E383061673
:10C63000334707083ECCDE86014671B9624793F75F
:10C640000B0211076394075293F70B01E395070858
:10C6500093F70B04E398073E13F30B20E30D030657
:10C66000E247D2463ACC9C432380D7006FF04FC6B6
:10C6700083480D009307C0066388F85693EB0B01BF
:10C680006FF08FCB93F70B0213E30B018DE7E247BB
:10C690006247A301010A9107032C0700814CE3CFF5
:10C6A0000A163ECC937BF3F7E3170CB0E3950AB080
:10C6B000014EB1B75E83E247A301010A9D07E19BEA
:10C6C000138787003ACC03AC070083AC470063C0F4
:10C6D0000A50937BF3F7E39E0AACB3679C01E39A9D
:10C6E00007AC014E29BF83480D0093EB8B006FF020
:10C6F000AFC44247B30D8741635DB0CFC14EAE4575
:10C7000037C8041063C4BE016F10800F6E89BEC4A9
:10C71000EA8DDA87668D9D42E28CC6C2568C728B9A
:10C72000930A481621A0411963DB2E0341068505B3
:10C7300023A0570123A2D701B2C7AEC5A107E3D4F6
:10C74000B2FE3245D001A685EF10004135E5C14E5D
:10C7500041193E46AE45CE879D42E3C92EFD5A8E15
:10C7600096483E8BA6475688E28A668CEA8C6E8D88
:10C77000CA8D6E96850523200B012322BB01B2C70B
:10C78000AEC51D47210B6356B7C63245D001A685FD
:10C79000F2C6BEC4C6C2EF10203C19ED3E46964814
:10C7A000A647364E4E8B6FF0CFC43245D001A685DA
:10C7B000EF10803A630505C8F245524981C53245FC
:10C7C000EFF00F8383D7C4008329C11B032A811B89
:10C7D00093F70704832A411B032B011B832BC11AE8
:10C7E000032C811A832C411A832DC119639007CC25
:10C7F0008320C11C0324811C8324411C032D011AA6
:10C800004A850329011C79618280424702D602D4FD
:10C8100033078741014E6344E024638A0EBA094717
:10C820006FF0CFB83245D001A685F2C6BEC4C6C2ED
:10C83000EF10803251F13E46364EA64796484E8B59
:10C840006FF0AFBAC14CAE4737C8041063C45C0187
:10C850006F00B07832499D4D930B481721A0C11A43
:10C8600063D95C034106850723207B0123229B01BA
:10C87000B2C7BEC5210BE3D4FDFED001A6854A8513
:10C88000EF10802D15F9C11A3E46AE474E8BE3CB13
:10C890005CFD5E8856968507B2C7BEC523200B0196
:10C8A00023225B011D476354F7B83245D001A685AA
:10C8B000EF10802AE31205F03E466FF04FB71C0BD5
:10C8C0009315D601937677000D833E852E97938638
:10C8D00006030D82B365C700A38FD7FEFD17EDF1E8
:10C8E000938606FD89C613F71B0063110724180BF6
:10C8F000B30CF74033EC9A0B02CE02D602D4014EB1
:10C900006FF06FA92A556356A0481257B34AEE0A32
:10C91000635F50012E4756962320FB000507232214
:10C920005B01B2C7BAC59D45210BE3CAE508B3EA6E
:10C930000A0AB30A5E416340503513F70B40B38DCA
:10C94000C70163160772AA5A125763C6EA0013F7A3
:10C950001B00E307070CC2562E479D453696D2565C
:10C960000507B2C72320DB00C256BAC5210B232E10
:10C97000DBFEE3CCE5581257B38CE700B38CBC4127
:10C98000B30A5741B3CC5C0B635F9001AE47669628
:10C990002320BB01850723229B01B2C7BEC51D47CB
:10C9A000210BE348F75AB3EC0C0AB38A9A41635758
:10C9B00050A737C80410C14CAE479D4D1309481607
:10C9C00063CF5C311308481655A12E45C14E4286EF
:10C9D000AA8537C80410E3DEEE54BEC49D43DA874F
:10C9E0003A89568BC6C2F2C6930A481721A041194C
:10C9F00063DC2E034106850523A0570123A2D7013E
:10CA0000B2C7AEC5A107E3D4B3FE3245D001A685B7
:10CA1000EF108014E31205DAC14E41193E46AE45CF
:10CA2000CE879D43E3C82EFD56889648DA8A364E57
:10CA30003E8BA6474A873A9685052322EB00B2C76C
:10CA4000AEC523200B011D47634DB7300347310AA4
:10CA5000210B55EF638F0D98814D6FF04F97894DE6
:10CA6000B5B7814C814A02D602D4014E02CE1C0BCE
:10CA70006FF06F92B3F5EB00639F05D42320FB00AA
:10CA80002322EB00B2C7D6C59D4763D757DD324599
:10CA9000D001A685EF10400CE31005D23E46AE4A09
:10CAA000CE8D6FF06FDB1257854763D7E7DAC54746
:10CAB00037C80410E3D3E776C14C9D4713094816E5
:10CAC00021A0411B63DD6C474106850A23A02D018F
:10CAD00023A29D01B2C7D6C5A10DE3D457FF3245AD
:10CAE000D001A685EF104007E31805CC3E46AE4ABC
:10CAF000CE8D9D47F9B793F71B006381079235BA36
:10CB0000E24783480D0091073ECC6FF0EF826E87BD
:10CB1000814D6FF0AF89E24762479C4311073ACCE1
:10CB20009043D4439847DC476FF06F9B7915180BFF
:10CB3000B30CA74013070003A38FE7FE33EC9A0B57
:10CB4000AA875DBBE247910762479A8B3ECC032CD4
:10CB50000700935CFC4166876FF0AFDAE24791070C
:10CB6000624701463ECC18436FF0EFF6E247D246EB
:10CB700052469C43FD863ACC90C3D4C36FE05FF528
:10CB8000DE866FF04FF4B795041093EB2B003ECC8C
:10CB90009385452C094E814E930880071C0B937694
:10CBA000F700AE9683C606001183FD172380D700D9
:10CBB0009316C60136971182B366C700EDF2180BC3
:10CBC000B30CF74033EC9A0B02CE6FF0EFE09A8B88
:10CBD0006FF02FDE3245D001A685EF00F077E31D20
:10CBE00005BC3E464E8B95B883481D0093EB0B0267
:10CBF000050D6FE07FF483481D0093EB0B20050DBE
:10CC00006FE09FF3B79504109385852D93F70B0282
:10CC1000FDC3E2479D07E19B138787003ACCD043D1
:10CC2000984393F71B00B366C70099C3639B061C28
:10CC3000A301010A63C20A1293FBFBB7014E63947E
:10CC40000A00E38E069A834E310A89BFB795041015
:10CC50009385452C65BF994633DCDA0AB7970410F3
:10CC60004ACCE28C9387C72E02CE814A02D602D4E8
:10CC7000014E6FE05FF2C1482E4737C80410E3D180
:10CC8000585F56899D4CBE8DF2C2930A481621A06A
:10CC9000411963D0283B4106050723205B0123226D
:10CCA0001B01B2C7BAC5210BE3D4ECFE3245D0015B
:10CCB000A685EF00706AE31105B03E462E474E8B05
:10CCC000C148F9B73245D001A685EF00F068E315F9
:10CCD00005AE3E46AE474E8BC11A63D85C1941067D
:10CCE000850723202B0123229B01B2C7BEC5210B40
:10CCF000E3D4FDFEC1BFE246624793F70B01910604
:10CD000036CC1843A1EB93F70B04A9C333470708AC
:10CD1000014601BF3245D001A6853ED4EF00D06365
:10CD2000E31C05A83E46AE4AA257CE8D6FF0EFAB8E
:10CD30003245D001A6853ED4EF001062E31E05A661
:10CD40003E46AE4AA257CE8D6FF00FAC93F70B2044
:10CD50006396074E0146F1B593FBFBBF014E814E32
:10CD600035BD3245D001A685F2C6BEC4C6C2EF00AD
:10CD7000B05EE31305A40347310A3E469648A64732
:10CD8000364E6307071A6E87AE45814D4E8B6FE0B6
:10CD9000FFE12E47B7950410938585132320BB0030
:10CDA0000506854505072322BB00B2C7BAC59D45C8
:10CDB000210BE3CCE5061257498F63010742C256A7
:10CDC0002E479D453696D2560507B2C72320DB0075
:10CDD000C256BAC5210B232EDBFE63C5E542E342F2
:10CDE000051A925605072320FB003696B2C7BAC52E
:10CDF0002322DB009D4763C4E7006FE01FE26FF072
:10CE0000CFA793070003A302110BA301010A23027A
:10CE1000F10A63C90A2013F3FBB7834E310A936BFF
:10CE20002300094EA5BB3245EF10A00B6FE03FC2B7
:10CE30003245D001A685EF003052E31F05963E46ED
:10CE40004E8B6FF00FDF63920C462547636F87456B
:10CE5000180BB30CF740834E310ACA882AD233EC40
:10CE60009A0B014E02CE6FF02FB74A88569685076F
:10CE7000B2C7BEC523200B0123225B011D476344BB
:10CE8000F7006FE09FD96FF04F9F4E47DE470C01D0
:10CE90003AC93ECB6E47FE47080902C102C302C52C
:10CEA00002C73ACD3ECF9770FF0FE780405FF24850
:10CEB00093FBFBF7E34E0502930770040347310A27
:10CEC00063C0173FB79704109387872B631307102E
:10CED0008D4C668C51BBE247D2469C4394C33ACCFE
:10CEE0006FE01FBFB7950410834E310A3ECC938587
:10CEF000452C93088007094E55B1BE475249E3833C
:10CF0000078C3245D001A685EF00104565B83E85F7
:10CF100046CE3ECCEFE04FFA0347310AE247F248F3
:10CF2000AA8C336C050A6304079A050C6FF02F9ADC
:10CF300063830D30AE45814D4E8B6FE05FC94A88EB
:10CF40005A96850AB2C7D6C523A00D0123A26D014A
:10CF50009D4763D2579125BE13F70B206308073016
:10CF6000131C4C60935CFC413ECC66876FF06F995C
:10CF700013FE0B20A301010A63130E2E814C63CC18
:10CF80000AA293FBFBF763980AA2630A0CE66FF010
:10CF90008FA293F60B20638F062A1377F70F3ECCF0
:10CFA000DE8601466FF02FB3FE4FB707008093FB7C
:10CFB000FBF733FEFF0063010E2C9307D002A301A1
:10CFC000F10A93077004E3DF1711B79704109387F2
:10CFD000871702CE8D4C814A02D602D4014E114CE5
:10CFE0006FE07FBB13E70B10FD573ACECE4E5E4F7E
:10CFF000EE42FE4C6381FA3893079CFB99E3638C05
:10D000000A46E3CD0C0082C29DAE02CE814C02D610
:10D0100002D4014E1C0B014C6FE0FFB73ECC9A8B43
:10D020006FF06F9913F3FBBF936B2300094E814E92
:10D03000B5B6164E5688EE87CA8A5696050723203F
:10D040000B0123225B01B2C7BAC59D45210BE3D674
:10D05000E58E3245D001A685F2C4BEC2EF00D02FC6
:10D06000631C05F43E46264E96474E8BF9B0225778
:10D07000B256558FE30F07201257DEC4E2C6EE8B7F
:10D08000EACAA25AB25D464C725DB7C80410DA868D
:10D09000938848161D48C14CBEC2338BE7006342DB
:10D0A000B0077D1DFD1AAE4706476296850798C2F8
:10D0B00023A28601B2C7BEC5A1066340F80C834512
:10D0C0000D00B3077B415A8733C9B70A6350200369
:10D0D000AE454A96B2C7850523A0760123A2260154
:10D0E000AEC5634BB80A83450D00A106B367090AB4
:10D0F0003389F54063492001AE9BE34250FB635105
:10D10000B037FD1D4DB7B7C20410AE45938242162D
:10D1100063D72C053AD446D621A0411963DF2C03EE
:10D120004106850523A0160123A29601B2C7AEC50C
:10D13000A106E354B8FE3245D001A685EF00D02108
:10D14000631C05E6B7C7041041193E46AE45CE86BE
:10D15000938847161D48E3C52CFD2257B2524A96C4
:10D160008505B2C7AEC523A0560023A22601634F92
:10D17000B85483450D00A10641B73245D001A685BC
:10D18000EF00901D631A05E2B7C704103E46CE8635
:10D19000938847161D4825B73245D001A6855AD435
:10D1A000EF00901B631A05E0B7C7041083450D001C
:10D1B0003E462257CE86938847161D4805BF324506
:10D1C000D001A685F2C4BEC2EF001019631605DEB9
:10D1D0003E46264E96474E8B6FF06FF513F71B00B9
:10D1E00019E36FE0BFA3C2562E479D453696D2562F
:10D1F0000507B2C72320DB00C256BAC52322DB00D5
:10D2000063D3E54C3245D001A6853ED4EF00D0145F
:10D21000631405DA2A553E462E47A2574E8BC1B6F7
:10D220001257B38CE700B38CBC41B30A5741B3CC5F
:10D230005C0B6FF04FF74E8B6FE0BF9B1377F70FD0
:10D240000146C5B2E247D2463ACC9C432390D70070
:10D250006FE01F883ECCDE8601466FF0CF87137CDF
:10D26000FC0F814C63D60AA86FE0BFF4935CFC41CD
:10D270003ECC66876FE0FFE8930770040347310AEE
:10D2800063DD1765B797041093878717E31C0700C2
:10D290008D4C668C814A02D602D402CE6FE0BF8FDD
:10D2A000B79704109387C72B15B14647864542D2DE
:10D2B000B388E7403A86468546CEEF1060213307B3
:10D2C0009C01B337870137D6CCCC1306D6CC3E971A
:10D2D000B335C70237D5CCCC1305C5CCF257F256BF
:10D2E000F24883C717001258B337F00013D3250054
:10D2F000F1999A950D8F3307EC40B335EC00B38567
:10D30000BC403305A702B697B7D6CCCC3EDE938699
:10D31000C6CC9387F8FFB385C502AA953335C702FB
:10D320003307C702AA951393F50193DC1500054551
:10D330000583330CE30033079C01B33587012E9737
:10D34000B335C70213D32500F1999A950D8F330792
:10D35000EC403307C70205833347E720060733074E
:10D36000EC4013070703A38FE8FE6FF02F9B930792
:10D3700080076FE0DF9B63C20C4A82C2994A930721
:10D3800060046311FC2C32457C113811D6860C09DF
:10D390001308010B0D46C6C476C976D67ACB7AD46B
:10D3A00016CD16D266CFEF108037834605001307DF
:10D3B00000039252225FB25EA648AA873309550144
:10D3C0006382E65AAA5D08090C013ED466CF46D2B4
:10D3D00076C97ACB16CD02C102C302C502C79770C7
:10D3E000FF0FE78040F1A257B30CB9016E8E6314B2
:10D3F00005563387FC403AD213F71B0033675701B9
:10D400006351C06363170758F28C9308600613F3E7
:10D410000B4033EC0C0A631203481647630A0734C7
:10D420001307D002A301E10A050CF24B814A02CE98
:10D4300002D602D46FE02FF6324593851A0046CE0D
:10D44000EFD02FD4F248AA87630C05627E472ACE1C
:10D45000CE465E46EE45634B073C82C26FE09F8F2F
:10D46000DE8D6ADE9647A64B364C564D368BB3DDC5
:10D47000ED0A6FF04FCD82C263D70C009307D00244
:10D48000939CFC69BEC23245930D01097C11EE8567
:10D490001308010B381185460946C6C676C9F6C47D
:10D4A0007ACB7AD616CD16D466CFEF104027A2528B
:10D4B000325FA64EB648854AAA8756D213F71B009C
:10D4C000630507126E850C013ED646D476C97ACB29
:10D4D00016CD66CF02C102C302C502C79770FF0F07
:10D4E000E78060E1A258B257630A055692564A5740
:10D4F000B38CD7006370975D130600039306170083
:10D5000036D92300C7004A57E36A97FF1D8F930659
:10D5100070043AD22A5E630EDC0C13076004E30D3C
:10D52000ECEC1307FEFF230A110B3AD5634B0746B9
:10D530009306B002A30AD10AA54663DEE6465E89D9
:10D5400002CE930E310C37D3CCCC76851303D3CCDB
:10D55000130F3006B33667023A88AA857D158D828F
:10D5600033C6D6200606118F13070703A38FE5FEE7
:10D570003687E3410FFF13870603A30FE5FE1387EA
:10D58000E5FF6373D74F1305610BAA8603460700B7
:10D5900005078506A38FC6FEE31AD7FF2A9709075A
:10D5A0000D8F5419158F3ADC925662560547B38C8D
:10D5B000C6006352D72A4257BA9C16471373F9BF65
:10D5C000936B0310137E290033EC0C0A630E0722C1
:10D5D000930ED002A301D10B814A050C6FE03FB539
:10D5E000925683C5A6006FE0DF964A572A5E1D8FCC
:10D5F0003AD21327DEFF19E363D4CA01F91815B72D
:10D6000012576340EE1E13F71B00F28C01C74257FE
:10D61000B30CEE0013F30B4063040300634DC0270B
:10D6200033EC0C0A93087006CDBB3245D001A685B9
:10D630003ED41D23631205982A553E46A2574E8BB1
:10D640006FF06FF79307BCFB324593B71700D6977F
:10D65000930D01093ED2BE8638117C11EE85130868
:10D66000010B0946C6C676C9F6C47ACB7AD616CD62
:10D6700016D466CFEF10A00A13077004A252325FCF
:10D68000A64EB648AA87E30BECE22AD60C016E85BB
:10D6900046D476C97ACB16CD66CF02C102C302C585
:10D6A00002C79770FF0FE78000C5A258B257630BFF
:10D6B000054092564A57B38CD700E36F97E31D8F0E
:10D6C0002A5E3AD2B9BD210B6FF0AFF13245D001DD
:10D6D000A6853AD451216311058EB7C7041083453E
:10D6E0000D003E462257CE86938847161D4829B422
:10D6F0009307D002A301F10A9307700463DF1713A5
:10D70000B79704109387C72BE9B03245D001A6859F
:10D710003ED499216312058AAA5A3E46A2574E8BDF
:10D720006FF06FA525476374C7016FE07FE56FF069
:10D730002FF2130848176FF00FB04ACC630507109B
:10D74000138C1A00D68C02D6814A02D4014E6FE0A7
:10D750008FC43245D001A685012119C16FF0CF8554
:10D76000AA5A92573E464E8BB38A57416FF0AFA3E9
:10D770000347310AE30B07CA050C45B95E836FE026
:10D780001FF1C155B30AA04037C804106359B53022
:10D79000C14C9D4D3ED41309481621A0C11A63D136
:10D7A0005C0D4106050723202B0123229B01B2C7F4
:10D7B000BAC5210BE3D4EDFE3245D001A685692E12
:10D7C00019C16FE07FFF3E462E474E8BC1BFDE86FC
:10D7D0006FF00FB95E836FF02FB7130848176FF023
:10D7E0006F8B1257C25693087006B30CD700E340F4
:10D7F000C0C3338FCC41930C1F0033EC0C0A31B9FA
:10D80000130848166FE0FFF6834E310A814A63849D
:10D810000E006FE0BF9C6FE09F91994A9307D00282
:10D82000939CFC69BEC2A1BE02CE7C121305D0023D
:10D830001317F769AAC26FE0EFD1B7970410938767
:10D84000872B6FF00FF9D68C568C02D6814A02D402
:10D85000014E6FE04FB43377E900E30007D6A1BB78
:10D86000A2574A8856960507B2C7BAC523200B01AE
:10D8700023225B019D45E3D8E5E43245D001A6852E
:10D880003ED4D92C19C16FE03FF33E462E47A25734
:10D890004E8B6FF00FD59308700672570347070041
:10D8A000930617F0638C0620635AC721F256014590
:10D8B000814501A885058506130617F035C6635511
:10D8C000C707330EEE4003C716006DF703C7060007
:10D8D0000505DDB752496FE0FFEEB7970410938757
:10D8E000072C6DB2B79704109387072C6FF06FEE7B
:10D8F0004A8C938CFAFF225BB258E2572649364D88
:10D90000D644E29A62871306000363D40C006FE0EA
:10D910008FE40507A30FC7FEE39DEAFE33079C01D2
:10D92000130C17006FE02FE336DEC6463307B50051
:10D930002ED43307D7022AD6BA9C164733EC0C0AEA
:10D9400045C31307D002F24BA301E10A050C02CE36
:10D95000814A6FE04FA44A579258E36F97B91D8FE1
:10D960003AD265BE08090C013ED446D276C97ACBBC
:10D9700016CD66CF02C102C302C502C79770FF0F62
:10D98000E78060979258A2575DE12A5EB30CC90107
:10D990008DB44257338FCA0193086006B30CEF0071
:10D9A000BDB41307D002A30AE10AE15605473307C5
:10D9B000C741E346DEB893060003230BD10A5E8914
:10D9C00002CE9306710B6FE04FDC1307D002A30A5F
:10D9D000E10AE1560547118FE345D6B66FE0AFDAAD
:10D9E0000347310A49C7F24B050C02CE814A6FE06A
:10D9F0008F9AB79604101387462C3AD26FE08FBEE9
:10DA0000E247624683481D0098431106FD5732CC19
:10DA1000368DB36AF70A6FE02F92130848166FF03D
:10DA20002FD21DE3054CE28C93086006FDB2854FB2
:10DA30004A57B38F5F417ED5938C1700E36E97AB47
:10DA40001D8F7E8E3AD24DBA425793086006130F4F
:10DA50001700B30C5F0133EC0C0AC1B22A5E51BE51
:10DA6000130848166FF06FDD09473ADC35BEF24BFC
:10DA7000814A02CE6FE02F9202D602D46FE0AF91BE
:10DA800083D7C400524993E707042396F4006FE05C
:10DA90007FD312573E97B3DDED0A6FE0DFEA13083C
:10DAA0004816C9B3814A02D602D402CE8D4C114C1D
:10DAB0006FE06F8E1D8F2A5E3AD225BE014702D6D7
:10DAC00002D49DBD2A5EB1BC83D7C50083AE450696
:10DAD00003DEE50003A3C50183A84502130101B7D6
:10DAE000F59B1308010813070040232481482E8466
:10DAF0002C08232291482312F1022326114802D830
:10DB0000F6DE2313C1031ADA46DE42CC42D43AD001
:10DB10003AD6AA84EFD0FFEFAA87635705020357CE
:10DB200041021377070419C70357C400136707049A
:10DB30002316E4008320C1480324814883244148FC
:10DB40003E851301014982802AC62C0826856D2A4C
:10DB5000B24771D5FD57E1B7184609E701452322C1
:10DB600006008280011106CE32C6592EB247F2401D
:10DB700023A4070023A20700056182808397C500C4
:10DB8000011122CC4EC606CE13F787002E84AA8937
:10DB900069E3D4411397B7282396E5006358D01062
:10DBA000032884026301080A26CA9396370183A4D6
:10DBB000090023A0090063C206104C4C01468546AB
:10DBC0004E850298FD572A86630EF5100317C40090
:10DBD00003288402118B19C758401C58198E99C309
:10DBE0005C5C1D8E4C4C81464E8502987D57831798
:10DBF000C4006316E50C83A609007547636FD70E52
:10DC00003707402005073356D74865CA144813978D
:10DC1000B7482316E4002322040014C013973701E9
:10DC20006355070083A70900DDC70C5823A099009E
:10DC3000C5C9930704046385F5004E85EFD05FBB2B
:10DC4000D24423280402F2406244B24901450561EE
:10DC500082804AC803A90501630F090426CA8441CA
:10DC60008D8B23A02501B3842441014791E3D8493A
:10DC700018C4634690003DA82A99635D90025C50E9
:10DC80004C4CA6864A864E858297898CE346A0FE38
:10DC90008357C400424993E70704F2402316F40077
:10DCA0006244D244B2497D5505618280D45DE34926
:10DCB000D0EE51BFD244424979B7304821BF144811
:10DCC0001397B7482316E4002322040014C01397C7
:10DCD0003701E35C07F40C5828C823A09900B1F978
:10DCE000D24495B783A70900E38207EE138737FE76
:10DCF00001CBA91791C78357C40093E7070471BFED
:10DD000023A09900D24481B7AA8719C1585909CBD9
:10DD10000397C50019E3014582803E856FF01FE639
:10DD200001112EC606CE2AC46D2AB245A24703971A
:10DD3000C50011C7F2403E8505616FF03FE4F24037
:10DD400001450561828037760020B71501103775CF
:10DD50000020130606BE9385E595130505ACE1A1E9
:10DD60004C414111B777002022C406C6938747F67D
:10DD70002A846384F500EF20903E0C44B77700209E
:10DD80009387C7FC6385F5002285EF20503D4C4406
:10DD9000B7770020938747036388F50022852244E4
:10DDA000B24041016F20B03BB24022444101828029
:10DDB0000111B7E7001022CC938767D43774002095
:10DDC00037750020130444F606CE26CA4AC84EC64C
:10DDD00052C423A8F190214691478145130505FCC3
:10DDE0005CC42320040023220400232404002322F3
:10DDF000040623280400232A0400232C0400EFD067
:10DE0000AFF237EA0010B7E9001037E90010B7E4C5
:10DE1000001037750020C167130A8A299389C92C1D
:10DE2000130949329384E435A5072146814513053A
:10DE300085027CD823204403232234032324240393
:10DE400044D440CC232404062326040623280406B5
:10DE50002326040C232C0406232E04062320040866
:10DE6000EFD08FEC3777002037750020B70702001E
:10DE7000C9071307C7FC130505092146814523245B
:10DE800044092326340923282409232A9408232E0D
:10DE9000F40C2328040C232A040C232C040C232A1E
:10DEA00004122320040E2322040E2324040E232212
:10DEB000E408EFD06FE7B777002093874703232864
:10DEC000440F232A340F232C240F232E940EF240C8
:10DED0002326F40E6244D2444249B249224A0561E3
:10DEE00082805C5991C38280B7E7001003A701913B
:10DEF000938707D65CD965FB6FF09FEB82808280A9
:10DF00001C46638107188396C500397122DC52D400
:10DF100056D206DE93F786002E84AA8A328AADC3D3
:10DF20009C49B9CF26DA4AD84ED65AD093F7260064
:10DF300083240A00B5C7370B0080130B0BC081493F
:10DF40000149B356690B4E865685630709125C502A
:10DF50004C4C8297635EA02A83278A00AA993309D2
:10DF6000A940898F2324FA00E9FFD2544259B259BB
:10DF7000025B0145F2506254225A925A216182801A
:10DF8000A2855685C526631B051A8316C40026DAAA
:10DF90004AD84ED65AD093F7260083240A00C1FFF0
:10DFA0005ECE62CC93F71600E5E31C403707008095
:10DFB000130CF7FF014B8149638A090A13F7062006
:10DFC000032984003E85630D0716CA8B63E0291F71
:10DFD00013F706483DC758480C483327E720135924
:10DFE000F701B38BB7403A9993871B001359194037
:10DFF000CE974A866374F9003E893E8693F60640C2
:10E00000638D061CB2855685EFC0BF97630505205A
:10E010000C485E862AC6EFD0AFDB8357C400324778
:10E0200093F7F7B793E707082316F400B30779418E
:10E0300033057701232A240118C808C01CC44E895F
:10E04000CE8BDA855E86EFD08FC018441C40330734
:10E05000274118C403278A00DE971CC033073741C5
:10E060002324EA006303071A8316C40003AB0400E9
:10E0700083A94400A10489B783A9040003A944002B
:10E08000A104C1B501458280014B814B0145014C82
:10E09000630C0B0435C1DE89544803298400084011
:10E0A0001C48B3593B0B369963F4A700634039070A
:10E0B00063C8D9105C504C4C6286568582972A8979
:10E0C0006352A006B38B2B41054563840B0E832757
:10E0D0008A00B38727412324FA0063880712330B91
:10E0E0002B414A9CE3180BFA03AB4400A687A1041A
:10E0F000E30C0BFE03AC07005A86A9456285A92EE6
:10E10000630105100505B30B854171B7E2854A86A9
:10E11000EFD0EFB31C40A2855685CA971CC0EFF024
:10E12000BFBE4DD18317C400F24B624CD25442594A
:10E13000B259025B93E707042316F4007D551DBD19
:10E1400018486360F704584863EDE902B3D6890BB9
:10E1500033E7E6025C504C4C5A865685998E82977E
:10E16000E352A0FC2A8983278A00B3892941B38717
:10E1700027412324FA00D1CB8316C4001C404A9BBC
:10E1800025BD3359390B3E854A86DA85EFD02FAC51
:10E190001C401844CA97330727411CC018C461F7B4
:10E1A000A2855685EFF05FB65DDDADBF4E89CE8BA3
:10E1B00049BDA2855685EFF03FB5E30A05F09DB74E
:10E1C0004E86E285EFD0AFA818441C404E89330735
:10E1D0003741CE9718C41CC0F5B55685EFC0BFDBDC
:10E1E0002A87E31505E40C485685EFD06FE0835786
:10E1F000C4003147F24B624C23A0EA0093F7F7F7D3
:10E2000035B793091B00CE8B41BDF24B624CB1BBBD
:10E210008317C40021BFB14723A0FA00F24B831734
:10E22000C400624C21B779714AD04ECE52CC56CA46
:10E230005AC85EC606D622D426D2B28A2A8BAE8BA4
:10E24000014A85497D5983A44A00FD1463C604022E
:10E2500003A48A008357C40063FBF9008317E4001A
:10E26000A2855A8563852701829B336AAA00FD1423
:10E2700013048406E39024FF83AA0A00E3950AFCB2
:10E28000B250225492540259F249D24A424BB24BF4
:10E290005285624A45618280411122C42E84839551
:10E2A000E50006C6312E634905003C48B240AA97F6
:10E2B0003CC82244410182808357C400B2409397F6
:10E2C000C7482316F4002244410182808397C50089
:10E2D00036832E8793F6071089EA8395E500939796
:10E2E000C7482316F7009A8611AE8395E500011101
:10E2F00032C48946014606CE1AC63AC02AC25924FB
:10E3000002473243A2488317C7001248F2408315E0
:10E31000E7009397C7482316F7009A8646864285FA
:10E320000561E9AC411122C42E848395E50006C63F
:10E33000912C7D578317C400630BE5009397C72882
:10E34000B24028C82316F4002244410182809397EA
:10E35000C748B2402316F4002244410182808395CD
:10E36000E500F5A2B777002003A747D9011106CE33
:10E370002A86AE8719C3545BE1C20397C700937620
:10E3800087009DC2944B8DCE0397C700137617006C
:10E3900039CAD04B23A4070001453306C04090CFB3
:10E3A000B9CAF2400561828093760701D1CE937697
:10E3B0004700B9EA944B136787002396E700E9F614
:10E3C000D8479305002013770728E30FB7FA328563
:10E3D000BE853EC4EF202063A2470397C700944B3D
:10E3E000137617005DF613762700814511E2CC4BBA
:10E3F0008CC70145DDF693760708C5D61367070479
:10E400002396E7007D5571BF8C5B85C19386070419
:10E41000638BD50032853EC632C4EFD06FBDB247A4
:10E4200022460397C70023A80702944B1377B7FD32
:10E4300023A2070094C341B72AC43A852EC6EFF041
:10E440005FAAB247224615BFA5461367070414C248
:10E450002396E7007D55B1B79377350013F7F50F95
:10E4600099CB2DC6834705007D166380E706050519
:10E4700093773500FDF70D48637FC80293F5F50FDC
:10E4800093978500BE95939705013703FFFEB788E4
:10E490008080BE951303F3EF938808081C41AD8F6D
:10E4A000B3866700B3F7F640B3F7170191E771162B
:10E4B0001105E365C8FE19CA2A9621A00505630760
:10E4C000C50083470500E39BE7FE8280014582800B
:10E4D000B3E7A5008D8B81E79337460095CB2A875C
:10E4E00011A883C6F5FF1308F6FFA38FD7FE81CAD4
:10E4F0003E87428685059307170065F6828032972E
:10E50000630108048507A38F07FEE39DE7FE828071
:10E51000B708FFFE378880809388F8EF1308080853
:10E520002A870D439441B3871601B3F7D740B3F759
:10E530000701E9F3711614C311079105E364C3FEE3
:10E5400055BF8280377500201305C5CD82804111EB
:10E5500022C426C2AA842E8506C623AA0190EF6093
:10E560002FB9FD576307F500B240224492444101A0
:10E57000828083A74191EDDBB24022449CC092444B
:10E58000410182804111AE8722C426C2B285AA848D
:10E5900036863E8506C623AA0190EF60AFB5FD57CB
:10E5A0006307F500B240224492444101828083A770
:10E5B0004191EDDBB24022449CC0924441018280F3
:10E5C0004111AE8722C426C2B285AA8436863E8512
:10E5D00006C623AA0190EF60CFADFD576307F50093
:10E5E000B240224492444101828083A74191EDDBF5
:10E5F000B24022449CC09244410182804111AE87C6
:10E6000022C426C2B285AA8436863E8506C623AABF
:10E610000190EF60AFABFD576307F500B2402244B5
:10E6200092444101828083A74191EDDBB2402244B4
:10E630009CC0924441018280D845597183A805004D
:10E6400003A845009445A6D2A164A2D486D69357C8
:10E650000701FD1423200600BACEE58FC6C8C2CA42
:10E66000B6CC2A84638F970888000C18CAD0C6C01D
:10E6700046CCC2C242CAB6C436C8BAC63AC6328945
:10E6800002D802DA02DC02DE3ECE9760FF0FE7809E
:10E6900080C63247C2465248E24841C1F2478145EE
:10E6A0009DEFB70771400C181010880036DC3ADE79
:10E6B0003ED646D842DA02D002D202D49760FF0F8B
:10E6C000E780C0EC364786451646A64693570701B5
:10E6D000AEC8B2CAB6CCBACEE58F9305E0F8F176F3
:10E6E00089067647B69737060180AE977D162320B8
:10E6F000F900C6485648E6460659718F3706FE3F70
:10E70000518FB650232014012322040114C458C48D
:10E71000228526549654656182800659DDB7B7C8B4
:10E7200004109388481803A38800717183AE080011
:10E7300003AE48009AD203A3C80083A8080122D5DB
:10E7400026D3C6D6832885034AD14ECF52CD56CB89
:10E750005AC96AC1EEDE06D75EC762C566C3F6CE89
:10E76000F2D09AD442CE03A90500C441804503AA41
:10E77000C500AA8A328DB68D3A8BBE8963870800A0
:10E78000C685EF10C06623AC0A0226579356FA01DD
:10E7900023A0D90093571740F58FB98FBED4131714
:10E7A0001A00F1779319FA49938717F9135C170147
:10E7B000B34B0A0808180C104AD826DA22DC4AD0D3
:10E7C00026D222D44EDE4ED6CAC6A6C8A2CAB30CE2
:10E7D000FC00DECC9770FF0FE780405B71ED3707E0
:10E7E000FF7FFD577D170C1008183AD63ED03ED259
:10E7F0003ED49770FF0FE780605939ED0C10081870
:10E800009760FF0FE780A0C96358A0048D47BEC47E
:10E81000F247B8006E883EC06686EA875685DA8879
:10E82000F400EC081D2A03270B00E1776317F700BB
:10E83000B7070080FD172320FB00BA502A549A54D2
:10E840000A59FA496A4ADA4A4A4BBA4B2A4C9A4C54
:10E850000A4DF65D4D618280C1670C1008184EDECE
:10E860003ED64AD826DA22DC02D002D202D4976001
:10E87000FF0FE780E0B363480500939B0B298547B2
:10E88000DECCBEC471B70C1008184AD826DA22DCD8
:10E8900052DE02D002D202D402D69760FF0FE78088
:10E8A00080A519E182C4ADB7F177938727F90947AD
:10E8B000B30CFC00BAC4A9BF9147BEC491BF397163
:10E8C00022DC40454AD84ED60329850083294500DD
:10E8D00052D4032A05001314F44908088A8506DE79
:10E8E00022CE22C652C852C04ECA4EC24ACC4AC4D8
:10E8F0009770FF0FE780804929E93707FF7FFD57B1
:10E900007D178A85080826DA3AC63EC03EC23EC454
:10E9100085449770FF0FE780604711CDF250625435
:10E92000139514008947D2544259B259225A33F5EB
:10E93000A740216182808A8508089760FF0FE780E1
:10E9400000B6E35DA0FC8144D1BFF250625442594D
:10E95000B259225A05452161828055714EDF8329C3
:10E960000700A2C54E4466D313F3F9FC86C72320E3
:10E9700067000D4E13F3F9003EC042C4A28C630041
:10E98000C32D6AD113F4C900228D631004246ECF05
:10E9900046CE36CA32D02ED63AD4AA8D630C032680
:10E9A000CAC103A9050093070002814563D6270168
:10E9B00086078505E3CE27FF6E85EF1020692A8440
:10E9C00063090522D2479306F9FF958693952600A1
:10E9D000A6C3B3C6F620130745019043910711075C
:10E9E000232EC7FEE3FBF6FED24785068507B3B6A6
:10E9F000F600FD1633F7D500110793070401935471
:10EA00002740BA9721A0F117638B04249843A68668
:10EA1000FD1475DBB3C48420C84814C836CCEF108D
:10EA20006078E2469606B384A6402285EF10205A0D
:10EA300082572AC73EDA631C05501C486386071CB0
:10EA40006C01228556DB5AD95ED762D552DDEF10B4
:10EA500010629397C500B1833707F03F5D8F52581E
:10EA6000B7C7041003A6073083A647302698AA88A4
:10EA7000BA85930BF8FF3AD2428CC6C8AAC0975009
:10EA8000FF0FE7804016B7C7041003A6873083A6A0
:10EA9000C7309750FF0FE78000D3B7C7041003A615
:10EAA000872F83A6C72F9740FF0FE7800011AA8A00
:10EAB0005E852E8B9750FF0FE780207BB7C7041031
:10EAC00003A6072F83A6472F9750FF0FE780A0CFFD
:10EAD0002A86AE865685DA859740FF0FE780E00DDF
:10EAE000AA8A2E8B5E8563D50B00054533058541CB
:10EAF0001305B5BC635AA0029750FF0FE780E0767C
:10EB0000B7C7041003A6074583A647459750FF0FD4
:10EB1000E78060CB2A86AE865685DA859740FF0F60
:10EB2000E780A009AA8A2E8BDA8556859750FF0FB9
:10EB3000E780C0675A8AD2852A8B0146568581466E
:10EB40005ACC9750FF0FE780A0BC635205025A854C
:10EB50009750FF0FE78060715686D2869750FF0F5F
:10EB6000E78020A93335A000B307AB403ECC125755
:10EB700093974B01338AE700338774419306F7FF7D
:10EB800036D8E246D94763EFD70CE24737C80410BE
:10EB90009308881AB3E81721064603A5080083A541
:10EBA0004800D2863AD29750FF0FE78000AB125749
:10EBB0006345A03CE357E03AC257624782C602DC95
:10EBC000BA973ED8BAC202DE7DA891476315F30218
:10EBD0002E440A5DBE40FA59E17766869A5CB79585
:10EBE000041023A0F800F2869385C53069616F1088
:10EBF00020190E49FA4D8147BE402E440A5DFA594C
:10EC00009A5C3E8569618280A2856E85EF10404ADC
:10EC10009E440E49F2478546B795041066866E8578
:10EC200094C393858513EF10A015BE402E44AA8788
:10EC3000FA4D0A5DFA599A5C3E85696182802286A6
:10EC40002E44BE40FA599A5CE177B795041023A090
:10EC5000F80093850530A14669616F106012232882
:10EC60000400E1B38547BEC6C25702DC63C2073069
:10EC7000E24763D8072EE257624782C2998F3EDC93
:10EC8000B307E0403EDE0247A54763E4E740824722
:10EC90001547635AF760F1173EC082469147638D6E
:10ECA000F642E38CE622894782CC814A6389F642A8
:10ECB0008D473EC0A2476247BA97BEC485073ED281
:10ECC0006352F02CBE856E853EC7EF106007AA87A1
:10ECD0006302055C32570328C7007D18630C0800E7
:10ECE00063530800094893F90910638009320D47FE
:10ECF0003308074112571337F7006308073063865C
:10ED00000A3062473367E800631107300647B646AA
:10ED100002C7BACED2D495C2B7C6041003A6063431
:10ED200083A646343A85D285BEC0BAD09750FF0F2D
:10ED3000E780009E8647E34F053CBEC0F647B70913
:10ED4000C0FC3E863E85A657BE86BE859740FF0F17
:10ED5000E780A0E637C70410032687468326C74608
:10ED60009740FF0FE78060E5125786472A83AE99E8
:10ED7000630407241257F64A265B82D6BAC00647B8
:10ED800037C804109308881AB3661721664703A68C
:10ED900086FF83A6C6FF6309076637C704100325ED
:10EDA000872E8325C72E9AD0BEC8C6DACED89389BF
:10EDB00017009740FF0FE78020380656C656D68BBF
:10EDC0005A8A9750FF0FE78000E22A86AE86568562
:10EDD000DA85B68A328B9750FF0FE780203D2A8C68
:10EDE0009750FF0FE78060482A86AE865E85D28501
:10EDF0009750FF0FE78020DFC64713070C032A86D2
:10EE0000AE862380E7002A8AAE8B5A85D685975036
:10EE1000FF0FE7808084C647E34BA04EB7C60410BF
:10EE200003A7463483A6063437C60410BAD2B6D038
:10EE30000327463383260633228CCADCA6DEB6C8F7
:10EE4000BACABED85284DA845689BDA0BA470647EA
:10EE500085073EC7E3D7E7549750FF0FE780A0969A
:10EE60004646D646AA842E892285DE859750FF0F16
:10EE7000E7806095AE8A2A8A9750FF0FE7800033BB
:10EE80002A849750FF0FE780403E2A86AE8652853F
:10EE9000D6859750FF0FE78000D593070403268699
:10EEA000CA862380F90085092A84AE8B9750FF0F0C
:10EEB000E7800086E34A0544065596552286DE869D
:10EEC0009750FF0FE78020D22686CA869750FF0F03
:10EED000E7800084AA874646D6462685CA85E3D7BA
:10EEE00007F6C65703C9F9FF62841306900331A0E1
:10EEF000E383D72E03C9F6FFB6899386F9FFE309AA
:10EF0000C9FE0509365723802601130D0002130C94
:10EF10001700A2856E853EC0EF108019F24723804E
:10EF2000090023A08701824763840C0023A03C01D1
:10EF30002257A2569E4418430E496A5A3367A701C6
:10EF4000DA5A4A5BBA5B2A5CFA4D98C275B1AA8557
:10EF50002285EF00D07DBA4702579D8CBA973EDAE2
:10EF6000E9BCC257624702DEBA973ED8BAC221BB9B
:10EF70008547998F3EDC02D8E5B9E24782C6FD1786
:10EF80003ECCDDB185473DBB3A863A85D286D285F7
:10EF9000BEC09740FF0FE78040C237C7041003266A
:10EFA00087468326C746B709C0FC9740FF0FE78016
:10EFB000C0C086472A83AE99B7C6041003A6064789
:10EFC000764583A64647A655BEC09AC89750FF0F00
:10EFD000E78060C14646CE862A8AAE8A9740FF0FF8
:10EFE000E780A0678647E34FA01E46469396F969DF
:10EFF0005285D6859740FF0FE78080718647634C26
:10F0000005687647265A0148BAC852576342070E28
:10F0100062471327F70069CFB7C804109388881A8E
:10F020006247B368172103A7480083A608003AC2C5
:10F03000224736C06353072A12576340E02A631CF5
:10F04000076437C70410032607478326474702454E
:10F0500092453ECA9740FF0FE780E0764646D2864B
:10F060009740FF0FE780605FD24763560562130742
:10F0700010032380E70081456E85938917003EC009
:10F08000EF100003E247130D0002138C27008247A4
:10F0900049B59307DC3F93BA877F02C04A859750F2
:10F0A000FF0FE780801CB7C7041003A6874583A61F
:10F0B000C7459740FF0FE78000719750FF0FE7802B
:10F0C000E00E7D57FD57930535003AD20547BEC483
:10F0D00002C4AE87BACCC5BE8547814ABECCA24722
:10F0E0008545B3E5B70AAE87AEC42ED22EC4E1BEC5
:10F0F00066476302074232575256330999405843D4
:10F100009306190036C7330926416359E9688246D8
:10F11000F516F59A638A065C82463307E640125676
:10F1200093A62600050793B616003326C0003AC7FB
:10F13000F18E81C69256E3C7E632C256725ABA962B
:10F1400036D8E256B309D70085456E85BEC042DA8F
:10F15000EF10E0152A89630F05126257525886474F
:10F1600015C342576350E002C25662573347D70A6D
:10F17000E2563AC7B389E940998E36DCC2563387E6
:10F18000E6403AD8725719CF63140A747256A285B2
:10F190006E85BEC042DAEF108032525886472A840C
:10F1A000630A050E85456E853EDE42DAEF102010BB
:10F1B0002A836DC116475258F25763180754024705
:10F1C0001327270019C3FD14D9CC7D454257B3043A
:10F1D000E540F114FD8826C7338634012687634F46
:10F1E000C04CC2563386E600634CC00836476313F2
:10F1F000075C12576349E034024713273700631452
:10F2000007349A85814615466E853EC0EF00706BC7
:10F21000AA8549C112578247631C07662AC0228506
:10F220003ECAEF10E0488245D2476353A0661307F9
:10F2300010032380E700624793891700130D000233
:10F2400005073ACC6E853EC0EF0090668247E30525
:10F25000092CCA856E853EC0EF009065E247138C8D
:10F26000170082477DB13257825658430507E35E47
:10F27000D7F44257850905073AD80547BAC2B1B74E
:10F280009A856E853ED642D0EF10E0310258B257D3
:10F290002A8329FD9E440E496A5ADA5A4A5BBA5BB0
:10F2A0002A5CFA4D89BA9307DC3F93BA877F82477D
:10F2B00091466389D75E6383E742024789476300CB
:10F2C000F75E8D4782CCE307F79EC9BB8326881A79
:10F2D0000327C81A014836C03AC24649D289924A21
:10F2E000D285024A0547D68652864A853EC442CA1E
:10F2F0003AC79740FF0FE78020E49750FF0FE78061
:10F30000E0EAAA849750FF0FE78020F65286D6865F
:10F310009740FF0FE780204B2A86AE864A85CE8530
:10F320009750FF0FE780208CA24713870403014604
:10F330002380E70093891700E24781462A8A138CCD
:10F3400017002E899740FF0FE780A02AA247E3020B
:10F3500005BCB7C6041003A74633524883A606333C
:10F3600022CA3AC636C442D63ED05284B5A042C75D
:10F370009740FF0FE7802045024A924A2A8B528627
:10F38000D686AE8B9740FF0FE78000DB9750FF0FCC
:10F39000E780C0E1AA849750FF0FE78000ED528616
:10F3A000D6869740FF0FE78000422A86AE865A85B0
:10F3B000DE859750FF0FE78000838509938704035C
:10F3C000A38FF9FE014681462A842E899740FF0FBC
:10F3D000E7802022630A054A3A4792572246B246FE
:10F3E0002285CA8513081700E313F7F832588257AD
:10F3F0005244630908608546414DE31CD8B062471A
:10F40000BAD603C9F9FFD5B4CE851A85C2D8BED005
:10F410009740FF0FE780203B37C70410832707334F
:10F4200003284733C648D28E0547228AA6C8865984
:10F43000AA8B2E8CBE8A428B3AC74684F68401A8DA
:10F440003AC79740FF0FE78000382A84AE842285B0
:10F45000A6859750FF0FE78060D52A8919CD975070
:10F46000FF0FE78080E02A86AE862285A68597403A
:10F47000FF0FE78040772A84AE84130909031379CC
:10F48000F90F23802901BA47064885092285A685F8
:10F490005686DA8613871700E39407FB37C30410F8
:10F4A00086570326832E8326C32E5E85E285BEDA29
:10F4B000A2D0A6C09730FF0FE780207086588646FE
:10F4C000C6444686C6C89740FF0FE7806024D657DB
:10F4D0005284E34C05A037C304100325832E8325F3
:10F4E000C32E5E86E286BED09740FF0FE780A06FF6
:10F4F000464686469740FF0FE7802016864EC64850
:10F5000086574658634DA06A7647265ABAC852575E
:10F51000E35E07DA01486257630F07244257630C22
:10F520000724C25662573347D70AE2563AC7B3890F
:10F53000E640C2563387E6403AD872576311072433
:10F540004EDC014985B166476303072C6257338659
:10F55000E4006342C04616474A8A631A07501307FD
:10F56000E8FF3AD6854642C4D2893E8B9A8B3ED874
:10F57000DE85228536C7EF005008CA85AA8A2A8C04
:10F580002285EF10E012DE85AA844E866E85EF108C
:10F59000E015AA85E30005D05C45938A0A03B5CF40
:10F5A0006E85EF00F030854563C604588247DD8CD8
:10F5B00091E4D2479C43858B638E075693041B00CE
:10F5C000A6866355B000B25763940762A38F54FFB9
:10F5D000BA4712576385E760A285814629466E8542
:10F5E000EF00302E2A84E30705CACA8581462946E2
:10F5F0006E85630E390BEF00D02C2A89E30C05C809
:10F60000CE85814629466E85EF00B02BAA89E3039B
:10F6100005C8BA46268B8506A1BF2AD02285EF10E1
:10F62000200982552A8A6E85EF0090280247B3652B
:10F63000EA006390053AD24722479C43858BD98FD5
:10F64000A5F7930690034E8AC257D6895A875E83E0
:10F650006389DA326357906A93091C03130D000221
:10F66000CA88230037015289930917009A856E854D
:10F670003EC446C0EF00D0238248A247630E09680B
:10F68000E38908BCE38728BDC6856E853EC0EF00D0
:10F69000302282477DBE81456E853EC0EF005021FD
:10F6A000A247414D330CF0408247BE899DB0EF0028
:10F6B00050212A89E30005BEAA89A1BFA2856E85D3
:10F6C0003EDA1AD642D0EF00106E2A84E30405BC5D
:10F6D0003A47D2573253025829B6814A95473EC01D
:10F6E0008547BECC6FF00FDD1257F2567D1763CF02
:10F6F000E61A338AE6401257635F075A62579256FA
:10F7000002C7BA89158F3ADC81B4AA853A866E851C
:10F71000EF00F05A2A83E30F05B68247525813A729
:10F720002700F25719C3FD1485C082C203270301C5
:10F730003EDA42D633476720084B1AD0EF009026B6
:10F74000D2573258025359B432578256584305079C
:10F75000E35DD7FC4257850905073AD80547BAC289
:10F76000F1B78547998F3EDCE24782C602DE3ED87C
:10F77000BEC26FF04FD17257E259E30407DC7256F4
:10F78000A2856E85BEC042DAEF0070532A84E3037F
:10F7900005B0864752584EDC014929B40246054758
:10F7A000E344C7F44257725A36973AD86257B3893E
:10F7B000E60059BA9A8522853ED842D61AD0EF0083
:10F7C000306F02533258C257E35505A2A2858146D5
:10F7D00029466E853ED61AD242D0EF00900E2A847A
:10F7E000E30A05AAE24766470258FD173ECC1253CA
:10F7F000B257631B074826476349E00002471327B7
:10F80000370001E726473AD2EDBA26473AD24A8B6B
:10F81000BE8412590547C28A1A8ABE8B11A8A285D6
:10F820006E85EF00100A2A84E30605A63A4705070D
:10F83000D28522853AC7D123850493090503A38F76
:10F8400034FFBA4781462946E3CB27FD56885A89BB
:10F850005283DE878148630608260947630BE82840
:10F86000144805476348D7125848631507123337C1
:10F87000E000131D470013060003A68903C7F4FF29
:10F88000FD14E30CC7FEDDB3524482576FF06FE8FE
:10F890002247BE89414D1347F7FF3ACC65B282CC6F
:10F8A0006FF0FF838547BECC6FF07F83F25616461C
:10F8B0003ADEB306D740B296B6C292561256625797
:10F8C00036C7C256B309C700014AB29636D8ADB89A
:10F8D000CA8552866E85BEC042DAEF00503E2A8944
:10F8E000E30A059AAA8522866E85EF003024E30399
:10F8F000059AA285AAC86E85EF00807B72574644A0
:10F900005258B30747413EDE3E878647E30C0788DF
:10F910006FF0DF8792560657638806E6A646635265
:10F92000D0EE3A8537C704100326073383264733C2
:10F93000D285BED09740FF0FE780E0E837C70410BC
:10F940000326074683264746AA8A2E8BAAC82E8AF4
:10F950009740FF0FE78020E737C70410032687464C
:10F960008326C746B709C0FC9730FF0FE780E02425
:10F97000A647AE992A83BEC0FD57BED686576FF004
:10F980000FC01306170093069003CA88B2845289E9
:10F990002300D7001306900319A0638A971083C62B
:10F9A000F4FFA689FD14E38AC6FE85062380D400F1
:10F9B000130D000265B9CA856E853ED61AD042C4C1
:10F9C000EF00703E22480253B2572A89E31505B86A
:10F9D000D1B0D285D1BE3657130910030507BAD668
:10F9E0006FF04FD2130710032380E70081456E8527
:10F9F000938917003EC06D2D8247094C130D0002FC
:10FA00006FF02FD1CA862A863EC49730FF0FE78059
:10FA1000C01A024A924A2A8B5286D686AE8B9740EB
:10FA2000FF0FE78080C303C9F9FFA247634AA00C18
:10FA30005286D6865A85DE853EC09740FF0FE78006
:10FA400040BB824701E593F61400DDEA6247CE86AB
:10FA5000414DBAD69305000303C7F6FFB689FD16DC
:10FA6000E30CB7FE3657130C17006FF08FCA8325CF
:10FA700049006E853ED61AD042C4C92BAA84E30B36
:10FA80000580032609019305C900310509060A0608
:10FA9000EFB01FB4A6856E850546EF00D030224832
:10FAA0000253B2572A8AE31C05AA6FF0AFFE6247E1
:10FAB000930610032380D70005073ACC130D0002EC
:10FAC00075B6A28505466E853ECA1AC046C4EF00CB
:10FAD000902D2A84630005FC8245EF00703D0243AF
:10FAE000A248D247E348A0EA09E593F91900E39355
:10FAF00009EA14480547414DE34FD7D6584885BB1E
:10FB00006247BAD66FF06FBEC657228A62848146BA
:10FB10005285DE8501463EC09740FF0FE78060AD0D
:10FB2000B657B336A000139D4600138C17008247CA
:10FB30006FF02FBE22484E8AC257D6895A875E83FD
:10FB4000630B080C1048854663D1C61889466304C8
:10FB5000D8184A8BD2843A899A8ABE8B19A89523E1
:10FB6000D6852A840509630705F2412CCE849309C2
:10FB70000503A6855685EF00B03381462946635EAE
:10FB8000A01423003901A6856E85252BAA898146FC
:10FB90002946A2856E85638F09EEE3129BFC4E8B8E
:10FBA0007DBF76476659F654BAC85257C657D658DD
:10FBB000265A62840148635507C66FF0CFD30146C9
:10FBC00081464685F6853EC09740FF0FE78060A2DC
:10FBD0003336A0008247CE86131D4600A5BD4E8752
:10FBE000CA882248C257D689B6845E833A89A5B1AD
:10FBF00093069003C2574E8A5A875E832686E38413
:10FC0000DAD893891A0023003B01CA88A689528951
:10FC1000130D0002A1BC635DB002A28505466E858E
:10FC20003ECA1AC03AC4EF0010182A84630405E6DD
:10FC30008245EF00F02702432247D247635CA00AC7
:10FC400093069003E38FD9D293091C031308000293
:10FC500010488546414DE3C5C6A05448E39206A02E
:10FC6000428DFDBA1257F2567D17E3C1E6C4125613
:10FC7000C25632C7B29636D8F256338AE640625739
:10FC8000B309C7006FF04FCCCA85814629466E85FF
:10FC90000D292A89630005E0264702581253B257FE
:10FCA0006347E000024713273700E30D07B42647F8
:10FCB0003AD26FF0BF8992563AC7425736973AD830
:10FCC0006257B309D7006FF02FC85448E39006E895
:10FCD000E345B0F471B2414D61B2930690034A8797
:10FCE000268A5A895683DE87E38DD9C88509130D84
:10FCF0000002BDB201E593F61900B9F21308000243
:10FD000081BF10488546414DE3CCC6945448B33674
:10FD1000D000139D4600A9B26247130C17006FF084
:10FD20004F9FB79604103795041041119386063102
:10FD30001305453201469305900306C6EF40DFBC2C
:10FD4000411122C406C6DD462A840547914763F364
:10FD5000B6028607938647013A860507E3FBD5FE80
:10FD6000B28550DC2285DD2411C9B24008DC224472
:10FD700041018280232E05028145EDB7EFF07FFA25
:10FD8000011122CC26CA06CE5D48AA842E840547DE
:10FD900091476376D804860713854701BA8505071E
:10FDA000E3FBA6FECCDC268532C64D24324615CDBB
:10FDB00088DC834704002300F50095C793051400F1
:10FDC000AA8703C70500850585072380E70075FB23
:10FDD00011C21CC2F2406244D24405618280232ECB
:10FDE00005028145C9B7AA87E5B7EFF09FF35C5DCF
:10FDF0003317F02898C5DCC165AC03A805011C4980
:10FE000063C507137D18138645013343C820130EBD
:10FE1000450183270300B343C82103A70300797179
:10FE2000850706D622D4B358F7026360F708B28F6D
:10FE3000728F0144814283A70F00832E0F00110FA0
:10FE4000B3C60708C18333C70E0893DE0E01910FB6
:10FE5000B3861603B3871703A29633C40608018F2F
:10FE6000C1823307574093520749B697B3C6070874
:10FE70009696B386DE403347D708232EEFFE93D203
:10FE8000064913D40701E378F3FB83A7030091EF3E
:10FE90009387C3FF6366FE0039A07D186375FE007B
:10FEA0009843F1177DDB2328050146C672CE1ACC94
:10FEB00032CA42C82A84EF00A07FB24863420506D6
:10FEC000724E6243524642488508F2850145984188
:10FED00014429105B3470708B3CE0608B387D7414C
:10FEE000898F13D50749C182AA964183158FB3C75D
:10FEF000E708110623AEF5FE13550749E379C3FC65
:10FF0000B347C821984309EFF1176366FE0039A093
:10FF10007D186375FE009843F1177DDB23280401EB
:10FF2000B250225446854561828001458280032873
:10FF3000050113DE554063470E0123280500232ADF
:10FF40000500828013034501FD89B3486820B3474B
:10FF50006E20A1C594439107B3D6B60063F417078A
:10FF6000930E0002B38EBE401A8698431106910785
:10FF70003317D701558F232EE6FE83A6C7FFB3D6CE
:10FF8000B600E3E417FF3308C84133486820232E46
:10FF9000D8FE71188DC2110839A81A87E3FF17F926
:10FFA000944391071107232ED7FEE3EB17FF330885
:10FFB000C84133486820B307684089871CC9E300FB
:10FFC00068F8828054C9B5DA1A881108EDB7144967
:10FFD00051058147B3C6A6206368D50035A0110539
:10FFE000938707026372D502184175DB637ED500E3
:10FFF0007971680806D63EC63ACE092CB247B2508F
:020000041001E9
:10000000AA973E85456182803E85828099C91DC63A
:1000100095CA834706009CC1034506003335A000FE
:10002000828041116C0009CE85C2834706009CC1C5
:10003000034506003335A0004101828001458280DE
:100040000145DDBF795582807955FDB77C410111AD
:1000500006CE2A87AE8691CFB3C7F620884305C95E
:10006000184198C32328050023260500F2400561A6
:1000700082802EC61306100291452AC4EFA09F85E8
:100080002247B246AA8768C361F90145C5B7B317CD
:10009000D028138657003A850A06854536C63EC4E1
:1000A000EFA05F837DD1B246A24754C11CC55DBF9E
:1000B00081C97841DC41B3C7E720984398C18CC31C
:1000C000828003A305012E8E138845018148832772
:1000D00008001108850833C707083307C702C18322
:1000E000B387C70236979356070133470708B69779
:1000F000939607013697232EE8FE93D60701E3C8AF
:1001000068FC99CA83278E00635AF300B347C32162
:10011000D4CB050323286E007285828083254E0090
:10012000011122CC850536C41AC272C006CE2A84BB
:10013000EFF0DFF1024E1243A2462A8739C50326AB
:100140000E019305CE00310509060A0636C61AC40B
:1001500072C23AC0EFB0CFC7124E7040224383271D
:100160004E00B246F240B3C7C720904362442320FA
:10017000CE0023A0C701024EB347C321D4CB050351
:1001800023286E00728505618280B796041037952A
:100190000410938606311305C53601469305A00B5E
:1001A000EF408FF6AA874167014563F4E700C20775
:1001B00041453707000163F4E7002105A20737072F
:1001C000001063ECE7003707004063F9E70213977C
:1001D0002700634B07020D05828013974700B7067F
:1001E00000401105637DD7009A0763CF070013977E
:1001F0001700E34207FE1305000282803E87134783
:10020000F7FF7D833A958280090582801C4113F7B0
:10021000770009CF93F61700014799E613F72700F7
:1002200035C785831CC105473A85828033C70708D7
:1002300015E7C18393F6F70F414799E26147A18320
:1002400093F6F70095CE93F6370085C693F6170020
:1002500099E2050785831CC13A85828013F7F70F61
:100260001DC313F7F7000DEF1147918393F6370085
:10027000F1FE93D6274885C2898309071CC1E9BFCF
:1002800011079183E5B72147A1835DBF89830947A2
:100290001CC13A8582808D8381EB1307000269B708
:1002A0008D830D471CC14DBF0D071CC175B77C4127
:1002B000011106CE2A87AE8689CFC84321C51841D1
:1002C000F240D8C385472326050054C91CC90561DF
:1002D00082802EC61306100291452AC4EFA08FDF3C
:1002E0002247B246AA8768C369F9B79604103795C2
:1002F0000410938606311305C53601469305501444
:10030000EF408FE03A857146854536C4EFA08FDC1B
:1003100069DDA246F24089471CC50547854758C19B
:100320002326050054C91CC90561828001114EC6EF
:1003300052C483A90501032A060126CA4AC806CE6B
:1003400022CC2E89B28463C749015287AE844E8A7B
:100350003289BA899C44CC4033043A01B3A7870060
:10036000BE95EFF0BFCE630F0512930845013348E9
:100370001421C68763F7080123A007009107E3ED66
:1003800007FF9305490133C3B92063FB650E938EC4
:100390004401B346DA21138E540133BEC6013386BD
:1003A0009640134E1E002D1609A893DF0F01639B84
:1003B0000F069105910863F5650C83AF0500B3C383
:1003C0000F08E38403FEC682F68F814483A70F00E3
:1003D00003AF0200910233C7070833077702C183D6
:1003E00033490F08135F0F01910FB38777024A97C4
:1003F000269793540701FA97A6973347F70823AE39
:10040000E2FE93D40701E3E3DFFC814763040E00BF
:100410009377C6FFC697C4C383AF050093DF0F0170
:10042000E3890FF883A70800C682768FBE838144D4
:1004300003570F0093D90301110F3307F70383A369
:100440004200910233C9030826974E97B3C7E708C5
:1004500023AEF2FE8357EFFF4183B387F703CA97BA
:10046000BA9793D40701E365DFFC014763040E00EC
:100470001377C6FF46975CC391059108E3EF65F2D9
:100480006345800039A07D1409C48327C8FF711813
:10049000FDDBF24000C96244D2444249B249224ADB
:1004A00005618280B7960410379504109386063153
:1004B0001305C536014693052016EF40EFC4011120
:1004C00022CC4AC84EC606CE937736003284AA891B
:1004D0002E89C1E309843DC426CA83A40904D9C472
:1004E00093771400058481EB884005CDAA84937727
:1004F00014000584F5DB2686CA854E85EFF01FE3E0
:10050000630D090003A7490483274900B3C7E72007
:1005100098432320E90023A0270111CC2A89884091
:1005200071F52686A6854E85EFF05FE088C0232012
:100530000500AA846DBFF2406244D2444249B249E8
:1005400005618280F2406244B2494A8542490561B0
:10055000828037C7041013078719B3C7E72003A6A3
:10056000C7FF8146EFF0FFB52A89ADB785454E85B7
:10057000EFF0DFADAA8419C913071027854758C9C2
:100580001CC923A0A9042320050099BFB796041015
:1005900037950410938606311305C5360146930539
:1005A0005014EF406FB679714AD003A905019C45FC
:1005B00052CC135A5640529922D426D24ECE06D649
:1005C00013041900AE84AA89CC4163D6870086073C
:1005D0008505E3CE87FE4E8532C6EFF03FA7324653
:1005E0005DC993054501635E400113075A00334717
:1005F000A720AE87910723AE07FEE39DE7FEB34534
:10060000BA2083A80401938744017D8AB3C8F820E7
:1006100025C6130300023303C3402E888146984346
:10062000110891073317C700558F232EE8FE83A6C4
:10063000C7FFB3D66600E3E417FF93875401014771
:1006400063E7F800B3889840AD1813F7C8FFBA9570
:10065000D4C191E24A8403A74904DC40B25000C9E6
:10066000B3C7E72098432254025998C084C3F24983
:100670009254624A4561828098439107910523AE66
:10068000E5FEE3F917FD98439107910523AEE5FEDA
:10069000E3E417FFC1B7B7960410379504109386AB
:1006A00006311305C53601469305E01DEF40CFA581
:1006B00018499C492A863305F7406318F70251060A
:1006C000D105B3C5B720B3C7C72019A0637FF60013
:1006D00083A6C7FF03A7C5FFF117F115E388E6FE60
:1006E000054563F4E6007D55828082809C49184A66
:1006F000011106CEAE8FB388E7406398E702D105BB
:1007000093064601B347B7203347D72019A063F7B4
:10071000F51003A8C7FF8326C7FFF1177117E30879
:10072000D8FE6378D810854839A0E3CE08FEB2879A
:1007300081482E86BE8F4C427EC646C432C2EFF040
:10074000FF901246A248B24F63060510032E060121
:1007500083A50F019302460113884F0193034501BE
:1007600023261501B34E5E201683B3C505219E884E
:10077000814603270300032608009108B3470708B2
:10078000334F0608B387E741B6974183418293D63A
:100790000741118F3697B3C7E708110823AEF8FE5B
:1007A000110393560741E366B8FC13865F010147C6
:1007B00063E7C500B385F541AD1513F7C5FF338376
:1007C000E20011031E97B38853401A86130F4700A7
:1007D000637BD3031C42B3051601110633C7070818
:1007E000369713D807014187B6974297B3C7E708F2
:1007F0009CC193560741E36FD6FD1387FEFF330775
:100800006740719B7A9791E78327C7FF71177D1E19
:10081000E5DFF2402328C501056182808145EFF0C4
:10082000FF8201CDF2408547232A05001CC90561DE
:100830008280B2877E86BE8FFDBDB7960410379545
:100840000410938606311305C536014693057023BF
:10085000EF408F8BB79604103795041093860631BE
:100860001305C536014693055024EF40EF89797191
:1008700026D2044922D413044501B3C484204AD0AB
:1008800003A9C4FF4ECE2EC64A8506D6EFF09F912F
:10089000B24513070002B307A7409CC1A94793893B
:1008A000C4FF63DAA706130655FF637D340383A7ED
:1008B00084FF29C6B306C74033D7D7003319C90010
:1008C0003369E900B397C7003707F03F138684FF09
:1008D0003367E9006378C40203A644FFB356D60029
:1008E000D58F0DA0AD47630AF5003319C90037074E
:1008F000F03F3367E900814731A081473707F03F78
:100900003367E900B250225492540259F2493E85AD
:10091000BA8545618280AD46898EB707F03F33576F
:10092000D9005D8F81476376340183A784FFB3D7F5
:10093000D70055053319A900B367F900E1B791CD88
:100940009307F00F63E6C7002380C500054582804A
:100950009307A0081CC17D5582800145828041110A
:1009600006C64AC089CD22C426C22E84AA8419C1D3
:100970005C59D9C78317C40089EB22449244B24022
:1009800001494A85024941018280A2852685EFD02E
:10099000EF9E5C542A8991C74C4C2685829763460A
:1009A00005048357C40093F70708B1E70C5891C9B1
:1009B000930704046385F5002685EFA07FE32328D1
:1009C00004026C4091C52685EFA09FE22322040417
:1009D000EFD0CFD223160400EFD06FD2B240224422
:1009E00092444A850249410182808357C4007D595F
:1009F00093F70708C5DF0C482685EFA07FDF7DB79A
:100A0000EFD02FCE85BF0397C5009377270081CB0A
:100A10009387350405479CC19CC9D8C98280AE879D
:100A20008395E5001971A2DC86DE2A8463C505067C
:100A300030083EC4E920A247634D050493050040F9
:100A40002285A6DA3EC4F244EF90BFF3A247039793
:100A5000C70041C19306004013670708D4CB93D663
:100A6000C4402396E70088C388CBBD8A09466394B7
:100A7000C6088395E70022853EC47D28A2479316C9
:100A8000B0280397C70035C5719BD654136717006C
:100A900015A80397C70093557748FD1593F5053CB6
:100AA0009385050422853EC62EC4EF909FEDB24784
:100AB000A2450397C70019CD1367070888C388CBE1
:100AC000CCCB8146558F2396E700F65066540961DA
:100AD0008280D65493760720EDFA719B9386370473
:100AE0001367270005462396E70094C394CBD0CB29
:100AF000E9BFD654C1BFD6549316B028E1B741110F
:100B0000AE8722C426C2B285AA843E8506C623AA21
:100B10000190EF307FDEFD576307F500B2402244BD
:100B200092444101828083A74191EDDBB24022448F
:100B30009CC0924441018280411122C426C2AA84F1
:100B40002E8506C623AA0190EF305FDBFD576307B1
:100B5000F500B240224492444101828083A7419132
:100B6000EDDBB24022449CC09244410182800000EF
:100B7000B42D0010542D00107E2D0010E42D001017
:100B8000982D0010CE2C0010E02D0010BC2C001071
:100B9000F41D001090220010122D0010CA2D00101C
:100BA00056480010341400102A550010040100109B
:100BB0004445565F4D6F64756C655F496E6974009E
:100BC000433A2F55736572732F646F6D696E2F44AE
:100BD00065736B746F702F436F6D707574657261A0
:100BE0007263686974656B7475722F4C61626F72A1
:100BF000325F54656D706C6174652F6C6162326335
:100C00002F7372632F636C6F636B2E6300000000A1
:100C10004552524F52202825733A2564293A2025FF
:100C2000730A0000212124602121246021212460F5
:100C3000212124602121246021212460212124609C
:100C4000212124602121246021212460212124608C
:100C5000212124602121246021212460212124607C
:100C6000212124602121246021212460212124606C
:100C7000212124602121246021212460212124605C
:100C8000212124602121246021212460212124604C
:100C9000212124602121246021212460212124603C
:100CA000212124602121246021212460212124602C
:100CB000212124602121246021212460212124601C
:100CC000212124602121246021212460212124600C
:100CD00021212460212124602121246021212460FC
:100CE00021212460212124602121246021212460EC
:100CF00021212460212124602121246021212460DC
:100D000021212460212124602121246021212460CB
:100D100021212460212124602121246021212460BB
:100D200021212460212124602121246021212460AB
:100D3000212124602121246021212460212124609B
:100D4000212124602121246021212460212124608B
:100D5000212124602121246021212460212124607B
:100D60002121246021212460213128602121246057
:100D700042395457482B3052532D5C47583F443F1B
:100D8000552E5030574F2834512D2F54562E38267B
:100D9000552E2823512D2B57543E282B575F303D7D
:100DA000514D5822583F3C3A575F3839523D5421F3
:100DB000543E342A542E2C29553E382D545E2C2A6C
:100DC000554E342A554E38294E2C3B4C4D3C2F4C19
:100DD0004A5B4341505C5F5B4E2C334D462A2B2CC3
:100DE000453A27274F2D234A585F543741394858F1
:100DF00021212460212124602121246021212460DB
:100E000021212460212124602121246021212460CA
:100E100021212460212124602121246021212460BA
:100E200021212460212124602121246021212460AA
:100E3000212124602121246021212460212124609A
:100E4000212124602121246021212460212124608A
:100E5000212124602121246021212460212124607A
:100E6000212124602121246021212460212124606A
:100E7000212124602121246021212460212124605A
:100E8000212124602121246021212460212124604A
:100E9000212124602121246021212460212124603A
:100EA000212124602121246021212460212124602A
:100EB000212124602121246021212460212124601A
:100EC000212124602121246021212460212124600A
:100ED00021212460212124602121246021212460FA
:100EE00021212460212124602121246021212460EA
:100EF00021212460212124602121246021212460DA
:100F000021212460212124602121246021212460C9
:100F100021212460212124602121246021212460B9
:100F200021212460212124602121246021212460A9
:100F30002121246021212460212124602121246099
:100F40002121246021212460212124602121246089
:100F50002121246021212460212124602121246079
:100F60002121246021212460212124602121246069
:100F70002121246021212460212124602121246059
:100F80002121246021212460212124602121246049
:100F90002121246021212460212124602121246039
:100FA0002121246021212460212124602121246029
:100FB0002121246021212460212124602121246019
:100FC0002121246021212460212124602121246009
:100FD00021212460212124602121246021212460F9
:100FE00021212460212124602121246021212460E9
:100FF00021212460212124602121246021212460D9
:1010000021212460212124602121246021212460C8
:1010100021212460212124602121246021212460B8
:1010200021212460212124602121246021212460A8
:101030002121246021212460212124602121246098
:101040002121246021212460212124602121246088
:101050002121246021212460212124602121246078
:101060002121246021212460212124602121246068
:101070002121246021212460212124602121246058
:101080002121246021212460212124602121246048
:101090002121246021212460212124602121246038
:1010A0002121246021212460212124602121246028
:1010B0002121246021212460212124602121246018
:1010C0002121246021212460212124602121246008
:1010D00021212460212124602121246021212460F8
:1010E00021212460212124602121246021212460E8
:1010F00021212460212124602121246021212460D8
:1011000021212460212124602121246021212460C7
:1011100021212460212124602121246021212460B7
:10112000212124602F445C5F3837305D593F58419E
:10113000552E5032523D5425544E302E5A3F604861
:10114000583F403E542E2C26524D435B4D4C2B4372
:101150004B5B4F3D4B5B5340505D2B59553E402EF2
:10116000524D4F5F564E502E512D37594F4C5753BD
:10117000542D5C25503C5F55514D335A552E2C282B
:101180004F2C434F4E2C2F4B43594723484A4B3546
:1011900042592E604C5B4F48493A57394A4B233CE1
:1011A0003C273A4142293E584C3C3345554E543336
:1011B0003035285C212124602121246021212460F4
:1011C0002121246021212460212124602121246007
:1011D00021212460212124602121246021212460F7
:1011E00021212460212124602121246021212460E7
:1011F00021212460212124602121246021212460D7
:1012000021212460212124602121246021212460C6
:1012100021212460212124602121246021212460B6
:1012200021212460212124602121246021212460A6
:101230002121246021212460212124602121246096
:101240002121246021212460212124602121246086
:101250002121246021212460212124602121246076
:101260002121246021212460212124602121246066
:101270002121246021212460212124602121246056
:101280002121246021212460212124602121246046
:101290002121246021212460212124602121246036
:1012A0002121246021212460212124602121246026
:1012B0002121246021212460212124602121246016
:1012C0002121246021212460212124602121246006
:1012D00021212460212124602121246021212460F6
:1012E00021212460212124602121246021212460E6
:1012F00021212460212124602121246021212460D6
:1013000021212460212124602121246021212460C5
:1013100021212460212124602121246021212460B5
:1013200021212460212124602121246021212460A5
:101330002121246021212460212124602121246095
:101340002121246021212460212124602121246085
:101350002121246021212460212124602121246075
:101360002121246021212460212124602121246065
:101370002121246021212460212124602121246055
:101380002121246021212460212124602121246045
:101390002121246021212460212124602121246035
:1013A0002121246021212460212124602121246025
:1013B0002121246021212460212124602121246015
:1013C0002121246021212460212124602121246005
:1013D00021212460212124602121246021212460F5
:1013E00021212460212124602121246021212460E5
:1013F00021212460212124602121246021212460D5
:1014000021212460212124602121246021212460C4
:1014100021212460212124602121246021212460B4
:1014200021212460212124602121246021212460A4
:101430002121246021212460212124602121246094
:101440002121246021212460212124602121246084
:101450002121246021212460212124602121246074
:101460002121246021212460212124602121246064
:101470002121246021212460212124602121246054
:101480002121246021212460212124602121246044
:101490002121246021212460212124602121246034
:1014A0002121246021212460212124602121246024
:1014B0002121246021212460212124602121246014
:1014C0002121246021212460212124602121246004
:1014D00021212460212124602121246021212460F4
:1014E0003747245C3937405C4E5D2849572F2837F1
:1014F000525D5C25512D375C582E6037575F2C3C70
:10150000594F48424E5C4F524A3B3B3A4B2B37397E
:10151000484A4F30522D3359484A5F36543D5C2774
:10152000525D375E485A4F354A4B2B3D43493F2168
:101530004459532741385A584A4B2F3F4B2B374079
:10154000484A43364539472740483A564238565D5F
:101550003F4822523C272A454649532E494A4338A0
:10156000452937253F583A4F43594F22542D5C297E
:10157000534E282D544E4447563F2C3C563F343E44
:101580003A37505A212124602121246021212460EE
:101590002121246021212460212124602121246033
:1015A0002121246021212460212124602121246023
:1015B0002121246021212460212124602121246013
:1015C0002121246021212460212124602121246003
:1015D00021212460212124602121246021212460F3
:1015E00021212460212124602121246021212460E3
:1015F00021212460212124602121246021212460D3
:1016000021212460212124602121246021212460C2
:1016100021212460212124602121246021212460B2
:1016200021212460212124602121246021212460A2
:101630002121246021212460212124602121246092
:101640002121246021212460212124602121246082
:101650002121246021212460212124602121246072
:101660002121246021212460212124602121246062
:101670002121246021212460212124602121246052
:101680002121246021212460212124602121246042
:101690002121246021212460212124602121246032
:1016A0002121246021212460212124602121246022
:1016B0002121246021212460212124602121246012
:1016C0002121246021212460212124602121246002
:1016D00021212460212124602121246021212460F2
:1016E00021212460212124602121246021212460E2
:1016F00021212460212124602121246021212460D2
:1017000021212460212124602121246021212460C1
:1017100021212460212124602121246021212460B1
:1017200021212460212124602121246021212460A1
:101730002121246021212460212124602121246091
:101740002121246021212460212124602121246081
:101750002121246021212460212124602121246071
:101760002121246021212460212124602121246061
:101770002121246021212460212124602121246051
:101780002121246021212460212124602121246041
:101790002121246021212460212124602121246031
:1017A0002121246021212460212124602121246021
:1017B0002121246021212460212124602121246011
:1017C0002121246021212460212124602121246001
:1017D00021212460212124602121246021212460F1
:1017E00021212460212124602121246021212460E1
:1017F00021212460212124602121246021212460D1
:1018000021212460212124602121246021212460C0
:1018100021212460212124602121246021212460B0
:1018200021212460212124602121246021212460A0
:101830002121246021212460212124602121246090
:101840002121246021212460212124602121246080
:101850002121246021212460212124602121246070
:101860002121246021212460212124602121246060
:101870002121246021212460212124602121246050
:101880002121246021212460212124602121246040
:101890002121246021212460212124603726585DE4
:1018A000552E503D554E5435543E3429555E402BEF
:1018B000523D435D484B2336512D2357554E402E04
:1018C000545E382D4B5B5345464A332D4E2B5F48B3
:1018D000465A2B2E502C47553F283A553F2836560E
:1018E00042585B223846323A3E374E513E575E549C
:1018F00038363E3B43292B273E4826573D37565323
:101900004359332C4238532546394F353F48225CE2
:101910003B465E4B3F2752583C472E4D3F27525681
:101920004028265946294B2A41284256544D4C27D7
:101930004B3B4B444E2C474E572F2832565F2C348E
:10194000544E402F3A374C5B2121246021212460E2
:10195000212124602121246021212460212124606F
:10196000212124602121246021212460212124605F
:10197000212124602121246021212460212124604F
:10198000212124602121246021212460212124603F
:10199000212124602121246021212460212124602F
:1019A000212124602121246021212460212124601F
:1019B000212124602121246021212460212124600F
:1019C00021212460212124602121246021212460FF
:1019D00021212460212124602121246021212460EF
:1019E00021212460212124602121246021212460DF
:1019F00021212460212124602121246021212460CF
:101A000021212460212124602121246021212460BE
:101A100021212460212124602121246021212460AE
:101A2000212124602121246021212460212124609E
:101A3000212124602121246021212460212124608E
:101A4000212124602121246021212460212124607E
:101A5000212124602121246021212460212124606E
:101A6000212124602121246021212460212124605E
:101A7000212124602121246021212460212124604E
:101A8000212124602121246021212460212124603E
:101A9000212124602121246021212460212124602E
:101AA000212124602121246021212460212124601E
:101AB000212124602121246021212460212124600E
:101AC00021212460212124602121246021212460FE
:101AD00021212460212124602121246021212460EE
:101AE00021212460212124602121246021212460DE
:101AF00021212460212124602121246021212460CE
:101B000021212460212124602121246021212460BD
:101B100021212460212124602121246021212460AD
:101B2000212124602121246021212460212124609D
:101B3000212124602121246021212460212124608D
:101B4000212124602121246021212460212124607D
:101B5000212124602121246021212460212124606D
:101B6000212124602121246021212460212124605D
:101B7000212124602121246021212460212124604D
:101B8000212124602121246021212460212124603D
:101B9000212124602121246021212460212124602D
:101BA000212124602121246021212460212124601D
:101BB000212124602121246021212460212124600D
:101BC00021212460212124602121246021212460FD
:101BD00021212460212124602121246021212460ED
:101BE00021212460212124602121246021212460DD
:101BF00021212460212124602121246021212460CD
:101C000021212460212124602121246021212460BC
:101C100021212460212124602121246021212460AC
:101C2000212124602121246021212460212124609C
:101C3000212124602121246021212460212124608C
:101C4000212124602121246021212460212124607C
:101C50003536445E212124603A57585A563E603941
:101C6000564E5C35523D4B5E582E5C324F5C534FA6
:101C7000465A3B2B4C2B4741444953264C5C274842
:101C8000504D2358492B233A41585E5E4459472B07
:101C90003C27324B45594F363956564A3A265A4F09
:101CA0003555423C3A36464E33445E3339463E4D16
:101CB00033552A3836555E443B472E5938263A4B21
:101CC00037362E473E575F2437562E483C473A5DFD
:101CD0003D474B213B3726583A264E513545463D28
:101CE0004138472B4148365E4058265642384E5DB3
:101CF000483A43344B4B4B3E4E5C4F4B543E2C24A6
:101D0000525D5021574F2C3A532E44483245545E71
:101D100021212460212124602121246021212460AB
:101D2000212124602121246021212460212124609B
:101D3000212124602121246021212460212124608B
:101D4000212124602121246021212460212124607B
:101D5000212124602121246021212460212124606B
:101D6000212124602121246021212460212124605B
:101D7000212124602121246021212460212124604B
:101D8000212124602121246021212460212124603B
:101D9000212124602121246021212460212124602B
:101DA000212124602121246021212460212124601B
:101DB000212124602121246021212460212124600B
:101DC00021212460212124602121246021212460FB
:101DD00021212460212124602121246021212460EB
:101DE00021212460212124602121246021212460DB
:101DF00021212460212124602121246021212460CB
:101E000021212460212124602121246021212460BA
:101E100021212460212124602121246021212460AA
:101E2000212124602121246021212460212124609A
:101E3000212124602121246021212460212124608A
:101E4000212124602121246021212460212124607A
:101E5000212124602121246021212460212124606A
:101E6000212124602121246021212460212124605A
:101E7000212124602121246021212460212124604A
:101E8000212124602121246021212460212124603A
:101E9000212124602121246021212460212124602A
:101EA000212124602121246021212460212124601A
:101EB000212124602121246021212460212124600A
:101EC00021212460212124602121246021212460FA
:101ED00021212460212124602121246021212460EA
:101EE00021212460212124602121246021212460DA
:101EF00021212460212124602121246021212460CA
:101F000021212460212124602121246021212460B9
:101F100021212460212124602121246021212460A9
:101F20002121246021212460212124602121246099
:101F30002121246021212460212124602121246089
:101F40002121246021212460212124602121246079
:101F50002121246021212460212124602121246069
:101F60002121246021212460212124602121246059
:101F70002121246021212460212124602121246049
:101F80002121246021212460212124602121246039
:101F90002121246021212460212124602121246029
:101FA0002121246021212460212124602121246019
:101FB0002121246021212460212124602121246009
:101FC00021212460212124602121246021212460F9
:101FD00021212460212124602121246021212460E9
:101FE00021212460212124602121246021212460D9
:101FF00021212460212124602121246021212460C9
:1020000021212460212124602121246021212460B8
:10201000492B545133255C5F565F3042533E242593
:10202000563E4C2E4F3C4F4E552D5C224B4B3F3D68
:10203000475A372F4B5B3F443E275E50472A3F3578
:10204000495B2F4042592F2540483E5F3D574A5932
:10205000383632483B2722583625524A31244639F1
:1020600031243A363254523E32444A3D36354E4D92
:102070002F5426332F235E3336455A522F242233D2
:1020800032445E4031445A3C2D535E2F3636265141
:1020900032552A433155223F32552E4138464E574C
:1020A0003E28232A394636453D27224D43485B28A2
:1020B0003C272E46482A4333472A3B2D4A4B333A86
:1020C0004A5B4340544E2829524E3026575F4C44B9
:1020D0003145445F21212460212124602121246095
:1020E00021212460212124602121246021212460D8
:1020F00021212460212124602121246021212460C8
:1021000021212460212124602121246021212460B7
:1021100021212460212124602121246021212460A7
:102120002121246021212460212124602121246097
:102130002121246021212460212124602121246087
:102140002121246021212460212124602121246077
:102150002121246021212460212124602121246067
:102160002121246021212460212124602121246057
:102170002121246021212460212124602121246047
:102180002121246021212460212124602121246037
:102190002121246021212460212124602121246027
:1021A0002121246021212460212124602121246017
:1021B0002121246021212460212124602121246007
:1021C00021212460212124602121246021212460F7
:1021D00021212460212124602121246021212460E7
:1021E00021212460212124602121246021212460D7
:1021F00021212460212124602121246021212460C7
:1022000021212460212124602121246021212460B6
:1022100021212460212124602121246021212460A6
:102220002121246021212460212124602121246096
:102230002121246021212460212124602121246086
:102240002121246021212460212124602121246076
:102250002121246021212460212124602121246066
:102260002121246021212460212124602121246056
:102270002121246021212460212124602121246046
:102280002121246021212460212124602121246036
:102290002121246021212460212124602121246026
:1022A0002121246021212460212124602121246016
:1022B0002121246021212460212124602121246006
:1022C00021212460212124602121246021212460F6
:1022D00021212460212124602121246021212460E6
:1022E00021212460212124602121246021212460D6
:1022F00021212460212124602121246021212460C6
:1023000021212460212124602121246021212460B5
:1023100021212460212124602121246021212460A5
:102320002121246021212460212124602121246095
:102330002121246021212460212124602121246085
:102340002121246021212460212124602121246075
:102350002121246021212460212124602121246065
:102360002121246021212460212124602121246055
:102370002121246021212460212124602121246045
:102380002121246021212460212124602121246035
:102390002121246021212460212124602121246025
:1023A0002121246021212460212124602121246015
:1023B0002121246021212460212124602121246005
:1023C0002121246021212460445A4C574D3C5C4C0F
:1023D000585F5442594F5841555E5030573E5C311A
:1023E000515D3759493B2334485A4B31483A3332CF
:1023F000434923253C372A4E39263E473B372E4E4C
:1024000035455238393646493144462E34453240F6
:1024100033245A3F302432362F5436393124464043
:102420002F34263831343E413044323D32444E451B
:102430002D333A302D43423330342E3E2E23463452
:102440002E3356362F342E3C2E4422382F44323C25
:102450002D5356353044463F32552A463425424B9B
:102460003325364635553E3F3A363A4D36253A3BCA
:1024700039563E47415843224058425B41484E5BE3
:10248000473A3333425937224A5B4F3E542E342663
:10249000523D60433D58485B212124602121246046
:1024A0002121246021212460212124602121246014
:1024B0002121246021212460212124602121246004
:1024C00021212460212124602121246021212460F4
:1024D00021212460212124602121246021212460E4
:1024E00021212460212124602121246021212460D4
:1024F00021212460212124602121246021212460C4
:1025000021212460212124602121246021212460B3
:1025100021212460212124602121246021212460A3
:102520002121246021212460212124602121246093
:102530002121246021212460212124602121246083
:102540002121246021212460212124602121246073
:102550002121246021212460212124602121246063
:102560002121246021212460212124602121246053
:102570002121246021212460212124602121246043
:102580002121246021212460212124602121246033
:102590002121246021212460212124602121246023
:1025A0002121246021212460212124602121246013
:1025B0002121246021212460212124602121246003
:1025C00021212460212124602121246021212460F3
:1025D00021212460212124602121246021212460E3
:1025E00021212460212124602121246021212460D3
:1025F00021212460212124602121246021212460C3
:1026000021212460212124602121246021212460B2
:1026100021212460212124602121246021212460A2
:102620002121246021212460212124602121246092
:102630002121246021212460212124602121246082
:102640002121246021212460212124602121246072
:102650002121246021212460212124602121246062
:102660002121246021212460212124602121246052
:102670002121246021212460212124602121246042
:102680002121246021212460212124602121246032
:102690002121246021212460212124602121246022
:1026A0002121246021212460212124602121246012
:1026B0002121246021212460212124602121246002
:1026C00021212460212124602121246021212460F2
:1026D00021212460212124602121246021212460E2
:1026E00021212460212124602121246021212460D2
:1026F00021212460212124602121246021212460C2
:1027000021212460212124602121246021212460B1
:1027100021212460212124602121246021212460A1
:102720002121246021212460212124602121246091
:102730002121246021212460212124602121246081
:102740002121246021212460212124602121246071
:102750002121246021212460212124602121246061
:102760002121246021212460212124602121246051
:10277000212124602121286021212460453A5055DF
:102780003E28585B2742585F4D5D2445592F5441E0
:10279000553E482F545E302A523D3F5D4B3B573FDC
:1027A000512D2B5640384A52473A2B2E3C57364B28
:1027B0003C27224E36454A4236254A4636555A4926
:1027C0003A364E5738563653312436372F23563241
:1027D00030342E3A33352E4B2C534A312F543A3E57
:1027E0002D53523531444A432E234E353024263B57
:1027F0002D3336312C23222C2E4342352D433231BA
:102800002D533E332D5346342B53262D2D53463610
:1028100030242A3E2D434A342F542E3B2E54223747
:102820002E5422343355224031443233315436351C
:102830003655464639563A4C3D473E563F475E5917
:102840004048325C3D373E4A473A37284B3B433B92
:102850004F2C5351535E342B422950572121246071
:102860002121246021212460212124602121246050
:102870002121246021212460212124602121246040
:102880002121246021212460212124602121246030
:102890002121246021212460212124602121246020
:1028A0002121246021212460212124602121246010
:1028B0002121246021212460212124602121246000
:1028C00021212460212124602121246021212460F0
:1028D00021212460212124602121246021212460E0
:1028E00021212460212124602121246021212460D0
:1028F00021212460212124602121246021212460C0
:1029000021212460212124602121246021212460AF
:10291000212124602121246021212460212124609F
:10292000212124602121246021212460212124608F
:10293000212124602121246021212460212124607F
:10294000212124602121246021212460212124606F
:10295000212124602121246021212460212124605F
:10296000212124602121246021212460212124604F
:10297000212124602121246021212460212124603F
:10298000212124602121246021212460212124602F
:10299000212124602121246021212460212124601F
:1029A000212124602121246021212460212124600F
:1029B00021212460212124602121246021212460FF
:1029C00021212460212124602121246021212460EF
:1029D00021212460212124602121246021212460DF
:1029E00021212460212124602121246021212460CF
:1029F00021212460212124602121246021212460BF
:102A000021212460212124602121246021212460AE
:102A1000212124602121246021212460212124609E
:102A2000212124602121246021212460212124608E
:102A3000212124602121246021212460212124607E
:102A4000212124602121246021212460212124606E
:102A5000212124602121246021212460212124605E
:102A6000212124602121246021212460212124604E
:102A7000212124602121246021212460212124603E
:102A8000212124602121246021212460212124602E
:102A9000212124602121246021212460212124601E
:102AA000212124602121246021212460212124600E
:102AB00021212460212124602121246021212460FE
:102AC00021212460212124602121246021212460EE
:102AD00021212460212124602121246021212460DE
:102AE00021212460212124602121246021212460CE
:102AF00021212460212124602121246021212460BE
:102B000021212460212124602121246021212460AD
:102B1000212124602121246021212460212124609D
:102B2000212124602121246021212460212124608D
:102B3000212124602F45245F484B4852565F3C407A
:102B4000525E384B475B3451564F2C36525D6024F1
:102B5000552E34294F4C4B51502C53544E3C2F4D35
:102B6000475A3F34464A27313D4742513946424849
:102B70003926364D3735564D2F234A2E2E534E319A
:102B80002E3346312E334A322F435E3830542E3F97
:102B90002C5332312D434E372D434E362E2356388B
:102BA0002C232E2C2D333A2F2C532E2F2C53322FF7
:102BB0002B3252282C425E2D2D23262F2C22562BD1
:102BC0002C325A2C2C225E2C2E3342352C432630AC
:102BD0002E534A372A524E282E434A362F23563830
:102BE0002C332A2A2E23422D30235E3434245A4596
:102BF0003425224430235E313725524836454A4435
:102C00003B264E51375622403B57324545394727E0
:102C10004B5B373F4B2B3F40533E242735463C5DB3
:102C2000212124602121246021212460212124608C
:102C3000212124602121246021212460212124607C
:102C4000212124602121246021212460212124606C
:102C5000212124602121246021212460212124605C
:102C6000212124602121246021212460212124604C
:102C7000212124602121246021212460212124603C
:102C8000212124602121246021212460212124602C
:102C9000212124602121246021212460212124601C
:102CA000212124602121246021212460212124600C
:102CB00021212460212124602121246021212460FC
:102CC00021212460212124602121246021212460EC
:102CD00021212460212124602121246021212460DC
:102CE00021212460212124602121246021212460CC
:102CF00021212460212124602121246021212460BC
:102D000021212460212124602121246021212460AB
:102D1000212124602121246021212460212124609B
:102D2000212124602121246021212460212124608B
:102D3000212124602121246021212460212124607B
:102D4000212124602121246021212460212124606B
:102D5000212124602121246021212460212124605B
:102D6000212124602121246021212460212124604B
:102D7000212124602121246021212460212124603B
:102D8000212124602121246021212460212124602B
:102D9000212124602121246021212460212124601B
:102DA000212124602121246021212460212124600B
:102DB00021212460212124602121246021212460FB
:102DC00021212460212124602121246021212460EB
:102DD00021212460212124602121246021212460DB
:102DE00021212460212124602121246021212460CB
:102DF00021212460212124602121246021212460BB
:102E000021212460212124602121246021212460AA
:102E1000212124602121246021212460212124609A
:102E2000212124602121246021212460212124608A
:102E3000212124602121246021212460212124607A
:102E4000212124602121246021212460212124606A
:102E5000212124602121246021212460212124605A
:102E6000212124602121246021212460212124604A
:102E7000212124602121246021212460212124603A
:102E8000212124602121246021212460212124602A
:102E9000212124602121246021212460212124601A
:102EA000212124602121246021212460212124600A
:102EB00021212460212124602121246021212460FA
:102EC00021212460212124602121246021212460EA
:102ED00021212460212124602121246021212460DA
:102EE00021212460212124602121246021212460CA
:102EF0002121246021212460502D4447563F2C3845
:102F00005A502844555E502D4F2C5B51483A5F3340
:102F1000513C5F57483A3F33474A33324258532374
:102F200044492F2D39563E4839463E4F37255E4C91
:102F30003645564E34452E4630435A333124323CC2
:102F40002E2346342E434E372F335A3A2E434E38D3
:102F50002D2332332B425E2F2C532E342D533E38EB
:102F60002D33362F2C532E2C2D232E2F2C532A2F3E
:102F70002C225E2D2B525A2D2D4332352A52462BB0
:102F80002C225E2D2B525A2B2C225E2C2C33222FDE
:102F90002D3332332E3346372E233E342E233E3309
:102FA0002D232E2E2E434A342E534E352C53322DA4
:102FB0002C53322D2F54223931343A3F3355224984
:102FC00030342E3B30443E393425423D39463E486C
:102FD0003F374E4C42585A5A4C2B5341535E3C3962
:102FE00021212460212124602121246021212460C9
:102FF00021212460212124602121246021212460B9
:1030000021212460212124602121246021212460A8
:103010002121246021212460212124602121246098
:103020002121246021212460212124602121246088
:103030002121246021212460212124602121246078
:103040002121246021212460212124602121246068
:103050002121246021212460212124602121246058
:103060002121246021212460212124602121246048
:103070002121246021212460212124602121246038
:103080002121246021212460212124602121246028
:103090002121246021212460212124602121246018
:1030A0002121246021212460212124602121246008
:1030B00021212460212124602121246021212460F8
:1030C00021212460212124602121246021212460E8
:1030D00021212460212124602121246021212460D8
:1030E00021212460212124602121246021212460C8
:1030F00021212460212124602121246021212460B8
:1031000021212460212124602121246021212460A7
:103110002121246021212460212124602121246097
:103120002121246021212460212124602121246087
:103130002121246021212460212124602121246077
:103140002121246021212460212124602121246067
:103150002121246021212460212124602121246057
:103160002121246021212460212124602121246047
:103170002121246021212460212124602121246037
:103180002121246021212460212124602121246027
:103190002121246021212460212124602121246017
:1031A0002121246021212460212124602121246007
:1031B00021212460212124602121246021212460F7
:1031C00021212460212124602121246021212460E7
:1031D00021212460212124602121246021212460D7
:1031E00021212460212124602121246021212460C7
:1031F00021212460212124602121246021212460B7
:1032000021212460212124602121246021212460A6
:103210002121246021212460212124602121246096
:103220002121246021212460212124602121246086
:103230002121246021212460212124602121246076
:103240002121246021212460212124602121246066
:103250002121246021212460212124602121246056
:103260002121246021212460212124602121246046
:103270002121246021212460212124602121246036
:103280002121246021212460212124602121246026
:103290002121246021212460212124602121246016
:1032A0002121246021212460212124602121246006
:1032B0002A534C5F544E4C3D573F2C39544E3C2CB6
:1032C000524D4F60592F2C364D4C2F484A3B273BCF
:1032D000484A3B344C5B3746493A3F3C3E275256BE
:1032E0003A2646483D473A5B3154463331344239F9
:1032F0003124463D30442A3930535E372D33322E47
:103300002E2346342D333A312E5352372D23363265
:103310002D433A352C5332332C432A332B525E2F14
:103320002C23222A2B525E282C33222C2C532A2F7A
:103330002C33222D2B32522B2C225E302C325E313C
:103340002C225E2D2A524E2629523A222C33222D2F
:103350002C225E2C2B224E282D4336322D232E2F4D
:103360002A524E242C43262D2C532A2E2B525E2AD1
:103370002C53322E2C53322D2E434E342E53523595
:103380002F435E392F542E392F34323231343634B4
:10339000374552383C47264845295B2A4B5C3B4918
:1033A0003636505C212124602121246021212460B3
:1033B00021212460212124602121246021212460F5
:1033C00021212460212124602121246021212460E5
:1033D00021212460212124602121246021212460D5
:1033E00021212460212124602121246021212460C5
:1033F00021212460212124602121246021212460B5
:1034000021212460212124602121246021212460A4
:103410002121246021212460212124602121246094
:103420002121246021212460212124602121246084
:103430002121246021212460212124602121246074
:103440002121246021212460212124602121246064
:103450002121246021212460212124602121246054
:103460002121246021212460212124602121246044
:103470002121246021212460212124602121246034
:103480002121246021212460212124602121246024
:103490002121246021212460212124602121246014
:1034A0002121246021212460212124602121246004
:1034B00021212460212124602121246021212460F4
:1034C00021212460212124602121246021212460E4
:1034D00021212460212124602121246021212460D4
:1034E00021212460212124602121246021212460C4
:1034F00021212460212124602121246021212460B4
:1035000021212460212124602121246021212460A3
:103510002121246021212460212124602121246093
:103520002121246021212460212124602121246083
:103530002121246021212460212124602121246073
:103540002121246021212460212124602121246063
:103550002121246021212460212124602121246053
:103560002121246021212460212124602121246043
:103570002121246021212460212124602121246033
:103580002121246021212460212124602121246023
:103590002121246021212460212124602121246013
:1035A0002121246021212460212124602121246003
:1035B00021212460212124602121246021212460F3
:1035C00021212460212124602121246021212460E3
:1035D00021212460212124602121246021212460D3
:1035E00021212460212124602121246021212460C3
:1035F00021212460212124602121246021212460B3
:1036000021212460212124602121246021212460A2
:103610002121246021212460212124602121246092
:103620002121246021212460212124602121246082
:103630002121246021212460212124602121246072
:103640002121246021212460212124602121246062
:103650002121246021212460212124602121246052
:103660002121246021212460212124602241406005
:103670004F5D3844525D5C24544E2C274F5C5752AA
:103680004A2B3739495B2B374A2A5B3845594B2936
:1036900046394B2F43284F2540482A5F3D274A593A
:1036A00036254E403625464335353E462F242235B5
:1036B0002F2422392F54223B30435A3B2D433A2F9B
:1036C0002E5352372D433E322E334A352B53222C64
:1036D0002C5332302B22522A2C23222F2A524E2BAB
:1036E0002C33262B2C532E2C2B525A2A2A42462579
:1036F0002B224E272D232E322D4336342A424628A4
:103700002B42562A2A3246232B3252282C225E2B59
:103710002A4246252B224E272C33222C2C23222AC8
:103720002B2252252B525A2A2A4246252A3242243B
:103730002C23262C2C432E2E2D5342332E434E3633
:103740003054323F2D4342322D233E3231242A3D24
:1037500034245636385626433E58325842294F2292
:1037600036364C5A212124602121246021212460F5
:103770002121246021212460212124602121246031
:103780002121246021212460212124602121246021
:103790002121246021212460212124602121246011
:1037A0002121246021212460212124602121246001
:1037B00021212460212124602121246021212460F1
:1037C00021212460212124602121246021212460E1
:1037D00021212460212124602121246021212460D1
:1037E00021212460212124602121246021212460C1
:1037F00021212460212124602121246021212460B1
:1038000021212460212124602121246021212460A0
:103810002121246021212460212124602121246090
:103820002121246021212460212124602121246080
:103830002121246021212460212124602121246070
:103840002121246021212460212124602121246060
:103850002121246021212460212124602121246050
:103860002121246021212460212124602121246040
:103870002121246021212460212124602121246030
:103880002121246021212460212124602121246020
:103890002121246021212460212124602121246010
:1038A0002121246021212460212124602121246000
:1038B00021212460212124602121246021212460F0
:1038C00021212460212124602121246021212460E0
:1038D00021212460212124602121246021212460D0
:1038E00021212460212124602121246021212460C0
:1038F00021212460212124602121246021212460B0
:10390000212124602121246021212460212124609F
:10391000212124602121246021212460212124608F
:10392000212124602121246021212460212124607F
:10393000212124602121246021212460212124606F
:10394000212124602121246021212460212124605F
:10395000212124602121246021212460212124604F
:10396000212124602121246021212460212124603F
:10397000212124602121246021212460212124602F
:10398000212124602121246021212460212124601F
:10399000212124602121246021212460212124600F
:1039A00021212460212124602121246021212460FF
:1039B00021212460212124602121246021212460EF
:1039C00021212460212124602121246021212460DF
:1039D00021212460212124602121246021212460CF
:1039E00021212460212124602121246021212460BF
:1039F00021212460212124602121246021212460AF
:103A0000212124602121246021212460212124609E
:103A1000212124602121246021212460212124608E
:103A200021212460212124602121246038372C5D4C
:103A3000565E5831525D3F5E4D4C2B474F4C434DC7
:103A40004259365A4429426046495B2C4228465F17
:103A500037455A3A3E2736573926364937263649AA
:103A60003255263B3154423830242A372E435A38B7
:103A70002D534A362E534E39315432442B4252285C
:103A80002D433A2F2D33322F2D33322F2C43262D19
:103A90002A524A262C43262E2B224E282B42562BC6
:103AA0002B4256292C225E2B2B3252282A524A2690
:103AB0002B4256292B3252292B525A2B2B42562C51
:103AC0002B525A2B2A2241602B425A272A524E242B
:103AD0002B3256262B2252252B2256252C232229E7
:103AE0002B425A272C532A2E2B3252282B224E2778
:103AF0002A3242242A524E272D233A322F335A3A61
:103B00002E5352382E434E372C432E332F334E3DF7
:103B100034345E403535323C3A465E4943294F23C2
:103B200035463C5A21212460212124602121246032
:103B3000212124602121246021212460212124606D
:103B4000212124602121246021212460212124605D
:103B5000212124602121246021212460212124604D
:103B6000212124602121246021212460212124603D
:103B7000212124602121246021212460212124602D
:103B8000212124602121246021212460212124601D
:103B9000212124602121246021212460212124600D
:103BA00021212460212124602121246021212460FD
:103BB00021212460212124602121246021212460ED
:103BC00021212460212124602121246021212460DD
:103BD00021212460212124602121246021212460CD
:103BE00021212460212124602121246021212460BD
:103BF00021212460212124602121246021212460AD
:103C0000212124602121246021212460212124609C
:103C1000212124602121246021212460212124608C
:103C2000212124602121246021212460212124607C
:103C3000212124602121246021212460212124606C
:103C4000212124602121246021212460212124605C
:103C5000212124602121246021212460212124604C
:103C6000212124602121246021212460212124603C
:103C7000212124602121246021212460212124602C
:103C8000212124602121246021212460212124601C
:103C9000212124602121246021212460212124600C
:103CA00021212460212124602121246021212460FC
:103CB00021212460212124602121246021212460EC
:103CC00021212460212124602121246021212460DC
:103CD00021212460212124602121246021212460CC
:103CE00021212460212124602121246021212460BC
:103CF00021212460212124602121246021212460AC
:103D0000212124602121246021212460212124609B
:103D1000212124602121246021212460212124608B
:103D2000212124602121246021212460212124607B
:103D3000212124602121246021212460212124606B
:103D4000212124602121246021212460212124605B
:103D5000212124602121246021212460212124604B
:103D6000212124602121246021212460212124603B
:103D7000212124602121246021212460212124602B
:103D8000212124602121246021212460212124601B
:103D9000212124602121246021212460212124600B
:103DA00021212460212124602121246021212460FB
:103DB00021212460212124602121246021212460EB
:103DC00021212460212124602121246021212460DB
:103DD00021212460212124602121246021212460CB
:103DE000212124602121246028225C60554E503E10
:103DF000575E5834503C47504D5C2746484A4F3236
:103E0000465A332C495A5B3A3C57464B3C4736504E
:103E10003625463C35553A3E3746224B30544A37D4
:103E200030543E3832444A3F2F54263A2E334E37D0
:103E30002D534A38302422412F5352402B224A27F7
:103E40002D433A2F2D23322C2C432A2C30235E3B3A
:103E50002B525A2A2C43262D2D4336322C33222D19
:103E60002A524A2629523A222B525A2A2A524A26A2
:103E70002A4246242B525A2A2B224E272A524A27BC
:103E80002B224E262A424A212A22415F2C23222716
:103E90002A3246222B425A272C2322292C225E2BFF
:103EA0002A4246252B525A2A294236212A524A268C
:103EB0002A4246252B224A272E2342352F235639C4
:103EC0002D2336302E5352382C2322302F234A3FB5
:103ED0003254424032443E3435354233452A2B2851
:103EE0003446285821212460212124602121246086
:103EF00021212460212124602121246021212460AA
:103F00002121246021212460212124602121246099
:103F10002121246021212460212124602121246089
:103F20002121246021212460212124602121246079
:103F30002121246021212460212124602121246069
:103F40002121246021212460212124602121246059
:103F50002121246021212460212124602121246049
:103F60002121246021212460212124602121246039
:103F70002121246021212460212124602121246029
:103F80002121246021212460212124602121246019
:103F90002121246021212460212124602121246009
:103FA00021212460212124602121246021212460F9
:103FB00021212460212124602121246021212460E9
:103FC00021212460212124602121246021212460D9
:103FD00021212460212124602121246021212460C9
:103FE00021212460212124602121246021212460B9
:103FF00021212460212124602121246021212460A9
:104000002121246021212460212124602121246098
:104010002121246021212460212124602121246088
:104020002121246021212460212124602121246078
:104030002121246021212460212124602121246068
:104040002121246021212460212124602121246058
:104050002121246021212460212124602121246048
:104060002121246021212460212124602121246038
:104070002121246021212460212124602121246028
:104080002121246021212460212124602121246018
:104090002121246021212460212124602121246008
:1040A00021212460212124602121246021212460F8
:1040B00021212460212124602121246021212460E8
:1040C00021212460212124602121246021212460D8
:1040D00021212460212124602121246021212460C8
:1040E00021212460212124602121246021212460B8
:1040F00021212460212124602121246021212460A8
:104100002121246021212460212124602121246097
:104110002121246021212460212124602121246087
:104120002121246021212460212124602121246077
:104130002121246021212460212124602121246067
:104140002121246021212460212124602121246057
:104150002121246021212460212124602121246047
:104160002121246021212460212124602121246037
:104170002121246021212460212124602121246027
:104180002121246021212460212124602121246017
:104190002121246021212460212124602121246007
:1041A000212124602E24485F543E543B562E50312A
:1041B000582E5431515C5F55495B233944494F2691
:1041C000484A4F3644494B2B4529533238564647C7
:1041D0003826324A2F44222D36555A4F3124463C38
:1041E0003044323B302422382F435A392E334A365A
:1041F0002D3342362C532E332F234E3C2C532E2F4F
:104200002C33262A2B525E282C33262A2C532E2B75
:104210002D33362E2B525A2A2C43262D2C532A2E40
:104220002B42562A2A3242252C43262D2A3242245A
:104230002B525A2A2A524A262A524A262A524A26B9
:104240002B42562829523D5F2A424A212B425A25A9
:104250002B525E262B425A272C532A2E2B525A2A97
:104260002A524A272B2252262942395F2B425A27AB
:1042700029222D5E2C225E2B2E534A372F535A3B78
:104280002D433E332E334A362C225E2D2E233A3BCD
:1042900033244E433455224036454E37464A332B5D
:1042A0003A574C552121246021212460212124608A
:1042B00021212460212124602121246021212460E6
:1042C00021212460212124602121246021212460D6
:1042D00021212460212124602121246021212460C6
:1042E00021212460212124602121246021212460B6
:1042F00021212460212124602121246021212460A6
:104300002121246021212460212124602121246095
:104310002121246021212460212124602121246085
:104320002121246021212460212124602121246075
:104330002121246021212460212124602121246065
:104340002121246021212460212124602121246055
:104350002121246021212460212124602121246045
:104360002121246021212460212124602121246035
:104370002121246021212460212124602121246025
:104380002121246021212460212124602121246015
:104390002121246021212460212124602121246005
:1043A00021212460212124602121246021212460F5
:1043B00021212460212124602121246021212460E5
:1043C00021212460212124602121246021212460D5
:1043D00021212460212124602121246021212460C5
:1043E00021212460212124602121246021212460B5
:1043F00021212460212124602121246021212460A5
:104400002121246021212460212124602121246094
:104410002121246021212460212124602121246084
:104420002121246021212460212124602121246074
:104430002121246021212460212124602121246064
:104440002121246021212460212124602121246054
:104450002121246021212460212124602121246044
:104460002121246021212460212124602121246034
:104470002121246021212460212124602121246024
:104480002121246021212460212124602121246014
:104490002121246021212460212124602121246004
:1044A00021212460212124602121246021212460F4
:1044B00021212460212124602121246021212460E4
:1044C00021212460212124602121246021212460D4
:1044D00021212460212124602121246021212460C4
:1044E00021212460212124602121246021212460B4
:1044F00021212460212124602121246021212460A4
:104500002121246021212460212124602121246093
:104510002121246021212460212124602121246083
:104520002121246021212460212124602121246073
:104530002121246021212460212124602121246063
:104540002121246021212460212124602121246053
:104550002121246021212460212124602121246043
:10456000212124603656585C543E442F4D4C3B4C20
:104570004E5C3F4B4C2B433F464A272F3D47564C02
:104580003F2832543C273E4C3A57264C3926464B5E
:104590003936465431243A382F335E3430543E3F56
:1045A00030235E3A2E2336312F234A362F235638B6
:1045B0002E4356392D5342342D232E312E233E3394
:1045C0002A3246222C2322292B425A262C23262902
:1045D0002C432A2B2A524E242B425A272A524A2550
:1045E0002A524A272C33222D2B525A2B2A3242246C
:1045F0002A223E232B2252262B22522529523D606D
:104600002B2252252A2242212B3256262B2252259A
:104610002A524E242D33362D2C43262D2C532A2F4F
:104620002D4336342B424E252A32395E2932355DF0
:104630002B2252252A424A242F234E373034223C43
:104640002B42562A2D533A322C425E2A2E333E3AC2
:1046500034245E493354563E3334562B435942601A
:1046600033454C57212124602121246021212460DD
:104670002121246021212460212124602121246022
:104680002121246021212460212124602121246012
:104690002121246021212460212124602121246002
:1046A00021212460212124602121246021212460F2
:1046B00021212460212124602121246021212460E2
:1046C00021212460212124602121246021212460D2
:1046D00021212460212124602121246021212460C2
:1046E00021212460212124602121246021212460B2
:1046F00021212460212124602121246021212460A2
:104700002121246021212460212124602121246091
:104710002121246021212460212124602121246081
:104720002121246021212460212124602121246071
:104730002121246021212460212124602121246061
:104740002121246021212460212124602121246051
:104750002121246021212460212124602121246041
:104760002121246021212460212124602121246031
:104770002121246021212460212124602121246021
:104780002121246021212460212124602121246011
:104790002121246021212460212124602121246001
:1047A00021212460212124602121246021212460F1
:1047B00021212460212124602121246021212460E1
:1047C00021212460212124602121246021212460D1
:1047D00021212460212124602121246021212460C1
:1047E00021212460212124602121246021212460B1
:1047F00021212460212124602121246021212460A1
:104800002121246021212460212124602121246090
:104810002121246021212460212124602121246080
:104820002121246021212460212124602121246070
:104830002121246021212460212124602121246060
:104840002121246021212460212124602121246050
:104850002121246021212460212124602121246040
:104860002121246021212460212124602121246030
:104870002121246021212460212124602121246020
:104880002121246021212460212124602121246010
:104890002121246021212460212124602121246000
:1048A00021212460212124602121246021212460F0
:1048B00021212460212124602121246021212460E0
:1048C00021212460212124602121246021212460D0
:1048D00021212460212124602121246021212460C0
:1048E00021212460212124602121246021212460B0
:1048F00021212460212124602121246021212460A0
:10490000212124602121246021212460212124608F
:10491000212124602121246021212460212124607F
:1049200021212460523D60484E2C5353553E382B74
:10493000514D2F584C3B4B414A4A5F3F3D47464DF6
:104940003A57224637462E3C39564E4A3B37225775
:104950003846325232344E3F2F4422363034263CD1
:104960002F53523830234E3831442E3F2D533E338F
:104970002D2342322F235A382E434E362A324622D6
:104980002B425A252C2322292C33262B2C532E2C18
:104990002B525E282C2322292B525E282C33262AC8
:1049A0002B224E282A4246272B32522A2A524A26A6
:1049B0002A524A262B3256272A424A232B22522594
:1049C0002B3256262A2242212A3246222B425A27AD
:1049D0002A524E242A424A232B3256292C4326306F
:1049E0002F535A3C2B224A222952315B2A324560EE
:1049F0002A524E242A524E242C432A2C2E23423350
:104A00002D3332302E534E342D332E2A2E333E3A50
:104A10003154424231342E353535323341585A58AB
:104A20003445605821212460212124602121246003
:104A3000212124602121246021212460212124605E
:104A4000212124602121246021212460212124604E
:104A5000212124602121246021212460212124603E
:104A6000212124602121246021212460212124602E
:104A7000212124602121246021212460212124601E
:104A8000212124602121246021212460212124600E
:104A900021212460212124602121246021212460FE
:104AA00021212460212124602121246021212460EE
:104AB00021212460212124602121246021212460DE
:104AC00021212460212124602121246021212460CE
:104AD00021212460212124602121246021212460BE
:104AE00021212460212124602121246021212460AE
:104AF000212124602121246021212460212124609E
:104B0000212124602121246021212460212124608D
:104B1000212124602121246021212460212124607D
:104B2000212124602121246021212460212124606D
:104B3000212124602121246021212460212124605D
:104B4000212124602121246021212460212124604D
:104B5000212124602121246021212460212124603D
:104B6000212124602121246021212460212124602D
:104B7000212124602121246021212460212124601D
:104B8000212124602121246021212460212124600D
:104B900021212460212124602121246021212460FD
:104BA00021212460212124602121246021212460ED
:104BB00021212460212124602121246021212460DD
:104BC00021212460212124602121246021212460CD
:104BD00021212460212124602121246021212460BD
:104BE00021212460212124602121246021212460AD
:104BF000212124602121246021212460212124609D
:104C0000212124602121246021212460212124608C
:104C1000212124602121246021212460212124607C
:104C2000212124602121246021212460212124606C
:104C3000212124602121246021212460212124605C
:104C4000212124602121246021212460212124604C
:104C5000212124602121246021212460212124603C
:104C6000212124602121246021212460212124602C
:104C7000212124602121246021212460212124601C
:104C8000212124602121246021212460212124600C
:104C900021212460212124602121246021212460FC
:104CA00021212460212124602121246021212460EC
:104CB00021212460212124602121246021212460DC
:104CC00021212460212124602121246021212460CC
:104CD00021212460212124602121246021212460BC
:104CE00021212460564F243F505D3B5F502D2357B8
:104CF000534D50224B2B3B4042285A5D3F275E5577
:104D00003B27224E3836364C3335223E3144463A24
:104D100038262E5331343E3631443E3A2D5332310B
:104D20002F434A382D332A2E2E433E332D33323033
:104D30002D232E2F2C532A2F2E3342342C532A2E40
:104D40002C33222C2B53222B2B325A2A2A524E2719
:104D50002B525E2A2C43262D2B4252262B424E26C6
:104D60002B224A2B2B224A2C2B324E2C2A32422722
:104D700029523A232A524A2629523E212A424E24B7
:104D80002A524E242A3239602B2246232B225225C6
:104D90002A3246222C532A2E2C33222C2A524A27DE
:104DA0002D232E302A32415E285231572A524E216D
:104DB0002A2242212B3252272C432A2D2E534A37A6
:104DC0002C225E2C2D232E2D2D33362C2D333639CF
:104DD00030535E403234263138255E3440592A57EC
:104DE0003556445A21212460212124602121246048
:104DF000212124602121246021212460212124609B
:104E0000212124602121246021212460212124608A
:104E1000212124602121246021212460212124607A
:104E2000212124602121246021212460212124606A
:104E3000212124602121246021212460212124605A
:104E4000212124602121246021212460212124604A
:104E5000212124602121246021212460212124603A
:104E6000212124602121246021212460212124602A
:104E7000212124602121246021212460212124601A
:104E8000212124602121246021212460212124600A
:104E900021212460212124602121246021212460FA
:104EA00021212460212124602121246021212460EA
:104EB00021212460212124602121246021212460DA
:104EC00021212460212124602121246021212460CA
:104ED00021212460212124602121246021212460BA
:104EE00021212460212124602121246021212460AA
:104EF000212124602121246021212460212124609A
:104F00002121246021212460212124602121246089
:104F10002121246021212460212124602121246079
:104F20002121246021212460212124602121246069
:104F30002121246021212460212124602121246059
:104F40002121246021212460212124602121246049
:104F50002121246021212460212124602121246039
:104F60002121246021212460212124602121246029
:104F70002121246021212460212124602121246019
:104F80002121246021212460212124602121246009
:104F900021212460212124602121246021212460F9
:104FA00021212460212124602121246021212460E9
:104FB00021212460212124602121246021212460D9
:104FC00021212460212124602121246021212460C9
:104FD00021212460212124602121246021212460B9
:104FE00021212460212124602121246021212460A9
:104FF0002121246021212460212124602121246099
:105000002121246021212460212124602121246088
:105010002121246021212460212124602121246078
:105020002121246021212460212124602121246068
:105030002121246021212460212124602121246058
:105040002121246021212460212124602121246048
:105050002121246021212460212124602121246038
:105060002121246021212460212124602121246028
:105070002121246021212460212124602121246018
:105080002121246021212460212124602121246008
:1050900021212460212124602121246021212460F8
:1050A0003B38245B563F2439545E382C543D5C27F2
:1050B000562E382E4D2B5747472A2B303F382A582B
:1050C0003635523E36254E4838262A5833345E4708
:1050D0003545424C3254523E33345A4130235E3BC4
:1050E00032343E442E534A362E4346332C432A2B29
:1050F0002D232E2F2D4336312C23222C2E534A368E
:105100002B4256282C33262D2B325A292C332A2E6B
:105110002B425E2B2B224E272C2256292C425E2A14
:105120002B424A2A2B32462B2B324A2A2C425A2E09
:105130002B424E282B324E272A524E242A32462109
:105140002A524E222A22415F2A524E232A324622D6
:105150002A3246222B224E272A524A2629523A2206
:105160002B224E272932355A2942395B2932355CA8
:105170002B3256272C33222C2E4346362B525A2BB9
:105180002C43262E2E2342312B525E242D433639BA
:1051900030234A3E3454423736254629493B433F63
:1051A0003636505D21212460212124602121246094
:1051B00021212460212124602121246021212460D7
:1051C00021212460212124602121246021212460C7
:1051D00021212460212124602121246021212460B7
:1051E00021212460212124602121246021212460A7
:1051F0002121246021212460212124602121246097
:105200002121246021212460212124602121246086
:105210002121246021212460212124602121246076
:105220002121246021212460212124602121246066
:105230002121246021212460212124602121246056
:105240002121246021212460212124602121246046
:105250002121246021212460212124602121246036
:105260002121246021212460212124602121246026
:105270002121246021212460212124602121246016
:105280002121246021212460212124602121246006
:1052900021212460212124602121246021212460F6
:1052A00021212460212124602121246021212460E6
:1052B00021212460212124602121246021212460D6
:1052C00021212460212124602121246021212460C6
:1052D00021212460212124602121246021212460B6
:1052E00021212460212124602121246021212460A6
:1052F0002121246021212460212124602121246096
:105300002121246021212460212124602121246085
:105310002121246021212460212124602121246075
:105320002121246021212460212124602121246065
:105330002121246021212460212124602121246055
:105340002121246021212460212124602121246045
:105350002121246021212460212124602121246035
:105360002121246021212460212124602121246025
:105370002121246021212460212124602121246015
:105380002121246021212460212124602121246005
:1053900021212460212124602121246021212460F5
:1053A00021212460212124602121246021212460E5
:1053B00021212460212124602121246021212460D5
:1053C00021212460212124602121246021212460C5
:1053D00021212460212124602121246021212460B5
:1053E00021212460212124602121246021212460A5
:1053F0002121246021212460212124602121246095
:105400002121246021212460212124602121246084
:105410002121246021212460212124602121246074
:105420002121246021212460212124602121246064
:105430002121246021212460212124602121246054
:105440002121246021212460212124602121246044
:105450002121246021212460212124602131286020
:105460003D283C57535E3029504D23574D4C274A19
:105470004F5C435245495B2A404842563B57324BAA
:1054800034553E3932244E393345224633345A4955
:1054900036254652372556532F335A362E234E364D
:1054A0002D4346332E534E352B5322292E3346326D
:1054B0002D33362F2F234A362B2246252E434633B3
:1054C0002B525E262A524E252A5252262B425E2A03
:1054D0002C23222C2B224E272C2256292A524224BE
:1054E0002A523A232B223E252A4236242B524A287E
:1054F0002A5242242A323A212A5242222A22395F4F
:105500002A42456029523D5D2B2252232A324621F0
:105510002B2252252B4252262A223A2129322D5E55
:105520002A42422228522D5B2932355D29423A21F6
:105530002A4246252A4246262E233E342D43363221
:105540002B3252282D23322D2B525E252D533A39E2
:105550003033523B353452363A264639484B375071
:105560002121246021212460212124602121246023
:105570002121246021212460212124602121246013
:105580002121246021212460212124602121246003
:1055900021212460212124602121246021212460F3
:1055A00021212460212124602121246021212460E3
:1055B00021212460212124602121246021212460D3
:1055C00021212460212124602121246021212460C3
:1055D00021212460212124602121246021212460B3
:1055E00021212460212124602121246021212460A3
:1055F0002121246021212460212124602121246093
:105600002121246021212460212124602121246082
:105610002121246021212460212124602121246072
:105620002121246021212460212124602121246062
:105630002121246021212460212124602121246052
:105640002121246021212460212124602121246042
:105650002121246021212460212124602121246032
:105660002121246021212460212124602121246022
:105670002121246021212460212124602121246012
:105680002121246021212460212124602121246002
:1056900021212460212124602121246021212460F2
:1056A00021212460212124602121246021212460E2
:1056B00021212460212124602121246021212460D2
:1056C00021212460212124602121246021212460C2
:1056D00021212460212124602121246021212460B2
:1056E00021212460212124602121246021212460A2
:1056F0002121246021212460212124602121246092
:105700002121246021212460212124602121246081
:105710002121246021212460212124602121246071
:105720002121246021212460212124602121246061
:105730002121246021212460212124602121246051
:105740002121246021212460212124602121246041
:105750002121246021212460212124602121246031
:105760002121246021212460212124602121246021
:105770002121246021212460212124602121246011
:105780002121246021212460212124602121246001
:1057900021212460212124602121246021212460F1
:1057A00021212460212124602121246021212460E1
:1057B00021212460212124602121246021212460D1
:1057C00021212460212124602121246021212460C1
:1057D00021212460212124602121246021212460B1
:1057E00021212460212124602121246021212460A1
:1057F0002121246021212460212124602121246091
:105800002121246021212460212124602121246080
:105810002121246021212460213128603A57585BDE
:10582000564F24364F3C5753514D2759505C4B55DA
:105830004D2B434644593F26404846593D274A513F
:1058400036455E41303432343254524531343A4375
:105850002F335239324442452F435A3A2F44323C77
:105860002D434E332F342A3A2D233E2F2C332A2B0F
:105870002C2322292D432E2E2B424E262B425625F9
:105880002D433A2C2C2326282B2256262B325A27FE
:105890002A324A242A223E232B324A262C32562AE6
:1058A0002B424A262B3246252A523E232A423A22AE
:1058B0002A5242242A4242242A223A2229523621BA
:1058C00029523D6029423D5C2B2256222A524E220B
:1058D0002B2252252C325A282A3239602A4239602A
:1058E0002B3246232932355F294236212B224E287E
:1058F0002A4246262A3242262E233E332C33222D9C
:105900002D3332302F3356362C3322282C33263188
:105910003134263C3835564140283653505D402EB0
:10592000212124602121246021212460212124605F
:10593000212124602121246021212460212124604F
:10594000212124602121246021212460212124603F
:10595000212124602121246021212460212124602F
:10596000212124602121246021212460212124601F
:10597000212124602121246021212460212124600F
:1059800021212460212124602121246021212460FF
:1059900021212460212124602121246021212460EF
:1059A00021212460212124602121246021212460DF
:1059B00021212460212124602121246021212460CF
:1059C00021212460212124602121246021212460BF
:1059D00021212460212124602121246021212460AF
:1059E000212124602121246021212460212124609F
:1059F000212124602121246021212460212124608F
:105A0000212124602121246021212460212124607E
:105A1000212124602121246021212460212124606E
:105A2000212124602121246021212460212124605E
:105A3000212124602121246021212460212124604E
:105A4000212124602121246021212460212124603E
:105A5000212124602121246021212460212124602E
:105A6000212124602121246021212460212124601E
:105A7000212124602121246021212460212124600E
:105A800021212460212124602121246021212460FE
:105A900021212460212124602121246021212460EE
:105AA00021212460212124602121246021212460DE
:105AB00021212460212124602121246021212460CE
:105AC00021212460212124602121246021212460BE
:105AD00021212460212124602121246021212460AE
:105AE000212124602121246021212460212124609E
:105AF000212124602121246021212460212124608E
:105B0000212124602121246021212460212124607D
:105B1000212124602121246021212460212124606D
:105B2000212124602121246021212460212124605D
:105B3000212124602121246021212460212124604D
:105B4000212124602121246021212460212124603D
:105B5000212124602121246021212460212124602D
:105B6000212124602121246021212460212124601D
:105B7000212124602121246021212460212124600D
:105B800021212460212124602121246021212460FD
:105B900021212460212124602121246021212460ED
:105BA00021212460212124602121246021212460DD
:105BB00021212460212124602121246021212460CD
:105BC00021212460212124602121246021212460BD
:105BD000212124602121246021212460552E544359
:105BE000522D4B5F4D3C2B484F4C374D4B5B273F65
:105BF000452937283D27364A3D57565139565A4888
:105C00003A5726553244563D3054363E30235E3F97
:105C10002F23463B30234E3E3324524A30344A40F1
:105C20002E442A3830343E3E2F2422382B425E2820
:105C30002D23322D2C43222A2D23262B2C225E2687
:105C40002C3326262A5252222A424E222B22562515
:105C5000294239602A524A262A5242252B424A2892
:105C60002B224A262A323E232A2236222952362144
:105C70002A223A232A4246272A223E252A524A2904
:105C80002A2246232952455D2B325A232A524E227C
:105C90002A524A232B324A2429422D5E2A222D5E83
:105CA0002A22315E2852215D2842295E29523A2358
:105CB0002A3242272B224E292B3252292E233E33C1
:105CC0002D533A312B525E282C53222A2C33262E68
:105CD0002F535A3335453A33412852584A4B605076
:105CE000212124602121246021212460212124609C
:105CF000212124602121246021212460212124608C
:105D0000212124602121246021212460212124607B
:105D1000212124602121246021212460212124606B
:105D2000212124602121246021212460212124605B
:105D3000212124602121246021212460212124604B
:105D4000212124602121246021212460212124603B
:105D5000212124602121246021212460212124602B
:105D6000212124602121246021212460212124601B
:105D7000212124602121246021212460212124600B
:105D800021212460212124602121246021212460FB
:105D900021212460212124602121246021212460EB
:105DA00021212460212124602121246021212460DB
:105DB00021212460212124602121246021212460CB
:105DC00021212460212124602121246021212460BB
:105DD00021212460212124602121246021212460AB
:105DE000212124602121246021212460212124609B
:105DF000212124602121246021212460212124608B
:105E0000212124602121246021212460212124607A
:105E1000212124602121246021212460212124606A
:105E2000212124602121246021212460212124605A
:105E3000212124602121246021212460212124604A
:105E4000212124602121246021212460212124603A
:105E5000212124602121246021212460212124602A
:105E6000212124602121246021212460212124601A
:105E7000212124602121246021212460212124600A
:105E800021212460212124602121246021212460FA
:105E900021212460212124602121246021212460EA
:105EA00021212460212124602121246021212460DA
:105EB00021212460212124602121246021212460CA
:105EC00021212460212124602121246021212460BA
:105ED00021212460212124602121246021212460AA
:105EE000212124602121246021212460212124609A
:105EF000212124602121246021212460212124608A
:105F00002121246021212460212124602121246079
:105F10002121246021212460212124602121246069
:105F20002121246021212460212124602121246059
:105F30002121246021212460212124602121246049
:105F40002121246021212460212124602121246039
:105F50002121246021212460212124602121246029
:105F60002121246021212460212124602121246019
:105F70002121246021212460212124602121246009
:105F800021212460212124602121246021212460F9
:105F900021212460212124603C58405C573F303748
:105FA0004F2C5752492A57334B4B273D493A3736E6
:105FB0004B5A5F47433857283D4752563A57265267
:105FC000394656543234523E2F54223A2F33563BE0
:105FD0002E333A392D532A362F234E39324526484F
:105FE0002D234E322C5342302E3356352D333A303A
:105FF0002D33362F2D232A2C2C425E292C33222898
:106000002B425A242B325A242C332E292922395D33
:106010002B2252262A524A262B524E292A32362326
:106020002B525A2A2A524A262A42462629323A22F4
:1060300028522E222B22522B292232242A22422974
:1060400029323A212952415C2A524E212B325224C4
:106050002B424E262B324A262A222D602A32315FCD
:106060002A22315F2922255C2932322129523A2302
:106070002B32522A2D3332312B3252282D333230EB
:106080002C33222C2D332A2D2C525E2C2D433A30CA
:1060900031343E343A565645482A53352E34405D05
:1060A00021212460212124602121246021212460D8
:1060B00021212460212124602121246021212460C8
:1060C00021212460212124602121246021212460B8
:1060D00021212460212124602121246021212460A8
:1060E0002121246021212460212124602121246098
:1060F0002121246021212460212124602121246088
:106100002121246021212460212124602121246077
:106110002121246021212460212124602121246067
:106120002121246021212460212124602121246057
:106130002121246021212460212124602121246047
:106140002121246021212460212124602121246037
:106150002121246021212460212124602121246027
:106160002121246021212460212124602121246017
:106170002121246021212460212124602121246007
:1061800021212460212124602121246021212460F7
:1061900021212460212124602121246021212460E7
:1061A00021212460212124602121246021212460D7
:1061B00021212460212124602121246021212460C7
:1061C00021212460212124602121246021212460B7
:1061D00021212460212124602121246021212460A7
:1061E0002121246021212460212124602121246097
:1061F0002121246021212460212124602121246087
:106200002121246021212460212124602121246076
:106210002121246021212460212124602121246066
:106220002121246021212460212124602121246056
:106230002121246021212460212124602121246046
:106240002121246021212460212124602121246036
:106250002121246021212460212124602121246026
:106260002121246021212460212124602121246016
:106270002121246021212460212124602121246006
:1062800021212460212124602121246021212460F6
:1062900021212460212124602121246021212460E6
:1062A00021212460212124602121246021212460D6
:1062B00021212460212124602121246021212460C6
:1062C00021212460212124602121246021212460B6
:1062D00021212460212124602121246021212460A6
:1062E0002121246021212460212124602121246096
:1062F0002121246021212460212124602121246086
:106300002121246021212460212124602121246075
:106310002121246021212460212124602121246065
:106320002121246021212460212124602121246055
:106330002121246021212460212124602121246045
:106340002121246021212460212124602121246035
:106350002121246021212460472B2C53532E2826F1
:106360004B4B4F414C5B4742485A37344A4A4B41AA
:106370004028225C3F575F213B372E543445463E30
:1063800036255E4A3154523E32244A422E534E370D
:106390002F534A3A2E4332352F434A393054424024
:1063A0002E3352352D534E352E535E382D534233F6
:1063B0002C225E2B2B525E292B3256262B425A253D
:1063C0002C432A292A4252222A224A212952422196
:1063D0002B3256272A4246252B524E292B524E2A23
:1063E0002D232E2D2B324E262B2246252A424624A3
:1063F0002B525A2A2D3332312A4246282B224E2A3A
:106400002B224E262A524D602B3252242B525227D9
:106410002B424A282B2242262A523A232A523A2336
:1064200029522D5E2942395F2832255A2A223E22DE
:106430002B3256292A4246262E3342352F234E38F8
:106440002E3342342D5332302C224A282D534230E1
:1064500031444A303A265A41452A2756225144604F
:106460002121246021212460212124602121246014
:106470002121246021212460212124602121246004
:1064800021212460212124602121246021212460F4
:1064900021212460212124602121246021212460E4
:1064A00021212460212124602121246021212460D4
:1064B00021212460212124602121246021212460C4
:1064C00021212460212124602121246021212460B4
:1064D00021212460212124602121246021212460A4
:1064E0002121246021212460212124602121246094
:1064F0002121246021212460212124602121246084
:106500002121246021212460212124602121246073
:106510002121246021212460212124602121246063
:106520002121246021212460212124602121246053
:106530002121246021212460212124602121246043
:106540002121246021212460212124602121246033
:106550002121246021212460212124602121246023
:106560002121246021212460212124602121246013
:106570002121246021212460212124602121246003
:1065800021212460212124602121246021212460F3
:1065900021212460212124602121246021212460E3
:1065A00021212460212124602121246021212460D3
:1065B00021212460212124602121246021212460C3
:1065C00021212460212124602121246021212460B3
:1065D00021212460212124602121246021212460A3
:1065E0002121246021212460212124602121246093
:1065F0002121246021212460212124602121246083
:106600002121246021212460212124602121246072
:106610002121246021212460212124602121246062
:106620002121246021212460212124602121246052
:106630002121246021212460212124602121246042
:106640002121246021212460212124602121246032
:106650002121246021212460212124602121246022
:106660002121246021212460212124602121246012
:106670002121246021212460212124602121246002
:1066800021212460212124602121246021212460F2
:1066900021212460212124602121246021212460E2
:1066A00021212460212124602121246021212460D2
:1066B00021212460212124602121246021212460C2
:1066C00021212460212124602121246021212460B2
:1066D00021212460212124602121246021212460A2
:1066E0002121246021212460212124602121246092
:1066F0002121246021212460212124602121246082
:106700002121246021212460212124602121246071
:10671000212124602121246021212460525E242132
:10672000463A3329484A3F303E2746494138325E8F
:106730003B46564F3C472E5B35254A413034423369
:1067400034353A463154523E335526473134323E81
:106750002F2342352D225A2D2F534E382D23362EDE
:106760002F435E3A2C432E2E325452472F435E3B2A
:106770002D333A312C53322F2B425E282D433A2FA2
:106780002D533E302B5322292B325A272A324A24AA
:106790002B53222B2C33222D2D432A322C525E2EAA
:1067A0002D2322282C5256262D225A272D53322CA7
:1067B0002F3342332C2252272B524E272C22522881
:1067C0002B5252252B3246222C325A282B2242267B
:1067D0002B3246292A423A262A423A252A323A239D
:1067E00029422D5F284229572932355A2B2252231C
:1067F0002A524E252A3242252D533A333034223D37
:106800002C225E2C2D432E302E3326312E434E313A
:1068100031445A2F39565E3F4E3C44352121246085
:106820002121246021212460212124602121246050
:106830002121246021212460212124602121246040
:106840002121246021212460212124602121246030
:106850002121246021212460212124602121246020
:106860002121246021212460212124602121246010
:106870002121246021212460212124602121246000
:1068800021212460212124602121246021212460F0
:1068900021212460212124602121246021212460E0
:1068A00021212460212124602121246021212460D0
:1068B00021212460212124602121246021212460C0
:1068C00021212460212124602121246021212460B0
:1068D00021212460212124602121246021212460A0
:1068E0002121246021212460212124602121246090
:1068F0002121246021212460212124602121246080
:10690000212124602121246021212460212124606F
:10691000212124602121246021212460212124605F
:10692000212124602121246021212460212124604F
:10693000212124602121246021212460212124603F
:10694000212124602121246021212460212124602F
:10695000212124602121246021212460212124601F
:10696000212124602121246021212460212124600F
:1069700021212460212124602121246021212460FF
:1069800021212460212124602121246021212460EF
:1069900021212460212124602121246021212460DF
:1069A00021212460212124602121246021212460CF
:1069B00021212460212124602121246021212460BF
:1069C00021212460212124602121246021212460AF
:1069D000212124602121246021212460212124609F
:1069E000212124602121246021212460212124608F
:1069F000212124602121246021212460212124607F
:106A0000212124602121246021212460212124606E
:106A1000212124602121246021212460212124605E
:106A2000212124602121246021212460212124604E
:106A3000212124602121246021212460212124603E
:106A4000212124602121246021212460212124602E
:106A5000212124602121246021212460212124601E
:106A6000212124602121246021212460212124600E
:106A700021212460212124602121246021212460FE
:106A800021212460212124602121246021212460EE
:106A900021212460212124602121246021212460DE
:106AA00021212460212124602121246021212460CE
:106AB00021212460212124602121246021212460BE
:106AC00021212460212124602121246021212460AE
:106AD0002121246021212460532E3049503D335719
:106AE000473A432D40383A4F4228465B3E3742549E
:106AF0003A46464F3555464336562A4C3235263DA2
:106B000030544239332526443134423D31543E40DD
:106B100031342A3D2E3332312E4336322B224E2849
:106B20002E4346352E3342342F234E382F235639E9
:106B30002D5342342F2356392B53222C2C23222A17
:106B40002B425E282B2256272A5252252A224221E6
:106B50002A424A242F434E362D43262E2F534A35A0
:106B60003244263233342E33363456403524463DB3
:106B700032335E332F53322A2F23262732235633C4
:106B8000305352312D3326272D2322282C425E2BC1
:106B90002C32562B2B3246292B3246282A5242259C
:106BA0002A323E2229523D5C2942395A2B32562440
:106BB0002A3246212C33262B2E534A362D43363289
:106BC0002D4336312D3326312C324A2C2F435E355E
:106BD00037262E423E38324F495B405421212460F3
:106BE000212124602121246021212460212124608D
:106BF000212124602121246021212460212124607D
:106C0000212124602121246021212460212124606C
:106C1000212124602121246021212460212124605C
:106C2000212124602121246021212460212124604C
:106C3000212124602121246021212460212124603C
:106C4000212124602121246021212460212124602C
:106C5000212124602121246021212460212124601C
:106C6000212124602121246021212460212124600C
:106C700021212460212124602121246021212460FC
:106C800021212460212124602121246021212460EC
:106C900021212460212124602121246021212460DC
:106CA00021212460212124602121246021212460CC
:106CB00021212460212124602121246021212460BC
:106CC00021212460212124602121246021212460AC
:106CD000212124602121246021212460212124609C
:106CE000212124602121246021212460212124608C
:106CF000212124602121246021212460212124607C
:106D0000212124602121246021212460212124606B
:106D1000212124602121246021212460212124605B
:106D2000212124602121246021212460212124604B
:106D3000212124602121246021212460212124603B
:106D4000212124602121246021212460212124602B
:106D5000212124602121246021212460212124601B
:106D6000212124602121246021212460212124600B
:106D700021212460212124602121246021212460FB
:106D800021212460212124602121246021212460EB
:106D900021212460212124602121246021212460DB
:106DA00021212460212124602121246021212460CB
:106DB00021212460212124602121246021212460BB
:106DC00021212460212124602121246021212460AB
:106DD000212124602121246021212460212124609B
:106DE000212124602121246021212460212124608B
:106DF000212124602121246021212460212124607B
:106E0000212124602121246021212460212124606A
:106E1000212124602121246021212460212124605A
:106E2000212124602121246021212460212124604A
:106E3000212124602121246021212460212124603A
:106E4000212124602121246021212460212124602A
:106E5000212124602121246021212460212124601A
:106E6000212124602121246021212460212124600A
:106E700021212460212124602121246021212460FA
:106E800021212460212124602121246021212460EA
:106E900028326060563F343D4D3C444E544E2C25C4
:106EA00044494E5F415852553E3752503F582A5F31
:106EB0003C27225536454A443245263E35454E4DFF
:106EC000303432372F5422373134323F3034223C81
:106ED0002F234E372E333E332C33222D2A424A297C
:106EE0002C23262C2B5322292E3346332E233E349B
:106EF0002F43563C2E534A392D433A342A432222FB
:106F00002B232A222B225E222C532A282D4326278C
:106F10002F53422D30333E273234222B372526364D
:106F20003C26263B3B555A393D462E433C254E3E9A
:106F300039545E373934523639344E3639344E335B
:106F400036244A2F3154422A3054262B30234E2DDA
:106F50002F23322C2E5336302C4256292C225A28DD
:106F60002B525E282B2252242A2241602B32562695
:106F70002B525A292B3252282B4256292E43463562
:106F80002D3332312D3332352C225E3032544E3E89
:106F9000395652494129365F21312C5F2121246025
:106FA00021212460212124602121246021212460C9
:106FB00021212460212124602121246021212460B9
:106FC00021212460212124602121246021212460A9
:106FD0002121246021212460212124602121246099
:106FE0002121246021212460212124602121246089
:106FF0002121246021212460212124602121246079
:107000002121246021212460212124602121246068
:107010002121246021212460212124602121246058
:107020002121246021212460212124602121246048
:107030002121246021212460212124602121246038
:107040002121246021212460212124602121246028
:107050002121246021212460212124602121246018
:107060002121246021212460212124602121246008
:1070700021212460212124602121246021212460F8
:1070800021212460212124602121246021212460E8
:1070900021212460212124602121246021212460D8
:1070A00021212460212124602121246021212460C8
:1070B00021212460212124602121246021212460B8
:1070C00021212460212124602121246021212460A8
:1070D0002121246021212460212124602121246098
:1070E0002121246021212460212124602121246088
:1070F0002121246021212460212124602121246078
:107100002121246021212460212124602121246067
:107110002121246021212460212124602121246057
:107120002121246021212460212124602121246047
:107130002121246021212460212124602121246037
:107140002121246021212460212124602121246027
:107150002121246021212460212124602121246017
:107160002121246021212460212124602121246007
:1071700021212460212124602121246021212460F7
:1071800021212460212124602121246021212460E7
:1071900021212460212124602121246021212460D7
:1071A00021212460212124602121246021212460C7
:1071B00021212460212124602121246021212460B7
:1071C00021212460212124602121246021212460A7
:1071D0002121246021212460212124602121246097
:1071E0002121246021212460212124602121246087
:1071F0002121246021212460212124602121246077
:107200002121246021212460212124602121246066
:107210002121246021212460212124602121246056
:107220002121246021212460212124602121246046
:107230002121246021212460212124602121246036
:107240002121246021212460212124602121246026
:10725000212124604E4D284A562E542E513D2B5547
:10726000464A23243C37323F3856363A4058332476
:107270003D27325B362546443134523930443E385E
:10728000303432382E53523430542A3D30235E3B52
:107290002F4356392E534A362D2332302B325A2B58
:1072A0002C23262C2B325A263054363E2F435E3B5D
:1072B0002E233E363034223F2C532E302C43322D99
:1072C0002C2332292B3255602E433E26342446325D
:1072D0003C263A4A3C5642463C463E40424756517E
:1072E000434752483F56563A4327424B422722498A
:1072F000413652484226564B40563E453F36223E86
:107300003D56363F3956223B36552E3535244A33C5
:1073100033543235324422362E53362D2D43322A01
:107320002B325E252A2246212A424A232A524E2403
:1073300029523A212B425A2A2C33222D2E334236FF
:107340002C4326302E534A392C432A2F30543633BF
:10735000353556384A2B4B43263240602121246074
:107360002121246021212460212124602121246005
:1073700021212460212124602121246021212460F5
:1073800021212460212124602121246021212460E5
:1073900021212460212124602121246021212460D5
:1073A00021212460212124602121246021212460C5
:1073B00021212460212124602121246021212460B5
:1073C00021212460212124602121246021212460A5
:1073D0002121246021212460212124602121246095
:1073E0002121246021212460212124602121246085
:1073F0002121246021212460212124602121246075
:107400002121246021212460212124602121246064
:107410002121246021212460212124602121246054
:107420002121246021212460212124602121246044
:107430002121246021212460212124602121246034
:107440002121246021212460212124602121246024
:107450002121246021212460212124602121246014
:107460002121246021212460212124602121246004
:1074700021212460212124602121246021212460F4
:1074800021212460212124602121246021212460E4
:1074900021212460212124602121246021212460D4
:1074A00021212460212124602121246021212460C4
:1074B00021212460212124602121246021212460B4
:1074C00021212460212124602121246021212460A4
:1074D0002121246021212460212124602121246094
:1074E0002121246021212460212124602121246084
:1074F0002121246021212460212124602121246074
:107500002121246021212460212124602121246063
:107510002121246021212460212124602121246053
:107520002121246021212460212124602121246043
:107530002121246021212460212124602121246033
:107540002121246021212460212124602121246023
:107550002121246021212460212124602121246013
:107560002121246021212460212124602121246003
:1075700021212460212124602121246021212460F3
:1075800021212460212124602121246021212460E3
:1075900021212460212124602121246021212460D3
:1075A00021212460212124602121246021212460C3
:1075B00021212460212124602121246021212460B3
:1075C00021212460212124602121246021212460A3
:1075D0002121246021212460212124602121246093
:1075E0002121246021212460212124602121246083
:1075F0002121246021212460212124602121246073
:107600002121246021212460212124602121246062
:10761000212124604D3C5047512D3758533D3F5A4E
:10762000485A3B2B43485A5A3A464A42394636470B
:107630003E273B213424563C35254A4932445E409E
:107640003144423C31343A3E2E534E362F234E378E
:107650002F535A3A2F234E372D533E332D53423357
:107660002C53322F2C332A2B2D23363030342A3E04
:107670002E534A382F2342353054223930435E3A54
:1076800030435A363134222E37553E383F3726495B
:107690004438325147385A584859325B4A49425E59
:1076A0004B29465A4538224249285A5343473A41C2
:1076B00045274648434726434146423B41363E3AEA
:1076C00040263A393D362E353C3622393B25523C50
:1076D00039453E3F3634563B32242A332E53462C0E
:1076E0002D3336292B525E262932355E2C23222B50
:1076F0002A4246252B42562A2D4336322C33222F3E
:107700002D3332332C532A302D33322C2E5356281E
:1077100035355639484B283B2121246021212460EE
:107720002121246021212460212124602121246041
:107730002121246021212460212124602121246031
:107740002121246021212460212124602121246021
:107750002121246021212460212124602121246011
:107760002121246021212460212124602121246001
:1077700021212460212124602121246021212460F1
:1077800021212460212124602121246021212460E1
:1077900021212460212124602121246021212460D1
:1077A00021212460212124602121246021212460C1
:1077B00021212460212124602121246021212460B1
:1077C00021212460212124602121246021212460A1
:1077D0002121246021212460212124602121246091
:1077E0002121246021212460212124602121246081
:1077F0002121246021212460212124602121246071
:107800002121246021212460212124602121246060
:107810002121246021212460212124602121246050
:107820002121246021212460212124602121246040
:107830002121246021212460212124602121246030
:107840002121246021212460212124602121246020
:107850002121246021212460212124602121246010
:107860002121246021212460212124602121246000
:1078700021212460212124602121246021212460F0
:1078800021212460212124602121246021212460E0
:1078900021212460212124602121246021212460D0
:1078A00021212460212124602121246021212460C0
:1078B00021212460212124602121246021212460B0
:1078C00021212460212124602121246021212460A0
:1078D0002121246021212460212124602121246090
:1078E0002121246021212460212124602121246080
:1078F0002121246021212460212124602121246070
:10790000212124602121246021212460212124605F
:10791000212124602121246021212460212124604F
:10792000212124602121246021212460212124603F
:10793000212124602121246021212460212124602F
:10794000212124602121246021212460212124601F
:10795000212124602121246021212460212124600F
:1079600021212460212124602121246021212460FF
:1079700021212460212124602121246021212460EF
:1079800021212460212124602121246021212460DF
:1079900021212460212124602121246021212460CF
:1079A00021212460212124602121246021212460BF
:1079B00021212460212124602121246021212460AF
:1079C000212124602121246021212460212124609F
:1079D00021413060514D4C4D522D3B5A4F2C2B477D
:1079E000475A232642383E533F37525537454E407B
:1079F0003A463E543825564E2E54263030243637DB
:107A00002F4422342E534E3430542E3E2E334234E3
:107A10002E534A362F234E372C532A2E2C43262DF5
:107A20002C23262A2C23262A2B53222B2E534A374B
:107A30002D532E302D3322272E5332283324263631
:107A400037552E403D564A4A43375A5049292A58FD
:107A50004B2942564B293A544A592A534C59465CB1
:107A60004959224E472832424858464946582245ED
:107A70004447363E44472A3D4447223E43565A3CFB
:107A8000422642344026322E3F362A333D455A366E
:107A90003B454A3A38452E3B34344235322436335E
:107AA000303422302D533E2E2A424A232A524A266F
:107AB0002B3252292C43262F2B42562C2E4346384C
:107AC0002E3342372C43262E2E233A2A31544E3160
:107AD0003B474A50502D2C50212124602121246005
:107AE000212124602121246021212460212124607E
:107AF000212124602121246021212460212124606E
:107B0000212124602121246021212460212124605D
:107B1000212124602121246021212460212124604D
:107B2000212124602121246021212460212124603D
:107B3000212124602121246021212460212124602D
:107B4000212124602121246021212460212124601D
:107B5000212124602121246021212460212124600D
:107B600021212460212124602121246021212460FD
:107B700021212460212124602121246021212460ED
:107B800021212460212124602121246021212460DD
:107B900021212460212124602121246021212460CD
:107BA00021212460212124602121246021212460BD
:107BB00021212460212124602121246021212460AD
:107BC000212124602121246021212460212124609D
:107BD000212124602121246021212460212124608D
:107BE000212124602121246021212460212124607D
:107BF000212124602121246021212460212124606D
:107C0000212124602121246021212460212124605C
:107C1000212124602121246021212460212124604C
:107C2000212124602121246021212460212124603C
:107C3000212124602121246021212460212124602C
:107C4000212124602121246021212460212124601C
:107C5000212124602121246021212460212124600C
:107C600021212460212124602121246021212460FC
:107C700021212460212124602121246021212460EC
:107C800021212460212124602121246021212460DC
:107C900021212460212124602121246021212460CC
:107CA00021212460212124602121246021212460BC
:107CB00021212460212124602121246021212460AC
:107CC000212124602121246021212460212124609C
:107CD000212124602121246021212460212124608C
:107CE000212124602121246021212460212124607C
:107CF000212124602121246021212460212124606C
:107D0000212124602121246021212460212124605B
:107D1000212124602121246021212460212124604B
:107D2000212124602121246021212460212124603B
:107D3000212124602121246021212460212124602B
:107D4000212124602121246021212460212124601B
:107D5000212124602121246021212460212124600B
:107D600021212460212124602121246021212460FB
:107D700021212460212124602121246021212460EB
:107D800021212460212124602121246021212460DB
:107D9000213128604F5D284B504C5F554D3B4F4083
:107DA000484A2F29435852583F474E533A2636499E
:107DB000332446363B26465B3956565C32345A40AD
:107DC00031343E3B303426393034223B2F234E377A
:107DD0002F535A3A3044263D2D232E2F2E23423145
:107DE0002C23262A2B2256262B425E2A31342E3E65
:107DF0002F53423034243A373A555E493D363645A2
:107E00004227324C4628325149285A4F4B29364F87
:107E10004C3946524B292A504A3852514A38525509
:107E20004B4936554A385E504858464B4938424DC2
:107E30004236463144365E3A46373A444436563D39
:107E400044465A3A44472237432656383F5632363C
:107E50003C254A34393536383725263A3534563AB2
:107E600032242A3430235A332C532E2C2C225E2ACF
:107E70002B42562A2C225E2D2E534A392C43263073
:107E80002C532A2F2C33222A2F3352283A37264FAD
:107E9000464A4B362B335060212124602121246037
:107EA00021212460212124602121246021212460BA
:107EB00021212460212124602121246021212460AA
:107EC000212124602121246021212460212124609A
:107ED000212124602121246021212460212124608A
:107EE000212124602121246021212460212124607A
:107EF000212124602121246021212460212124606A
:107F00002121246021212460212124602121246059
:107F10002121246021212460212124602121246049
:107F20002121246021212460212124602121246039
:107F30002121246021212460212124602121246029
:107F40002121246021212460212124602121246019
:107F50002121246021212460212124602121246009
:107F600021212460212124602121246021212460F9
:107F700021212460212124602121246021212460E9
:107F800021212460212124602121246021212460D9
:107F900021212460212124602121246021212460C9
:107FA00021212460212124602121246021212460B9
:107FB00021212460212124602121246021212460A9
:107FC0002121246021212460212124602121246099
:107FD0002121246021212460212124602121246089
:107FE0002121246021212460212124602121246079
:107FF0002121246021212460212124602121246069
:108000002121246021212460212124602121246058
:108010002121246021212460212124602121246048
:108020002121246021212460212124602121246038
:108030002121246021212460212124602121246028
:108040002121246021212460212124602121246018
:108050002121246021212460212124602121246008
:1080600021212460212124602121246021212460F8
:1080700021212460212124602121246021212460E8
:1080800021212460212124602121246021212460D8
:1080900021212460212124602121246021212460C8
:1080A00021212460212124602121246021212460B8
:1080B00021212460212124602121246021212460A8
:1080C0002121246021212460212124602121246098
:1080D0002121246021212460212124602121246088
:1080E0002121246021212460212124602121246078
:1080F0002121246021212460212124602121246068
:108100002121246021212460212124602121246057
:108110002121246021212460212124602121246047
:108120002121246021212460212124602121246037
:108130002121246021212460212124602121246027
:108140002121246021212460212124602121246017
:10815000212124604D4C4C52523D4B5F4C5B533FB0
:1081600046595322434852573E373A4C39363245E6
:108170003545363F34452A413245223F2F442E357E
:108180002E43523030442E3B2E434A3530235E3B43
:1081900030235E3B2E4346352E3342342C225E2A5A
:1081A0002C23262A2A5252272D533E322E232A2CA4
:1081B0003254263238552E3A405722503F564638D0
:1081C00043272E3847583A4649284E464748363FB7
:1081D00048383E434948564E4858425148383E5325
:1081E00047383A4C48384E504B2932594B292A5877
:1081F0004838364D4657564847475E4E4828225124
:1082000046273E444457263943365E3A40463E3878
:108210003F464240394536353654523536344E3A6B
:1082200033442A352F5352312E534E322B525E286F
:108230002B525A2A2E534A3730235E3C2D232E30A0
:108240002C532A2F2B425A2530542E293C57525555
:108250004F5D335F2121246021212460212124608E
:1082600021212460212124602121246021212460F6
:1082700021212460212124602121246021212460E6
:1082800021212460212124602121246021212460D6
:1082900021212460212124602121246021212460C6
:1082A00021212460212124602121246021212460B6
:1082B00021212460212124602121246021212460A6
:1082C0002121246021212460212124602121246096
:1082D0002121246021212460212124602121246086
:1082E0002121246021212460212124602121246076
:1082F0002121246021212460212124602121246066
:108300002121246021212460212124602121246055
:108310002121246021212460212124602121246045
:108320002121246021212460212124602121246035
:108330002121246021212460212124602121246025
:108340002121246021212460212124602121246015
:108350002121246021212460212124602121246005
:1083600021212460212124602121246021212460F5
:1083700021212460212124602121246021212460E5
:1083800021212460212124602121246021212460D5
:1083900021212460212124602121246021212460C5
:1083A00021212460212124602121246021212460B5
:1083B00021212460212124602121246021212460A5
:1083C0002121246021212460212124602121246095
:1083D0002121246021212460212124602121246085
:1083E0002121246021212460212124602121246075
:1083F0002121246021212460212124602121246065
:108400002121246021212460212124602121246054
:108410002121246021212460212124602121246044
:108420002121246021212460212124602121246034
:108430002121246021212460212124602121246024
:108440002121246021212460212124602121246014
:108450002121246021212460212124602121246004
:1084600021212460212124602121246021212460F4
:1084700021212460212124602121246021212460E4
:1084800021212460212124602121246021212460D4
:1084900021212460212124602121246021212460C4
:1084A00021212460212124602121246021212460B4
:1084B00021212460212124602121246021212460A4
:1084C0002121246021212460212124602121246094
:1084D0002121246021212460212124602121246084
:1084E0002121246021212460212124602121246074
:1084F0002121246021212460212124602121246064
:108500002121246021212460212124602121246053
:10851000212124602B435460555E502F4C2B534037
:1085200046395B224659532443585F213C37264F36
:10853000375626463254523733252E4134453E496C
:1085400031343E3B30342A3A2E3346342E534A36A9
:108550002F4356392E233E332E233E332C33222CE9
:108560002A524A262B325A292C43222A2D425A2596
:10857000394542443E463A4544374A4E45274E3EE9
:1085800047382E404858464648584A4748584E4A69
:1085900049285A4E49492A5549392E584A29466090
:1085A0004949465E48593A5B4D3A432B505B333656
:1085B0004E2A3B2A48385A554728425149285E5B83
:1085C00047282A4F44473A4244474A4940565A406E
:1085D0003D362E3D39352E353744563736243A361A
:1085E0003544323A30535E322F435A332E434A31A8
:1085F0002C225E2A2B4256292D3332302C225E2B20
:108600002C23222A2D433E2B31443E273B574E4EEE
:10861000435A3043212124602121246021212460F8
:108620002121246021212460212124602121246032
:108630002121246021212460212124602121246022
:108640002121246021212460212124602121246012
:108650002121246021212460212124602121246002
:1086600021212460212124602121246021212460F2
:1086700021212460212124602121246021212460E2
:1086800021212460212124602121246021212460D2
:1086900021212460212124602121246021212460C2
:1086A00021212460212124602121246021212460B2
:1086B00021212460212124602121246021212460A2
:1086C0002121246021212460212124602121246092
:1086D0002121246021212460212124602121246082
:1086E0002121246021212460212124602121246072
:1086F0002121246021212460212124602121246062
:108700002121246021212460212124602121246051
:108710002121246021212460212124602121246041
:108720002121246021212460212124602121246031
:108730002121246021212460212124602121246021
:108740002121246021212460212124602121246011
:108750002121246021212460212124602121246001
:1087600021212460212124602121246021212460F1
:1087700021212460212124602121246021212460E1
:1087800021212460212124602121246021212460D1
:1087900021212460212124602121246021212460C1
:1087A00021212460212124602121246021212460B1
:1087B00021212460212124602121246021212460A1
:1087C0002121246021212460212124602121246091
:1087D0002121246021212460212124602121246081
:1087E0002121246021212460212124602121246071
:1087F0002121246021212460212124602121246061
:108800002121246021212460212124602121246050
:108810002121246021212460212124602121246040
:108820002121246021212460212124602121246030
:108830002121246021212460212124602121246020
:108840002121246021212460212124602121246010
:108850002121246021212460212124602121246000
:1088600021212460212124602121246021212460F0
:1088700021212460212124602121246021212460E0
:1088800021212460212124602121246021212460D0
:1088900021212460212124602121246021212460C0
:1088A00021212460212124602121246021212460B0
:1088B00021212460212124602121246021212460A0
:1088C0002121246021212460212124602121246090
:1088D0002121246021212460535E3C3A4B2B4F3EE2
:1088E00044594A5D4459325C44592F244258572711
:1088F0003A264E4C36555A4632552A4031244A3B88
:108900002F335E3330442A3B2F3352372C532A2ED9
:108910002F4356392E233E332C33222C2C43262D25
:108920002D533A322A524A262D532E2B3043462DB0
:10893000374456344327324D45373E464738264262
:108940004848424747583646492852514B494A5FA2
:108950004D3A3B294E2A572D4C4A5327513C2F3D27
:10896000534C4F4D4D5B33364A3A3B264E2B2F32FC
:108970004E2B27304929525B49294A5D47593259C4
:108980004829225A45375A4E42473A483E36423CD9
:108990003C36223B37545E3137344A3536242A344C
:1089A00037243A3C32242E36302426342E33422FBC
:1089B0002C2322292C23222B2C43262D2B525E29BB
:1089C0002B425A272E434E2C3856364142594B2AB9
:1089D000494B544F2121246021212460212124600E
:1089E000212124602121246021212460212124606F
:1089F000212124602121246021212460212124605F
:108A0000212124602121246021212460212124604E
:108A1000212124602121246021212460212124603E
:108A2000212124602121246021212460212124602E
:108A3000212124602121246021212460212124601E
:108A4000212124602121246021212460212124600E
:108A500021212460212124602121246021212460FE
:108A600021212460212124602121246021212460EE
:108A700021212460212124602121246021212460DE
:108A800021212460212124602121246021212460CE
:108A900021212460212124602121246021212460BE
:108AA00021212460212124602121246021212460AE
:108AB000212124602121246021212460212124609E
:108AC000212124602121246021212460212124608E
:108AD000212124602121246021212460212124607E
:108AE000212124602121246021212460212124606E
:108AF000212124602121246021212460212124605E
:108B0000212124602121246021212460212124604D
:108B1000212124602121246021212460212124603D
:108B2000212124602121246021212460212124602D
:108B3000212124602121246021212460212124601D
:108B4000212124602121246021212460212124600D
:108B500021212460212124602121246021212460FD
:108B600021212460212124602121246021212460ED
:108B700021212460212124602121246021212460DD
:108B800021212460212124602121246021212460CD
:108B900021212460212124602121246021212460BD
:108BA00021212460212124602121246021212460AD
:108BB000212124602121246021212460212124609D
:108BC000212124602121246021212460212124608D
:108BD000212124602121246021212460212124607D
:108BE000212124602121246021212460212124606D
:108BF000212124602121246021212460212124605D
:108C0000212124602121246021212460212124604C
:108C1000212124602121246021212460212124603C
:108C2000212124602121246021212460212124602C
:108C3000212124602121246021212460212124601C
:108C4000212124602121246021212460212124600C
:108C500021212460212124602121246021212460FC
:108C600021212460212124602121246021212460EC
:108C700021212460212124602121246021212460DC
:108C800021212460212124602121246021212460CC
:108C90002121246021212460542E48454E5C534FED
:108CA000482A472C42284A5142384A58492A3B3DD3
:108CB0004028332337262A4734353E47325522434E
:108CC000323452413054323E313436402E233E3419
:108CD0002F3352392E3342352F2346372E433E331E
:108CE0002B3252282C532A2E2F23422F3745324025
:108CF0003C56263E4627564E46374A434A58524F20
:108D000049384E4C4748464D4A39465D4E3B233420
:108D1000503B5F43512C3B48533D2751534D3753F4
:108D2000512C4748523C5B4C503C2B424F4B4F3BE5
:108D30004F5B573B4E3B533A4D3B43374C2A5730E2
:108D40004B2A272A4728565B47385A603F265E45FC
:108D50003D263E4437344E323724363437342235BC
:108D60003824263934444E353044422E2E24222EC7
:108D70002C23362A2C225A2A2C52562C2D325E2D88
:108D80002D232E2D30342A313E475E564B4B434720
:108D90002F5450602121246021212460212124604E
:108DA00021212460212124602121246021212460AB
:108DB000212124602121246021212460212124609B
:108DC000212124602121246021212460212124608B
:108DD000212124602121246021212460212124607B
:108DE000212124602121246021212460212124606B
:108DF000212124602121246021212460212124605B
:108E0000212124602121246021212460212124604A
:108E1000212124602121246021212460212124603A
:108E2000212124602121246021212460212124602A
:108E3000212124602121246021212460212124601A
:108E4000212124602121246021212460212124600A
:108E500021212460212124602121246021212460FA
:108E600021212460212124602121246021212460EA
:108E700021212460212124602121246021212460DA
:108E800021212460212124602121246021212460CA
:108E900021212460212124602121246021212460BA
:108EA00021212460212124602121246021212460AA
:108EB000212124602121246021212460212124609A
:108EC000212124602121246021212460212124608A
:108ED000212124602121246021212460212124607A
:108EE000212124602121246021212460212124606A
:108EF000212124602121246021212460212124605A
:108F00002121246021212460212124602121246049
:108F10002121246021212460212124602121246039
:108F20002121246021212460212124602121246029
:108F30002121246021212460212124602121246019
:108F40002121246021212460212124602121246009
:108F500021212460212124602121246021212460F9
:108F600021212460212124602121246021212460E9
:108F700021212460212124602121246021212460D9
:108F800021212460212124602121246021212460C9
:108F900021212460212124602121246021212460B9
:108FA00021212460212124602121246021212460A9
:108FB0002121246021212460212124602121246099
:108FC0002121246021212460212124602121246089
:108FD0002121246021212460212124602121246079
:108FE0002121246021212460212124602121246069
:108FF0002121246021212460212124602121246059
:109000002121246021212460212124602121246048
:109010002121246021212460212124602121246038
:109020002121246021212460212124602121246028
:109030002121246021212460212124602121246018
:109040002121246021212460212124602121246008
:1090500021212460212124604B2C3454545E402A69
:109060004E5C3F4B4439365D3F47564B41583E5D61
:109070003E575A5A37362A4532345E3C3154523DB7
:109080003124423D3024263A2E5352372F23523872
:109090002E3342342F2346372C425A2B2D532A2F5E
:1090A0002C22522B2C532A302F534E2E3A45564108
:1090B000442752504758324E48582E494A284A4E63
:1090C0004A285A514A49425B4D4A5B31504C2F4520
:1090D000532D2F56543D4F5F525D3B5D535D4B60AA
:1090E000532D4357533D4758505C43484F4B4B3EDD
:1090F0004F2B433B4F5C2B434D2B43384D3A5B3258
:109100004A395B2543484A534559326039563A3605
:109110003A26323C35545A2F3734463638543A3A88
:1091200038235A373534423133443E2E3124262EEB
:109130002F23522F2D23322E2D33222B2D32522925
:109140002D532A2B33445A3A39465A414F5C503BEF
:1091500021212460212124602121246021212460F7
:1091600021212460212124602121246021212460E7
:1091700021212460212124602121246021212460D7
:1091800021212460212124602121246021212460C7
:1091900021212460212124602121246021212460B7
:1091A00021212460212124602121246021212460A7
:1091B0002121246021212460212124602121246097
:1091C0002121246021212460212124602121246087
:1091D0002121246021212460212124602121246077
:1091E0002121246021212460212124602121246067
:1091F0002121246021212460212124602121246057
:109200002121246021212460212124602121246046
:109210002121246021212460212124602121246036
:109220002121246021212460212124602121246026
:109230002121246021212460212124602121246016
:109240002121246021212460212124602121246006
:1092500021212460212124602121246021212460F6
:1092600021212460212124602121246021212460E6
:1092700021212460212124602121246021212460D6
:1092800021212460212124602121246021212460C6
:1092900021212460212124602121246021212460B6
:1092A00021212460212124602121246021212460A6
:1092B0002121246021212460212124602121246096
:1092C0002121246021212460212124602121246086
:1092D0002121246021212460212124602121246076
:1092E0002121246021212460212124602121246066
:1092F0002121246021212460212124602121246056
:109300002121246021212460212124602121246045
:109310002121246021212460212124602121246035
:109320002121246021212460212124602121246025
:109330002121246021212460212124602121246015
:109340002121246021212460212124602121246005
:1093500021212460212124602121246021212460F5
:1093600021212460212124602121246021212460E5
:1093700021212460212124602121246021212460D5
:1093800021212460212124602121246021212460C5
:1093900021212460212124602121246021212460B5
:1093A00021212460212124602121246021212460A5
:1093B0002121246021212460212124602121246095
:1093C0002121246021212460212124602121246085
:1093D0002121246021212460212124602121246075
:1093E0002121246021212460212124602121246065
:1093F0002121246021212460212124602121246055
:109400002121246021212460212124602121246044
:10941000212124602121246033562C5E544E443F88
:10942000524D475F44494F2240282E4F3F375651F7
:1094300040275E593A464A4A33553A3D31344E3612
:109440003144523A3144423A3254524130542E3A25
:109450002D43362E2F5352372E533E312D225E2C64
:109460002D432A32315432412D22596037452A3258
:1094700046583A574758324B4A384E4D4858464C52
:10948000493922524B395F224F3B433A515C474A9C
:10949000535D3758534D3B5B532D3B5B514D23552B
:1094A000522D3B59522D3F59552D535E4F2B433C66
:1094B0004F4B3F3A504B5B3E504B533B4F3A4F2D37
:1094C0004C495B284528525A4459265B3B27263B8A
:1094D0003A37223D33552A2735545A3138344E3DD8
:1094E00038443640362436403524263C343356370B
:1094F000324422362F342E312F4442332E435A2900
:109500002E334A263826364A484A5B3F3D584C5C43
:109510002121246021212460212124602121246033
:109520002121246021212460212124602121246023
:109530002121246021212460212124602121246013
:109540002121246021212460212124602121246003
:1095500021212460212124602121246021212460F3
:1095600021212460212124602121246021212460E3
:1095700021212460212124602121246021212460D3
:1095800021212460212124602121246021212460C3
:1095900021212460212124602121246021212460B3
:1095A00021212460212124602121246021212460A3
:1095B0002121246021212460212124602121246093
:1095C0002121246021212460212124602121246083
:1095D0002121246021212460212124602121246073
:1095E0002121246021212460212124602121246063
:1095F0002121246021212460212124602121246053
:109600002121246021212460212124602121246042
:109610002121246021212460212124602121246032
:109620002121246021212460212124602121246022
:109630002121246021212460212124602121246012
:109640002121246021212460212124602121246002
:1096500021212460212124602121246021212460F2
:1096600021212460212124602121246021212460E2
:1096700021212460212124602121246021212460D2
:1096800021212460212124602121246021212460C2
:1096900021212460212124602121246021212460B2
:1096A00021212460212124602121246021212460A2
:1096B0002121246021212460212124602121246092
:1096C0002121246021212460212124602121246082
:1096D0002121246021212460212124602121246072
:1096E0002121246021212460212124602121246062
:1096F0002121246021212460212124602121246052
:109700002121246021212460212124602121246041
:109710002121246021212460212124602121246031
:109720002121246021212460212124602121246021
:109730002121246021212460212124602121246011
:109740002121246021212460212124602121246001
:1097500021212460212124602121246021212460F1
:1097600021212460212124602121246021212460E1
:1097700021212460212124602121246021212460D1
:1097800021212460212124602121246021212460C1
:1097900021212460212124602121246021212460B1
:1097A00021212460212124602121246021212460A1
:1097B0002121246021212460212124602121246091
:1097C0002121246021212460212124602121246081
:1097D000212124602121246021212460404938591D
:1097E000572F2837512D2F5B4339365F412832558B
:1097F0003F373A4F3C264A473846424832452A349A
:109800003134523330343230305436372D53422CC9
:109810002E5346302D53322D2F5352372E233232B2
:109820002C532A312E333E332F5346293C563A448B
:109830004838565A4948524F4B4926504929224FD9
:1098400048392E544A3A27224F3B4F3C4F5C2B431A
:10985000502C3F484F4C3B49505C4F50522D2355A4
:10986000525D3B5C515D3759522D2755502C234595
:10987000515C33464F3B5B3C4E3B4B354C2A3F25BE
:109880004A292E5D46382A574448225340373649E4
:109890003B363A3B38454E3637452E36363446331E
:1098A00036443A3734342A3D31535E3A31235A3400
:1098B0003233562F3234262B374626433A373E531F
:1098C00034362A3A37464E424A2B404921212460F9
:1098D0002121246021212460212124602121246070
:1098E0002121246021212460212124602121246060
:1098F0002121246021212460212124602121246050
:10990000212124602121246021212460212124603F
:10991000212124602121246021212460212124602F
:10992000212124602121246021212460212124601F
:10993000212124602121246021212460212124600F
:1099400021212460212124602121246021212460FF
:1099500021212460212124602121246021212460EF
:1099600021212460212124602121246021212460DF
:1099700021212460212124602121246021212460CF
:1099800021212460212124602121246021212460BF
:1099900021212460212124602121246021212460AF
:1099A000212124602121246021212460212124609F
:1099B000212124602121246021212460212124608F
:1099C000212124602121246021212460212124607F
:1099D000212124602121246021212460212124606F
:1099E000212124602121246021212460212124605F
:1099F000212124602121246021212460212124604F
:109A0000212124602121246021212460212124603E
:109A1000212124602121246021212460212124602E
:109A2000212124602121246021212460212124601E
:109A3000212124602121246021212460212124600E
:109A400021212460212124602121246021212460FE
:109A500021212460212124602121246021212460EE
:109A600021212460212124602121246021212460DE
:109A700021212460212124602121246021212460CE
:109A800021212460212124602121246021212460BE
:109A900021212460212124602121246021212460AE
:109AA000212124602121246021212460212124609E
:109AB000212124602121246021212460212124608E
:109AC000212124602121246021212460212124607E
:109AD000212124602121246021212460212124606E
:109AE000212124602121246021212460212124605E
:109AF000212124602121246021212460212124604E
:109B0000212124602121246021212460212124603D
:109B1000212124602121246021212460212124602D
:109B2000212124602121246021212460212124601D
:109B3000212124602121246021212460212124600D
:109B400021212460212124602121246021212460FD
:109B500021212460212124602121246021212460ED
:109B600021212460212124602121246021212460DD
:109B700021212460212124602121246021212460CD
:109B800021212460212124602121246021212460BD
:109B900021212460212124602121246021212460AD
:109BA000432A2854552E50324D4C374D3F5832528F
:109BB00044284A5E43383A5D3F28225D3926524D9B
:109BC00034253E3D30543E3332244A3C2F234E311F
:109BD0002E23362E3124263D30535E3D2D33323137
:109BE0002C532A302E233A3034444E383F57264CDB
:109BF000472842534838464A4C293E534939365340
:109C000049395A5C4B5A532B4E5B533C4D4B473AA8
:109C10004F4C33454E5C27444F4C3347513C4F4EDD
:109C20004F5C434E4F4C5F52504D2753513C574E63
:109C3000503C3B474D2B5B3B4D3B5B3C4B5B2B31E7
:109C4000485957234448365143274A4E4257224BDE
:109C500041463A4A3A54422F3A54462F3A444A2C03
:109C600038443224392356253953562A3954222D63
:109C70003A334A2A3B23262342354A434D5A3F3F33
:109C8000514C4755505C435B2B2348602121246095
:109C900021212460212124602121246021212460AC
:109CA000212124602121246021212460212124609C
:109CB000212124602121246021212460212124608C
:109CC000212124602121246021212460212124607C
:109CD000212124602121246021212460212124606C
:109CE000212124602121246021212460212124605C
:109CF000212124602121246021212460212124604C
:109D0000212124602121246021212460212124603B
:109D1000212124602121246021212460212124602B
:109D2000212124602121246021212460212124601B
:109D3000212124602121246021212460212124600B
:109D400021212460212124602121246021212460FB
:109D500021212460212124602121246021212460EB
:109D600021212460212124602121246021212460DB
:109D700021212460212124602121246021212460CB
:109D800021212460212124602121246021212460BB
:109D900021212460212124602121246021212460AB
:109DA000212124602121246021212460212124609B
:109DB000212124602121246021212460212124608B
:109DC000212124602121246021212460212124607B
:109DD000212124602121246021212460212124606B
:109DE000212124602121246021212460212124605B
:109DF000212124602121246021212460212124604B
:109E0000212124602121246021212460212124603A
:109E1000212124602121246021212460212124602A
:109E2000212124602121246021212460212124601A
:109E3000212124602121246021212460212124600A
:109E400021212460212124602121246021212460FA
:109E500021212460212124602121246021212460EA
:109E600021212460212124602121246021212460DA
:109E700021212460212124602121246021212460CA
:109E800021212460212124602121246021212460BA
:109E900021212460212124602121246021212460AA
:109EA000212124602121246021212460212124609A
:109EB000212124602121246021212460212124608A
:109EC000212124602121246021212460212124607A
:109ED000212124602121246021212460212124606A
:109EE000212124602121246021212460212124605A
:109EF000212124602121246021212460212124604A
:109F00002121246021212460212124602121246039
:109F10002121246021212460212124602121246029
:109F20002121246021212460212124602121246019
:109F30002121246021212460212124602121246009
:109F400021212460212124602121246021212460F9
:109F500021212460212124602121246021212460E9
:109F600027325460433A2854552E40304B2B3F4201
:109F70003F27564C4027524F3C37365034353E37FA
:109F800036455A443545424433445A4230342A3ADD
:109F90002F334E382F2346382E4342372C332A2D69
:109FA0002D433E323224323B344446334037264937
:109FB0004548224949485E4E4B2932504A39565845
:109FC0004D2B232C4E2B3F344D3B3F374E2B4F3CDC
:109FD0004E3B5B404E2B5B414F5C2F47503C37471D
:109FE000533C5753534D3F5B532D4359522C574EBF
:109FF000504C2B464E5B5F42502C33494F2B4B420B
:10A000004C2A43304829365944383E4D43475A4A32
:10A010004146423D4124562C44234E234842595E3A
:10A020004C423D5E4E524D5D4952595B45532E2385
:10A030004533362D46233A334A3522465258432F6C
:10A04000582B574F5A3E503721212460212124603C
:10A0500021212460212124602121246021212460E8
:10A0600021212460212124602121246021212460D8
:10A0700021212460212124602121246021212460C8
:10A0800021212460212124602121246021212460B8
:10A0900021212460212124602121246021212460A8
:10A0A0002121246021212460212124602121246098
:10A0B0002121246021212460212124602121246088
:10A0C0002121246021212460212124602121246078
:10A0D0002121246021212460212124602121246068
:10A0E0002121246021212460212124602121246058
:10A0F0002121246021212460212124602121246048
:10A100002121246021212460212124602121246037
:10A110002121246021212460212124602121246027
:10A120002121246021212460212124602121246017
:10A130002121246021212460212124602121246007
:10A1400021212460212124602121246021212460F7
:10A1500021212460212124602121246021212460E7
:10A1600021212460212124602121246021212460D7
:10A1700021212460212124602121246021212460C7
:10A1800021212460212124602121246021212460B7
:10A1900021212460212124602121246021212460A7
:10A1A0002121246021212460212124602121246097
:10A1B0002121246021212460212124602121246087
:10A1C0002121246021212460212124602121246077
:10A1D0002121246021212460212124602121246067
:10A1E0002121246021212460212124602121246057
:10A1F0002121246021212460212124602121246047
:10A200002121246021212460212124602121246036
:10A210002121246021212460212124602121246026
:10A220002121246021212460212124602121246016
:10A230002121246021212460212124602121246006
:10A2400021212460212124602121246021212460F6
:10A2500021212460212124602121246021212460E6
:10A2600021212460212124602121246021212460D6
:10A2700021212460212124602121246021212460C6
:10A2800021212460212124602121246021212460B6
:10A2900021212460212124602121246021212460A6
:10A2A0002121246021212460212124602121246096
:10A2B0002121246021212460212124602121246086
:10A2C0002121246021212460212124602121246076
:10A2D0002121246021212460212124602121246066
:10A2E0002121246021212460212124602121246056
:10A2F0002121246021212460212124602121246046
:10A300002121246021212460212124602121246035
:10A310002121246021212460212124602121246025
:10A320002121246027224C60452A4057553E382C75
:10A330004E4C33503F482E50415857213B372A4C02
:10A3400038463A4836555A463254563C31443A3DDE
:10A350003044263E2F234E3A2E434E372F442A397F
:10A360002F23523434245A4033342E2A3D36363C7F
:10A37000453822484828464749485E4C4D3A4F24C4
:10A380004E2B332D4E5B4B364F3B5B3D503C3345A4
:10A39000504C3F49503C3749515C4F4F532D23524D
:10A3A000534C5B51522D2B51523D3F54505C4F4901
:10A3B0004F3B5B3F4C2B23334B5B23354B3A4333B3
:10A3C0004E3B2B384E2A532950392A5A525726478A
:10A3D00051343E2C5142455D53523A2553323A2A6C
:10A3E00052222E2A525226254A3231603F22295DBE
:10A3F000395159603752262635515E21395236225D
:10A400003E32555C52592F363E57545D212124600F
:10A410002121246021212460212124602121246024
:10A420002121246021212460212124602121246014
:10A430002121246021212460212124602121246004
:10A4400021212460212124602121246021212460F4
:10A4500021212460212124602121246021212460E4
:10A4600021212460212124602121246021212460D4
:10A4700021212460212124602121246021212460C4
:10A4800021212460212124602121246021212460B4
:10A4900021212460212124602121246021212460A4
:10A4A0002121246021212460212124602121246094
:10A4B0002121246021212460212124602121246084
:10A4C0002121246021212460212124602121246074
:10A4D0002121246021212460212124602121246064
:10A4E0002121246021212460212124602121246054
:10A4F0002121246021212460212124602121246044
:10A500002121246021212460212124602121246033
:10A510002121246021212460212124602121246023
:10A520002121246021212460212124602121246013
:10A530002121246021212460212124602121246003
:10A5400021212460212124602121246021212460F3
:10A5500021212460212124602121246021212460E3
:10A5600021212460212124602121246021212460D3
:10A5700021212460212124602121246021212460C3
:10A5800021212460212124602121246021212460B3
:10A5900021212460212124602121246021212460A3
:10A5A0002121246021212460212124602121246093
:10A5B0002121246021212460212124602121246083
:10A5C0002121246021212460212124602121246073
:10A5D0002121246021212460212124602121246063
:10A5E0002121246021212460212124602121246053
:10A5F0002121246021212460212124602121246043
:10A600002121246021212460212124602121246032
:10A610002121246021212460212124602121246022
:10A620002121246021212460212124602121246012
:10A630002121246021212460212124602121246002
:10A6400021212460212124602121246021212460F2
:10A6500021212460212124602121246021212460E2
:10A6600021212460212124602121246021212460D2
:10A6700021212460212124602121246021212460C2
:10A6800021212460212124602121246021212460B2
:10A6900021212460212124602121246021212460A2
:10A6A0002121246021212460212124602121246092
:10A6B0002121246021212460212124602121246082
:10A6C0002121246021212460212124602121246072
:10A6D0002121246021212460212124602121246062
:10A6E0002121246021212460212124602121246052
:10A6F000562E542F4D4C3B4E43392E5E3F48265329
:10A700003C57364D3946464934352E3C36254A4A63
:10A710003355264730342A3C2E4356352E535E326D
:10A720002F335A303033562E373526363F26463FA4
:10A7300047283A4F483846494949264F4E5B232916
:10A740004E2B332B4F2B4B344F2B533A505C374609
:10A75000512C3F49514C4B4E532D2354534D2F54A4
:10A76000542D4358515D4353514D37504F3B43385F
:10A770004D394E604E59365F4A57464853485B2321
:10A780005B29372E5B3746565724563557532629B3
:10A7900057222E2952322A2B48222A273831415358
:10A7A0002E31414E2B215D4F2A414D502A51595B8C
:10A7B0002C222A292C52222B2E432E3630335A3665
:10A7C0003B23523843432E305B3C48224559585D69
:10A7D0002121246021212460212124602121246061
:10A7E0002121246021212460212124602121246051
:10A7F0002121246021212460212124602121246041
:10A800002121246021212460212124602121246030
:10A810002121246021212460212124602121246020
:10A820002121246021212460212124602121246010
:10A830002121246021212460212124602121246000
:10A8400021212460212124602121246021212460F0
:10A8500021212460212124602121246021212460E0
:10A8600021212460212124602121246021212460D0
:10A8700021212460212124602121246021212460C0
:10A8800021212460212124602121246021212460B0
:10A8900021212460212124602121246021212460A0
:10A8A0002121246021212460212124602121246090
:10A8B0002121246021212460212124602121246080
:10A8C0002121246021212460212124602121246070
:10A8D0002121246021212460212124602121246060
:10A8E0002121246021212460212124602121246050
:10A8F0002121246021212460212124602121246040
:10A90000212124602121246021212460212124602F
:10A91000212124602121246021212460212124601F
:10A92000212124602121246021212460212124600F
:10A9300021212460212124602121246021212460FF
:10A9400021212460212124602121246021212460EF
:10A9500021212460212124602121246021212460DF
:10A9600021212460212124602121246021212460CF
:10A9700021212460212124602121246021212460BF
:10A9800021212460212124602121246021212460AF
:10A99000212124602121246021212460212124609F
:10A9A000212124602121246021212460212124608F
:10A9B000212124602121246021212460212124607F
:10A9C000212124602121246021212460212124606F
:10A9D000212124602121246021212460212124605F
:10A9E000212124602121246021212460212124604F
:10A9F000212124602121246021212460212124603F
:10AA0000212124602121246021212460212124602E
:10AA1000212124602121246021212460212124601E
:10AA2000212124602121246021212460212124600E
:10AA300021212460212124602121246021212460FE
:10AA400021212460212124602121246021212460EE
:10AA500021212460212124602121246021212460DE
:10AA600021212460212124602121246021212460CE
:10AA700021212460212124602121246021212460BE
:10AA800021212460212124602121246021212460AE
:10AA9000212124602121246021212460212124609E
:10AAA000212124602121246021212460212124608E
:10AAB00021212460572F3438502C474D46395B27CD
:10AAC0004028365340282A5A3B4722513756264AB7
:10AAD00031544A3830443E393134463B31244A3AC5
:10AAE0003144463931342E2E3C46364741372E46C6
:10AAF00048584A544928524E49285E4E4D3A4F24F0
:10AB00004D5B2F2A4F5B4F354F2B533A514C3F48EB
:10AB1000513C3F49513C3F4A523C4B4E532C4F50C5
:10AB2000554C5B52553C5B52563C2B4955294B28A2
:10AB30005246323E5534462D5723362359424960FA
:10AB400059214956572221594F32355D45424E21F0
:10AB50003451354D2C51455229415D5A28415D5F94
:10AB600029315A222921595D2822322128223223D3
:10AB70002A422A282B323A292B43262B2F43462FB1
:10AB80003A4442413D223A214A435A2D47492451F1
:10AB90002131286021212460212124602121246089
:10ABA000212124602121246021212460212124608D
:10ABB000212124602121246021212460212124607D
:10ABC000212124602121246021212460212124606D
:10ABD000212124602121246021212460212124605D
:10ABE000212124602121246021212460212124604D
:10ABF000212124602121246021212460212124603D
:10AC0000212124602121246021212460212124602C
:10AC1000212124602121246021212460212124601C
:10AC2000212124602121246021212460212124600C
:10AC300021212460212124602121246021212460FC
:10AC400021212460212124602121246021212460EC
:10AC500021212460212124602121246021212460DC
:10AC600021212460212124602121246021212460CC
:10AC700021212460212124602121246021212460BC
:10AC800021212460212124602121246021212460AC
:10AC9000212124602121246021212460212124609C
:10ACA000212124602121246021212460212124608C
:10ACB000212124602121246021212460212124607C
:10ACC000212124602121246021212460212124606C
:10ACD000212124602121246021212460212124605C
:10ACE000212124602121246021212460212124604C
:10ACF000212124602121246021212460212124603C
:10AD0000212124602121246021212460212124602B
:10AD1000212124602121246021212460212124601B
:10AD2000212124602121246021212460212124600B
:10AD300021212460212124602121246021212460FB
:10AD400021212460212124602121246021212460EB
:10AD500021212460212124602121246021212460DB
:10AD600021212460212124602121246021212460CB
:10AD700021212460212124602121246021212460BB
:10AD800021212460212124602121246021212460AB
:10AD9000212124602121246021212460212124609B
:10ADA000212124602121246021212460212124608B
:10ADB000212124602121246021212460212124607B
:10ADC000212124602121246021212460212124606B
:10ADD000212124602121246021212460212124605B
:10ADE000212124602121246021212460212124604B
:10ADF000212124602121246021212460212124603B
:10AE0000212124602121246021212460212124602A
:10AE1000212124602121246021212460212124601A
:10AE2000212124602121246021212460212124600A
:10AE300021212460212124602121246021212460FA
:10AE400021212460212124602121246021212460EA
:10AE500021212460212124602121246021212460DA
:10AE600021212460212124602121246021212460CA
:10AE70002121246023315460535E383F504D3757B1
:10AE8000463A432E45294F283956463E35553A35E0
:10AE900034252236362542443224363B3154223D75
:10AEA00033552A403656423F4126463F42475E4B85
:10AEB0004A5846544B285E50495932504D2A572D16
:10AEC0004D5B2332512B4B3C4F5B3F35525C3B3F3C
:10AED000544C333C554B5335562B3F36554B333240
:10AEE000564B2F2C553A4F3C533A2B3A55594F312C
:10AEF0005636264A5A23222E5C434E3456324E246E
:10AF00004C5446303D462E3C33335A2432232A2CAF
:10AF10002C224A28273242212632415C28223559E8
:10AF200028415D532822295527522D562852295948
:10AF30002A32315E2A223A2229524E252D233A32D4
:10AF4000333436443A533A374932495C582E442D0B
:10AF5000212124603726485F3726585C2121246050
:10AF600021212460212124602121246021212460C9
:10AF700021212460212124602121246021212460B9
:10AF800021212460212124602121246021212460A9
:10AF90002121246021212460212124602121246099
:10AFA0002121246021212460212124602121246089
:10AFB0002121246021212460212124602121246079
:10AFC0002121246021212460212124602121246069
:10AFD0002121246021212460212124602121246059
:10AFE0002121246021212460212124602121246049
:10AFF0002121246021212460212124602121246039
:10B000002121246021212460212124602121246028
:10B010002121246021212460212124602121246018
:10B020002121246021212460212124602121246008
:10B0300021212460212124602121246021212460F8
:10B0400021212460212124602121246021212460E8
:10B0500021212460212124602121246021212460D8
:10B0600021212460212124602121246021212460C8
:10B0700021212460212124602121246021212460B8
:10B0800021212460212124602121246021212460A8
:10B090002121246021212460212124602121246098
:10B0A0002121246021212460212124602121246088
:10B0B0002121246021212460212124602121246078
:10B0C0002121246021212460212124602121246068
:10B0D0002121246021212460212124602121246058
:10B0E0002121246021212460212124602121246048
:10B0F0002121246021212460212124602121246038
:10B100002121246021212460212124602121246027
:10B110002121246021212460212124602121246017
:10B120002121246021212460212124602121246007
:10B1300021212460212124602121246021212460F7
:10B1400021212460212124602121246021212460E7
:10B1500021212460212124602121246021212460D7
:10B1600021212460212124602121246021212460C7
:10B1700021212460212124602121246021212460B7
:10B1800021212460212124602121246021212460A7
:10B190002121246021212460212124602121246097
:10B1A0002121246021212460212124602121246087
:10B1B0002121246021212460212124602121246077
:10B1C0002121246021212460212124602121246067
:10B1D0002121246021212460212124602121246057
:10B1E0002121246021212460212124602121246047
:10B1F0002121246021212460212124602121246037
:10B200002121246021212460212124602121246026
:10B210002121246021212460212124602121246016
:10B220002121246021212460212124602121246006
:10B23000212124602121246025222C603135385EB3
:10B24000522D50344C2B5B4843593F263B572E4AD6
:10B250003A4652493635563F34252A4030242E3B53
:10B260003726464A3C5756514628225346393254CF
:10B2700049485E5549284A524659224C4B3A5E5F2E
:10B280004C595E5552292E575459225956593F212F
:10B2900055385E5C53383A57545927275D2C2F5543
:10B2A0005E4E302B5E3E24405B2D503A593B535945
:10B2B00051563E5451234E34602943484B575E60EB
:10B2C0005F5F5857592F6055435A575035452E4E9A
:10B2D0003123223529524223283229572842215529
:10B2E00028515D5728315D54282229562832355A75
:10B2F00029323D5E295239602A423E232B424E2993
:10B300002D4346363623563742423553552C374E59
:10B31000474A4C4F42392B363C3822574029285552
:10B320002121246021212460212124602121246005
:10B3300021212460212124602121246021212460F5
:10B3400021212460212124602121246021212460E5
:10B3500021212460212124602121246021212460D5
:10B3600021212460212124602121246021212460C5
:10B3700021212460212124602121246021212460B5
:10B3800021212460212124602121246021212460A5
:10B390002121246021212460212124602121246095
:10B3A0002121246021212460212124602121246085
:10B3B0002121246021212460212124602121246075
:10B3C0002121246021212460212124602121246065
:10B3D0002121246021212460212124602121246055
:10B3E0002121246021212460212124602121246045
:10B3F0002121246021212460212124602121246035
:10B400002121246021212460212124602121246024
:10B410002121246021212460212124602121246014
:10B420002121246021212460212124602121246004
:10B4300021212460212124602121246021212460F4
:10B4400021212460212124602121246021212460E4
:10B4500021212460212124602121246021212460D4
:10B4600021212460212124602121246021212460C4
:10B4700021212460212124602121246021212460B4
:10B4800021212460212124602121246021212460A4
:10B490002121246021212460212124602121246094
:10B4A0002121246021212460212124602121246084
:10B4B0002121246021212460212124602121246074
:10B4C0002121246021212460212124602121246064
:10B4D0002121246021212460212124602121246054
:10B4E0002121246021212460212124602121246044
:10B4F0002121246021212460212124602121246034
:10B500002121246021212460212124602121246023
:10B510002121246021212460212124602121246013
:10B520002121246021212460212124602121246003
:10B5300021212460212124602121246021212460F3
:10B5400021212460212124602121246021212460E3
:10B5500021212460212124602121246021212460D3
:10B5600021212460212124602121246021212460C3
:10B5700021212460212124602121246021212460B3
:10B5800021212460212124602121246021212460A3
:10B590002121246021212460212124602121246093
:10B5A0002121246021212460212124602121246083
:10B5B0002121246021212460212124602121246073
:10B5C0002121246021212460212124602121246063
:10B5D0002121246021212460212124602121246053
:10B5E0002121246021212460212124602121246043
:10B5F0002121246021212460212124602121246033
:10B600002843245F3A274056524D5427494B37422E
:10B6100044595F313C57565237253A3937544E3BDF
:10B6200036254E344448565E4B292E5F49294E53E9
:10B630004B293E554A28224D4A473E464F383A4903
:10B640005356563C57352E345745564357392B2AB7
:10B65000575B4B49572C3F55574D3C24592E5C3A6C
:10B66000594F4044444A273E26523D512C322555DD
:10B670002D51594D41525622605B4821514B2F4E5E
:10B68000543D443338573E5439373F242F535637AF
:10B690002E525A2E2842415C294225572822295CE5
:10B6A00028315A222851555D2832295C2822355EDE
:10B6B0002822355E29222D5D2A32315F2C32562810
:10B6C0002D23362E32534A2F3E3235575429433AD2
:10B6D0004729473330342A2B2D2341564E2C4C29F1
:10B6E0002121246021212460212124602121246042
:10B6F0002121246021212460212124602121246032
:10B700002121246021212460212124602121246021
:10B710002121246021212460212124602121246011
:10B720002121246021212460212124602121246001
:10B7300021212460212124602121246021212460F1
:10B7400021212460212124602121246021212460E1
:10B7500021212460212124602121246021212460D1
:10B7600021212460212124602121246021212460C1
:10B7700021212460212124602121246021212460B1
:10B7800021212460212124602121246021212460A1
:10B790002121246021212460212124602121246091
:10B7A0002121246021212460212124602121246081
:10B7B0002121246021212460212124602121246071
:10B7C0002121246021212460212124602121246061
:10B7D0002121246021212460212124602121246051
:10B7E0002121246021212460212124602121246041
:10B7F0002121246021212460212124602121246031
:10B800002121246021212460212124602121246020
:10B810002121246021212460212124602121246010
:10B820002121246021212460212124602121246000
:10B8300021212460212124602121246021212460F0
:10B8400021212460212124602121246021212460E0
:10B8500021212460212124602121246021212460D0
:10B8600021212460212124602121246021212460C0
:10B8700021212460212124602121246021212460B0
:10B8800021212460212124602121246021212460A0
:10B890002121246021212460212124602121246090
:10B8A0002121246021212460212124602121246080
:10B8B0002121246021212460212124602121246070
:10B8C0002121246021212460212124602121246060
:10B8D0002121246021212460212124602121246050
:10B8E0002121246021212460212124602121246040
:10B8F0002121246021212460212124602121246030
:10B90000212124602121246021212460212124601F
:10B91000212124602121246021212460212124600F
:10B9200021212460212124602121246021212460FF
:10B9300021212460212124602121246021212460EF
:10B9400021212460212124602121246021212460DF
:10B9500021212460212124602121246021212460CF
:10B9600021212460212124602121246021212460BF
:10B9700021212460212124602121246021212460AF
:10B98000212124602121246021212460212124609F
:10B99000212124602121246021212460212124608F
:10B9A000212124602121246021212460212124607F
:10B9B000212124602121246021212460212124606F
:10B9C00021212460212124603A474C5C3F592857AB
:10B9D000524D5C25444A2F2F3A47224039555E3557
:10B9E00039362A334839425B4C3946534B393A4F42
:10B9F0004E58424E50572E4751545A3F51344241AF
:10BA00004F3442424332355D3A4221514A3A233B58
:10BA10005C60305458603449586038495930404867
:10BA200059503C4B584F5C542E3352322D224E32DB
:10BA300028525227435226235D59574251474E53AD
:10BA40003D2121432F2241532A332A212B325229CF
:10BA50002A22422528422D582A2225582842295E8A
:10BA600028215A242742215D2822255B2842255B74
:10BA70002852255C2842255C2922315F2A324A243B
:10BA80002C33222B32433E303D224A214D362A555B
:10BA9000372536393334423B2952354D4C2C382723
:10BAA000212124602121246021212460212124607E
:10BAB000212124602121246021212460212124606E
:10BAC000212124602121246021212460212124605E
:10BAD000212124602121246021212460212124604E
:10BAE000212124602121246021212460212124603E
:10BAF000212124602121246021212460212124602E
:10BB0000212124602121246021212460212124601D
:10BB1000212124602121246021212460212124600D
:10BB200021212460212124602121246021212460FD
:10BB300021212460212124602121246021212460ED
:10BB400021212460212124602121246021212460DD
:10BB500021212460212124602121246021212460CD
:10BB600021212460212124602121246021212460BD
:10BB700021212460212124602121246021212460AD
:10BB8000212124602121246021212460212124609D
:10BB9000212124602121246021212460212124608D
:10BBA000212124602121246021212460212124607D
:10BBB000212124602121246021212460212124606D
:10BBC000212124602121246021212460212124605D
:10BBD000212124602121246021212460212124604D
:10BBE000212124602121246021212460212124603D
:10BBF000212124602121246021212460212124602D
:10BC0000212124602121246021212460212124601C
:10BC1000212124602121246021212460212124600C
:10BC200021212460212124602121246021212460FC
:10BC300021212460212124602121246021212460EC
:10BC400021212460212124602121246021212460DC
:10BC500021212460212124602121246021212460CC
:10BC600021212460212124602121246021212460BC
:10BC700021212460212124602121246021212460AC
:10BC8000212124602121246021212460212124609C
:10BC9000212124602121246021212460212124608C
:10BCA000212124602121246021212460212124607C
:10BCB000212124602121246021212460212124606C
:10BCC000212124602121246021212460212124605C
:10BCD000212124602121246021212460212124604C
:10BCE000212124602121246021212460212124603C
:10BCF000212124602121246021212460212124602C
:10BD0000212124602121246021212460212124601B
:10BD1000212124602121246021212460212124600B
:10BD200021212460212124602121246021212460FB
:10BD300021212460212124602121246021212460EB
:10BD400021212460212124602121246021212460DB
:10BD500021212460212124602121246021212460CB
:10BD600021212460212124602121246021212460BB
:10BD700021212460212124602121246021212460AB
:10BD80002121246021212460212124602131286087
:10BD90003C282C5B454A44514F3D303241293E59A5
:10BDA0004227524D4C3A43224F2A2E5551375A4E74
:10BDB00055254E3E53253E3D4A333E3540423A32AC
:10BDC00032514A212C423A242B5246243856424FB3
:10BDD000552E4845574050565760404D5A5F58477A
:10BDE0005B60384E462A4F3F2E4432352A324A3065
:10BDF000303226254E3156295C54563D5C44423142
:10BE0000525149584142255B2942214D293249600E
:10BE10002852296029422D5E2832315929215D5945
:10BE20002852215E272225582752255628515D5831
:10BE300029315D5B2832255C292242232B432A2E9F
:10BE40002D232A31315346373D235E354A24224281
:10BE50002E522D5932534E392E332D604B5C3829DA
:10BE600021212460212124602121246021212460BA
:10BE700021212460212124602121246021212460AA
:10BE8000212124602121246021212460212124609A
:10BE9000212124602121246021212460212124608A
:10BEA000212124602121246021212460212124607A
:10BEB000212124602121246021212460212124606A
:10BEC000212124602121246021212460212124605A
:10BED000212124602121246021212460212124604A
:10BEE000212124602121246021212460212124603A
:10BEF000212124602121246021212460212124602A
:10BF00002121246021212460212124602121246019
:10BF10002121246021212460212124602121246009
:10BF200021212460212124602121246021212460F9
:10BF300021212460212124602121246021212460E9
:10BF400021212460212124602121246021212460D9
:10BF500021212460212124602121246021212460C9
:10BF600021212460212124602121246021212460B9
:10BF700021212460212124602121246021212460A9
:10BF80002121246021212460212124602121246099
:10BF90002121246021212460212124602121246089
:10BFA0002121246021212460212124602121246079
:10BFB0002121246021212460212124602121246069
:10BFC0002121246021212460212124602121246059
:10BFD0002121246021212460212124602121246049
:10BFE0002121246021212460212124602121246039
:10BFF0002121246021212460212124602121246029
:10C000002121246021212460212124602121246018
:10C010002121246021212460212124602121246008
:10C0200021212460212124602121246021212460F8
:10C0300021212460212124602121246021212460E8
:10C0400021212460212124602121246021212460D8
:10C0500021212460212124602121246021212460C8
:10C0600021212460212124602121246021212460B8
:10C0700021212460212124602121246021212460A8
:10C080002121246021212460212124602121246098
:10C090002121246021212460212124602121246088
:10C0A0002121246021212460212124602121246078
:10C0B0002121246021212460212124602121246068
:10C0C0002121246021212460212124602121246058
:10C0D0002121246021212460212124602121246048
:10C0E0002121246021212460212124602121246038
:10C0F0002121246021212460212124602121246028
:10C100002121246021212460212124602121246017
:10C110002121246021212460212124602121246007
:10C1200021212460212124602121246021212460F7
:10C1300021212460212124602121246021212460E7
:10C1400021212460212124602121246021212460D7
:10C1500021212460213128602E24505F4A5C2C4725
:10C160004C3B273F4D3A4F2750492E5558464E5885
:10C170004C434E343E22415B324236222F23222B47
:10C1800028424A2226524A232A524A282E525A2B01
:10C1900035554A44462B234D433A2F3D3C374258B0
:10C1A000472A3F4B2E335E272B3342252B32555FD8
:10C1B0004322255F5F34424C56322960523232228C
:10C1C00054415A2551215A243951595428523D5429
:10C1D0002752355E27422E212632395D29215956B4
:10C1E00028315D51274229532822295528322557C5
:10C1F0002752215828422D5D294232222B324A2CC7
:10C200002C3256302E433A34384422314C433E428D
:10C210003652562D31233E362F33562C482B3F5F56
:10C2200021212460212124602121246021212460F6
:10C2300021212460212124602121246021212460E6
:10C2400021212460212124602121246021212460D6
:10C2500021212460212124602121246021212460C6
:10C2600021212460212124602121246021212460B6
:10C2700021212460212124602121246021212460A6
:10C280002121246021212460212124602121246096
:10C290002121246021212460212124602121246086
:10C2A0002121246021212460212124602121246076
:10C2B0002121246021212460212124602121246066
:10C2C0002121246021212460212124602121246056
:10C2D0002121246021212460212124602121246046
:10C2E0002121246021212460212124602121246036
:10C2F0002121246021212460212124602121246026
:10C300002121246021212460212124602121246015
:10C310002121246021212460212124602121246005
:10C3200021212460212124602121246021212460F5
:10C3300021212460212124602121246021212460E5
:10C3400021212460212124602121246021212460D5
:10C3500021212460212124602121246021212460C5
:10C3600021212460212124602121246021212460B5
:10C3700021212460212124602121246021212460A5
:10C380002121246021212460212124602121246095
:10C390002121246021212460212124602121246085
:10C3A0002121246021212460212124602121246075
:10C3B0002121246021212460212124602121246065
:10C3C0002121246021212460212124602121246055
:10C3D0002121246021212460212124602121246045
:10C3E0002121246021212460212124602121246035
:10C3F0002121246021212460212124602121246025
:10C400002121246021212460212124602121246014
:10C410002121246021212460212124602121246004
:10C4200021212460212124602121246021212460F4
:10C4300021212460212124602121246021212460E4
:10C4400021212460212124602121246021212460D4
:10C4500021212460212124602121246021212460C4
:10C4600021212460212124602121246021212460B4
:10C4700021212460212124602121246021212460A4
:10C480002121246021212460212124602121246094
:10C490002121246021212460212124602121246084
:10C4A0002121246021212460212124602121246074
:10C4B0002121246021212460212124602121246064
:10C4C0002121246021212460212124602121246054
:10C4D0002121246021212460212124602121246044
:10C4E0002121246021212460212124602121246034
:10C4F0002121246021212460212124602121246024
:10C500002121246021212460212124602121246013
:10C510002121246021212460212124602121246003
:10C520004D4C48254F4A5B2B56284E5E50543640A2
:10C530003232495C2E334A2E2B2332342952555E37
:10C5400029325558274245582842355B2B423A211B
:10C550002B32315E2B524A222E333A2E3054223C5B
:10C560002D334E3E2B432E2B2A2235582D31594642
:10C570004A414D5157333A2E434225553A225622CD
:10C580003F514555504226244A2221602E215946CA
:10C590002742355627415D602922322629522D5CDB
:10C5A00028222D4E28522952282225542732295636
:10C5B0002742355B285231602931595E2A522E2696
:10C5C0002A523E2B2D33222C382336264A332A3842
:10C5D0003742522C2C433E312E343A324D2C5432B9
:10C5E0002121246021212460212124602121246033
:10C5F0002121246021212460212124602121246023
:10C600002121246021212460212124602121246012
:10C610002121246021212460212124602121246002
:10C6200021212460212124602121246021212460F2
:10C6300021212460212124602121246021212460E2
:10C6400021212460212124602121246021212460D2
:10C6500021212460212124602121246021212460C2
:10C6600021212460212124602121246021212460B2
:10C6700021212460212124602121246021212460A2
:10C680002121246021212460212124602121246092
:10C690002121246021212460212124602121246082
:10C6A0002121246021212460212124602121246072
:10C6B0002121246021212460212124602121246062
:10C6C0002121246021212460212124602121246052
:10C6D0002121246021212460212124602121246042
:10C6E0002121246021212460212124602121246032
:10C6F0002121246021212460212124602121246022
:10C700002121246021212460212124602121246011
:10C710002121246021212460212124602121246001
:10C7200021212460212124602121246021212460F1
:10C7300021212460212124602121246021212460E1
:10C7400021212460212124602121246021212460D1
:10C7500021212460212124602121246021212460C1
:10C7600021212460212124602121246021212460B1
:10C7700021212460212124602121246021212460A1
:10C780002121246021212460212124602121246091
:10C790002121246021212460212124602121246081
:10C7A0002121246021212460212124602121246071
:10C7B0002121246021212460212124602121246061
:10C7C0002121246021212460212124602121246051
:10C7D0002121246021212460212124602121246041
:10C7E0002121246021212460212124602121246031
:10C7F0002121246021212460212124602121246021
:10C800002121246021212460212124602121246010
:10C810002121246021212460212124602121246000
:10C8200021212460212124602121246021212460F0
:10C8300021212460212124602121246021212460E0
:10C8400021212460212124602121246021212460D0
:10C8500021212460212124602121246021212460C0
:10C8600021212460212124602121246021212460B0
:10C8700021212460212124602121246021212460A0
:10C880002121246021212460212124602121246090
:10C890002121246021212460212124602121246080
:10C8A0002121246021212460212124602121246070
:10C8B0002121246021212460212124602121246060
:10C8C0002121246021212460212124602121246050
:10C8D0002121246021212460212124602121246040
:10C8E000562E543F4F3A2A585858225049325A2D02
:10C8F000323436382E4356332C4322362A324E25D4
:10C90000283235592922255C2B323E232A223560D4
:10C9100028424160292256252A5242272D42462D7F
:10C920002B22562D28524A222752415C2C52354E3A
:10C930004A4221584E34222F324131434A2933434F
:10C9400038543A2D3F41414D50224E2A3A3131411F
:10C950002B51514B2A21415D2A41562928522A2127
:10C9600028222D5128422D56275221592742255938
:10C970002842396029523E232942296029522E211A
:10C980002A423A253143222E3C32395E4C455253DD
:10C990002D5149532A33262B2B22555E535E2447B3
:10C9A000212124602121246021212460212124606F
:10C9B000212124602121246021212460212124605F
:10C9C000212124602121246021212460212124604F
:10C9D000212124602121246021212460212124603F
:10C9E000212124602121246021212460212124602F
:10C9F000212124602121246021212460212124601F
:10CA0000212124602121246021212460212124600E
:10CA100021212460212124602121246021212460FE
:10CA200021212460212124602121246021212460EE
:10CA300021212460212124602121246021212460DE
:10CA400021212460212124602121246021212460CE
:10CA500021212460212124602121246021212460BE
:10CA600021212460212124602121246021212460AE
:10CA7000212124602121246021212460212124609E
:10CA8000212124602121246021212460212124608E
:10CA9000212124602121246021212460212124607E
:10CAA000212124602121246021212460212124606E
:10CAB000212124602121246021212460212124605E
:10CAC000212124602121246021212460212124604E
:10CAD000212124602121246021212460212124603E
:10CAE000212124602121246021212460212124602E
:10CAF000212124602121246021212460212124601E
:10CB0000212124602121246021212460212124600D
:10CB100021212460212124602121246021212460FD
:10CB200021212460212124602121246021212460ED
:10CB300021212460212124602121246021212460DD
:10CB400021212460212124602121246021212460CD
:10CB500021212460212124602121246021212460BD
:10CB600021212460212124602121246021212460AD
:10CB7000212124602121246021212460212124609D
:10CB8000212124602121246021212460212124608D
:10CB9000212124602121246021212460212124607D
:10CBA000212124602121246021212460212124606D
:10CBB000212124602121246021212460212124605D
:10CBC000212124602121246021212460212124604D
:10CBD000212124602121246021212460212124603D
:10CBE000212124602121246021212460212124602D
:10CBF000212124602121246021212460212124601D
:10CC0000212124602121246021212460212124600C
:10CC100021212460212124602121246021212460FC
:10CC200021212460212124602121246021212460EC
:10CC300021212460212124602121246021212460DC
:10CC400021212460212124602121246021212460CC
:10CC500021212460212124602121246021212460BC
:10CC600021212460212124602121246021212460AC
:10CC7000212124602121246021212460212124609C
:10CC8000212124602121246021212460212124608C
:10CC9000212124602121246021212460212124607C
:10CCA00036363C5B572C27315B27264347324A26D2
:10CCB00031344A392E23462B2E3256332B523A2EFC
:10CCC0002952262729322A26283232222742315E4B
:10CCD0002842395E2932355E2852295E2952462182
:10CCE00029422D512942255626325E222C223554C6
:10CCF0004C422A234152415536332D5A4D295F402B
:10CD00003D4722493D54362A463155534A4246252D
:10CD1000344129462D414D5C2922322827223A23CD
:10CD200028422D592752255B2832295E28522D5E34
:10CD300029422D5D2842295B2932315C2C424A234D
:10CD40002D523622345242263D522D594E385731FB
:10CD50002A323D552B324A292D322D5C4C4B482628
:10CD600021212460212124602121246021212460AB
:10CD7000212124602121246021212460212124609B
:10CD8000212124602121246021212460212124608B
:10CD9000212124602121246021212460212124607B
:10CDA000212124602121246021212460212124606B
:10CDB000212124602121246021212460212124605B
:10CDC000212124602121246021212460212124604B
:10CDD000212124602121246021212460212124603B
:10CDE000212124602121246021212460212124602B
:10CDF000212124602121246021212460212124601B
:10CE0000212124602121246021212460212124600A
:10CE100021212460212124602121246021212460FA
:10CE200021212460212124602121246021212460EA
:10CE300021212460212124602121246021212460DA
:10CE400021212460212124602121246021212460CA
:10CE500021212460212124602121246021212460BA
:10CE600021212460212124602121246021212460AA
:10CE7000212124602121246021212460212124609A
:10CE8000212124602121246021212460212124608A
:10CE9000212124602121246021212460212124607A
:10CEA000212124602121246021212460212124606A
:10CEB000212124602121246021212460212124605A
:10CEC000212124602121246021212460212124604A
:10CED000212124602121246021212460212124603A
:10CEE000212124602121246021212460212124602A
:10CEF000212124602121246021212460212124601A
:10CF00002121246021212460212124602121246009
:10CF100021212460212124602121246021212460F9
:10CF200021212460212124602121246021212460E9
:10CF300021212460212124602121246021212460D9
:10CF400021212460212124602121246021212460C9
:10CF500021212460212124602121246021212460B9
:10CF600021212460212124602121246021212460A9
:10CF70002121246021212460212124602121246099
:10CF80002121246021212460212124602121246089
:10CF90002121246021212460212124602121246079
:10CFA0002121246021212460212124602121246069
:10CFB0002121246021212460212124602121246059
:10CFC0002121246021212460212124602121246049
:10CFD0002121246021212460212124602121246039
:10CFE0002121246021212460212124602121246029
:10CFF0002121246021212460212124602121246019
:10D000002121246021212460212124602121246008
:10D0100021212460212124602121246021212460F8
:10D0200021212460212124602121246021212460E8
:10D0300021212460212124602121246021212460D8
:10D0400021212460212124602121246021212460C8
:10D0500021212460212124602121246021212460B8
:10D06000255230605A3D544158564A4A4A525E262B
:10D070002F5352292E232E2F2C52522A2A524E271A
:10D08000295242242922355F2922315D2932315C1F
:10D0900029422D5C2942295D29215D5C29222D5DD3
:10D0A0002822314E2A32255B2822415F2F42254D0E
:10D0B0004D423A223E41494241455638462822597E
:10D0C0003E4742493D36323B41542A2D45322A21C2
:10D0D0004552322A373135562B422D572822515F7F
:10D0E0002A42255F2942295D2922315B2932315AA2
:10D0F0002A3229592C215D562E5149533221395358
:10D10000362135573A322D604325563F525B5F4EEC
:10D1100032245A322C324E322E33262837565B2791
:10D1200021212460212124602121246021212460E7
:10D1300021212460212124602121246021212460D7
:10D1400021212460212124602121246021212460C7
:10D1500021212460212124602121246021212460B7
:10D1600021212460212124602121246021212460A7
:10D170002121246021212460212124602121246097
:10D180002121246021212460212124602121246087
:10D190002121246021212460212124602121246077
:10D1A0002121246021212460212124602121246067
:10D1B0002121246021212460212124602121246057
:10D1C0002121246021212460212124602121246047
:10D1D0002121246021212460212124602121246037
:10D1E0002121246021212460212124602121246027
:10D1F0002121246021212460212124602121246017
:10D200002121246021212460212124602121246006
:10D2100021212460212124602121246021212460F6
:10D2200021212460212124602121246021212460E6
:10D2300021212460212124602121246021212460D6
:10D2400021212460212124602121246021212460C6
:10D2500021212460212124602121246021212460B6
:10D2600021212460212124602121246021212460A6
:10D270002121246021212460212124602121246096
:10D280002121246021212460212124602121246086
:10D290002121246021212460212124602121246076
:10D2A0002121246021212460212124602121246066
:10D2B0002121246021212460212124602121246056
:10D2C0002121246021212460212124602121246046
:10D2D0002121246021212460212124602121246036
:10D2E0002121246021212460212124602121246026
:10D2F0002121246021212460212124602121246016
:10D300002121246021212460212124602121246005
:10D3100021212460212124602121246021212460F5
:10D3200021212460212124602121246021212460E5
:10D3300021212460212124602121246021212460D5
:10D3400021212460212124602121246021212460C5
:10D3500021212460212124602121246021212460B5
:10D3600021212460212124602121246021212460A5
:10D370002121246021212460212124602121246095
:10D380002121246021212460212124602121246085
:10D390002121246021212460212124602121246075
:10D3A0002121246021212460212124602121246065
:10D3B0002121246021212460212124602121246055
:10D3C0002121246021212460212124602121246045
:10D3D0002121246021212460212124602121246035
:10D3E0002121246021212460212124602121246025
:10D3F0002121246021212460212124602121246015
:10D400002121246021212460212124602121246004
:10D4100021212460212124602121246021212460F4
:10D4200021212460592D50455D58532852325A31DC
:10D4300031534E292E435E3430332A332C42522A44
:10D440002A2246222952315D2A42355D2A522D5D1B
:10D450002942215B2942295E2832295F2822362170
:10D4600027423D592952215F2C22255E3751314FE9
:10D470004B4242233D43214B48292A5E47393A5EBD
:10D480004728224F49275E57442742503A543624B2
:10D490003D51495444423E2E35312D5331415D5B5F
:10D4A00036222E272F4145532F51495231513D5598
:10D4B00034413155373129563C2146214052362FCF
:10D4C00042523E3243333A374748225D512C3B4F5C
:10D4D000324542372C425E342C325A213736565F61
:10D4E0002A334460212124602121246021212460E9
:10D4F0002121246021212460212124602121246014
:10D500002121246021212460212124602121246003
:10D5100021212460212124602121246021212460F3
:10D5200021212460212124602121246021212460E3
:10D5300021212460212124602121246021212460D3
:10D5400021212460212124602121246021212460C3
:10D5500021212460212124602121246021212460B3
:10D5600021212460212124602121246021212460A3
:10D570002121246021212460212124602121246093
:10D580002121246021212460212124602121246083
:10D590002121246021212460212124602121246073
:10D5A0002121246021212460212124602121246063
:10D5B0002121246021212460212124602121246053
:10D5C0002121246021212460212124602121246043
:10D5D0002121246021212460212124602121246033
:10D5E0002121246021212460212124602121246023
:10D5F0002121246021212460212124602121246013
:10D600002121246021212460212124602121246002
:10D6100021212460212124602121246021212460F2
:10D6200021212460212124602121246021212460E2
:10D6300021212460212124602121246021212460D2
:10D6400021212460212124602121246021212460C2
:10D6500021212460212124602121246021212460B2
:10D6600021212460212124602121246021212460A2
:10D670002121246021212460212124602121246092
:10D680002121246021212460212124602121246082
:10D690002121246021212460212124602121246072
:10D6A0002121246021212460212124602121246062
:10D6B0002121246021212460212124602121246052
:10D6C0002121246021212460212124602121246042
:10D6D0002121246021212460212124602121246032
:10D6E0002121246021212460212124602121246022
:10D6F0002121246021212460212124602121246012
:10D700002121246021212460212124602121246001
:10D7100021212460212124602121246021212460F1
:10D7200021212460212124602121246021212460E1
:10D7300021212460212124602121246021212460D1
:10D7400021212460212124602121246021212460C1
:10D7500021212460212124602121246021212460B1
:10D7600021212460212124602121246021212460A1
:10D770002121246021212460212124602121246091
:10D780002121246021212460212124602121246081
:10D790002121246021212460212124602121246071
:10D7A0002121246021212460212124602121246061
:10D7B0002121246021212460212124602121246051
:10D7C0002121246021212460212124602121246041
:10D7D000212124604C5C243A4D3C2758463A4C4663
:10D7E00025323060595E583B5E5B374556325A37BA
:10D7F0003732495D34245E3D2E433A312E43422F69
:10D800002F4356302C5322242E33362C2A523D607F
:10D810002942356029524A2628524E2727424A2655
:10D8200027524A2529424A262A323D5C45414A244C
:10D83000443229574346523F4B5A53304D2A4B2AC4
:10D840004C395B224849225B47484E5B39254A2CBC
:10D8500033435D583641394A4252422D45324635AE
:10D86000445226314552222C4752262E4832263128
:10D8700047422632445236343F22422F38224A272A
:10D88000315326233234222A3F57464F4C5C2B46D5
:10D890003436263A294236232D332E22493B33583B
:10D8A0002121246021212460212124602121246060
:10D8B0002121246021212460212124602121246050
:10D8C0002121246021212460212124602121246040
:10D8D0002121246021212460212124602121246030
:10D8E0002121246021212460212124602121246020
:10D8F0002121246021212460212124602121246010
:10D9000021212460212124602121246021212460FF
:10D9100021212460212124602121246021212460EF
:10D9200021212460212124602121246021212460DF
:10D9300021212460212124602121246021212460CF
:10D9400021212460212124602121246021212460BF
:10D9500021212460212124602121246021212460AF
:10D96000212124602121246021212460212124609F
:10D97000212124602121246021212460212124608F
:10D98000212124602121246021212460212124607F
:10D99000212124602121246021212460212124606F
:10D9A000212124602121246021212460212124605F
:10D9B000212124602121246021212460212124604F
:10D9C000212124602121246021212460212124603F
:10D9D000212124602121246021212460212124602F
:10D9E000212124602121246021212460212124601F
:10D9F000212124602121246021212460212124600F
:10DA000021212460212124602121246021212460FE
:10DA100021212460212124602121246021212460EE
:10DA200021212460212124602121246021212460DE
:10DA300021212460212124602121246021212460CE
:10DA400021212460212124602121246021212460BE
:10DA500021212460212124602121246021212460AE
:10DA6000212124602121246021212460212124609E
:10DA7000212124602121246021212460212124608E
:10DA8000212124602121246021212460212124607E
:10DA9000212124602121246021212460212124606E
:10DAA000212124602121246021212460212124605E
:10DAB000212124602121246021212460212124604E
:10DAC000212124602121246021212460212124603E
:10DAD000212124602121246021212460212124602E
:10DAE000212124602121246021212460212124601E
:10DAF000212124602121246021212460212124600E
:10DB000021212460212124602121246021212460FD
:10DB100021212460212124602121246021212460ED
:10DB200021212460212124602121246021212460DD
:10DB300021212460212124602121246021212460CD
:10DB400021212460212124602121246021212460BD
:10DB500021212460212124602121246021212460AD
:10DB6000212124602121246021212460212124609D
:10DB7000212124602121246021212460212124608D
:10DB8000212124602121246021212460212124607D
:10DB9000212124604E5C374E4B2A57334C4B47367D
:10DBA000512D3351552D334E5C2C2F4B55543A4447
:10DBB00042222D5D3A255642353622503125263EE9
:10DBC00032353E402F5452392F3436372A425624AC
:10DBD0002A423E242E532A34305332392F432A38D6
:10DBE0002C334E382F23322F3242315C50222232D6
:10DBF0003D42214C4A5943284D595F29504A2B2612
:10DC00004858524D4B492A5C48473E4B3C454A2FA9
:10DC100037354A303544362633522551375141562F
:10DC20003A31495B36415D52343229503052214FEE
:10DC30002E5235552D52515E2D2322212E233E2862
:10DC40002E43462C2F43562A3B472A48493B373719
:10DC500033254A302A32455F322456292321345B4A
:10DC6000212124602121246021212460212124609C
:10DC7000212124602121246021212460212124608C
:10DC8000212124602121246021212460212124607C
:10DC9000212124602121246021212460212124606C
:10DCA000212124602121246021212460212124605C
:10DCB000212124602121246021212460212124604C
:10DCC000212124602121246021212460212124603C
:10DCD000212124602121246021212460212124602C
:10DCE000212124602121246021212460212124601C
:10DCF000212124602121246021212460212124600C
:10DD000021212460212124602121246021212460FB
:10DD100021212460212124602121246021212460EB
:10DD200021212460212124602121246021212460DB
:10DD300021212460212124602121246021212460CB
:10DD400021212460212124602121246021212460BB
:10DD500021212460212124602121246021212460AB
:10DD6000212124602121246021212460212124609B
:10DD7000212124602121246021212460212124608B
:10DD8000212124602121246021212460212124607B
:10DD9000212124602121246021212460212124606B
:10DDA000212124602121246021212460212124605B
:10DDB000212124602121246021212460212124604B
:10DDC000212124602121246021212460212124603B
:10DDD000212124602121246021212460212124602B
:10DDE000212124602121246021212460212124601B
:10DDF000212124602121246021212460212124600B
:10DE000021212460212124602121246021212460FA
:10DE100021212460212124602121246021212460EA
:10DE200021212460212124602121246021212460DA
:10DE300021212460212124602121246021212460CA
:10DE400021212460212124602121246021212460BA
:10DE500021212460212124602121246021212460AA
:10DE6000212124602121246021212460212124609A
:10DE7000212124602121246021212460212124608A
:10DE8000212124602121246021212460212124607A
:10DE9000212124602121246021212460212124606A
:10DEA000212124602121246021212460212124605A
:10DEB000212124602121246021212460212124604A
:10DEC000212124602121246021212460212124603A
:10DED000212124602121246021212460212124602A
:10DEE000212124602121246021212460212124601A
:10DEF000212124602121246021212460212124600A
:10DF000021212460212124602121246021212460F9
:10DF100021212460212124602121246021212460E9
:10DF200021212460212124602121246021212460D9
:10DF300021212460212124602121246021212460C9
:10DF400021212460212124602121246021212460B9
:10DF5000212124603E482C3A3735415D4B4A265BEF
:10DF6000524C2340505B2B3245473A3B4F562E4A8A
:10DF70004A4322263C562A3D383726543A262E510B
:10DF80003745324235353244333532452D542E35FE
:10DF90002C23462F2E535A373043563A3123563AC4
:10DFA0002F342E383C234A384752222C4F332A39FB
:10DFB0003633214B4A5A47314B4946604D595B2114
:10DFC0004B295E5E4B29425F4156563C3F46323DEF
:10DFD0003C352A353E453E443A45223F30433A24BB
:10DFE000303325602E5251522F2251532F425D5B08
:10DFF0002E525A212F2326292F2336302E333A3101
:10E000002D2332302E234A2F39565646482A533074
:10E010003B573A4A2B42495C37363A3D2B23445C06
:10E0200021212460212124602121246021212460D8
:10E0300021212460212124602121246021212460C8
:10E0400021212460212124602121246021212460B8
:10E0500021212460212124602121246021212460A8
:10E060002121246021212460212124602121246098
:10E070002121246021212460212124602121246088
:10E080002121246021212460212124602121246078
:10E090002121246021212460212124602121246068
:10E0A0002121246021212460212124602121246058
:10E0B0002121246021212460212124602121246048
:10E0C0002121246021212460212124602121246038
:10E0D0002121246021212460212124602121246028
:10E0E0002121246021212460212124602121246018
:10E0F0002121246021212460212124602121246008
:10E1000021212460212124602121246021212460F7
:10E1100021212460212124602121246021212460E7
:10E1200021212460212124602121246021212460D7
:10E1300021212460212124602121246021212460C7
:10E1400021212460212124602121246021212460B7
:10E1500021212460212124602121246021212460A7
:10E160002121246021212460212124602121246097
:10E170002121246021212460212124602121246087
:10E180002121246021212460212124602121246077
:10E190002121246021212460212124602121246067
:10E1A0002121246021212460212124602121246057
:10E1B0002121246021212460212124602121246047
:10E1C0002121246021212460212124602121246037
:10E1D0002121246021212460212124602121246027
:10E1E0002121246021212460212124602121246017
:10E1F0002121246021212460212124602121246007
:10E2000021212460212124602121246021212460F6
:10E2100021212460212124602121246021212460E6
:10E2200021212460212124602121246021212460D6
:10E2300021212460212124602121246021212460C6
:10E2400021212460212124602121246021212460B6
:10E2500021212460212124602121246021212460A6
:10E260002121246021212460212124602121246096
:10E270002121246021212460212124602121246086
:10E280002121246021212460212124602121246076
:10E290002121246021212460212124602121246066
:10E2A0002121246021212460212124602121246056
:10E2B0002121246021212460212124602121246046
:10E2C0002121246021212460212124602121246036
:10E2D0002121246021212460212124602121246026
:10E2E0002121246021212460212124602121246016
:10E2F0002121246021212460212124602121246006
:10E3000021212460212124602121246021212460F5
:10E310002121246042392C5838254A224E594E5723
:10E320004B385E4E4A49465C494852574937364752
:10E33000524522393C3436213C2732533B463A4D34
:10E340003C262A4D3755564735455A493436224CD6
:10E3500034355E4A353542473625224038545A40D6
:10E360003E542A3D4B524E374E423E313C515D5059
:10E370003D353E2D485A272348294A574A49425A93
:10E38000534D274D564E2B5E4928565B413636403D
:10E3900039242E2D3A542E3839235E3A33434231F4
:10E3A0003153422E3B545A3E3B244E3C33434A2D7C
:10E3B000304352322F2422392D334A352C533232F6
:10E3C0002D4322312F5346343A465E4E475A332A64
:10E3D000402826532A5241553F484F212E44445E3F
:10E3E0002121246021212460212124602121246015
:10E3F0002121246021212460212124602121246005
:10E4000021212460212124602121246021212460F4
:10E4100021212460212124602121246021212460E4
:10E4200021212460212124602121246021212460D4
:10E4300021212460212124602121246021212460C4
:10E4400021212460212124602121246021212460B4
:10E4500021212460212124602121246021212460A4
:10E460002121246021212460212124602121246094
:10E470002121246021212460212124602121246084
:10E480002121246021212460212124602121246074
:10E490002121246021212460212124602121246064
:10E4A0002121246021212460212124602121246054
:10E4B0002121246021212460212124602121246044
:10E4C0002121246021212460212124602121246034
:10E4D0002121246021212460212124602121246024
:10E4E0002121246021212460212124602121246014
:10E4F0002121246021212460212124602121246004
:10E5000021212460212124602121246021212460F3
:10E5100021212460212124602121246021212460E3
:10E5200021212460212124602121246021212460D3
:10E5300021212460212124602121246021212460C3
:10E5400021212460212124602121246021212460B3
:10E5500021212460212124602121246021212460A3
:10E560002121246021212460212124602121246093
:10E570002121246021212460212124602121246083
:10E580002121246021212460212124602121246073
:10E590002121246021212460212124602121246063
:10E5A0002121246021212460212124602121246053
:10E5B0002121246021212460212124602121246043
:10E5C0002121246021212460212124602121246033
:10E5D0002121246021212460212124602121246023
:10E5E0002121246021212460212124602121246013
:10E5F0002121246021212460212124602121246003
:10E6000021212460212124602121246021212460F2
:10E6100021212460212124602121246021212460E2
:10E6200021212460212124602121246021212460D2
:10E6300021212460212124602121246021212460C2
:10E6400021212460212124602121246021212460B2
:10E6500021212460212124602121246021212460A2
:10E660002121246021212460212124602121246092
:10E670002121246021212460212124602121246082
:10E680002121246021212460212124602121246072
:10E690002121246021212460212124602121246062
:10E6A0002121246021212460212124602121246052
:10E6B0002121246021212460212124602121246042
:10E6C0002121246021212460212124602121246032
:10E6D00021212460212124604F5C3B524F49565B2D
:10E6E0004C483E4946384253414722454849225307
:10E6F00056574A5242432D5A453736593D373A52BA
:10E7000039465A4A39263E483A362A493B253A4341
:10E710003E545E424354524347243A3E4853523893
:10E720004D43263B5043263A44332A273442494935
:10E730004D283A5D4D49565C4E3A325C544B273673
:10E74000593C5F54553C2744495726494145363A80
:10E7500036442A2B31333A283043322E2D42562864
:10E760002C524623382432363A444A3C36535E37DC
:10E770003333423531233234302332332F533E3555
:10E780002E3332312E33422F39465A4F475A2B2AD5
:10E7900043585A5F2C3321593E484F45285328602F
:10E7A0002121246021212460212124602121246051
:10E7B0002121246021212460212124602121246041
:10E7C0002121246021212460212124602121246031
:10E7D0002121246021212460212124602121246021
:10E7E0002121246021212460212124602121246011
:10E7F0002121246021212460212124602121246001
:10E8000021212460212124602121246021212460F0
:10E8100021212460212124602121246021212460E0
:10E8200021212460212124602121246021212460D0
:10E8300021212460212124602121246021212460C0
:10E8400021212460212124602121246021212460B0
:10E8500021212460212124602121246021212460A0
:10E860002121246021212460212124602121246090
:10E870002121246021212460212124602121246080
:10E880002121246021212460212124602121246070
:10E890002121246021212460212124602121246060
:10E8A0002121246021212460212124602121246050
:10E8B0002121246021212460212124602121246040
:10E8C0002121246021212460212124602121246030
:10E8D0002121246021212460212124602121246020
:10E8E0002121246021212460212124602121246010
:10E8F0002121246021212460212124602121246000
:10E9000021212460212124602121246021212460EF
:10E9100021212460212124602121246021212460DF
:10E9200021212460212124602121246021212460CF
:10E9300021212460212124602121246021212460BF
:10E9400021212460212124602121246021212460AF
:10E95000212124602121246021212460212124609F
:10E96000212124602121246021212460212124608F
:10E97000212124602121246021212460212124607F
:10E98000212124602121246021212460212124606F
:10E99000212124602121246021212460212124605F
:10E9A000212124602121246021212460212124604F
:10E9B000212124602121246021212460212124603F
:10E9C000212124602121246021212460212124602F
:10E9D000212124602121246021212460212124601F
:10E9E000212124602121246021212460212124600F
:10E9F00021212460212124602121246021212460FF
:10EA000021212460212124602121246021212460EE
:10EA100021212460212124602121246021212460DE
:10EA200021212460212124602121246021212460CE
:10EA300021212460212124602121246021212460BE
:10EA400021212460212124602121246021212460AE
:10EA5000212124602121246021212460212124609E
:10EA6000212124602121246021212460212124608E
:10EA7000212124602121246021212460212124607E
:10EA8000212124602121246021212460212124606E
:10EA90002121246021212460425944524728524BAD
:10EAA00046565E323824395A3B54462B4639224E5C
:10EAB0004F5A225F515636504723462F4726264C41
:10EAC00045362E4D4555464845544A414533363224
:10EAD0004A433A374F434A3951533E3352434635FE
:10EAE00048224E28395321562F4251473C454A353A
:10EAF0004D284E5D4B3856454A484A3C4B492250BA
:10EB00004A48424F4C48224A4656564139344226DA
:10EB10003123315D2C52355A2B323A212A224A2593
:10EB20002A22362133333E273734363435242E35E6
:10EB3000312346312F433E312D325E282E232229A8
:10EB40002E525A262F333A2A36463A48495A5B35CE
:10EB500045293B2634254A38452A4853212124603B
:10EB6000212124602121246021212460212124608D
:10EB7000212124602121246021212460212124607D
:10EB8000212124602121246021212460212124606D
:10EB9000212124602121246021212460212124605D
:10EBA000212124602121246021212460212124604D
:10EBB000212124602121246021212460212124603D
:10EBC000212124602121246021212460212124602D
:10EBD000212124602121246021212460212124601D
:10EBE000212124602121246021212460212124600D
:10EBF00021212460212124602121246021212460FD
:10EC000021212460212124602121246021212460EC
:10EC100021212460212124602121246021212460DC
:10EC200021212460212124602121246021212460CC
:10EC300021212460212124602121246021212460BC
:10EC400021212460212124602121246021212460AC
:10EC5000212124602121246021212460212124609C
:10EC6000212124602121246021212460212124608C
:10EC7000212124602121246021212460212124607C
:10EC8000212124602121246021212460212124606C
:10EC9000212124602121246021212460212124605C
:10ECA000212124602121246021212460212124604C
:10ECB000212124602121246021212460212124603C
:10ECC000212124602121246021212460212124602C
:10ECD000212124602121246021212460212124601C
:10ECE000212124602121246021212460212124600C
:10ECF00021212460212124602121246021212460FC
:10ED000021212460212124602121246021212460EB
:10ED100021212460212124602121246021212460DB
:10ED200021212460212124602121246021212460CB
:10ED300021212460212124602121246021212460BB
:10ED400021212460212124602121246021212460AB
:10ED5000212124602121246021212460212124609B
:10ED6000212124602121246021212460212124608B
:10ED7000212124602121246021212460212124607B
:10ED8000212124602121246021212460212124606B
:10ED9000212124602121246021212460212124605B
:10EDA000212124602121246021212460212124604B
:10EDB000212124602121246021212460212124603B
:10EDC000212124602121246021212460212124602B
:10EDD000212124602121246021212460212124601B
:10EDE000212124602121246021212460212124600B
:10EDF00021212460212124602121246021212460FB
:10EE000021212460212124602121246021212460EA
:10EE100021212460212124602121246021212460DA
:10EE200021212460212124602121246021212460CA
:10EE300021212460212124602121246021212460BA
:10EE400021212460212124602121246021212460AA
:10EE500021212460212124603E4830594859365BE5
:10EE60003D443D4B373359423F362E2B4A394659A4
:10EE70004B5A4F2850592B2759383B294E33562B84
:10EE800050334A3051534E3851234E3C4F33523B4E
:10EE90004D435A3B49333E2C4623295F46242E27B7
:10EEA00047264A4C3D4632472D32514E4026564861
:10EEB00049485321423726433F3636384157424866
:10EEC00045282651424646433A252E322F23315EAD
:10EED0002D225A222B222D5F2A222D5E2932355ACD
:10EEE00029522D562E53215D33442E3133242A3599
:10EEF0002F43462E2E5346312C33222B2D33262CD6
:10EF00002E23222B2F333E2D35562245483A373BB0
:10EF100045594F2E4F3B4F602431486028333060B5
:10EF200029534C6021212460212124602121246067
:10EF300021212460212124602121246021212460B9
:10EF400021212460212124602121246021212460A9
:10EF50002121246021212460212124602121246099
:10EF60002121246021212460212124602121246089
:10EF70002121246021212460212124602121246079
:10EF80002121246021212460212124602121246069
:10EF90002121246021212460212124602121246059
:10EFA0002121246021212460212124602121246049
:10EFB0002121246021212460212124602121246039
:10EFC0002121246021212460212124602121246029
:10EFD0002121246021212460212124602121246019
:10EFE0002121246021212460212124602121246009
:10EFF00021212460212124602121246021212460F9
:10F0000021212460212124602121246021212460E8
:10F0100021212460212124602121246021212460D8
:10F0200021212460212124602121246021212460C8
:10F0300021212460212124602121246021212460B8
:10F0400021212460212124602121246021212460A8
:10F050002121246021212460212124602121246098
:10F060002121246021212460212124602121246088
:10F070002121246021212460212124602121246078
:10F080002121246021212460212124602121246068
:10F090002121246021212460212124602121246058
:10F0A0002121246021212460212124602121246048
:10F0B0002121246021212460212124602121246038
:10F0C0002121246021212460212124602121246028
:10F0D0002121246021212460212124602121246018
:10F0E0002121246021212460212124602121246008
:10F0F00021212460212124602121246021212460F8
:10F1000021212460212124602121246021212460E7
:10F1100021212460212124602121246021212460D7
:10F1200021212460212124602121246021212460C7
:10F1300021212460212124602121246021212460B7
:10F1400021212460212124602121246021212460A7
:10F150002121246021212460212124602121246097
:10F160002121246021212460212124602121246087
:10F170002121246021212460212124602121246077
:10F180002121246021212460212124602121246067
:10F190002121246021212460212124602121246057
:10F1A0002121246021212460212124602121246047
:10F1B0002121246021212460212124602121246037
:10F1C0002121246021212460212124602121246027
:10F1D0002121246021212460212124602121246017
:10F1E0002121246021212460212124602121246007
:10F1F00021212460212124602121246021212460F7
:10F2000021212460212124602121246021212460E6
:10F2100021212460212124602A3334604F4B2F4563
:10F220004A27523F4D292A48535B532F4D395E5D83
:10F23000495A332547295E5D4C484E504C5742454C
:10F240004B565E414956263B47554A3B4545423C55
:10F250004325563C42562E3B4657464C4B592A6056
:10F260004648265737242A2B3022455340365A48E1
:10F270003C4626372E22394E2C4229542F333957FB
:10F280003524522836445A353234222F2E33322B2D
:10F290002A32422429523E2729423A222A32315B1D
:10F2A0002D3259602D432E2230535A3031235232A1
:10F2B0002F533A2F2F5342342D532E302C432A2EC6
:10F2C0002D232A2F2D53362D31343A2F494A2F44DE
:10F2D000473957363F473645475A44593426445EE6
:10F2E0002121246021212460212124602121246006
:10F2F00021212460212124602121246021212460F6
:10F3000021212460212124602121246021212460E5
:10F3100021212460212124602121246021212460D5
:10F3200021212460212124602121246021212460C5
:10F3300021212460212124602121246021212460B5
:10F3400021212460212124602121246021212460A5
:10F350002121246021212460212124602121246095
:10F360002121246021212460212124602121246085
:10F370002121246021212460212124602121246075
:10F380002121246021212460212124602121246065
:10F390002121246021212460212124602121246055
:10F3A0002121246021212460212124602121246045
:10F3B0002121246021212460212124602121246035
:10F3C0002121246021212460212124602121246025
:10F3D0002121246021212460212124602121246015
:10F3E0002121246021212460212124602121246005
:10F3F00021212460212124602121246021212460F5
:10F4000021212460212124602121246021212460E4
:10F4100021212460212124602121246021212460D4
:10F4200021212460212124602121246021212460C4
:10F4300021212460212124602121246021212460B4
:10F4400021212460212124602121246021212460A4
:10F450002121246021212460212124602121246094
:10F460002121246021212460212124602121246084
:10F470002121246021212460212124602121246074
:10F480002121246021212460212124602121246064
:10F490002121246021212460212124602121246054
:10F4A0002121246021212460212124602121246044
:10F4B0002121246021212460212124602121246034
:10F4C0002121246021212460212124602121246024
:10F4D0002121246021212460212124602121246014
:10F4E0002121246021212460212124602121246004
:10F4F00021212460212124602121246021212460F4
:10F5000021212460212124602121246021212460E3
:10F5100021212460212124602121246021212460D3
:10F5200021212460212124602121246021212460C3
:10F5300021212460212124602121246021212460B3
:10F5400021212460212124602121246021212460A3
:10F550002121246021212460212124602121246093
:10F560002121246021212460212124602121246083
:10F570002121246021212460212124602121246073
:10F580002121246021212460212124602121246063
:10F590002121246021212460212124602121246053
:10F5A0002121246021212460212124602121246043
:10F5B0002121246021212460212124602121246033
:10F5C0002121246021212460212124602121246023
:10F5D000212124602121246021212460554E342AD8
:10F5E000514A3F28532A325C5A2C473E4D494656D1
:10F5F0004A295E5D44394A54474956564329264AAA
:10F600004048464540375642424752494347564D87
:10F6100044275A4B4538264B4828525148385250B7
:10F620004457565130525951394536344B39572F7A
:10F6300047485E603755222F3745223B39355A3FC0
:10F6400036452E32312346222E23215F2B22415D67
:10F650002A4246242A223E262B424E2A2C224A2780
:10F66000303342353023522F30435A312F53422FFB
:10F670002E532E2C2F4342342E4342342C532E2E05
:10F680002D4336322D332A2A30542E2C4A4A334900
:10F6900044585B2C303151454358574329432C5F24
:10F6A00021213C602121246021212460212124602A
:10F6B0002121246021212460212124602121246032
:10F6C0002121246021212460212124602121246022
:10F6D0002121246021212460212124602121246012
:10F6E0002121246021212460212124602121246002
:10F6F00021212460212124602121246021212460F2
:10F7000021212460212124602121246021212460E1
:10F7100021212460212124602121246021212460D1
:10F7200021212460212124602121246021212460C1
:10F7300021212460212124602121246021212460B1
:10F7400021212460212124602121246021212460A1
:10F750002121246021212460212124602121246091
:10F760002121246021212460212124602121246081
:10F770002121246021212460212124602121246071
:10F780002121246021212460212124602121246061
:10F790002121246021212460212124602121246051
:10F7A0002121246021212460212124602121246041
:10F7B0002121246021212460212124602121246031
:10F7C0002121246021212460212124602121246021
:10F7D0002121246021212460212124602121246011
:10F7E0002121246021212460212124602121246001
:10F7F00021212460212124602121246021212460F1
:10F8000021212460212124602121246021212460E0
:10F8100021212460212124602121246021212460D0
:10F8200021212460212124602121246021212460C0
:10F8300021212460212124602121246021212460B0
:10F8400021212460212124602121246021212460A0
:10F850002121246021212460212124602121246090
:10F860002121246021212460212124602121246080
:10F870002121246021212460212124602121246070
:10F880002121246021212460212124602121246060
:10F890002121246021212460212124602121246050
:10F8A0002121246021212460212124602121246040
:10F8B0002121246021212460212124602121246030
:10F8C0002121246021212460212124602121246020
:10F8D0002121246021212460212124602121246010
:10F8E0002121246021212460212124602121246000
:10F8F00021212460212124602121246021212460F0
:10F9000021212460212124602121246021212460DF
:10F9100021212460212124602121246021212460CF
:10F9200021212460212124602121246021212460BF
:10F9300021212460212124602121246021212460AF
:10F94000212124602121246021212460212124609F
:10F95000212124602121246021212460212124608F
:10F96000212124602121246021212460212124607F
:10F97000212124602121246021212460212124606F
:10F98000212124602121246021212460212124605F
:10F9900021212460212124602D24445F3636345AED
:10F9A000514B4F3A4D593A4F524A425F515A4324B4
:10F9B0004A49325646392251493A2A604A3942590F
:10F9C00048483A4D47475E4A4838265047375A4DCF
:10F9D00045474A4646275A4449585A4E49284A4CB0
:10F9E000412722443053294C45584A5F4E4B233916
:10F9F000495957254348265442475A5C41575A5A59
:10FA00003F573A523C2636493725363C32343A3154
:10FA100031342E342E23362C2E433A312F53423696
:10FA20003143523D30542235313426362F5346303F
:10FA30002F233A302F2342332F2352372D233630B2
:10FA40002E233E322D432E2B31543E3247493B3F2D
:10FA50003F265A5533415D513A354239563D344679
:10FA6000584D544C45292859295328602121246098
:10FA7000212124602121246021212460212124606E
:10FA8000212124602121246021212460212124605E
:10FA9000212124602121246021212460212124604E
:10FAA000212124602121246021212460212124603E
:10FAB000212124602121246021212460212124602E
:10FAC000212124602121246021212460212124601E
:10FAD000212124602121246021212460212124600E
:10FAE00021212460212124602121246021212460FE
:10FAF00021212460212124602121246021212460EE
:10FB000021212460212124602121246021212460DD
:10FB100021212460212124602121246021212460CD
:10FB200021212460212124602121246021212460BD
:10FB300021212460212124602121246021212460AD
:10FB4000212124602121246021212460212124609D
:10FB5000212124602121246021212460212124608D
:10FB6000212124602121246021212460212124607D
:10FB7000212124602121246021212460212124606D
:10FB8000212124602121246021212460212124605D
:10FB9000212124602121246021212460212124604D
:10FBA000212124602121246021212460212124603D
:10FBB000212124602121246021212460212124602D
:10FBC000212124602121246021212460212124601D
:10FBD000212124602121246021212460212124600D
:10FBE00021212460212124602121246021212460FD
:10FBF00021212460212124602121246021212460ED
:10FC000021212460212124602121246021212460DC
:10FC100021212460212124602121246021212460CC
:10FC200021212460212124602121246021212460BC
:10FC300021212460212124602121246021212460AC
:10FC4000212124602121246021212460212124609C
:10FC5000212124602121246021212460212124608C
:10FC6000212124602121246021212460212124607C
:10FC7000212124602121246021212460212124606C
:10FC8000212124602121246021212460212124605C
:10FC9000212124602121246021212460212124604C
:10FCA000212124602121246021212460212124603C
:10FCB000212124602121246021212460212124602C
:10FCC000212124602121246021212460212124601C
:10FCD000212124602121246021212460212124600C
:10FCE00021212460212124602121246021212460FC
:10FCF00021212460212124602121246021212460EC
:10FD000021212460212124602121246021212460DB
:10FD100021212460212124602121246021212460CB
:10FD200021212460212124602121246021212460BB
:10FD300021212460212124602121246021212460AB
:10FD4000212124602121246021212460212124609B
:10FD50002121246021212460212124602351546029
:10FD6000554D5841512B433348284E454538223D87
:10FD70004648424C48292A5848594A5E4C2A3B2555
:10FD80004859365246484A4C47584E5245475E4AB3
:10FD90004327323F46274A444C385E564827564749
:10FDA0003C3552343935422B493953274C2A4B2D97
:10FDB0004C5A572C4B4A332749495B2548594F2603
:10FDC000462922603D46564243283A5C3F474A5501
:10FDD0003856264234345E373124263034244E409F
:10FDE0003324323F3254463E3244463E3033563559
:10FDF0002E4336302E333E322F535A3A2D433E3265
:10FE00002D533E302D53322C2F335A2C3D265A5B26
:10FE100035342A32335151573241555535424158C4
:10FE200039434E22395446254B4A4345503C504AAB
:10FE300021212460212124602121246021212460AA
:10FE4000212124602121246021212460212124609A
:10FE5000212124602121246021212460212124608A
:10FE6000212124602121246021212460212124607A
:10FE7000212124602121246021212460212124606A
:10FE8000212124602121246021212460212124605A
:10FE9000212124602121246021212460212124604A
:10FEA000212124602121246021212460212124603A
:10FEB000212124602121246021212460212124602A
:10FEC000212124602121246021212460212124601A
:10FED000212124602121246021212460212124600A
:10FEE00021212460212124602121246021212460FA
:10FEF00021212460212124602121246021212460EA
:10FF000021212460212124602121246021212460D9
:10FF100021212460212124602121246021212460C9
:10FF200021212460212124602121246021212460B9
:10FF300021212460212124602121246021212460A9
:10FF40002121246021212460212124602121246099
:10FF50002121246021212460212124602121246089
:10FF60002121246021212460212124602121246079
:10FF70002121246021212460212124602121246069
:10FF80002121246021212460212124602121246059
:10FF90002121246021212460212124602121246049
:10FFA0002121246021212460212124602121246039
:10FFB0002121246021212460212124602121246029
:10FFC0002121246021212460212124602121246019
:10FFD0002121246021212460212124602121246009
:10FFE00021212460212124602121246021212460F9
:10FFF00021212460212124602121246021212460E9
:020000041002E8
:1000000021212460212124602121246021212460D8
:1000100021212460212124602121246021212460C8
:1000200021212460212124602121246021212460B8
:1000300021212460212124602121246021212460A8
:100040002121246021212460212124602121246098
:100050002121246021212460212124602121246088
:100060002121246021212460212124602121246078
:100070002121246021212460212124602121246068
:100080002121246021212460212124602121246058
:100090002121246021212460212124602121246048
:1000A0002121246021212460212124602121246038
:1000B0002121246021212460212124602121246028
:1000C0002121246021212460212124602121246018
:1000D0002121246021212460212124602121246008
:1000E00021212460212124602121246021212460F8
:1000F00021212460212124602121246021212460E8
:1001000021212460212124602121246021212460D7
:1001100021212460212124602121246021212460C7
:1001200024315460535D3C3D505B533A4F5B37364E
:1001300045392254485A272746594B214C2B232A0C
:10014000493A2A5948594A584538364A4648324D5C
:100150004347364046574E484C2842574747364853
:100160003C454E383F265E3F47393A5B4A2A2F24AA
:100170004A4A3260493956544C3A4721502B3F364F
:100180004B2A332946592E5A4C5A5336474947264B
:100190004459232239462A3E32543A2A34244635D9
:1001A00036452E453455264531442E3B2F534A348F
:1001B0002E433A302E4342332F234E372E434A35B7
:1001C0002E333A302E23322C2F23422C332436392F
:1001D00032233E2C30414D59303155573722215D65
:1001E0003A3225583C3241593921594A39443D5E09
:1001F0004D2A3F513324485D2C334C60212124602B
:1002000021212460212124602121246021212460D6
:1002100021212460212124602121246021212460C6
:1002200021212460212124602121246021212460B6
:1002300021212460212124602121246021212460A6
:100240002121246021212460212124602121246096
:100250002121246021212460212124602121246086
:100260002121246021212460212124602121246076
:100270002121246021212460212124602121246066
:100280002121246021212460212124602121246056
:100290002121246021212460212124602121246046
:1002A0002121246021212460212124602121246036
:1002B0002121246021212460212124602121246026
:1002C0002121246021212460212124602121246016
:1002D0002121246021212460212124602121246006
:1002E00021212460212124602121246021212460F6
:1002F00021212460212124602121246021212460E6
:1003000021212460212124602121246021212460D5
:1003100021212460212124602121246021212460C5
:1003200021212460212124602121246021212460B5
:1003300021212460212124602121246021212460A5
:100340002121246021212460212124602121246095
:100350002121246021212460212124602121246085
:100360002121246021212460212124602121246075
:100370002121246021212460212124602121246065
:100380002121246021212460212124602121246055
:100390002121246021212460212124602121246045
:1003A0002121246021212460212124602121246035
:1003B0002121246021212460212124602121246025
:1003C0002121246021212460212124602121246015
:1003D0002121246021212460212124602121246005
:1003E00021212460212124602121246021212460F5
:1003F00021212460212124602121246021212460E5
:1004000021212460212124602121246021212460D4
:1004100021212460212124602121246021212460C4
:1004200021212460212124602121246021212460B4
:1004300021212460212124602121246021212460A4
:100440002121246021212460212124602121246094
:100450002121246021212460212124602121246084
:100460002121246021212460212124602121246074
:100470002121246021212460212124602121246064
:100480002121246021212460212124602121246054
:100490002121246021212460212124602121246044
:1004A0002121246021212460212124602121246034
:1004B0002121246021212460212124602121246024
:1004C0002121246021212460212124602121246014
:1004D0002121246021212460212124602121246004
:1004E000212124602E34385F525C4F5044282E4E18
:1004F00040373A41494A232B493A272A4B4A432657
:100500004D5A572748492E5346484A4F43575E464F
:1005100042575E474438324C47385E5744275A4D5D
:100520003E362E424237464649294E5E4C3A4F2EC1
:100530004B4A37264B4A365A4C3A4659503B3B3287
:100540004C2A332941374A3F4B2A2B2A4E5B2B40FA
:1005500049395731373536313625223332542E2E2C
:100560003544563D31242A3632343A3D31442A3C12
:100570002F3342342E4342342F4356392E534A36BA
:100580002D432A2E2D53262C2D525E292F43322CFB
:100590002E4239602D51595A2B515D553432215D0F
:1005A00038214D573D22355E3E42455C403235583C
:1005B000404151544E282B245C3D44483736285F37
:1005C00027223860212124602121246021212460F8
:1005D0002121246021212460212124602121246003
:1005E00021212460212124602121246021212460F3
:1005F00021212460212124602121246021212460E3
:1006000021212460212124602121246021212460D2
:1006100021212460212124602121246021212460C2
:1006200021212460212124602121246021212460B2
:1006300021212460212124602121246021212460A2
:100640002121246021212460212124602121246092
:100650002121246021212460212124602121246082
:100660002121246021212460212124602121246072
:100670002121246021212460212124602121246062
:100680002121246021212460212124602121246052
:100690002121246021212460212124602121246042
:1006A0002121246021212460212124602121246032
:1006B0002121246021212460212124602121246022
:1006C0002121246021212460212124602121246012
:1006D0002121246021212460212124602121246002
:1006E00021212460212124602121246021212460F2
:1006F00021212460212124602121246021212460E2
:1007000021212460212124602121246021212460D1
:1007100021212460212124602121246021212460C1
:1007200021212460212124602121246021212460B1
:1007300021212460212124602121246021212460A1
:100740002121246021212460212124602121246091
:100750002121246021212460212124602121246081
:100760002121246021212460212124602121246071
:100770002121246021212460212124602121246061
:100780002121246021212460212124602121246051
:100790002121246021212460212124602121246041
:1007A0002121246021212460212124602121246031
:1007B0002121246021212460212124602121246021
:1007C0002121246021212460212124602121246011
:1007D0002121246021212460212124602121246001
:1007E00021212460212124602121246021212460F1
:1007F00021212460212124602121246021212460E1
:1008000021212460212124602121246021212460D0
:1008100021212460212124602121246021212460C0
:1008200021212460212124602121246021212460B0
:1008300021212460212124602121246021212460A0
:100840002121246021212460212124602121246090
:100850002121246021212460212124602121246080
:100860002121246021212460212124602121246070
:100870002121246021212460212124602121246060
:100880002121246021212460212124602121246050
:100890002121246021212460212124602121246040
:1008A0002121246021412C60524D3C4846292A6078
:1008B00047285A5B44584E554E2B373D4B5B232DF2
:1008C000495A325F49494E5D46383E4D45582649A2
:1008D00044374E43463822494A4922584627524A0D
:1008E0004226564A435752464929465B48293721F2
:1008F00049293F244A595E5D4C2A3259505B3337AF
:10090000503B233F484926604D4A3B3941374250CE
:100910003B455E4233542E2C32335A2C31234E2D1C
:100920003444423F30435A343134263732242A3B50
:100930002D33222C2F434A3730235E3B2E433E3348
:100940002D325A2C2D525A2D2C324A282F43222E2A
:100950002D5145592D3155592D5322233141595986
:10096000373145593C51515E3E3149584222296048
:10097000462232254821462148414E224E373659DB
:10098000503A374B535C284C505C405C212124602A
:10099000212124602121246021212460212124603F
:1009A000212124602121246021212460212124602F
:1009B000212124602121246021212460212124601F
:1009C000212124602121246021212460212124600F
:1009D00021212460212124602121246021212460FF
:1009E00021212460212124602121246021212460EF
:1009F00021212460212124602121246021212460DF
:100A000021212460212124602121246021212460CE
:100A100021212460212124602121246021212460BE
:100A200021212460212124602121246021212460AE
:100A3000212124602121246021212460212124609E
:100A4000212124602121246021212460212124608E
:100A5000212124602121246021212460212124607E
:100A6000212124602121246021212460212124606E
:100A7000212124602121246021212460212124605E
:100A8000212124602121246021212460212124604E
:100A9000212124602121246021212460212124603E
:100AA000212124602121246021212460212124602E
:100AB000212124602121246021212460212124601E
:100AC000212124602121246021212460212124600E
:100AD00021212460212124602121246021212460FE
:100AE00021212460212124602121246021212460EE
:100AF00021212460212124602121246021212460DE
:100B000021212460212124602121246021212460CD
:100B100021212460212124602121246021212460BD
:100B200021212460212124602121246021212460AD
:100B3000212124602121246021212460212124609D
:100B4000212124602121246021212460212124608D
:100B5000212124602121246021212460212124607D
:100B6000212124602121246021212460212124606D
:100B7000212124602121246021212460212124605D
:100B8000212124602121246021212460212124604D
:100B9000212124602121246021212460212124603D
:100BA000212124602121246021212460212124602D
:100BB000212124602121246021212460212124601D
:100BC000212124602121246021212460212124600D
:100BD00021212460212124602121246021212460FD
:100BE00021212460212124602121246021212460ED
:100BF00021212460212124602121246021212460DD
:100C000021212460212124602121246021212460CC
:100C100021212460212124602121246021212460BC
:100C200021212460212124602121246021212460AC
:100C3000212124602121246021212460212124609C
:100C4000212124602121246021212460212124608C
:100C5000212124602121246021212460212124607C
:100C6000212124602121246021212460465A4C49FD
:100C7000514C5F53492B33324D3C3C4A4B4B5B3A12
:100C80004B3B272E49495E6047485E5346283A4B06
:100C900045282A4746283A4949492A554728364C83
:100CA00043472E4E43474A444739225345383E591D
:100CB00046384A60465852534738564E41473242AA
:100CC0003C355A3738445E283855222E37244A2F6F
:100CD00030532D5F2F532A263053362F3053423551
:100CE0002E225A2C2E332A2930535A343154263A84
:100CF0002C525A292D532E302F334A372E3332326D
:100D00002D525A2D2D2246292B423E282D523E2768
:100D10002E4139572D2141542E4326243321515B36
:100D200039213D5D3E413D60404149604041395B74
:100D30004341355D484146244C52222C4A413E21D4
:100D400047414D6042233E26572B3B524659545D46
:100D5000212124602121246021212460212124607B
:100D6000212124602121246021212460212124606B
:100D7000212124602121246021212460212124605B
:100D8000212124602121246021212460212124604B
:100D9000212124602121246021212460212124603B
:100DA000212124602121246021212460212124602B
:100DB000212124602121246021212460212124601B
:100DC000212124602121246021212460212124600B
:100DD00021212460212124602121246021212460FB
:100DE00021212460212124602121246021212460EB
:100DF00021212460212124602121246021212460DB
:100E000021212460212124602121246021212460CA
:100E100021212460212124602121246021212460BA
:100E200021212460212124602121246021212460AA
:100E3000212124602121246021212460212124609A
:100E4000212124602121246021212460212124608A
:100E5000212124602121246021212460212124607A
:100E6000212124602121246021212460212124606A
:100E7000212124602121246021212460212124605A
:100E8000212124602121246021212460212124604A
:100E9000212124602121246021212460212124603A
:100EA000212124602121246021212460212124602A
:100EB000212124602121246021212460212124601A
:100EC000212124602121246021212460212124600A
:100ED00021212460212124602121246021212460FA
:100EE00021212460212124602121246021212460EA
:100EF00021212460212124602121246021212460DA
:100F000021212460212124602121246021212460C9
:100F100021212460212124602121246021212460B9
:100F200021212460212124602121246021212460A9
:100F30002121246021212460212124602121246099
:100F40002121246021212460212124602121246089
:100F50002121246021212460212124602121246079
:100F60002121246021212460212124602121246069
:100F70002121246021212460212124602121246059
:100F80002121246021212460212124602121246049
:100F90002121246021212460212124602121246039
:100FA0002121246021212460212124602121246029
:100FB0002121246021212460212124602121246019
:100FC0002121246021212460212124602121246009
:100FD00021212460212124602121246021212460F9
:100FE00021212460212124602121246021212460E9
:100FF00021212460212124602121246021212460D9
:1010000021212460212124602121246021212460C8
:1010100021212460212124602121246021212460B8
:101020002121246021212460212124602131286094
:10103000212124602121246021212460524E303D51
:101040004A4B2F354B4A33254728564A45584E4878
:1010500044483E494638364C4A29265748284E527D
:1010600042373E4B41272E444428224F45283254D4
:1010700046284A5B444836563544455E39454A352C
:101080003D265E4133544D4F35545D5B47394F31FA
:1010900042585F2B30542E2B2F533E292E225A2696
:1010A0002B5245602E225A223143523131435E3752
:1010B0002E232A2F2D3322302E532E352E525E30E2
:1010C0002E224A292D323A232C5245602B32315D93
:1010D0002E514D562D315D502B5249543531455DC1
:1010E000395142243A2125553C5135593E41415D03
:1010F000452146234A2132224C32262B4941522592
:10110000494135604C4226284D513A2451585729BF
:10111000595D382A492958534459505F2121246088
:1011200021212460212124602121246021212460A7
:101130002121246021212460212124602121246097
:101140002121246021212460212124602121246087
:101150002121246021212460212124602121246077
:101160002121246021212460212124602121246067
:101170002121246021212460212124602121246057
:101180002121246021212460212124602121246047
:101190002121246021212460212124602121246037
:1011A0002121246021212460212124602121246027
:1011B0002121246021212460212124602121246017
:1011C0002121246021212460212124602121246007
:1011D00021212460212124602121246021212460F7
:1011E00021212460212124602121246021212460E7
:1011F00021212460212124602121246021212460D7
:1012000021212460212124602121246021212460C6
:1012100021212460212124602121246021212460B6
:1012200021212460212124602121246021212460A6
:101230002121246021212460212124602121246096
:101240002121246021212460212124602121246086
:101250002121246021212460212124602121246076
:101260002121246021212460212124602121246066
:101270002121246021212460212124602121246056
:101280002121246021212460212124602121246046
:101290002121246021212460212124602121246036
:1012A0002121246021212460212124602121246026
:1012B0002121246021212460212124602121246016
:1012C0002121246021212460212124602121246006
:1012D00021212460212124602121246021212460F6
:1012E00021212460212124602121246021212460E6
:1012F00021212460212124602121246021212460D6
:1013000021212460212124602121246021212460C5
:1013100021212460212124602121246021212460B5
:1013200021212460212124602121246021212460A5
:101330002121246021212460212124602121246095
:101340002121246021212460212124602121246085
:101350002121246021212460212124602121246075
:101360002121246021212460212124602121246065
:101370002121246021212460212124602121246055
:101380002121246021212460212124602121246045
:101390002121246021212460212124602121246035
:1013A0002121246021212460212124602121246025
:1013B0002121246021212460212124602121246015
:1013C0002121246021212460212124602121246005
:1013D00021212460212124602121246021212460F5
:1013E00021212460212124602121246021212460E5
:1013F0002121246021212460212124602B535C5F62
:10140000503D3F5E4B4B2B304929465646284E49AE
:1014100043483A4744383A4B47585A5448385E553F
:1014200043575E4D41373644422742474337564E75
:10143000434822544047364F3454462A38453E3DAF
:10144000515B575D4D2A474149293B3545385B3053
:101450003324563229423153294151512A315155B1
:101460002751455131235A293755424430535A3177
:101470002E332E2C2D225A2B2E33262E2E2252295D
:101480002C5231602D32395E2D42455E2B22215780
:101490002D4141513032555E3043422638322A25A3
:1014A0003A21395E3A5141583E51455E42214A2225
:1014B0004521315D4941295E49513E214941355F10
:1014C0004B512E224D312E21524142294F2152287B
:1014D0004B33423147552E3C5A3C4C24495A3858DC
:1014E000212124602F553C5F21212460212124608B
:1014F00021212460212124602121246021212460D4
:1015000021212460212124602121246021212460C3
:1015100021212460212124602121246021212460B3
:1015200021212460212124602121246021212460A3
:101530002121246021212460212124602121246093
:101540002121246021212460212124602121246083
:101550002121246021212460212124602121246073
:101560002121246021212460212124602121246063
:101570002121246021212460212124602121246053
:101580002121246021212460212124602121246043
:101590002121246021212460212124602121246033
:1015A0002121246021212460212124602121246023
:1015B0002121246021212460212124602121246013
:1015C0002121246021212460212124602121246003
:1015D00021212460212124602121246021212460F3
:1015E00021212460212124602121246021212460E3
:1015F00021212460212124602121246021212460D3
:1016000021212460212124602121246021212460C2
:1016100021212460212124602121246021212460B2
:1016200021212460212124602121246021212460A2
:101630002121246021212460212124602121246092
:101640002121246021212460212124602121246082
:101650002121246021212460212124602121246072
:101660002121246021212460212124602121246062
:101670002121246021212460212124602121246052
:101680002121246021212460212124602121246042
:101690002121246021212460212124602121246032
:1016A0002121246021212460212124602121246022
:1016B0002121246021212460212124602121246012
:1016C0002121246021212460212124602121246002
:1016D00021212460212124602121246021212460F2
:1016E00021212460212124602121246021212460E2
:1016F00021212460212124602121246021212460D2
:1017000021212460212124602121246021212460C1
:1017100021212460212124602121246021212460B1
:1017200021212460212124602121246021212460A1
:101730002121246021212460212124602121246091
:101740002121246021212460212124602121246081
:101750002121246021212460212124602121246071
:101760002121246021212460212124602121246061
:101770002121246021212460212124602121246051
:101780002121246021212460212124602121246041
:101790002121246021212460212124602121246031
:1017A0002121246021212460212124602121246021
:1017B00021212460212124602121246021312860FD
:1017C0002C34245E4D3C3B424D3A472D47483A4C21
:1017D0004558464D4528524F4659225347292654CD
:1017E00046384652423742444247424841573A4AB5
:1017F000425752543655222E2D4251532C224955D0
:101800002C2241532E323D532F2235532C21554C3F
:101810002B222D4F2941594D2B31594F2A51514DD2
:101820002A22214B40375F2337254E3F31542E313A
:101830002F43462D2D4256262E2256282C52462224
:101840002C42415F2C42395B2D32395A2B422552B2
:101850002D414D52304256252F424A21392159609F
:101860003B51495B3A3131533931294F3C5129546D
:101870004621315D4D513A264B31362146212558BE
:101880004731355D4B51215B58213A3054212A2F85
:101890004D214A264C523A264B425A2254594F3631
:1018A0004C5A5452464B5C5721212460212124601C
:1018B0002121246021212460212124602121246010
:1018C0002121246021212460212124602121246000
:1018D00021212460212124602121246021212460F0
:1018E00021212460212124602121246021212460E0
:1018F00021212460212124602121246021212460D0
:1019000021212460212124602121246021212460BF
:1019100021212460212124602121246021212460AF
:10192000212124602121246021212460212124609F
:10193000212124602121246021212460212124608F
:10194000212124602121246021212460212124607F
:10195000212124602121246021212460212124606F
:10196000212124602121246021212460212124605F
:10197000212124602121246021212460212124604F
:10198000212124602121246021212460212124603F
:10199000212124602121246021212460212124602F
:1019A000212124602121246021212460212124601F
:1019B000212124602121246021212460212124600F
:1019C00021212460212124602121246021212460FF
:1019D00021212460212124602121246021212460EF
:1019E00021212460212124602121246021212460DF
:1019F00021212460212124602121246021212460CF
:101A000021212460212124602121246021212460BE
:101A100021212460212124602121246021212460AE
:101A2000212124602121246021212460212124609E
:101A3000212124602121246021212460212124608E
:101A4000212124602121246021212460212124607E
:101A5000212124602121246021212460212124606E
:101A6000212124602121246021212460212124605E
:101A7000212124602121246021212460212124604E
:101A8000212124602121246021212460212124603E
:101A9000212124602121246021212460212124602E
:101AA000212124602121246021212460212124601E
:101AB000212124602121246021212460212124600E
:101AC00021212460212124602121246021212460FE
:101AD00021212460212124602121246021212460EE
:101AE00021212460212124602121246021212460DE
:101AF00021212460212124602121246021212460CE
:101B000021212460212124602121246021212460BD
:101B100021212460212124602121246021212460AD
:101B2000212124602121246021212460212124609D
:101B3000212124602121246021212460212124608D
:101B4000212124602121246021212460212124607D
:101B5000212124602121246021212460212124606D
:101B6000212124602121246021212460212124605D
:101B7000212124602121246021212460212124604D
:101B8000212124604E2C34464E2A47344C593722AA
:101B900047584A524638424E47385A5346593256A9
:101BA000465852524357564742273A4541473248D2
:101BB00046384B243C263644294159442A42355163
:101BC0002D3259543123355432233954322355554B
:101BD0003324455C392552314448265743575654DF
:101BE00043583259485A2F4231443E2B2F434A27FB
:101BF0002D5322252E525E292E3252272C4241602F
:101C00002C22415E2C22395B2B4225512951514710
:101C10002E32355831232E2E332246284033263299
:101C20003C41254E3E2149583B512D5241313D5AB0
:101C30004921315F4B513E2247213D5C425135568F
:101C400045313D5B4C5131605921463254512E2A69
:101C50004C41295D4E422A2A51314E294F222629D4
:101C6000575A2B4A504B2C523034405F2D54285F2A
:101C7000212124602121246021212460212124604C
:101C8000212124602121246021212460212124603C
:101C9000212124602121246021212460212124602C
:101CA000212124602121246021212460212124601C
:101CB000212124602121246021212460212124600C
:101CC00021212460212124602121246021212460FC
:101CD00021212460212124602121246021212460EC
:101CE00021212460212124602121246021212460DC
:101CF00021212460212124602121246021212460CC
:101D000021212460212124602121246021212460BB
:101D100021212460212124602121246021212460AB
:101D2000212124602121246021212460212124609B
:101D3000212124602121246021212460212124608B
:101D4000212124602121246021212460212124607B
:101D5000212124602121246021212460212124606B
:101D6000212124602121246021212460212124605B
:101D7000212124602121246021212460212124604B
:101D8000212124602121246021212460212124603B
:101D9000212124602121246021212460212124602B
:101DA000212124602121246021212460212124601B
:101DB000212124602121246021212460212124600B
:101DC00021212460212124602121246021212460FB
:101DD00021212460212124602121246021212460EB
:101DE00021212460212124602121246021212460DB
:101DF00021212460212124602121246021212460CB
:101E000021212460212124602121246021212460BA
:101E100021212460212124602121246021212460AA
:101E2000212124602121246021212460212124609A
:101E3000212124602121246021212460212124608A
:101E4000212124602121246021212460212124607A
:101E5000212124602121246021212460212124606A
:101E6000212124602121246021212460212124605A
:101E7000212124602121246021212460212124604A
:101E8000212124602121246021212460212124603A
:101E9000212124602121246021212460212124602A
:101EA000212124602121246021212460212124601A
:101EB000212124602121246021212460212124600A
:101EC00021212460212124602121246021212460FA
:101ED00021212460212124602121246021212460EA
:101EE00021212460212124602121246021212460DA
:101EF00021212460212124602121246021212460CA
:101F000021212460212124602121246021212460B9
:101F100021212460212124602121246021212460A9
:101F20002121246021212460212124602121246099
:101F30002121246021212460212124602121246089
:101F400021212460212124604A5A583E493A2328FD
:101F5000464922544838565448284E5246492A5534
:101F600048392E5A4538324F425742474237364950
:101F70004738532247592B2E3C364A472A5241486C
:101F800047495F30553D2B55584D475B5B5E3424C8
:101F9000595E2B5E4C4A4B2A4528264449285E53FD
:101FA0004C5A372C41282B212C532D5E2E333227AF
:101FB0002E225A282E224A292E424A2B2C323A22ED
:101FC0002C2242212B22315A2A522D4E2A52314B99
:101FD00030232A242E224A2633415A213E313D5AAB
:101FE000423141563F512D523F413D564551355AA0
:101FF0004D4142254941415E3F5131503F313152BF
:102000004641315C50313E285731362D55212E2224
:102010004E41355D4A31295D5021362E55214238D9
:102020005041222A5547472455595F3D5A2C3C269A
:10203000582D40522E44305F2521606021212460BC
:102040002121246021212460212124602121246078
:102050002121246021212460212124602121246068
:102060002121246021212460212124602121246058
:102070002121246021212460212124602121246048
:102080002121246021212460212124602121246038
:102090002121246021212460212124602121246028
:1020A0002121246021212460212124602121246018
:1020B0002121246021212460212124602121246008
:1020C00021212460212124602121246021212460F8
:1020D00021212460212124602121246021212460E8
:1020E00021212460212124602121246021212460D8
:1020F00021212460212124602121246021212460C8
:1021000021212460212124602121246021212460B7
:1021100021212460212124602121246021212460A7
:102120002121246021212460212124602121246097
:102130002121246021212460212124602121246087
:102140002121246021212460212124602121246077
:102150002121246021212460212124602121246067
:102160002121246021212460212124602121246057
:102170002121246021212460212124602121246047
:102180002121246021212460212124602121246037
:102190002121246021212460212124602121246027
:1021A0002121246021212460212124602121246017
:1021B0002121246021212460212124602121246007
:1021C00021212460212124602121246021212460F7
:1021D00021212460212124602121246021212460E7
:1021E00021212460212124602121246021212460D7
:1021F00021212460212124602121246021212460C7
:1022000021212460212124602121246021212460B6
:1022100021212460212124602121246021212460A6
:102220002121246021212460212124602121246096
:102230002121246021212460212124602121246086
:102240002121246021212460212124602121246076
:102250002121246021212460212124602121246066
:102260002121246021212460212124602121246056
:102270002121246021212460212124602121246046
:102280002121246021212460212124602121246036
:102290002121246021212460212124602121246026
:1022A0002121246021212460212124602121246016
:1022B0002121246021212460212124602121246006
:1022C00021212460212124602121246021212460F6
:1022D00021212460212124602121246021212460E6
:1022E00021212460212124602121246021212460D6
:1022F00021212460212124602121246021212460C6
:10230000212124602131286030246060513E375FF4
:10231000465A37224759225549285A554749265780
:102320004929425F45483A504357524B423732475A
:102330004528225541473A4A4A5A2B3444592321C9
:10234000573D5C2343485E464F4B3B2B4F4B3B284E
:1023500049295E504B4A32584D2A225D504A4B2E35
:102360004A49472235552A382B32455D2E232228EB
:102370002E224E2A2D52462A2E224A2A2C3232232F
:102380002C3242242B22315A2A4225492D425156C1
:102390003033462A2D424E243A325A2F4341562199
:1023A00047214D5C42412D53413131534951355CF8
:1023B00051414E294A2149603D3139503A514952E3
:1023C00041214D5C4C513A27585142355851422FCA
:1023D000535126224E4122224D512A2753413E324B
:1023E0005721363153513624522252294F233A2D48
:1023F00050365655562A4F445D4D543A4359285944
:1024000021212460212124602121246021212460B4
:1024100021212460212124602121246021212460A4
:102420002121246021212460212124602121246094
:102430002121246021212460212124602121246084
:102440002121246021212460212124602121246074
:102450002121246021212460212124602121246064
:102460002121246021212460212124602121246054
:102470002121246021212460212124602121246044
:102480002121246021212460212124602121246034
:102490002121246021212460212124602121246024
:1024A0002121246021212460212124602121246014
:1024B0002121246021212460212124602121246004
:1024C00021212460212124602121246021212460F4
:1024D00021212460212124602121246021212460E4
:1024E00021212460212124602121246021212460D4
:1024F00021212460212124602121246021212460C4
:1025000021212460212124602121246021212460B3
:1025100021212460212124602121246021212460A3
:102520002121246021212460212124602121246093
:102530002121246021212460212124602121246083
:102540002121246021212460212124602121246073
:102550002121246021212460212124602121246063
:102560002121246021212460212124602121246053
:102570002121246021212460212124602121246043
:102580002121246021212460212124602121246033
:102590002121246021212460212124602121246023
:1025A0002121246021212460212124602121246013
:1025B0002121246021212460212124602121246003
:1025C00021212460212124602121246021212460F3
:1025D00021212460212124602121246021212460E3
:1025E00021212460212124602121246021212460D3
:1025F00021212460212124602121246021212460C3
:1026000021212460212124602121246021212460B2
:1026100021212460212124602121246021212460A2
:102620002121246021212460212124602121246092
:102630002121246021212460212124602121246082
:102640002121246021212460212124602121246072
:102650002121246021212460212124602121246062
:102660002121246021212460212124602121246052
:102670002121246021212460212124602121246042
:102680002121246021212460212124602121246032
:102690002121246021212460212124602121246022
:1026A0002121246021212460212124602121246012
:1026B0002121246021212460212124602121246002
:1026C00021212460212124603D39345C4129345981
:1026D000514C3F4849393A5A47485A534738565659
:1026E00049294E6047285E574448264E4347424A90
:1026F00042573248422736464348264E4D2A5736DF
:1027000043484E4C4B2A3E60544C333C534C23368A
:102710004839424F4F4B232C4F4A432F504A4B3B93
:102720004849232630534A262C524E222D22462435
:102730002D424A272D223E262C423A232C523E225D
:102740002B52355C2A315D502C522D4B32234228BE
:102750002E3326242C423D593A322D5E4441455CAD
:1027600049214D5F43412D53423131504C21315A63
:102770005451522C50214E284851356043514E221D
:102780003F22222143314A224E21522E5151422EC4
:1027900051412E294E513A244E313E2253513E276B
:1027A00058313A2B555126245351362456324A3645
:1027B0005433223852532E374E232E305459272F5C
:1027C000564B44314B2A3858212124602121246062
:1027D00021212460212124602121246021212460E1
:1027E00021212460212124602121246021212460D1
:1027F00021212460212124602121246021212460C1
:1028000021212460212124602121246021212460B0
:1028100021212460212124602121246021212460A0
:102820002121246021212460212124602121246090
:102830002121246021212460212124602121246080
:102840002121246021212460212124602121246070
:102850002121246021212460212124602121246060
:102860002121246021212460212124602121246050
:102870002121246021212460212124602121246040
:102880002121246021212460212124602121246030
:102890002121246021212460212124602121246020
:1028A0002121246021212460212124602121246010
:1028B0002121246021212460212124602121246000
:1028C00021212460212124602121246021212460F0
:1028D00021212460212124602121246021212460E0
:1028E00021212460212124602121246021212460D0
:1028F00021212460212124602121246021212460C0
:1029000021212460212124602121246021212460AF
:10291000212124602121246021212460212124609F
:10292000212124602121246021212460212124608F
:10293000212124602121246021212460212124607F
:10294000212124602121246021212460212124606F
:10295000212124602121246021212460212124605F
:10296000212124602121246021212460212124604F
:10297000212124602121246021212460212124603F
:10298000212124602121246021212460212124602F
:10299000212124602121246021212460212124601F
:1029A000212124602121246021212460212124600F
:1029B00021212460212124602121246021212460FF
:1029C00021212460212124602121246021212460EF
:1029D00021212460212124602121246021212460DF
:1029E00021212460212124602121246021212460CF
:1029F00021212460212124602121246021212460BF
:102A000021212460212124602121246021212460AE
:102A1000212124602121246021212460212124609E
:102A2000212124602121246021212460212124608E
:102A3000212124602121246021212460212124607E
:102A4000212124602121246021212460212124606E
:102A5000212124602121246021212460212124605E
:102A6000212124602121246021212460212124604E
:102A7000212124602121246021212460212124603E
:102A800021212460212124602A434460523B545078
:102A9000595C575A48282E4B475936594939466090
:102AA00047594A5B47493A5A4538325044274249C8
:102AB0004337324841365A404147324246385656EB
:102AC0004C5A3F2D46383E4B542B473B594D234FD4
:102AD000502B232E533B53414A4933244E3A333E25
:102AE0003C563E462D32415A2D4246222D324A2234
:102AF0002C5242222D224A212C223D5C2B523D5742
:102B00002A5225502C523D5132325D5A35334E33C4
:102B10002D22415F2B32254D3F532E29443135570D
:102B200049514E2243212D534221294B4E51395EAA
:102B300057414A2D523122235531463354413236C2
:102B400050422E3C4842223142415E2543215E23C1
:102B5000475156234B21415F4F21395E55413A245D
:102B60005851322857212A2855212A275431362DE9
:102B70005652464254322E37552222305452362E67
:102B800050432A2F56492F365B2D383547495C5A1A
:102B90002121246021312860212124602121246009
:102BA000212124602121246021212460212124600D
:102BB00021212460212124602121246021212460FD
:102BC00021212460212124602121246021212460ED
:102BD00021212460212124602121246021212460DD
:102BE00021212460212124602121246021212460CD
:102BF00021212460212124602121246021212460BD
:102C000021212460212124602121246021212460AC
:102C1000212124602121246021212460212124609C
:102C2000212124602121246021212460212124608C
:102C3000212124602121246021212460212124607C
:102C4000212124602121246021212460212124606C
:102C5000212124602121246021212460212124605C
:102C6000212124602121246021212460212124604C
:102C7000212124602121246021212460212124603C
:102C8000212124602121246021212460212124602C
:102C9000212124602121246021212460212124601C
:102CA000212124602121246021212460212124600C
:102CB00021212460212124602121246021212460FC
:102CC00021212460212124602121246021212460EC
:102CD00021212460212124602121246021212460DC
:102CE00021212460212124602121246021212460CC
:102CF00021212460212124602121246021212460BC
:102D000021212460212124602121246021212460AB
:102D1000212124602121246021212460212124609B
:102D2000212124602121246021212460212124608B
:102D3000212124602121246021212460212124607B
:102D4000212124602121246021212460212124606B
:102D5000212124602121246021212460212124605B
:102D6000212124602121246021212460212124604B
:102D7000212124602121246021212460212124603B
:102D8000212124602121246021212460212124602B
:102D9000212124602121246021212460212124601B
:102DA000212124602121246021212460212124600B
:102DB00021212460212124602121246021212460FB
:102DC00021212460212124602121246021212460EB
:102DD00021212460212124602121246021212460DB
:102DE00021212460212124602121246021212460CB
:102DF00021212460212124602121246021212460BB
:102E000021212460212124602121246021212460AA
:102E1000212124602121246021212460212124609A
:102E2000212124602121246021212460212124608A
:102E30002121246021212460212124603847545E0F
:102E4000212124604C4A4C575C4D44435027565C2A
:102E50004325215D552B433647285E4F47285A545A
:102E60004859565E48294A5C4639225644574E4CCA
:102E700043373E4C3F464E413F465E4042574247F5
:102E80004B494323525B3B3F45274A434B49365B03
:102E9000493926574D2A272D505A574345582B2438
:102EA0002E2249532D423D5B2D223D5F2C524A215B
:102EB0002C5252222D2252212C52415A2D32395558
:102EC0002C515D4E312249563643215B30422D5BF9
:102ED0002B315D5630325D5649362A4E42213153F0
:102EE00048314A2343312D524331314E4F412D5DFC
:102EF0005841422D51212A2253513A2F5C514E44C0
:102F00005D213E4158522A3A50423A3A47322E28E1
:102F1000464156234A2146254D413E245421462907
:102F200057412E2759413A2F5651323154313A34B4
:102F300050312E2A51414A2D5421562F55415A2E97
:102F40005722223054222E2E4E54323D593A4F51A0
:102F50005B5E344E3054585E212124602121246070
:102F60002121246021212460212124602121246049
:102F70002121246021212460212124602121246039
:102F80002121246021212460212124602121246029
:102F90002121246021212460212124602121246019
:102FA0002121246021212460212124602121246009
:102FB00021212460212124602121246021212460F9
:102FC00021212460212124602121246021212460E9
:102FD00021212460212124602121246021212460D9
:102FE00021212460212124602121246021212460C9
:102FF00021212460212124602121246021212460B9
:1030000021212460212124602121246021212460A8
:103010002121246021212460212124602121246098
:103020002121246021212460212124602121246088
:103030002121246021212460212124602121246078
:103040002121246021212460212124602121246068
:103050002121246021212460212124602121246058
:103060002121246021212460212124602121246048
:103070002121246021212460212124602121246038
:103080002121246021212460212124602121246028
:103090002121246021212460212124602121246018
:1030A0002121246021212460212124602121246008
:1030B00021212460212124602121246021212460F8
:1030C00021212460212124602121246021212460E8
:1030D00021212460212124602121246021212460D8
:1030E00021212460212124602121246021212460C8
:1030F00021212460212124602121246021212460B8
:1031000021212460212124602121246021212460A7
:103110002121246021212460212124602121246097
:103120002121246021212460212124602121246087
:103130002121246021212460212124602121246077
:103140002121246021212460212124602121246067
:103150002121246021212460212124602121246057
:103160002121246021212460212124602121246047
:103170002121246021212460212124602121246037
:103180002121246021212460212124602121246027
:103190002121246021212460212124602121246017
:1031A0002121246021212460212124602121246007
:1031B00021212460212124602121246021212460F7
:1031C00021212460212124602121246021212460E7
:1031D00021212460212124602121246021212460D7
:1031E00021212460212124602121246021212460C7
:1031F00021212460212124602121246038455C5C48
:103200005B3D344352382F2A4C532E244C53455C9B
:10321000582A47274D4A3253495822474728324BAC
:10322000482922564839425A45393E5846482A527A
:10323000402732493E2722493C46564342272247EF
:103240004547464B4A3947264C5A2B2D4859265D4F
:1032500049392B214939272840465E5032233221F3
:103260002E52395B2D32355E2C32455F2B52562162
:103270002B425E222C4251602D523D5B2D31495034
:1032800032223D5C3552555E382241552C41314841
:103290002B522D5435442A2151392F373D51395065
:1032A0004621422145513957463141515231316011
:1032B00057513A294F412D5E525132295D324647CE
:1032C0005A5146305A51395C5C21563F5A522A4174
:1032D00052422E3B4B5156354B314A2F4E314A2BE1
:1032E0005451562C594142325931363953213232D8
:1032F0004E413A224E412D5F54213A2A55215231F6
:1033000055214E315531463054423E3951423E34BA
:1033100050465E555D2E30392E43545F2121246086
:103320002121246021212460212124602121246085
:103330002121246021212460212124602121246075
:103340002121246021212460212124602121246065
:103350002121246021212460212124602121246055
:103360002121246021212460212124602121246045
:103370002121246021212460212124602121246035
:103380002121246021212460212124602121246025
:103390002121246021212460212124602121246015
:1033A0002121246021212460212124602121246005
:1033B00021212460212124602121246021212460F5
:1033C00021212460212124602121246021212460E5
:1033D00021212460212124602121246021212460D5
:1033E00021212460212124602121246021212460C5
:1033F00021212460212124602121246021212460B5
:1034000021212460212124602121246021212460A4
:103410002121246021212460212124602121246094
:103420002121246021212460212124602121246084
:103430002121246021212460212124602121246074
:103440002121246021212460212124602121246064
:103450002121246021212460212124602121246054
:103460002121246021212460212124602121246044
:103470002121246021212460212124602121246034
:103480002121246021212460212124602121246024
:103490002121246021212460212124602121246014
:1034A0002121246021212460212124602121246004
:1034B00021212460212124602121246021212460F4
:1034C00021212460212124602121246021212460E4
:1034D00021212460212124602121246021212460D4
:1034E00021212460212124602121246021212460C4
:1034F00021212460212124602121246021212460B4
:1035000021212460212124602121246021212460A3
:103510002121246021212460212124602121246093
:103520002121246021212460212124602121246083
:103530002121246021212460212124602121246073
:103540002121246021212460212124602121246063
:103550002121246021212460212124602121246053
:103560002121246021212460212124602121246043
:103570002121246021212460212124602121246033
:103580002121246021212460212124602121246023
:103590002121246021212460212124602121246013
:1035A0002121246021212460212124602121246003
:1035B00026223060475A345B5A3E2C475E4B3359C3
:1035C0004F33422E50513E274D31495850575E3DA2
:1035D000592C4F37415546234123595F45474E4BA0
:1035E0004738365048492A5646393E5846375A4D8C
:1035F000425822533D3722483A5652423E364E43B5
:10360000405652463C46323E3A4552353A55563976
:1036100038352A3335343E2F302326222E224A21B4
:103620002D4246232D2236212C323A212C32522390
:103630002C3256232C52455E2E32355A31423D5C97
:1036400036232A273342295430512D412F215154FA
:103650002B3155503D46323F54295F403F21355074
:1036600046514621445131534A51415158413A251E
:103670005951322F52213A245A514E335D21563D31
:103680005641355D5A415A2B60235B225D23264902
:103690005B215E405A42224A57523A4B52314E32D7
:1036A00051415E2752214D605441362457514632D4
:1036B00053413E335131322C5251322D53515632F7
:1036C0005421563055415A315141522750315A25D3
:1036D000504242294E5542455D2D38372B233C5FE1
:1036E00021212460212124602121246021212460C2
:1036F00021212460212124602121246021212460B2
:1037000021212460212124602121246021212460A1
:103710002121246021212460212124602121246091
:103720002121246021212460212124602121246081
:103730002121246021212460212124602121246071
:103740002121246021212460212124602121246061
:103750002121246021212460212124602121246051
:103760002121246021212460212124602121246041
:103770002121246021212460212124602121246031
:103780002121246021212460212124602121246021
:103790002121246021212460212124602121246011
:1037A0002121246021212460212124602121246001
:1037B00021212460212124602121246021212460F1
:1037C00021212460212124602121246021212460E1
:1037D00021212460212124602121246021212460D1
:1037E00021212460212124602121246021212460C1
:1037F00021212460212124602121246021212460B1
:1038000021212460212124602121246021212460A0
:103810002121246021212460212124602121246090
:103820002121246021212460212124602121246080
:103830002121246021212460212124602121246070
:103840002121246021212460212124602121246060
:103850002121246021212460212124602121246050
:103860002121246021212460212124602121246040
:103870002121246021212460212124602121246030
:103880002121246021212460212124602121246020
:103890002121246021212460212124602121246010
:1038A0002121246021212460212124602121246000
:1038B00021212460212124602121246021212460F0
:1038C00021212460212124602121246021212460E0
:1038D00021212460212124602121246021212460D0
:1038E00021212460212124602121246021212460C0
:1038F00021212460212124602121246021212460B0
:10390000212124602121246021212460212124609F
:10391000212124602121246021212460212124608F
:10392000212124602121246021212460212124607F
:10393000212124602121246021212460212124606F
:10394000212124602121246021212460212124605F
:10395000212124602121246021212460212124604F
:103960002121246021212460212124604459585DB3
:103970005B3D544A5A4A43494F252E3B53415223FB
:1039800055413A2553314E2B4922514F5F2D2F3847
:10399000533B37213E332156424226213F362A3DB2
:1039A00044372A444558224D45285A524728224F29
:1039B000403732443C365A4139264E403C264A452F
:1039C0004027264F3B2626423534462F32235629A0
:1039D00031334A2E2F53362D2E23222A2D425E2A92
:1039E0002E332E2E2D2242252C5242252D325A279F
:1039F0002D425A262D22455E2E32355933325A2217
:103A00003342395A305139482E512D442E513D55AB
:103A10002C314D4E3F364E444F38472843214557B1
:103A200047413E2244512D514B512D4B58214224A8
:103A300055312225533136245D215A345C315235BB
:103A40005251214E5D343E575D543F265631462437
:103A50005A313A2C5C213E3C5C314A445D222E4670
:103A60005C532E4653523E2B4F31415B503146241E
:103A70004D21462C4F21322C553136335551463489
:103A800053213E2D51513A284F514224524146274D
:103A90005541362856222E304F3532415C4D483440
:103AA00023414860212124602121246021212460B8
:103AB00021212460212124602121246021212460EE
:103AC00021212460212124602121246021212460DE
:103AD00021212460212124602121246021212460CE
:103AE00021212460212124602121246021212460BE
:103AF00021212460212124602121246021212460AE
:103B0000212124602121246021212460212124609D
:103B1000212124602121246021212460212124608D
:103B2000212124602121246021212460212124607D
:103B3000212124602121246021212460212124606D
:103B4000212124602121246021212460212124605D
:103B5000212124602121246021212460212124604D
:103B6000212124602121246021212460212124603D
:103B7000212124602121246021212460212124602D
:103B8000212124602121246021212460212124601D
:103B9000212124602121246021212460212124600D
:103BA00021212460212124602121246021212460FD
:103BB00021212460212124602121246021212460ED
:103BC00021212460212124602121246021212460DD
:103BD00021212460212124602121246021212460CD
:103BE00021212460212124602121246021212460BD
:103BF00021212460212124602121246021212460AD
:103C0000212124602121246021212460212124609C
:103C1000212124602121246021212460212124608C
:103C2000212124602121246021212460212124607C
:103C3000212124602121246021212460212124606C
:103C4000212124602121246021212460212124605C
:103C5000212124602121246021212460212124604C
:103C6000212124602121246021212460212124603C
:103C7000212124602121246021212460212124602C
:103C8000212124602121246021212460212124601C
:103C9000212124602121246021212460212124600C
:103CA00021212460212124602121246021212460FC
:103CB00021212460212124602121246021212460EC
:103CC00021212460212124602121246021212460DC
:103CD00021212460212124602121246021212460CC
:103CE00021212460212124602121246021212460BC
:103CF00021212460212124602121246021212460AC
:103D0000212124602121246021212460212124609B
:103D1000212124602121246021212460212124608B
:103D200021212460493A4C5D544C3854572A4B4564
:103D300052542A3E5541222C584146344D41295F68
:103D40004D415628455151534A3826335A2D433355
:103D5000485822403B41395342215A2836533D5C52
:103D60004125563F41464A414047464645373A4934
:103D7000423742493D5722423A5726423C265A444E
:103D80003E464E493C262A433935423F37352A4084
:103D900033342E3A315356372F23322D30234E30C1
:103DA0002E533A2B2E325E2C2D52562A2D53222A78
:103DB0002D425A262C323D5C302256213052355944
:103DC0002F2129473051354B2D312D47304139585E
:103DD0002E41455042473A4F4D273E564721515EAE
:103DE0004751315F464129534E31355857323630AD
:103DF0005331255F5941562D5C415632593132219C
:103E00005751395B5E3533275C33424C58512D583E
:103E10005A21315E5E2256425932463F5E54325933
:103E20005D233A4A5C2332495A233A4A5453264185
:103E30004C32262A4A41396051514E2F52413A2D77
:103E400050512E2B4E5122264F414A2D5231322DA8
:103E500053312A2B53513A285431562451362A488B
:103E60005B4D5C422A533C60272244602E24346020
:103E7000212124602121246021212460212124602A
:103E8000212124602121246021212460212124601A
:103E9000212124602121246021212460212124600A
:103EA00021212460212124602121246021212460FA
:103EB00021212460212124602121246021212460EA
:103EC00021212460212124602121246021212460DA
:103ED00021212460212124602121246021212460CA
:103EE00021212460212124602121246021212460BA
:103EF00021212460212124602121246021212460AA
:103F00002121246021212460212124602121246099
:103F10002121246021212460212124602121246089
:103F20002121246021212460212124602121246079
:103F30002121246021212460212124602121246069
:103F40002121246021212460212124602121246059
:103F50002121246021212460212124602121246049
:103F60002121246021212460212124602121246039
:103F70002121246021212460212124602121246029
:103F80002121246021212460212124602121246019
:103F90002121246021212460212124602121246009
:103FA00021212460212124602121246021212460F9
:103FB00021212460212124602121246021212460E9
:103FC00021212460212124602121246021212460D9
:103FD00021212460212124602121246021212460C9
:103FE00021212460212124602121246021212460B9
:103FF00021212460212124602121246021212460A9
:104000002121246021212460212124602121246098
:104010002121246021212460212124602121246088
:104020002121246021212460212124602121246078
:104030002121246021212460212124602121246068
:104040002121246021212460212124602121246058
:104050002121246021212460212124602121246048
:104060002121246021212460212124602121246038
:104070002121246021212460212124602121246028
:104080002121246021212460212124602121246018
:104090002121246021212460212124602121246008
:1040A00021212460212124602121246021212460F8
:1040B00021212460212124602121246021212460E8
:1040C00021212460212124602121246021212460D8
:1040D0002121246021212460212124602351546066
:1040E0004A2A50595F5E30425346265456513A335D
:1040F000542146344E4142324D215A3848315A2ECD
:104100004A423E323C52393D595D4333593C5B3A59
:1041100047272A4C3241354A3451294B3B422D5CCA
:104120003C342E313C2526373D36424243565649D3
:1041300042473648403732443D272E423D365E43A3
:104140003F364A433D463A3E3D2636423C56324A89
:1041500039554E4638353E4537252A4136445E3C72
:1041600032335E2C2E43322C2E5332322F333E30DC
:104170002C324E222B3235592C4231562B413147AD
:104180003021414E30413D4E2E313D4E3221395B82
:104190003021394F4347324F47553E3B4941422238
:1041A0004831295E49512D565332222F55423A3714
:1041B00051312D565A2136255C2222345621315256
:1041C0005C42323360252F28565141605931355FAA
:1041D0005C4252375F344A585B5356495F3543233C
:1041E0005D552E5E605623315D4436605B323E493C
:1041F0005B233649503252374B32262A48514223EC
:104200004A4132264C3126254D41362A51513E3104
:1042100052414E3251513A295621422754422625C5
:10422000534827234C3B24542D54286021212460DB
:104230002121246021212460212124602121246066
:104240002121246021212460212124602121246056
:104250002121246021212460212124602121246046
:104260002121246021212460212124602121246036
:104270002121246021212460212124602121246026
:104280002121246021212460212124602121246016
:104290002121246021212460212124602121246006
:1042A00021212460212124602121246021212460F6
:1042B00021212460212124602121246021212460E6
:1042C00021212460212124602121246021212460D6
:1042D00021212460212124602121246021212460C6
:1042E00021212460212124602121246021212460B6
:1042F00021212460212124602121246021212460A6
:104300002121246021212460212124602121246095
:104310002121246021212460212124602121246085
:104320002121246021212460212124602121246075
:104330002121246021212460212124602121246065
:104340002121246021212460212124602121246055
:104350002121246021212460212124602121246045
:104360002121246021212460212124602121246035
:104370002121246021212460212124602121246025
:104380002121246021212460212124602121246015
:104390002121246021212460212124602121246005
:1043A00021212460212124602121246021212460F5
:1043B00021212460212124602121246021212460E5
:1043C00021212460212124602121246021212460D5
:1043D00021212460212124602121246021212460C5
:1043E00021212460212124602121246021212460B5
:1043F00021212460212124602121246021212460A5
:104400002121246021212460212124602121246094
:104410002121246021212460212124602121246084
:104420002121246021212460212124602121246074
:104430002121246021212460212124602121246064
:104440002121246021212460212124602121246054
:104450002121246021212460212124602121246044
:104460002121246021212460212124602121246034
:104470002121246021212460212124602121246024
:104480002121246021212460212124602121246014
:10449000212124602121246021212460532D2859C9
:1044A0005C3C602C4E444A404F2156294E514E2DC3
:1044B0004E322A364A422A36493232384D2226387E
:1044C0004D21315F53592A485C3E5742554B5F3E60
:1044D0003942495A3121414533213D473B514558E5
:1044E00038325E2239242A3038452A3641254E405A
:1044F0004236524642372E493E4726443E565A459A
:10450000413722493F565A414157424E43582E5C4B
:10451000405746573D46524E3A254E4239453E4158
:1045200034542E2F3033423130434E362E53262B07
:104530002B32355B2B2231572851454A2B51454CA4
:104540002E51394E3021314D2E21314C3321395BE2
:10455000312141503623495943233A224B313E26DB
:10456000494132234C412D5858415E395431423231
:1045700050512D585A414E2D5C415A3557213156D4
:104580005E32263E5C53264B573135585A52463ED2
:104590005E235E58585252406036232E5D335A4D8A
:1045A0005A22563C5A33564B5F262F315F564F3AAC
:1045B0005C242A585A225248563246424A424A35C8
:1045C000442156214B513A245141422C5141362726
:1045D00054414E345251322D54414A2A55514E289D
:1045E00051425A2E574A374B3535445E3626585D70
:1045F00021212460212124602121246021212460A3
:104600002121246021212460212124602121246092
:104610002121246021212460212124602121246082
:104620002121246021212460212124602121246072
:104630002121246021212460212124602121246062
:104640002121246021212460212124602121246052
:104650002121246021212460212124602121246042
:104660002121246021212460212124602121246032
:104670002121246021212460212124602121246022
:104680002121246021212460212124602121246012
:104690002121246021212460212124602121246002
:1046A00021212460212124602121246021212460F2
:1046B00021212460212124602121246021212460E2
:1046C00021212460212124602121246021212460D2
:1046D00021212460212124602121246021212460C2
:1046E00021212460212124602121246021212460B2
:1046F00021212460212124602121246021212460A2
:104700002121246021212460212124602121246091
:104710002121246021212460212124602121246081
:104720002121246021212460212124602121246071
:104730002121246021212460212124602121246061
:104740002121246021212460212124602121246051
:104750002121246021212460212124602121246041
:104760002121246021212460212124602121246031
:104770002121246021212460212124602121246021
:104780002121246021212460212124602121246011
:104790002121246021212460212124602121246001
:1047A00021212460212124602121246021212460F1
:1047B00021212460212124602121246021212460E1
:1047C00021212460212124602121246021212460D1
:1047D00021212460212124602121246021212460C1
:1047E00021212460212124602121246021212460B1
:1047F00021212460212124602121246021212460A1
:104800002121246021212460212124602121246090
:104810002121246021212460212124602121246080
:104820002121246021212460212124602121246070
:104830002121246021212460212124602121246060
:104840002121246021212460212124602121246050
:104850002121246021212460514C505B564B3F594B
:104860004823322A4F2252324C32322A4C423A2DBD
:104870004F31522A54213A2D56214A3158314E3562
:104880004B3155495B2B56605A4D3B3D4F28225BBF
:104890003D41495633212D3D372129463B21415683
:1048A0003451514E3933562D3544262A3C24263076
:1048B0003D245E3340262A3F3F265E483F365E4C0D
:1048C00040565A4D4157424E4137424D3E3726449D
:1048D00040474E503F4736523845363B39352E42D9
:1048E00036242A3831534A3330232E2E2E224622A4
:1048F0002C222D592A215D522A315D512C415553CC
:104900002E51395031213D522F21414D31412D53EE
:1049100031415953383436264242515F4B513E2B78
:1049200047512A234F41315C5B515E395151262951
:104930004C415A2659433A4759513E2D59513A272D
:104940005F4222485D315A3E5B31422A5D533E5000
:104950005A533A4E5B532A4D5A3246435C225647CD
:104960005C433A4B5D345A5A60263F2E5F462F2CEB
:104970005C343A595E4342545E22364959324645C8
:1049800050524A3A4D2232304D21522950512E2652
:104990005331362E55313232524122275051322274
:1049A00053314E244F5422315B4C60302E54345FCF
:1049B00021212460212124602121246021212460DF
:1049C00021212460212124602121246021212460CF
:1049D00021212460212124602121246021212460BF
:1049E00021212460212124602121246021212460AF
:1049F000212124602121246021212460212124609F
:104A0000212124602121246021212460212124608E
:104A1000212124602121246021212460212124607E
:104A2000212124602121246021212460212124606E
:104A3000212124602121246021212460212124605E
:104A4000212124602121246021212460212124604E
:104A5000212124602121246021212460212124603E
:104A6000212124602121246021212460212124602E
:104A7000212124602121246021212460212124601E
:104A8000212124602121246021212460212124600E
:104A900021212460212124602121246021212460FE
:104AA00021212460212124602121246021212460EE
:104AB00021212460212124602121246021212460DE
:104AC00021212460212124602121246021212460CE
:104AD00021212460212124602121246021212460BE
:104AE00021212460212124602121246021212460AE
:104AF000212124602121246021212460212124609E
:104B0000212124602121246021212460212124608D
:104B1000212124602121246021212460212124607D
:104B2000212124602121246021212460212124606D
:104B3000212124602121246021212460212124605D
:104B4000212124602121246021212460212124604D
:104B5000212124602121246021212460212124603D
:104B6000212124602121246021212460212124602D
:104B7000212124602121246021212460212124601D
:104B8000212124602121246021212460212124600D
:104B900021212460212124602121246021212460FD
:104BA00021212460212124602121246021212460ED
:104BB00021212460212124602121246021212460DD
:104BC00021212460212124602121246021212460CD
:104BD00021212460212124602121246021212460BD
:104BE00021212460212124602121246021212460AD
:104BF000212124602121246021212460212124609D
:104C0000212124602121246021212460212124608C
:104C10002E54306044595051542B37554A23423357
:104C20004C42262B53214A2D585142325A3146319B
:104C300058414E2A58514A245941295C55513D5CEE
:104C40004B563D545B3E37315C5C273F4532355B0C
:104C50003E31454F3A512D44404139553A213D5757
:104C6000345129433832595F37235A2B3A23362897
:104C70003833422336534D60385536343B562A4735
:104C80003D362E493C363E443B26363D3C4722418C
:104C90003C265A41364536313354322D3454263869
:104CA0003333423831333A322F3252262D32255B9C
:104CB0002C4221582A515D532A2159512B414952E6
:104CC0002F213D55312135522F41414A30412D4F41
:104CD000315225564B392B35424245604D215233D6
:104CE00047312E235221422157515E2C45313156F6
:104CF0003A21515849333E3C553332395D235E5693
:104D00005A52364757522A3A5B324A4459424E3A2F
:104D100060254B285F244A5F5C425A4E5B22464B1B
:104D20005E233A555F2352565C5436535F554321F8
:104D30005B323A355A2152315E31463A5D513E3E40
:104D40005A215240552236414D4242394B222E3192
:104D50004E21522E53513631554136335331462E62
:104D60005151315F51514D5A50562A465C5E344084
:104D70002B333460212124602121246021212460EF
:104D8000212124602121246021212460212124600B
:104D900021212460212124602121246021212460FB
:104DA00021212460212124602121246021212460EB
:104DB00021212460212124602121246021212460DB
:104DC00021212460212124602121246021212460CB
:104DD00021212460212124602121246021212460BB
:104DE00021212460212124602121246021212460AB
:104DF000212124602121246021212460212124609B
:104E0000212124602121246021212460212124608A
:104E1000212124602121246021212460212124607A
:104E2000212124602121246021212460212124606A
:104E3000212124602121246021212460212124605A
:104E4000212124602121246021212460212124604A
:104E5000212124602121246021212460212124603A
:104E6000212124602121246021212460212124602A
:104E7000212124602121246021212460212124601A
:104E8000212124602121246021212460212124600A
:104E900021212460212124602121246021212460FA
:104EA00021212460212124602121246021212460EA
:104EB00021212460212124602121246021212460DA
:104EC00021212460212124602121246021212460CA
:104ED00021212460212124602121246021212460BA
:104EE00021212460212124602121246021212460AA
:104EF000212124602121246021212460212124609A
:104F00002121246021212460212124602121246089
:104F10002121246021212460212124602121246079
:104F20002121246021212460212124602121246069
:104F30002121246021212460212124602121246059
:104F40002121246021212460212124602121246049
:104F50002121246021212460212124602121246039
:104F60002121246021212460212124602121246029
:104F70002121246021212460212124602121246019
:104F80002121246021212460212124602121246009
:104F900021212460212124602121246021212460F9
:104FA00021212460212124602121246021212460E9
:104FB00021212460212124602121246021212460D9
:104FC0002121246021212460213128602B232C60A1
:104FD000582C3C2B4B462E4B4D523A2D52314E2BDA
:104FE00052413E2457513E2D593132325921322DF2
:104FF00058212D5E573131585A31315E4F4141466B
:10500000543A464D545C5728583927234A51496031
:105010003E4145533A212D4A3C21295137213149FE
:105020003621213E48425A2F3B52455A36332159A8
:1050300038232D5B325335593123422332433A2FE3
:105040003444423A3555463F3825463F36352E31B1
:1050500033445A2632544A2C32535E34314332326E
:105060003133362F2E5322262C32395D2A514553A7
:105070002C4141542C514D562A5159542A514D51CD
:105080002F212D50352139573231354A304145488D
:1050900030415D4844363E4E393229504D51562CF0
:1050A0004941295C51414E23535136244B31415FD4
:1050B00043515559435139544641395548322A2CA8
:1050C0004D3336424E535A494A524E364E232A38B1
:1050D00055445A546027233E5E24325C5E532E555D
:1050E0005E4252515F4256555B22424B59224A4022
:1050F0005651415F5A313E235D2136295C213A2FBA
:105100005A52363A59522E3C5832323E5033263D8E
:105110004A323A2C4E41562D5151322D5341322EA6
:1051200054313A2A5151355D4D42495F58284F2C30
:105130005A2B47604B3A5C57273244602121246048
:105140002121246021212460212124602121246047
:105150002121246021212460212124602121246037
:105160002121246021212460212124602121246027
:105170002121246021212460212124602121246017
:105180002121246021212460212124602121246007
:1051900021212460212124602121246021212460F7
:1051A00021212460212124602121246021212460E7
:1051B00021212460212124602121246021212460D7
:1051C00021212460212124602121246021212460C7
:1051D00021212460212124602121246021212460B7
:1051E00021212460212124602121246021212460A7
:1051F0002121246021212460212124602121246097
:105200002121246021212460212124602121246086
:105210002121246021212460212124602121246076
:105220002121246021212460212124602121246066
:105230002121246021212460212124602121246056
:105240002121246021212460212124602121246046
:105250002121246021212460212124602121246036
:105260002121246021212460212124602121246026
:105270002121246021212460212124602121246016
:105280002121246021212460212124602121246006
:1052900021212460212124602121246021212460F6
:1052A00021212460212124602121246021212460E6
:1052B00021212460212124602121246021212460D6
:1052C00021212460212124602121246021212460C6
:1052D00021212460212124602121246021212460B6
:1052E00021212460212124602121246021212460A6
:1052F0002121246021212460212124602121246096
:105300002121246021212460212124602121246085
:105310002121246021212460212124602121246075
:105320002121246021212460212124602121246065
:105330002121246021212460212124602121246055
:105340002121246021212460212124602121246045
:105350002121246021212460212124602121246035
:105360002121246021212460212124602121246025
:1053700021212460425A5C5D212124602121246086
:1053800021212460212124604D3B345A585B275051
:105390004D532A2C53413A2757213A2D55513A293A
:1053A0005531315F582132255751362A57312E2336
:1053B0005741295E5541355D562145604A23354A9E
:1053C0005F2E2345574B43294D44563047314560A6
:1053D0003A312D4C3C5139533F214D5D3421294305
:1053E000352125404E322E2D48423625372259553B
:1053F0003A23296037332E2535333E2B3133422C67
:105400002C3342252D233E223324263335343E339C
:1054100036344E35323356293133322D2F42562C05
:105420002D524E242B515D572A5159542B5149541A
:105430002E2139542D414554295225542822214FDB
:105440002E51354F37513959375151553031293F48
:10545000365259574255223C3D534A254B513E2125
:105460004B3129595031295D58314A2E53513A2632
:105470004F51415D5141455F52414A2750214E2DC8
:105480004B213A2847313E2244513D5D4121395656
:1054900042222E214953523C52235E4D5E545F29D5
:1054A0005B2232465B4156425C415A435B41523D6E
:1054B00058512A2B5B21422D5E4246395D23263E00
:1054C0005F2452595E4422565D4322505952324560
:1054D00054524A444D523A374E415A3053213A2D94
:1054E0005521322A532142274E41415F52235238DF
:1054F00051445A444D584F26594D30454D3C245F38
:105500002121246021212460212124602121246083
:105510002121246021212460212124602121246073
:105520002121246021212460212124602121246063
:105530002121246021212460212124602121246053
:105540002121246021212460212124602121246043
:105550002121246021212460212124602121246033
:105560002121246021212460212124602121246023
:105570002121246021212460212124602121246013
:105580002121246021212460212124602121246003
:1055900021212460212124602121246021212460F3
:1055A00021212460212124602121246021212460E3
:1055B00021212460212124602121246021212460D3
:1055C00021212460212124602121246021212460C3
:1055D00021212460212124602121246021212460B3
:1055E00021212460212124602121246021212460A3
:1055F0002121246021212460212124602121246093
:105600002121246021212460212124602121246082
:105610002121246021212460212124602121246072
:105620002121246021212460212124602121246062
:105630002121246021212460212124602121246052
:105640002121246021212460212124602121246042
:105650002121246021212460212124602121246032
:105660002121246021212460212124602121246022
:105670002121246021212460212124602121246012
:105680002121246021212460212124602121246002
:1056900021212460212124602121246021212460F2
:1056A00021212460212124602121246021212460E2
:1056B00021212460212124602121246021212460D2
:1056C00021212460212124602121246021212460C2
:1056D00021212460212124602121246021212460B2
:1056E00021212460212124602121246021212460A2
:1056F0002121246021212460212124602121246092
:105700002121246021212460212124602121246081
:105710002121246021212460212124602121246071
:105720002121246021212460212124602121246061
:1057300021212460412A385D212124602121246017
:1057400021212460572C44495528532F50212223CE
:105750005741362E59512A2B5841362A5351362457
:105760005341395C54513A21575136255A4136221A
:10577000592132225351295F4E513D545028263C25
:10578000594D2F3552274A404B515D5F4131315AB7
:10579000364125473D51315342315A243451314C21
:1057A00033312D4744413D5C5222363442215D590C
:1057B0003E32422137223D5D3743322A33435A2D50
:1057C0002E335E292D432E222E224D592F5245561F
:1057D0002F22254F2F5241562F3255602E2256260A
:1057E0002A52215E2B3139512B513D512C514554B8
:1057F0002D4145542C2151532932214F28514948DC
:105800002F31314A375141583641395131512945AB
:105810003A42555D3F334628384121404C314E21B4
:105820004B3129575241355F58313A285331255E63
:1058300052312959594132235D212A2B5F223E40A2
:105840005B324E4353422A304F3135604F514E2523
:105850004D4142234821422244315A274A32563A86
:105860005A34465E5E5342555B2136345D215E3BC1
:105870005E223A465B413A3B5E3246495F342E57E0
:105880005F344A585F3436586024366060425A5E4E
:105890005C415649554242404F523A304F414E24A6
:1058A0004F51356051412E2153213A294E21422634
:1058B0005424324B4F435A394A25223A4E4A543ED9
:1058C00021212460212124602121246021212460C0
:1058D00021212460212124602121246021212460B0
:1058E00021212460212124602121246021212460A0
:1058F0002121246021212460212124602121246090
:10590000212124602121246021212460212124607F
:10591000212124602121246021212460212124606F
:10592000212124602121246021212460212124605F
:10593000212124602121246021212460212124604F
:10594000212124602121246021212460212124603F
:10595000212124602121246021212460212124602F
:10596000212124602121246021212460212124601F
:10597000212124602121246021212460212124600F
:1059800021212460212124602121246021212460FF
:1059900021212460212124602121246021212460EF
:1059A00021212460212124602121246021212460DF
:1059B00021212460212124602121246021212460CF
:1059C00021212460212124602121246021212460BF
:1059D00021212460212124602121246021212460AF
:1059E000212124602121246021212460212124609F
:1059F000212124602121246021212460212124608F
:105A0000212124602121246021212460212124607E
:105A1000212124602121246021212460212124606E
:105A2000212124602121246021212460212124605E
:105A3000212124602121246021212460212124604E
:105A4000212124602121246021212460212124603E
:105A5000212124602121246021212460212124602E
:105A6000212124602121246021212460212124601E
:105A7000212124602121246021212460212124600E
:105A800021212460212124602121246021212460FE
:105A900021212460212124602121246021212460EE
:105AA00021212460212124602121246021212460DE
:105AB00021212460212124602121246021212460CE
:105AC00021212460212124602121246021212460BE
:105AD00021212460212124602121246021212460AE
:105AE000212124602121246021212460212124609E
:105AF0002121246021212460213128603555545E04
:105B00005A4D2C2F4C24563451513E2657214A349D
:105B100057415637574156335421362651212D606F
:105B200050513D5F50313E2556413A2A5A312E227E
:105B300059413E2B5231322247522D45595C373064
:105B4000584C4B3352262A3C4C413A2541214222A3
:105B50003651354C3B4135513F21415E3721395853
:105B6000324139513441354A4E414A285252262C4D
:105B70004951455B3B4159513752495E35332628DF
:105B800031533A292F5329582E4259423E56422E1C
:105B900040255A3437334A223132595C2C22215461
:105BA0002B4145572C414D542D3141522D2141510E
:105BB0002B5159512B3159502D31414C31312D4BF5
:105BC0003421354C35314952334141513121354928
:105BD00044442A3D40324221423139524D21515FE5
:105BE0004B2131545231415D5351355E4F51355740
:105BF00051513559595132225D512A275941362682
:105C00005251255C5331355E5631315F5851355F05
:105C10005A313A25573136295031462A46413E22DB
:105C200047222E2C522332445B433A4F5B522E3B89
:105C30005D22563F5D524E4E5E325A585F544729A0
:105C40005D43524F58415E2D5A52563F5951463B83
:105C50005C21423959314A305922523853323E2D53
:105C60004C315E224C414E2350312A255321562E71
:105C700051225E34564352414E423E284325463619
:105C8000505B5040484A485E212124602121246015
:105C900021212460212124602121246021212460EC
:105CA00021212460212124602121246021212460DC
:105CB00021212460212124602121246021212460CC
:105CC00021212460212124602121246021212460BC
:105CD00021212460212124602121246021212460AC
:105CE000212124602121246021212460212124609C
:105CF000212124602121246021212460212124608C
:105D0000212124602121246021212460212124607B
:105D1000212124602121246021212460212124606B
:105D2000212124602121246021212460212124605B
:105D3000212124602121246021212460212124604B
:105D4000212124602121246021212460212124603B
:105D5000212124602121246021212460212124602B
:105D6000212124602121246021212460212124601B
:105D7000212124602121246021212460212124600B
:105D800021212460212124602121246021212460FB
:105D900021212460212124602121246021212460EB
:105DA00021212460212124602121246021212460DB
:105DB00021212460212124602121246021212460CB
:105DC00021212460212124602121246021212460BB
:105DD00021212460212124602121246021212460AB
:105DE000212124602121246021212460212124609B
:105DF000212124602121246021212460212124608B
:105E0000212124602121246021212460212124607A
:105E1000212124602121246021212460212124606A
:105E2000212124602121246021212460212124605A
:105E3000212124602121246021212460212124604A
:105E4000212124602121246021212460212124603A
:105E5000212124602121246021212460212124602A
:105E6000212124602121246021212460212124601A
:105E7000212124602121246021212460212124600A
:105E800021212460212124602121246021212460FA
:105E900021212460212124602121246021212460EA
:105EA00021212460212124602121246021212460DA
:105EB00021212460213128603725505E582C243060
:105EC0004A32462252413A265251362752513E2CEE
:105ED00053413E2E5341423050512A265121322601
:105EE0004E313A284A51362C50513E3154213228F5
:105EF0005241562E4E424A284A56362A5D3D5B4252
:105F0000593A47274F53362B4A513E2D3E21355F94
:105F1000384141523B2145533A3135563631415A89
:105F2000315131533051394748214157573142227D
:105F300055214A214931595D3F4135573A422A217D
:105F4000353245583624294748593241535B325F30
:105F500049372A3C3B224954323125463051414F82
:105F60002F2139512E213D4D2D31394B2D21454CBD
:105F70002C31494D2E31414D33412D4E3831315266
:105F8000383141533241414C2D41494B2E512D481E
:105F90003F323A273D51395548213D5A4D31455AF6
:105FA0004B31315050514159503139584D5139557B
:105FB0005041415B56413E21593136235231395AC5
:105FC0004C412D505441355A5A213A2156512552AF
:105FD000584139595A2131605A312E2754513628A7
:105FE0004C214225465142234B4156325843564E8E
:105FF0005C445A4C5C542E515C5326515D425E52B7
:106000005C32364359513A2E583132255A41522981
:106010005C425A405E23464C5A2232385B432A483F
:1060200053224E3F48215A2E4A21362851513229B7
:1060300051215E295032362B53333E3B4B42522B7B
:1060400044245E35593D544B2F2440602121246067
:106050002121246021212460212124602121246028
:106060002121246021212460212124602121246018
:106070002121246021212460212124602121246008
:1060800021212460212124602121246021212460F8
:1060900021212460212124602121246021212460E8
:1060A00021212460212124602121246021212460D8
:1060B00021212460212124602121246021212460C8
:1060C00021212460212124602121246021212460B8
:1060D00021212460212124602121246021212460A8
:1060E0002121246021212460212124602121246098
:1060F0002121246021212460212124602121246088
:106100002121246021212460212124602121246077
:106110002121246021212460212124602121246067
:106120002121246021212460212124602121246057
:106130002121246021212460212124602121246047
:106140002121246021212460212124602121246037
:106150002121246021212460212124602121246027
:106160002121246021212460212124602121246017
:106170002121246021212460212124602121246007
:1061800021212460212124602121246021212460F7
:1061900021212460212124602121246021212460E7
:1061A00021212460212124602121246021212460D7
:1061B00021212460212124602121246021212460C7
:1061C00021212460212124602121246021212460B7
:1061D00021212460212124602121246021212460A7
:1061E0002121246021212460212124602121246097
:1061F0002121246021212460212124602121246087
:106200002121246021212460212124602121246076
:106210002121246021212460212124602121246066
:106220002121246021212460212124602121246056
:106230002121246021212460212124602121246046
:106240002121246021212460212124602121246036
:106250002121246021212460212124602121246026
:106260002121246021212460212124602121246016
:10627000212124603445405F5A5C38224F325A3322
:106280005631463554313E3050412A2452213E2861
:1062900053513E2E5541423953514A384E21462AD8
:1062A00049515E2F43315E30454226344A324A3AE4
:1062B00047224A2E4122594E50293646544B365DCC
:1062C0004F45222A4D4132254421362A3951395D24
:1062D000384139543C2151593751415332412950A9
:1062E00033512D4F3B2131484A21414D58315621E0
:1062F0005241315E52514E2D51513E2A46315D5828
:10630000373325384D394E45585C332B504852456C
:10631000462442223D412D4D3A41355336213951D3
:1063200033312D4F32412D4A314129483131314AE3
:1063300030412D493321314E3721355338413153C6
:10634000365139513221414B2B31494730314D5172
:1063500042333A393921214A475139584C413D5548
:106360004C51355251213959504135584F513559B9
:106370005141395D5451422258213A235231415BF7
:106380004D21294E58313D5E5A213A235731295A21
:1063900058213D5D58413D5D5A213D5E5C314E289E
:1063A00059513A2A554152304E52223346522228F0
:1063B0004A333A2E5A345E515C54324C5B222A3BAB
:1063C0005D4136415B51363E5B2142335A52322D9C
:1063D00060452B295F34572860452B2B5D324A4A94
:1063E0005C33225256333A554C3222394D51462FA6
:1063F0004E413E274D522E2B4D52422D53232E3CC3
:106400004C52462D48265A52465950552121246057
:106410002121246021212460212124602121246064
:106420002121246021212460212124602121246054
:106430002121246021212460212124602121246044
:106440002121246021212460212124602121246034
:106450002121246021212460212124602121246024
:106460002121246021212460212124602121246014
:106470002121246021212460212124602121246004
:1064800021212460212124602121246021212460F4
:1064900021212460212124602121246021212460E4
:1064A00021212460212124602121246021212460D4
:1064B00021212460212124602121246021212460C4
:1064C00021212460212124602121246021212460B4
:1064D00021212460212124602121246021212460A4
:1064E0002121246021212460212124602121246094
:1064F0002121246021212460212124602121246084
:106500002121246021212460212124602121246073
:106510002121246021212460212124602121246063
:106520002121246021212460212124602121246053
:106530002121246021212460212124602121246043
:106540002121246021212460212124602121246033
:106550002121246021212460212124602121246023
:106560002121246021212460212124602121246013
:106570002121246021212460212124602121246003
:1065800021212460212124602121246021212460F3
:1065900021212460212124602121246021212460E3
:1065A00021212460212124602121246021212460D3
:1065B00021212460212124602121246021212460C3
:1065C00021212460212124602121246021212460B3
:1065D00021212460212124602121246021212460A3
:1065E0002121246021212460212124602121246093
:1065F0002121246021212460212124602121246083
:106600002121246021212460212124602121246072
:106610002121246021212460212124602121246062
:106620002121246021212460212124602121246052
:1066300043594C5C595C603D4E52522C53223633C8
:1066400053215A334F31522C4B215A234B31515F36
:106650004C314E244B42363346223E2D4253222C9F
:106660004042562D3C2159603C41395E3E41362323
:106670003B513950484722375D2D47405C3B433200
:106680004E5322264A514A313951295B36413D57F2
:1066900038513959383131513551394F3531295007
:1066A0003A21294B47313D514D512D4D5942262A12
:1066B0005451362855212A295441415F50355E2BCB
:1066C000562B465D5A5D27315A4A572C4A244A2D8B
:1066D000413131513F4135573A21254D39212D4D19
:1066E0003A2131513951254A3B21254C3B2131502A
:1066F0003651254C3431354C3431354E35313950E5
:1067000032512D4B303145492C3141453452315BAA
:106710003D42422A3641494E45413D564D3139545C
:106720004F513D575151395C5141355A5141355ABC
:106730005231355F55314227573132235441355B51
:1067400053313156594142235731315F5A413E2B23
:106750005B513E2A5A51316059412D5A5A31355CAC
:106760005C213A225B4132265931422D54223E357A
:1067700045513D5B4741555C4D5352385A55325D4A
:106780005E2352525A414A3C5D4232475F4346566D
:106790005F5447295B233A5157523E365B222A34D5
:1067A0005B5146345A514E3E54323E424A224232A6
:1067B00049415E27485226274A41562650224234F4
:1067C00052325A3946223A234D495F3C29424C60A5
:1067D00021212460212124602121246021212460A1
:1067E0002121246021212460212124602121246091
:1067F0002121246021212460212124602121246081
:106800002121246021212460212124602121246070
:106810002121246021212460212124602121246060
:106820002121246021212460212124602121246050
:106830002121246021212460212124602121246040
:106840002121246021212460212124602121246030
:106850002121246021212460212124602121246020
:106860002121246021212460212124602121246010
:106870002121246021212460212124602121246000
:1068800021212460212124602121246021212460F0
:1068900021212460212124602121246021212460E0
:1068A00021212460212124602121246021212460D0
:1068B00021212460212124602121246021212460C0
:1068C00021212460212124602121246021212460B0
:1068D00021212460212124602121246021212460A0
:1068E0002121246021212460212124602121246090
:1068F0002121246021212460212124602121246080
:10690000212124602121246021212460212124606F
:10691000212124602121246021212460212124605F
:10692000212124602121246021212460212124604F
:10693000212124602121246021212460212124603F
:10694000212124602121246021212460212124602F
:10695000212124602121246021212460212124601F
:10696000212124602121246021212460212124600F
:1069700021212460212124602121246021212460FF
:1069800021212460212124602121246021212460EF
:1069900021212460212124602121246021212460DF
:1069A00021212460212124602121246021212460CF
:1069B00021212460212124602121246021212460BF
:1069C00021212460212124602121246021212460AF
:1069D000212124602121246021212460212124609F
:1069E0002121246021212460212124602251406042
:1069F000555D284F47272A524B34563E4E445E4041
:106A00005728272F52285333543A2F4A564A3B4E81
:106A1000534943454B49433E445957393F47565FD5
:106A20004156464E4524523349235A364632423166
:106A30003F514950545A3F22555C3B30532726461C
:106A40004C422E2E40213A273541595E3421315196
:106A500037413157344135503621354D3D3125527E
:106A6000453139504C41395A4B51255757414A2EDF
:106A70005D31422E5341455448535947544A565369
:106A8000573C2322514842464523495647213D5A07
:106A900045213D5A3E3125473C2121444021294D85
:106AA0004441395644512D5444313555405139549F
:106AB00038512D4A33313D4A3141354A3251394FEF
:106AC0003141394D2F2139492F31494843545249D9
:106AD0003A213D5A3521294747214D5A4F513958BE
:106AE00051513D5B5031355C50212D575121355767
:106AF00053212D5E5721422955213A2153312D57DB
:106B00005821355D59313E2257312D60594142257A
:106B1000593131605921295C5951315C5A31315D0B
:106B20005A41295C5B4129605C4132255C31362841
:106B300058213A264C21395E4141415842325A246B
:106B400054245E4F5A53564B5B4226415C314646B5
:106B50005C314E405B4226365631295C5721315C10
:106B60005A51362B5E213A3D5A315A4351425E3FCB
:106B7000464246264432562C4351495F4F315A2FE4
:106B800052524E3A503322394232295B554C4031F1
:106B900021212460212124602121246021212460DD
:106BA00021212460212124602121246021212460CD
:106BB00021212460212124602121246021212460BD
:106BC00021212460212124602121246021212460AD
:106BD000212124602121246021212460212124609D
:106BE000212124602121246021212460212124608D
:106BF000212124602121246021212460212124607D
:106C0000212124602121246021212460212124606C
:106C1000212124602121246021212460212124605C
:106C2000212124602121246021212460212124604C
:106C3000212124602121246021212460212124603C
:106C4000212124602121246021212460212124602C
:106C5000212124602121246021212460212124601C
:106C6000212124602121246021212460212124600C
:106C700021212460212124602121246021212460FC
:106C800021212460212124602121246021212460EC
:106C900021212460212124602121246021212460DC
:106CA00021212460212124602121246021212460CC
:106CB00021212460212124602121246021212460BC
:106CC00021212460212124602121246021212460AC
:106CD000212124602121246021212460212124609C
:106CE000212124602121246021212460212124608C
:106CF000212124602121246021212460212124607C
:106D0000212124602121246021212460212124606B
:106D1000212124602121246021212460212124605B
:106D2000212124602121246021212460212124604B
:106D3000212124602121246021212460212124603B
:106D4000212124602121246021212460212124602B
:106D5000212124602121246021212460212124601B
:106D6000212124602121246021212460212124600B
:106D700021212460212124602121246021212460FB
:106D800021212460212124602121246021212460EB
:106D900021212460212124602121246021212460DB
:106DA00021212460212124602121246021212460CB
:106DB000463A28524A5A484341476053495A3C4E42
:106DC000575E50404138585B364638604159246020
:106DD00038364860212124604E4D484D30252C5FC7
:106DE000435944595C3F283640365451543C504135
:106DF000525C4754583E3B52525C4F3A47445A2AE1
:106E000043214E243751355E31414D55343149527D
:106E1000365125533441254D3A21254D4631355EB5
:106E2000502151604B513A2347412E235221522A7F
:106E300056322155514646215B4C4B2A5B4C5F3301
:106E40005839465A4D43415F4B212D544B313959E6
:106E500046512D4A46212D484A3141564D41455E05
:106E60004D513D5A4C51455E46313D563D21294AD2
:106E700036312143345139493321394B3041254A88
:106E8000313141522F41314B38433A233C523E2558
:106E90003D322622375121484B414D5F5251395CDA
:106EA00052313D5C4D51315A4E4135555151395851
:106EB00055312D5E59413A2853213D5E51412D54A3
:106EC0005A213E21592136215A4132235A512D59F6
:106ED0005A2129585A312D5C5B513A255C4142298F
:106EE0005A412E2359312E215A213E235A31395EDF
:106EF0005951395A59414A2659315E334B5152251D
:106F00003F31394E4E525635585246415C215E4112
:106F10005A412E3059213A2859312E225D21362EE0
:106F20005D322A455F5437285B5236505A315A42F7
:106F3000534342443E32355F3F222E214E31462B91
:106F400054222E36523256394E425A3343243A2E68
:106F5000533C3C4B212124602121246021212460C9
:106F60002121246021212460212124602121246009
:106F700021212460212124602121246021212460F9
:106F800021212460212124602121246021212460E9
:106F900021212460212124602121246021212460D9
:106FA00021212460212124602121246021212460C9
:106FB00021212460212124602121246021212460B9
:106FC00021212460212124602121246021212460A9
:106FD0002121246021212460212124602121246099
:106FE0002121246021212460212124602121246089
:106FF0002121246021212460212124602121246079
:107000002121246021212460212124602121246068
:107010002121246021212460212124602121246058
:107020002121246021212460212124602121246048
:107030002121246021212460212124602121246038
:107040002121246021212460212124602121246028
:107050002121246021212460212124602121246018
:107060002121246021212460212124602121246008
:1070700021212460212124602121246021212460F8
:1070800021212460212124602121246021212460E8
:1070900021212460212124602121246021212460D8
:1070A00021212460212124602121246021212460C8
:1070B00021212460212124602121246021212460B8
:1070C00021212460212124602121246021212460A8
:1070D0002121246021212460212124602121246098
:1070E0002121246021212460212124602121246088
:1070F0002121246021212460212124602121246078
:107100002121246021212460212124602121246067
:107110002121246021212460212124602121246057
:107120002121246021212460212124602121246047
:107130002121246021212460212124602121246037
:107140002121246021212460212124602121246027
:107150002121246021212460212124602121246017
:107160002121246021212460212124604C5C584D80
:10717000405944572121246030353460452A585BFA
:10718000534E544E4F5D4C5B535E505C563F3859E6
:10719000563F3850585F6051585F60495A50404ED2
:1071A00059402C4959402C4A5C30585559602C5351
:1071B000553E5C465B4030565A4F5C47594E403B0B
:1071C0004D3B2F4C3A5626422F51214A3531394FEB
:1071D0003B312953434136214A514A2E4E315234D4
:1071E00048413E2245414E253941294A3C212D3214
:1071F0004E465A245A4B5A56595A36505725563AE3
:107200005141395354213D5352413955505135560E
:10721000505135585221455E5251422252213E2151
:107220005021395E465139593F2129503A51314C4C
:107230003851394A39213D4B3851394D3631355164
:107240003251415630212D4D3F334E2640235A2E88
:107250003351254143213556524152255151295729
:107260004F413D5A4C31295951213D5F5341355DC4
:1072700057212D5F58513A215051415651312D52CD
:107280005B214222595132225A4136255A413560FA
:107290005B4132255D413A2D5D313A325B21362D1D
:1072A00059413A27585136215A31395C5A413154A3
:1072B00058512D50574135585C31522E5B414E3755
:1072C0005432363B432131594852362D57532648C4
:1072D0005D4226435C213E375A413E2F5E325A4B77
:1072E0005F542B235E54425E5A523A415D522A4209
:1072F0005A214A42552346473F22315B4B322229CD
:1073000051213627562422464C5246274A42355FA1
:107310004F292F282121246021212460212124604C
:107320002121246021212460212124602121246045
:107330002121246021212460212124602121246035
:107340002121246021212460212124602121246025
:107350002121246021212460212124602121246015
:107360002121246021212460212124602121246005
:1073700021212460212124602121246021212460F5
:1073800021212460212124602121246021212460E5
:1073900021212460212124602121246021212460D5
:1073A00021212460212124602121246021212460C5
:1073B00021212460212124602121246021212460B5
:1073C00021212460212124602121246021212460A5
:1073D0002121246021212460212124602121246095
:1073E0002121246021212460212124602121246085
:1073F0002121246021212460212124602121246075
:107400002121246021212460212124602121246064
:107410002121246021212460212124602121246054
:107420002121246021212460212124602121246044
:107430002121246021212460212124602121246034
:107440002121246021212460212124602121246024
:107450002121246021212460212124602121246014
:107460002121246021212460212124602121246004
:1074700021212460212124602121246021212460F4
:1074800021212460212124602121246021212460E4
:1074900021212460212124602121246021212460D4
:1074A00021212460212124602121246021212460C4
:1074B00021212460212124602121246021212460B4
:1074C00021212460212124602121246021212460A4
:1074D0002121246021212460212124602121246094
:1074E0002121246021212460212124602121246084
:1074F0002121246021212460212124602121246074
:107500002121246021212460212124602121246063
:107510002121246021212460212124602121246053
:1075200021212460212124603927405F503D4853A8
:10753000543E505C582F4C5A5B6060575B4060581B
:107540005B405C585A404C545A4044535A50445340
:107550005A30384F5C505C585B6050555B50485314
:10756000583F5C475930344C5B6060575850304A44
:10757000583F5C475B30384F5B40344F5B3F60495E
:107580005A2F60495930244E535D583546585B2E6A
:107590003E433A2943515A254741562945513E24F5
:1075A0003E412D583E313D543451253340464960CB
:1075B0005A2D3B345B4C472958472A3959524226A9
:1075C0005B2146275A513E2157313D6054213D5F92
:1075D00052213E2150513D604F4139604D41355E51
:1075E0004B21315A425125533D21254D3A51394EB7
:1075F0003A31394C3A31314B3A31394E38212D51EB
:10760000344139543231354C4A5556483C323D5557
:107610003641254347214D5F50415E24504131574B
:107620004C5135544D313D5B52313E215521356031
:1076300057512D60592136215151395553212D541F
:107640005B513E225A3136225B4136255B31322571
:107650005C313A2A5D31422E5C31362A5A51362746
:1076600059412E215A413E215A21315A5A31355C15
:10767000593136255D2222355E414E3A5F212E3D3D
:107680005D41424154413E354B3142294822362C1E
:107690005452423C5C223A3C5D215A365C313631D0
:1076A0005F33224959222E3356512D5E5B41362BD2
:1076B0005D21423A5952423D4D24264247523E2ACC
:1076C0004A214A224F224A2E5253463A50532231DF
:1076D00042213152513B2C2C212124602121246054
:1076E0002121246021212460212124602121246082
:1076F0002121246021212460212124602121246072
:107700002121246021212460212124602121246061
:107710002121246021212460212124602121246051
:107720002121246021212460212124602121246041
:107730002121246021212460212124602121246031
:107740002121246021212460212124602121246021
:107750002121246021212460212124602121246011
:107760002121246021212460212124602121246001
:1077700021212460212124602121246021212460F1
:1077800021212460212124602121246021212460E1
:1077900021212460212124602121246021212460D1
:1077A00021212460212124602121246021212460C1
:1077B00021212460212124602121246021212460B1
:1077C00021212460212124602121246021212460A1
:1077D0002121246021212460212124602121246091
:1077E0002121246021212460212124602121246081
:1077F0002121246021212460212124602121246071
:107800002121246021212460212124602121246060
:107810002121246021212460212124602121246050
:107820002121246021212460212124602121246040
:107830002121246021212460212124602121246030
:107840002121246021212460212124602121246020
:107850002121246021212460212124602121246010
:107860002121246021212460212124602121246000
:1078700021212460212124602121246021212460F0
:1078800021212460212124602121246021212460E0
:1078900021212460212124602121246021212460D0
:1078A00021212460212124602121246021212460C0
:1078B00021212460212124602121246021212460B0
:1078C00021212460212124602121246021212460A0
:1078D0002121246021212460245228603A475860E5
:1078E0004A2B605C563F30565D50605E5C60585C71
:1078F0005A403452574F4847585F5C4C5D40605E79
:107900005C4054585950244D545E54385D40545A8C
:107910005C504C575D40585A5A603050575F4C4449
:107920005B5050545B6054555B3050545B5048542E
:107930005A50384F573F3C405B30344E575F503DB4
:10794000575F583D572F4840575F4045594F28478C
:10795000595D543A4D493B3B3E443A313A2121501E
:107960003C4141553D21313D4C293249564D473727
:10797000542B57285D2A2F32554252255A5136260C
:107980005A513A2959313A2855313A2350413560F4
:107990004C21395C48413D5945313D5741413553B2
:1079A0003F212D4F3F412D523B21294B3A31354B41
:1079B0003B51394E3B31354D3A31394E3851314ECC
:1079C0003541394F35224D554926424938514144B8
:1079D0003B2129474D315E2851514A2452312D59BE
:1079E0004C412D514E513D5854213A2256213622B8
:1079F00058412E22592136225251315755213158A2
:107A00005C213A225A3139605B5132215C51362B6C
:107A10005C213A2B5B4136275B2136235B312D5F9E
:107A20005D2146255B5136215B2132215B213628C1
:107A30005D213A38602146415E212E3C5C312E3872
:107A40005D213A395C21363656214A2F4D415E2A56
:107A50004732222E583422555B525A485E425244D5
:107A60005B312E295B2226325741255B5D32323F46
:107A70005B2256475D533A4F5432523E49533A3790
:107A800045422A224A515A235453564352532637C9
:107A90004C32522C47565A4F563D485821212460AB
:107AA00021212460212124602121246021212460BE
:107AB00021212460212124602121246021212460AE
:107AC000212124602121246021212460212124609E
:107AD000212124602121246021212460212124608E
:107AE000212124602121246021212460212124607E
:107AF000212124602121246021212460212124606E
:107B0000212124602121246021212460212124605D
:107B1000212124602121246021212460212124604D
:107B2000212124602121246021212460212124603D
:107B3000212124602121246021212460212124602D
:107B4000212124602121246021212460212124601D
:107B5000212124602121246021212460212124600D
:107B600021212460212124602121246021212460FD
:107B700021212460212124602121246021212460ED
:107B800021212460212124602121246021212460DD
:107B900021212460212124602121246021212460CD
:107BA00021212460212124602121246021212460BD
:107BB00021212460212124602121246021212460AD
:107BC000212124602121246021212460212124609D
:107BD000212124602121246021212460212124608D
:107BE000212124602121246021212460212124607D
:107BF000212124602121246021212460212124606D
:107C0000212124602121246021212460212124605C
:107C1000212124602121246021212460212124604C
:107C2000212124602121246021212460212124603C
:107C3000212124602121246021212460212124602C
:107C4000212124602121246021212460212124601C
:107C5000212124602121246021212460212124600C
:107C600021212460212124602121246021212460FC
:107C700021212460212124602121246021212460EC
:107C800021212460212124602121246021212460DC
:107C900031554460442A3C5B572F3C555C30505969
:107CA0005A604053596030515C40585B5C30545AC4
:107CB0005A404055595030515A303C535C50605AEC
:107CC0005C3058585C3050575C4054585A503C52C5
:107CD00059602C4E5D505C5C592F60495A50384FAA
:107CE0005B604C545B505054583F5C45572F4841A3
:107CF0005A40384C543E4C32593F5445574F2C351E
:107D0000592F3C39524E2828585F5848574F4C46F7
:107D1000525E2C31552D5C32572D3C31492937327A
:107D20003D353E2E48274A3A595D4739522B465E2B
:107D3000483636324B225A2E5451563658313A2C48
:107D400052512D5E4D21315B4A512D59472121540D
:107D500044312151415125523E41294F3B512D4C37
:107D60003A21314B3D313D5239412D49394131495B
:107D70003B51354E3B2141503821394B3751394A1F
:107D8000335131424346424949473E513751393DCB
:107D90004431395651415E2D53313A2453512D5DB2
:107DA0004D4139534F51355555213A2156413623CE
:107DB0005841322358213621535131585721355BD0
:107DC0005B413A225A2139605B31295F5C51362B85
:107DD0005B413A295A2132215A31355C5C514622A5
:107DE0005D513A255D31362A5C4142305B41423477
:107DF0005C413A395F31423E5E4132395D513E3538
:107E00005C413A2E5C5132285B213A295851522F5D
:107E100048514A2946222E2E5453424C59322E3C68
:107E20005C214A355B21523557213A275D53364E46
:107E30005E463B355F45572B5B325A495152563EA1
:107E40004652522E48222A264E42362E5223263998
:107E500051232A3A45222221533B30252A333060D0
:107E600021212460212124602121246021212460FA
:107E700021212460212124602121246021212460EA
:107E800021212460212124602121246021212460DA
:107E900021212460212124602121246021212460CA
:107EA00021212460212124602121246021212460BA
:107EB00021212460212124602121246021212460AA
:107EC000212124602121246021212460212124609A
:107ED000212124602121246021212460212124608A
:107EE000212124602121246021212460212124607A
:107EF000212124602121246021212460212124606A
:107F00002121246021212460212124602121246059
:107F10002121246021212460212124602121246049
:107F20002121246021212460212124602121246039
:107F30002121246021212460212124602121246029
:107F40002121246021212460212124602121246019
:107F50002121246021212460212124602121246009
:107F600021212460212124602121246021212460F9
:107F700021212460212124602121246021212460E9
:107F800021212460212124602121246021212460D9
:107F900021212460212124602121246021212460C9
:107FA00021212460212124602121246021212460B9
:107FB00021212460212124602121246021212460A9
:107FC0002121246021212460212124602121246099
:107FD0002121246021212460212124602121246089
:107FE0002121246021212460212124602121246079
:107FF0002121246021212460212124602121246069
:108000002121246021212460212124602121246058
:108010002121246021212460212124602121246048
:108020002121246021212460212124602121246038
:108030002121246021212460212124602121246028
:108040002121246024215C603155485F4D4C5C5BEC
:108050005B40405E5B404C565960344F5C505C5A0C
:108060005B5058585C305C5A5A6048555C305C5ADA
:108070005B605C595B405858572F60485A405856CF
:10808000596050545A3058545A5060565A305453CC
:108090005A605C565A405053575F5C475B304051C2
:1080A000574F4843585F60475B504C515A40384CDB
:1080B0005B30384D594F5C45585F5042575E5C36D7
:1080C000525D5426503D4C26573F4C455C4044552C
:1080D000525D582A503D235D545E3832515D4C2626
:1080E000524D2F5A522C5B46565D2F44583B3F3918
:1080F0003E44315D52382731545637234C51315E5E
:108100004821295240412D4E43213D534441395588
:1081100045513D5745413958435135564231355502
:10812000405139553C21314E382131493851314A7D
:108130003951354D3741354B3551414A335139422B
:1081400034222D433E452229464536353F31554997
:108150004D4156234F5136235251362250212D582E
:108160004C412D505141355455413D5F56413622C9
:10817000575132215641315E543131585841395DA1
:108180005A4131605831355D5A5136215C313628BB
:108190005B413A2659412D5D5B21415F5D51462689
:1081A0005D4126275F3142385F215A435E215E429E
:1081B0005C5142355D213E385D2136365D513632A7
:1081C0005E512E2A5E3126275E21362D5C413231EA
:1081D00055314A2A4C523629472226245853564FA5
:1081E0005D514E415E224A4657522A375C53424700
:1081F0005F5727346037433D60244B225932224079
:108200004C23363D44323624485226264D423A30DD
:10821000533336434B525A3146373A514359445CF3
:108220002121246021212460212124602121246036
:108230002121246021212460212124602121246026
:108240002121246021212460212124602121246016
:108250002121246021212460212124602121246006
:1082600021212460212124602121246021212460F6
:1082700021212460212124602121246021212460E6
:1082800021212460212124602121246021212460D6
:1082900021212460212124602121246021212460C6
:1082A00021212460212124602121246021212460B6
:1082B00021212460212124602121246021212460A6
:1082C0002121246021212460212124602121246096
:1082D0002121246021212460212124602121246086
:1082E0002121246021212460212124602121246076
:1082F0002121246021212460212124602121246066
:108300002121246021212460212124602121246055
:108310002121246021212460212124602121246045
:108320002121246021212460212124602121246035
:108330002121246021212460212124602121246025
:108340002121246021212460212124602121246015
:108350002121246021212460212124602121246005
:1083600021212460212124602121246021212460F5
:1083700021212460212124602121246021212460E5
:1083800021212460212124602121246021212460D5
:1083900021212460212124602121246021212460C5
:1083A00021212460212124602121246021212460B5
:1083B00021212460212124602121246021212460A5
:1083C0002121246021212460212124602121246095
:1083D0002121246021212460212124602121246085
:1083E0002121246021212460212124602121246075
:1083F0002121246021212460212124602221386050
:108400003255585F504D505C5A5040595A30345094
:10841000553F2C3D5B5054575C305C5A563F4442AC
:10842000573F58465B605C575A6044525A5040511F
:108430005C3054555960344E573F48435B30485286
:108440005C3054565B3044525B6054535B30485050
:108450005B3044505A30384C59402C4A5B304051C4
:108460005960304B5B504C515B30444F5A50304A4E
:10847000565F343B544E4C31582F443D573F403E9D
:10848000553E50374E5C4B5C512D2824585E603F62
:10849000573E5C3A4B3C2349553E48335B40244AA7
:1084A0004E5D2F5A515D3C24532B5F574356524427
:1084B000505B333B575E2B60564B374A43212D5759
:1084C0004451395B3F21394F4241455544413D5567
:1084D0004631395746313958454135564441315670
:1084E000434135563A212D4D3741314937513549B0
:1084F000372135493631414E334135483141293CE8
:108500003A54315B52292729405249534531314E63
:1085100053515A295121316053412E214F212D565B
:108520004E313553535139585541395C5641355FB9
:10853000573135605531395C5451315A59413560A4
:1085400059413A215731395E5A2136215B21362370
:108550005A4135605951295D5B313A215D313E29DF
:108560005D512E2D5E2132365E314A405D513E3BDB
:108570005E412E325E41363A5D21363B5D41463BDF
:108580005D4136315E312E2F5E3136375D414643D7
:108590005B213E335932463E4C225E3347215E24F6
:1085A0005A5326485B42223A5F43425C58213E348C
:1085B0005C242A545E36272A5933264658515E3E9B
:1085C000525326434432562B4242296049315627A2
:1085D0004F223235523422464143295E593D4C43A5
:1085E0002141306021212460212124602121246047
:1085F0002121246021212460212124602121246063
:108600002121246021212460212124602121246052
:108610002121246021212460212124602121246042
:108620002121246021212460212124602121246032
:108630002121246021212460212124602121246022
:108640002121246021212460212124602121246012
:108650002121246021212460212124602121246002
:1086600021212460212124602121246021212460F2
:1086700021212460212124602121246021212460E2
:1086800021212460212124602121246021212460D2
:1086900021212460212124602121246021212460C2
:1086A00021212460212124602121246021212460B2
:1086B00021212460212124602121246021212460A2
:1086C0002121246021212460212124602121246092
:1086D0002121246021212460212124602121246082
:1086E0002121246021212460212124602121246072
:1086F0002121246021212460212124602121246062
:108700002121246021212460212124602121246051
:108710002121246021212460212124602121246041
:108720002121246021212460212124602121246031
:108730002121246021212460212124602121246021
:108740002121246021212460212124602121246011
:108750002121246021212460212124602121246001
:1087600021212460212124602121246021212460F1
:1087700021212460212124602121246021212460E1
:1087800021212460212124602121246021212460D1
:1087900021212460212124602121246021212460C1
:1087A00021212460212124602121246021212460B1
:1087B0002121246021212460212124604C4C505D22
:1087C000596030575B5050565D30605C5860244BA8
:1087D0005B6048575B6058585B405456575F5C4736
:1087E0005A4040505C4058555C6058565B6044505D
:1087F0005C404C515A50284A583F303E545E2C2F12
:10880000534D5829502C5F5A4F5C5F594F5D235A86
:108810004F3C5F584F2C57574F3D2B5C4C5C5B587F
:10882000502D54234F2D3B5D513D6027544E503207
:10883000535E442D573F383A522E2425592F544425
:10884000512D3821503C475B4C5B434C544D582DC7
:10885000582F303D4B4C334E4C3C2F514F5C5F5D9D
:108860004B3C2F4C4E3C375D514C3C28523C3F5FBB
:10887000505D234E4D4C5B3B572C47504944523B77
:108880004841422442512D544421315743513554DB
:10889000424135534051314F4021355040213550F0
:1088A0003F513550365129493721354A3731314901
:1088B0003521314934412D4C3531414E3151213A28
:1088C0004F483A5E4B26323D43223D584A3131569D
:1088D0005531462554413A215631322250312D58D6
:1088E0005151355A5621395F5531315B5641355D0D
:1088F0005651355C543139595621315C5A51362420
:108900005941322256513A21594132235A213A21B2
:108910005A4136215B212E235C3132285D21362DD0
:108920005D413E305C21322D5C513E315C312E2B5D
:108930005D512E2E5F4126395F2126405D513E401C
:108940005C513E395E414A395E214A3F5F224253C3
:108950005E22424B5E5336585C452B2849232A340D
:1089600048222A2259224E3E5D422E4E6023225C2E
:108970005D2256525D54565B5B33464E5B33264B4D
:10898000544156384B443246422242264442262421
:108990004A415E2C52434E404A235A314B385F2B9A
:1089A0003946505D21212460212124602121246049
:1089B000212124602121246021212460212124609F
:1089C000212124602121246021212460212124608F
:1089D000212124602121246021212460212124607F
:1089E000212124602121246021212460212124606F
:1089F000212124602121246021212460212124605F
:108A0000212124602121246021212460212124604E
:108A1000212124602121246021212460212124603E
:108A2000212124602121246021212460212124602E
:108A3000212124602121246021212460212124601E
:108A4000212124602121246021212460212124600E
:108A500021212460212124602121246021212460FE
:108A600021212460212124602121246021212460EE
:108A700021212460212124602121246021212460DE
:108A800021212460212124602121246021212460CE
:108A900021212460212124602121246021212460BE
:108AA00021212460212124602121246021212460AE
:108AB000212124602121246021212460212124609E
:108AC000212124602121246021212460212124608E
:108AD000212124602121246021212460212124607E
:108AE000212124602121246021212460212124606E
:108AF000212124602121246021212460212124605E
:108B0000212124602121246021212460212124604D
:108B1000212124602121246021212460212124603D
:108B2000212124602121246021212460212124602D
:108B3000212124602121246021212460212124601D
:108B4000212124602121246021212460212124600D
:108B500021212460212124602121246021212460FD
:108B600021212460212124602121246021212460ED
:108B70002121246041294C5E575F545B5C50605951
:108B80005930284C563F3C415C505C595C605C5B02
:108B90005C405C595C405C595C50605A5C305C578E
:108BA0005C605C575B604050572F303B533E2C2934
:108BB000503D335A4E2C5351505D4421525E24296E
:108BC000543E3C2F563E5C37582F383C573F383B7D
:108BD000585F4C40595F5C44583F4C41574F4843A5
:108BE000573F443F565F343C554E6037525E302A03
:108BF000532E34294F4D3B5B505D4B5F505D435AC4
:108C00004B3B57424A4B3F414B2B4B45475B2F3D1C
:108C1000565F383D572F303E4A5B4F4E4D5C2B54CC
:108C20004C3C2343504D3F5D532D582C4F2C475AFD
:108C30004E5C5756502C5B54544B3B4D4623422AB6
:108C40004A41522846512D5D4521315A4221315524
:108C50003E21354E3B3135493B2131493D212D4C9B
:108C60003F213550344125473731354D3651314A52
:108C7000334131493541395337313D5236313D4326
:108C80004645262B4844295F4531295152414A2601
:108C9000554131605531355E5431295D4F312D5884
:108CA00052413D5D57213A225551315A5721395A87
:108CB0005731355B542139595721395E5C313226A1
:108CC00059412E2356513A2259513626592139609D
:108CD0005A3132225C3132295D31322E5C41362DDF
:108CE0005B51422B5B313A245B41355E5C31355E32
:108CF0005C313A255E212E345F413E425D51323D6A
:108D00005C5132325D413E305E415E3D5D422E46F9
:108D10005A514E335A5156375E43525F5824365D8E
:108D200044222A244E3252385A522A435E32464A4C
:108D30005D45465A5E555B235A324A3F5C424A487B
:108D4000553132354E43263D4333222D41225228A0
:108D500046413E22502256344F34323C3F24522A60
:108D6000315438572121246021212460212124609D
:108D700021212460212124602121246021212460DB
:108D800021212460212124602121246021212460CB
:108D900021212460212124602121246021212460BB
:108DA00021212460212124602121246021212460AB
:108DB000212124602121246021212460212124609B
:108DC000212124602121246021212460212124608B
:108DD000212124602121246021212460212124607B
:108DE000212124602121246021212460212124606B
:108DF000212124602121246021212460212124605B
:108E0000212124602121246021212460212124604A
:108E1000212124602121246021212460212124603A
:108E2000212124602121246021212460212124602A
:108E3000212124602121246021212460212124601A
:108E4000212124602121246021212460212124600A
:108E500021212460212124602121246021212460FA
:108E600021212460212124602121246021212460EA
:108E700021212460212124602121246021212460DA
:108E800021212460212124602121246021212460CA
:108E900021212460212124602121246021212460BA
:108EA00021212460212124602121246021212460AA
:108EB000212124602121246021212460212124609A
:108EC000212124602121246021212460212124608A
:108ED000212124602121246021212460212124607A
:108EE000212124602121246021212460212124606A
:108EF000212124602121246021212460212124605A
:108F00002121246021212460212124602121246049
:108F10002121246021212460212124602121246039
:108F20002121246021212460212124602D544060CE
:108F30004F5D485D5B3040545A30344F5C5060594F
:108F40005A504C545B5060575B505857583F6047DD
:108F50005C4058565C4054555C5054545960244809
:108F6000534E3C2E4D2C4F534C2C3F4F525E2428D9
:108F7000542E3C2D593F5042585F6047583F5C4645
:108F80005A30384D5B50505359302C485A604C5031
:108F90005A604C5059303049586030495A604851F5
:108FA0005B5050525A40384C5B504C515B40444FE0
:108FB0005A50384C5A40344B573F443F543E582E39
:108FC000522E2422502D335A4B5C274A495B53457D
:108FD0004F5D3B5F542E342F4F2C4F5A4C3B534B1D
:108FE000475A4B2C543E4024584F503A4A5B574501
:108FF0004C2B5B52505C4825532B475C4044463415
:1090000043413D5C483136244541355D425131553F
:10901000412135503F213D4C3F41394F405135535F
:109020003F51355337312D483551354E3631314C5E
:1090300034512D453841354D3B51395044462E3C35
:109040005B2B2F47484251535021462354312E2148
:109050005651395F5531415F4F5125524E41315480
:1090600052413D5D57213A2456412D5B57213D5ACF
:1090700055513D5A5531395B592139605C213222B5
:109080005831316056513A225941362659213622FB
:10909000595132235B3136285B4132295B2132271B
:1090A0005A4136255A513A225B212D5C5C21395EAA
:1090B0005B413A245D31423B5F3156435E2142368B
:1090C0005D3132315E41463A604236475C21423979
:1090D0005A512A235B412E235C415E3D5C225A4F4C
:1090E0004E42463A42315A255422523F5B22424177
:1090F0006046572B5E45425A594132265A41363511
:109100005821323555514E3945223E2A3F32496069
:1091100048315A254D515A28563536514322562149
:10912000524B4F5A212124602121246021212460A7
:109130002121246021212460212124602121246017
:109140002121246021212460212124602121246007
:1091500021212460212124602121246021212460F7
:1091600021212460212124602121246021212460E7
:1091700021212460212124602121246021212460D7
:1091800021212460212124602121246021212460C7
:1091900021212460212124602121246021212460B7
:1091A00021212460212124602121246021212460A7
:1091B0002121246021212460212124602121246097
:1091C0002121246021212460212124602121246087
:1091D0002121246021212460212124602121246077
:1091E0002121246021212460212124602121246067
:1091F0002121246021212460212124602121246057
:109200002121246021212460212124602121246046
:109210002121246021212460212124602121246036
:109220002121246021212460212124602121246026
:109230002121246021212460212124602121246016
:109240002121246021212460212124602121246006
:1092500021212460212124602121246021212460F6
:1092600021212460212124602121246021212460E6
:1092700021212460212124602121246021212460D6
:1092800021212460212124602121246021212460C6
:1092900021212460212124602121246021212460B6
:1092A00021212460212124602121246021212460A6
:1092B0002121246021212460212124602121246096
:1092C0002121246021212460212124602121246086
:1092D0002121246021212460212124602121246076
:1092E00021212460212124603F593C5B542E585396
:1092F0005C40585A5B503C52543E4C375B4044549F
:109300005A304C525A6058535A304C4F5850284695
:109310005C5054545A402447515D5422495B574491
:109320004E5D2758543E4430585F54445A50344C94
:10933000592F60495A40344E5B404C555A60445353
:109340005B3048545C3058575A5040505A30384E71
:109350005C3054565A403C4F5950344C5A30484F68
:109360005840284759503C4D5B5058565A4044513C
:109370005A3040505A6050535B3058545A304C4E1B
:1093800059503C4A585F5043562E4833533D542859
:109390004C5C374F4A2B5345573F2839554E442F85
:1093A000512D275C4F3C5352522E2C22472B3738DD
:1093B00044395B2E493A53454F3B5B5A4F2A434849
:1093C00043344A3B45213E244331295544513156CB
:1093D00046413D544551355243513553423135563E
:1093E0003C51294F3A51354C3451314D36412D4E77
:1093F00036512D3F3B4135453F5221514B58565D2B
:109400005D3D34224952255453414E24514129583F
:109410005641355E544139584E31294E50212D5315
:109420005351395D563132245731295E56313D5AF8
:10943000535139585721395D5B4136215B21315DEC
:109440005651355B565139605951362759413224AE
:1094500059513224595136235A2132225A3132225B
:109460005A5136245B2132255B3132265B513E2531
:109470005C4142295C51323F5D313A395C413E28C2
:109480005B51322B5E214E415D21423E5B513A34AD
:109490005B212E265B3132255C2142325C415E3FEE
:1094A000575236434C522A34482146255D343E5D9E
:1094B0005A524E4257314A2959412D5E5A222A3575
:1094C0005B514A375E314E3F4C524E334553362E38
:1094D00048215A254D322E2C4F4336344E242E43EC
:1094E000444632493F283C5A2121246021212460EE
:1094F0002121246021212460212124602121246054
:109500002121246021212460212124602121246043
:109510002121246021212460212124602121246033
:109520002121246021212460212124602121246023
:109530002121246021212460212124602121246013
:109540002121246021212460212124602121246003
:1095500021212460212124602121246021212460F3
:1095600021212460212124602121246021212460E3
:1095700021212460212124602121246021212460D3
:1095800021212460212124602121246021212460C3
:1095900021212460212124602121246021212460B3
:1095A00021212460212124602121246021212460A3
:1095B0002121246021212460212124602121246093
:1095C0002121246021212460212124602121246083
:1095D0002121246021212460212124602121246073
:1095E0002121246021212460212124602121246063
:1095F0002121246021212460212124602121246053
:109600002121246021212460212124602121246042
:109610002121246021212460212124602121246032
:109620002121246021212460212124602121246022
:109630002121246021212460212124602121246012
:109640002121246021212460212124602121246002
:1096500021212460212124602121246021212460F2
:1096600021212460212124602121246021212460E2
:1096700021212460212124602121246021212460D2
:1096800021212460212124602121246021212460C2
:1096900021212460212124602121246021212460B2
:1096A00024522860423A245F59302C505A604C555D
:1096B0005B6058595B605C595B4058575950384E55
:1096C0005860304B5C305C555C405854592F5844BE
:1096D000525E2C2A4D2C4B52512D4C23572F343B8C
:1096E0005A60304A5A60344D5A30344C5B504853BB
:1096F0005B6054555A303C4F5B404C555B40505674
:109700005B5050565C3058585C3058585C405C5741
:109710005B404C535B6054555B5050545A60505101
:109720005C3058575B605C575A6050535940384D15
:109730005B605C575B505C565860304B5A304C5005
:109740005B505C555B604C525B6038505A50244B08
:10975000572F343D522D60284C5C4751454A4732C3
:10976000552E2C30565E50354E5C5F54572F2C369C
:109770004E4C5B58543E28304B4B4348504C2F5373
:10978000515A4F494555264440513D564351315752
:1097900046313D5A47413D5D433131563D21254DCE
:1097A0003A312D4D3A31394E3651354E3931314FEE
:1097B00038512D433B514D48382121395C2D3423FC
:1097C0004F284A5E4D2135565321415F4F51255553
:1097D0005441315A54213D584F512D515231315835
:1097E00055213960562136235721295D5631395983
:1097F000542135585721395E5B313A215A312D5D5C
:109800005651395B57213E2159413627594132245F
:1098100059513224595136235A2132235A41362480
:109820005A5136255B2136265B4136275C2136238B
:109830005D313E245C4136375A212E2A5831315849
:109840005921395D595132285B213A285C213E2348
:109850005B213A245A3136285C313E345D41463F23
:1098600060322E4E5C31564452423E384D423229CF
:109870005A2246395731322D5C5226385D33524ACE
:109880005A21563160224E485723464C48232E37E2
:10989000475246324C5236304B524A294F244649A1
:1098A0003B23355D3E574C46212124602121246015
:1098B0002121246021212460212124602121246090
:1098C0002121246021212460212124602121246080
:1098D0002121246021212460212124602121246070
:1098E0002121246021212460212124602121246060
:1098F0002121246021212460212124602121246050
:10990000212124602121246021212460212124603F
:10991000212124602121246021212460212124602F
:10992000212124602121246021212460212124601F
:10993000212124602121246021212460212124600F
:1099400021212460212124602121246021212460FF
:1099500021212460212124602121246021212460EF
:1099600021212460212124602121246021212460DF
:1099700021212460212124602121246021212460CF
:1099800021212460212124602121246021212460BF
:1099900021212460212124602121246021212460AF
:1099A000212124602121246021212460212124609F
:1099B000212124602121246021212460212124608F
:1099C000212124602121246021212460212124607F
:1099D000212124602121246021212460212124606F
:1099E000212124602121246021212460212124605F
:1099F000212124602121246021212460212124604F
:109A0000212124602121246021212460212124603E
:109A1000212124602121246021212460212124602E
:109A2000212124602121246021212460212124601E
:109A3000212124602121246021212460212124600E
:109A400021212460212124602121246021212460FE
:109A500021212460212124602121246026424860A4
:109A6000495C245D5A4040545A5044535B3048543A
:109A7000574F5848544F48415B60605A5B605C5791
:109A80005C605C585B60404F532E2C2B4D5C4F53F9
:109A9000514D4C23553E5034593F5C46565F343D42
:109AA0005C3050555C4054565960344E5B505056B3
:109AB0005B6058585B60585A5C30605A5C30605A42
:109AC0005B605C595B6054575B5050565A403C5049
:109AD000512E282A5C505858575F54454F5D5423E7
:109AE000514E302C5950384D5B3050545B505C56C1
:109AF0005B505C565B505C565940384E5B505C572F
:109B00005B3054545950304C5B504C545B404C5378
:109B10005A5048515A40344C555E6037485B4B436D
:109B20003E284E5C423947274C2B5347575E5835E9
:109B3000463B2337594F54444F2C4F54555E4C2FBE
:109B4000533D3021542B2B54404446344141495815
:109B50004231395944313D5D4421415E3931254A14
:109B60003941354D39513D4F39413D523D313D52DD
:109B70003D21354A3D2145483E25362A5C5E242B51
:109B8000433446235131355D52413D5E4D512D5395
:109B900051512D585341395852212D565521355D7B
:109BA00055513A225531322256512D5D563139598F
:109BB000544131585731395E5A31396059312D5D30
:109BC0005641315A57313E215941362759413224A5
:109BD00059313623595136235A2132235A413624DA
:109BE0005A5136255B2136255B4136265B5132239F
:109BF0005D2136255D314A3A593132295831495B68
:109C00005821415D592136235951295D5C313D5E12
:109C10005C5146285B313A295C514E305C21362E2E
:109C20005B312A2D5D312E365842363E493322377C
:109C30004F3332415B324A455E215E415D222A3715
:109C40005B524A3E5E4332515B332E5349233241CD
:109C500045525A324E325632482229604D543E46C1
:109C60003B324958524B4752212124602121246024
:109C700021212460212124602121246021212460CC
:109C800021212460212124602121246021212460BC
:109C900021212460212124602121246021212460AC
:109CA000212124602121246021212460212124609C
:109CB000212124602121246021212460212124608C
:109CC000212124602121246021212460212124607C
:109CD000212124602121246021212460212124606C
:109CE000212124602121246021212460212124605C
:109CF000212124602121246021212460212124604C
:109D0000212124602121246021212460212124603B
:109D1000212124602121246021212460212124602B
:109D2000212124602121246021212460212124601B
:109D3000212124602121246021212460212124600B
:109D400021212460212124602121246021212460FB
:109D500021212460212124602121246021212460EB
:109D600021212460212124602121246021212460DB
:109D700021212460212124602121246021212460CB
:109D800021212460212124602121246021212460BB
:109D900021212460212124602121246021212460AB
:109DA000212124602121246021212460212124609B
:109DB000212124602121246021212460212124608B
:109DC000212124602121246021212460212124607B
:109DD000212124602121246021212460212124606B
:109DE000212124602121246021212460212124605B
:109DF000212124602121246021212460212124604B
:109E0000212124602121246021212460212124603A
:109E10002121246021212460263244604C5C5C5C5A
:109E20005B605459553F2C3D584F60495D405C5D27
:109E30005830244959604C525B3054545C50585847
:109E4000595F5C49512D4C234D4C4753562E603879
:109E5000582F44405B4040515B404453574F4C4562
:109E60005C3058585C405C5A5C305C5A5B605C5BB0
:109E70005B60585B5B405C5A5C305C5C5B605C5B6D
:109E80005B605C595C40605A5950304E513E2C2CFE
:109E9000484B5B475C404C56485B5B48585F5C48AE
:109EA000542E50354D4D2F5C5B605C575A605454B6
:109EB0005B405C565A604C555B5058585A6050563F
:109EC0005B4054575940344F5B3050565B505C599F
:109ED0005850344B5B3058555A40384C593F5C47CA
:109EE0004E4D2C213D383E55432927213F382E51D8
:109EF0004F4D335D4F4C5B594E2C234E5A3F5446C9
:109F0000535E282D4A2A3B3B4E3A4B463B533E215B
:109F10003D212D523E3121554051455E3A412D4F54
:109F20003A21415038212D4C3B412D4D4051415259
:109F30004241394F4141454C495842585E2D5826BF
:109F40004442554F55414E295141355C4C213552C3
:109F50005021395754213D5C542129585651355FC1
:109F600056413A21553132225631315B56413559ED
:109F70005551315A57513D5F5921356058312D5B4C
:109F800056312D5A573136215941362759413224FD
:109F900059313623595136235A2132235A31362426
:109FA0005A4132245B2136255B3136255B31322222
:109FB0005C212E265F5236455E323E3F5851356059
:109FC00059313A2558512A255A3132235B313625E9
:109FD0005C212A275C213A2A5B213A285B3136280A
:109FE0005B513A2C5A31463154213A2E4D52363774
:109FF00040323A2552435E455B225A495C213E304D
:10A000005A4236425F342B285B43325A47223A3653
:10A01000404242244953262B4652216048225E2E5C
:10A020003C3235584155463F45394C5E212124602C
:10A030002121246021212460212124602121246008
:10A0400021212460212124602121246021212460F8
:10A0500021212460212124602121246021212460E8
:10A0600021212460212124602121246021212460D8
:10A0700021212460212124602121246021212460C8
:10A0800021212460212124602121246021212460B8
:10A0900021212460212124602121246021212460A8
:10A0A0002121246021212460212124602121246098
:10A0B0002121246021212460212124602121246088
:10A0C0002121246021212460212124602121246078
:10A0D0002121246021212460212124602121246068
:10A0E0002121246021212460212124602121246058
:10A0F0002121246021212460212124602121246048
:10A100002121246021212460212124602121246037
:10A110002121246021212460212124602121246027
:10A120002121246021212460212124602121246017
:10A130002121246021212460212124602121246007
:10A1400021212460212124602121246021212460F7
:10A1500021212460212124602121246021212460E7
:10A1600021212460212124602121246021212460D7
:10A1700021212460212124602121246021212460C7
:10A1800021212460212124602121246021212460B7
:10A1900021212460212124602121246021212460A7
:10A1A0002121246021212460212124602121246097
:10A1B0002121246021212460212124602121246087
:10A1C0002121246021212460212124602121246077
:10A1D00021212460274258604B4C4456565F444529
:10A1E0005C405C595B4048555B605455586024495D
:10A1F0005A5040505C4058555D506058564F283A70
:10A200004E2C5B57502D3821572F303E5A503C4F23
:10A21000584024485B4054565C50605A5B60585923
:10A220005B605C5B5B605C5B5C30605C5B50605B9C
:10A230005B50605B5B60605C5C30605C5C30605CB1
:10A240005C30605C5C50605A5C405C595D40605BB7
:10A25000554F2C3B5C505857572F40415D3054565A
:10A26000572F3C404B5C53555C3060585A5050530C
:10A270005A6054565B3058575B4054575B305859BE
:10A280005B3050585A604C555B40545759403C50D5
:10A290005750284A5A6058545B4054555B604C54A0
:10A2A0005960384E534E343043392B253F375E5278
:10A2B000523D40255A4F34444128365C4F5C502172
:10A2C000544E3C354F4C57584C4B4F4D4A394F3AF2
:10A2D0003A3155543F41415D3A3121503D31455865
:10A2E0003841394E38412D4E40213D4F4521455191
:10A2F00047413D544551354E4B47424A582B233C2C
:10A300004B41595156214A295031355B4921254E3F
:10A310004F21395855213D5F5621315E57413160FB
:10A3200056413560554135605621355C5721355BC6
:10A330005641315C5741355E5821355F5651315A8F
:10A340005551315A574136215951362759413A25ED
:10A350005931362359413222595136235A21322359
:10A360005A3132245B2136255B3136255B2135603D
:10A370005A312D5E5C4142315B513A2B5B313A24BC
:10A380005B31362A5A412E2859512E235A3136270D
:10A390005A5136285A5132295B213E2E5D413E35B5
:10A3A0005D51363559314A3354212A2554412A24E6
:10A3B0004D32522A3B215D5251444A515B33264271
:10A3C0005B522243602457315924265D4422222BBC
:10A3D0003D4246254523362E4822322748323A2729
:10A3E0003E22315A3C4321604629304621212460D7
:10A3F0002121246021212460212124602121246045
:10A400002121246021212460212124602121246034
:10A410002121246021212460212124602121246024
:10A420002121246021212460212124602121246014
:10A430002121246021212460212124602121246004
:10A4400021212460212124602121246021212460F4
:10A4500021212460212124602121246021212460E4
:10A4600021212460212124602121246021212460D4
:10A4700021212460212124602121246021212460C4
:10A4800021212460212124602121246021212460B4
:10A4900021212460212124602121246021212460A4
:10A4A0002121246021212460212124602121246094
:10A4B0002121246021212460212124602121246084
:10A4C0002121246021212460212124602121246074
:10A4D0002121246021212460212124602121246064
:10A4E0002121246021212460212124602121246054
:10A4F0002121246021212460212124602121246044
:10A500002121246021212460212124602121246033
:10A510002121246021212460212124602121246023
:10A520002121246021212460212124602121246013
:10A530002121246021212460212124602121246003
:10A5400021212460212124602121246021212460F3
:10A5500021212460212124602121246021212460E3
:10A5600021212460212124602121246021212460D3
:10A5700021212460212124602121246021212460C3
:10A5800021212460212124602121246021212460B3
:10A59000265244604C2C445D59402C4F5930284C75
:10A5A0005C605C5A5A6040505B504453592F60497C
:10A5B0005A50344D5D405855545E4C314C4C4350CC
:10A5C000533E342D575F44425A3038505B3050561A
:10A5D0005B4058585B50585A5C30605C5B50585A2E
:10A5E0005B50585A5B605C5B5B605C5B5B50605BC4
:10A5F0005B405C5A5B60605C5B505C5D5B505C5DCB
:10A600005C30605C5C30605C5C405C5A5C40545721
:10A61000562F303D5D305C595C504C55543E4032B5
:10A620004B2C374F5A5038505B4050545B30585782
:10A630005B3058575B3058575B3058575B30585732
:10A640005B4054575B6058565A403C505860344CFD
:10A650005B305C565A605857596040525A504451CA
:10A660005B4058535B404050573E4C3B4028465C53
:10A6700042292F2544293F2B3B57224B3F4822603C
:10A68000552E3838583F50434A3B5F4C502C335B73
:10A6900048572A5E3D3121543B5131543B213554BA
:10A6A0003841314E3B41395444413D5049213D4DA3
:10A6B0004B213D5746212148564933275A4A4737AF
:10A6C0004F413D5555413E264E51355C4831294F4D
:10A6D0004F313D5A56313E21574131605751362155
:10A6E0005621355F5551355E5631355C5731395CF1
:10A6F00057312D5E58213A215741395E5551395A0B
:10A700005551355B575136225A213228593136225C
:10A710005921356058512E21594132225951322345
:10A720005A4136245A5136245A5136235A41355DFE
:10A730005A2139595A4132235B3132225B513960F7
:10A740005C313A285B2132235951315C5921362141
:10A7500059312E225B2136255B51462B5A51322A24
:10A760005B514A3159412E2C5A212E2D58412E2C05
:10A770005A41463650524A3E3B522D585334324687
:10A780005B542E585C52524F5C5422554421515D0B
:10A79000394242253E325A2D485226264D325A31F0
:10A7A0003F52295A3B323D5C532B5B592121246097
:10A7B0002121246021212460212124602121246081
:10A7C0002121246021212460212124602121246071
:10A7D0002121246021212460212124602121246061
:10A7E0002121246021212460212124602121246051
:10A7F0002121246021212460212124602121246041
:10A800002121246021212460212124602121246030
:10A810002121246021212460212124602121246020
:10A820002121246021212460212124602121246010
:10A830002121246021212460212124602121246000
:10A8400021212460212124602121246021212460F0
:10A8500021212460212124602121246021212460E0
:10A8600021212460212124602121246021212460D0
:10A8700021212460212124602121246021212460C0
:10A8800021212460212124602121246021212460B0
:10A8900021212460212124602121246021212460A0
:10A8A0002121246021212460212124602121246090
:10A8B0002121246021212460212124602121246080
:10A8C0002121246021212460212124602121246070
:10A8D0002121246021212460212124602121246060
:10A8E0002121246021212460212124602121246050
:10A8F0002121246021212460212124602121246040
:10A90000212124602121246021212460212124602F
:10A91000212124602121246021212460212124601F
:10A92000212124602121246021212460212124600F
:10A9300021212460212124602121246021212460FF
:10A9400021212460212124602121246021212460EF
:10A95000444A445B5860244D5C505C595D305C59FE
:10A960005940244A544E58375C4054565A603C5023
:10A970005D505857555E58324D5C5753532E382C06
:10A98000584F58455A503C505860284C5B605C5BAF
:10A990005B60605C5B60605C5C30605C5B605C5B0F
:10A9A0005B50585A5B605C5B5C30605C5C3060594B
:10A9B0005B605C595B60605B5B505C5D5B505C5DE9
:10A9C0005C30605C5C30605C5C40605A5D305C5A5E
:10A9D000534E48335B5040534E3D275B552E443415
:10A9E0005D4058575B3044525B5050575B3058576E
:10A9F0005A605C575B3058575B3058575A5058551F
:10AA00005B605857585F5C484A2C2F4A5A30304B8D
:10AA10005B5058565B5058595760244C5B3058581F
:10AA20005A6054515B6050535C304456562E543C2F
:10AA30003E484A59494B3342503C602241384725F1
:10AA40004F3C475D564F343C465A5B3B4A3A5B436A
:10AA5000513A574F4145223C3B41254E3A21254F23
:10AA60003C5139563D5121544B2145544D41394DAE
:10AA70004E2145594752495648464635552846586D
:10AA800051415D5754413E254D31395C4731295084
:10AA90005021395C57413A23584132215731355EB4
:10AAA0005521355B5621315C5651395C5721395D52
:10AAB00058212D5E58513A225641355D552139595C
:10AAC0005541355C583136235A31322859313A23B1
:10AAD00059313A2159213222595136235A313624DB
:10AAE0005A4136255A5136245A5136225A51315F2D
:10AAF0005A41315B5A4132245A413A235941315F1C
:10AB0000595136235951395E59513D585951355D86
:10AB10005831355F5B2132215C31322359414A255E
:10AB200056512D605D214A335F4232435D214A3EDA
:10AB30005C3142405C2152434D5222233C514D4DE9
:10AB400054334A4E5E225E535553263A4541595678
:10AB50003E3326333B2226294A21562550532234A0
:10AB60004142355D3A22496046574260465A386054
:10AB700021212460212124602121246021212460BD
:10AB800021212460212124602121246021212460AD
:10AB9000212124602121246021212460212124609D
:10ABA000212124602121246021212460212124608D
:10ABB000212124602121246021212460212124607D
:10ABC000212124602121246021212460212124606D
:10ABD000212124602121246021212460212124605D
:10ABE000212124602121246021212460212124604D
:10ABF000212124602121246021212460212124603D
:10AC0000212124602121246021212460212124602C
:10AC1000212124602121246021212460212124601C
:10AC2000212124602121246021212460212124600C
:10AC300021212460212124602121246021212460FC
:10AC400021212460212124602121246021212460EC
:10AC500021212460212124602121246021212460DC
:10AC600021212460212124602121246021212460CC
:10AC700021212460212124602121246021212460BC
:10AC800021212460212124602121246021212460AC
:10AC9000212124602121246021212460212124609C
:10ACA000212124602121246021212460212124608C
:10ACB000212124602121246021212460212124607C
:10ACC000212124602121246021212460212124606C
:10ACD000212124602121246021212460212124605C
:10ACE000212124602121246021212460212124604C
:10ACF000212124602121246021212460212124603C
:10AD00002121246021212460212124603E39245FF7
:10AD10005B5050575960344D5A5040505D30605927
:10AD20005B604C545B604854572F4041503D542564
:10AD3000553E5C354C3C4B4B525E3828574F4C3F90
:10AD40005A50444F5B4058555B605C595C60606092
:10AD50005C40585E5C40605D5B605C5B5C30605C8E
:10AD60005B4054595C40605B5C30605A5C30605AB8
:10AD70005B605C595C40605C5B60605E5B60605E19
:10AD80005C30605E5C30605C5C3058595A604052A8
:10AD9000554F2C3C583F5446453A5337535E302F5D
:10ADA000524E282C575F50445B304C555B305C57FB
:10ADB0005A605C575B3058575B3058575A6058554B
:10ADC0005960404D515E2C2941595B275B40344E00
:10ADD0005B504C545A5048545B405C5A5A6054582B
:10ADE0005B4058535930304B5B30585A5A404053AF
:10ADF000564E6039474B3B3D5A50304C4A4B3B4ACC
:10AE00004D5B57515A4F5047503C575C483A373882
:10AE1000492A3F3D4C594B3B3D22355B41313D5B1F
:10AE20004031355A4151355C4E213D5452214D53EC
:10AE30004E2135554C252A33582B4B3B4B5652351A
:10AE400052314D5A535136234C31355B47312951DC
:10AE50005041395D58313A25583132215651355DCE
:10AE6000544131595631315A5721395B5721355C9C
:10AE70005831295E58513A225551355C5441395860
:10AE80005541395D58513A245A4136295921355F87
:10AE90005851356058513222594136235A3136249F
:10AEA0005A4136255A5136245A4136215B213222E5
:10AEB0005B312E265A51362D58513A2857413A25A2
:10AEC0005651322458213D5E59413D595A21315C39
:10AED0005751395D59213A215C512E295D31322F6C
:10AEE0005B314A355C32223D5C5132325D213A2E73
:10AEF0005B31362B5B215237583156264C233E3579
:10AF000044322E3253322A435322263045213548CB
:10AF10003E225E2E3B515E2A49513D5F52425635DC
:10AF200043423A223732315B3A524E25493A3C4A43
:10AF300021212460212124602121246021212460F9
:10AF400021212460212124602121246021212460E9
:10AF500021212460212124602121246021212460D9
:10AF600021212460212124602121246021212460C9
:10AF700021212460212124602121246021212460B9
:10AF800021212460212124602121246021212460A9
:10AF90002121246021212460212124602121246099
:10AFA0002121246021212460212124602121246089
:10AFB0002121246021212460212124602121246079
:10AFC0002121246021212460212124602121246069
:10AFD0002121246021212460212124602121246059
:10AFE0002121246021212460212124602121246049
:10AFF0002121246021212460212124602121246039
:10B000002121246021212460212124602121246028
:10B010002121246021212460212124602121246018
:10B020002121246021212460212124602121246008
:10B0300021212460212124602121246021212460F8
:10B0400021212460212124602121246021212460E8
:10B0500021212460212124602121246021212460D8
:10B0600021212460212124602121246021212460C8
:10B0700021212460212124602121246021212460B8
:10B0800021212460212124602121246021212460A8
:10B090002121246021212460212124602121246098
:10B0A0002121246021212460212124602121246088
:10B0B0002121246021212460212124602121246078
:10B0C00021212460212124603255585F585F605C43
:10B0D0005B40585A575F5049552E54395D5054586B
:10B0E0005C3050545B304C5159502C48534E3029F1
:10B0F0004F4D2B58523E382959402C485A30384D24
:10B100005A403C505C50605B5C505C5C5C505C5CEA
:10B110005C60605D5C40605C5C30605C5C30605CCE
:10B120005B605C5B5B605C5B5C30605C5B605C5B81
:10B130005B605C5B5C30605C5B605C5B5C30605C9B
:10B140005C30605C5C30605C5B605C5B5B60585A90
:10B150005B5054595B5050575A6044535950304ECD
:10B160005940344F59603C515B405C585B305857F4
:10B170005B3058575B3058575B3058575B305855E9
:10B180005B4058535C606058475B4B445B604C5479
:10B190005B3048525B4054575B3058575B305C58CB
:10B1A00059302C4B5C3054585A604C555C305857D1
:10B1B0005C304C52533E302E464A573D3F48426029
:10B1C000495B334B533E2C323E58525C452A232F69
:10B1D0004F2C5F594A5B2F4346365E5341313956F7
:10B1E00045312D5E4451355B4E51415A4D21395305
:10B1F00048312D4E4D264241522A4328454355554C
:10B2000054214D605241455F4C21395948312950F4
:10B210004F51355C57513A25574136225521355EFD
:10B220005521355D5721355F5641315B5721355AE0
:10B230005921362158213A215521355D5351355B2D
:10B240005651356059313A2A5A31362C59412E21FE
:10B250005731356055513960593132265B212E27DF
:10B260005A3136255B213A235B21315E5941315AEF
:10B270005A31295A5C5132265A51422A55214221CB
:10B2800053513557584139575B21355C59313A2173
:10B290005751415D59513A255C51362A5C513E2740
:10B2A00060332A4A5E523E4F5D31323D5D413A364F
:10B2B0005B41463958314E2559513E295B34364B56
:10B2C0003E5242264A415A344E523E3D4421355860
:10B2D000405242303C5222294951515E52424A3733
:10B2E0004452562C365235583A42395B523B4357FA
:10B2F0002121246021212460212124602121246036
:10B300002121246021212460212124602121246025
:10B310002121246021212460212124602121246015
:10B320002121246021212460212124602121246005
:10B3300021212460212124602121246021212460F5
:10B3400021212460212124602121246021212460E5
:10B3500021212460212124602121246021212460D5
:10B3600021212460212124602121246021212460C5
:10B3700021212460212124602121246021212460B5
:10B3800021212460212124602121246021212460A5
:10B390002121246021212460212124602121246095
:10B3A0002121246021212460212124602121246085
:10B3B0002121246021212460212124602121246075
:10B3C0002121246021212460212124602121246065
:10B3D0002121246021212460212124602121246055
:10B3E0002121246021212460212124602121246045
:10B3F0002121246021212460212124602121246035
:10B400002121246021212460212124602121246024
:10B410002121246021212460212124602121246014
:10B420002121246021212460212124602121246004
:10B4300021212460212124602121246021212460F4
:10B4400021212460212124602121246021212460E4
:10B4500021212460212124602121246021212460D4
:10B4600021212460212124602121246021212460C4
:10B4700021212460212124602121246021212460B4
:10B480002121246021212460522E2C5C5C50605AC2
:10B490005B40585C5B4048575D40585B554E603A96
:10B4A000583F5444583F5C44585F58434C5C3F4DB0
:10B4B000522D5422572F50415960404D5B30545407
:10B4C0005B6058595C30605C5C30605C5C30605C38
:10B4D0005C30605C5C30605C5C30605C5C30605C4C
:10B4E0005B605C5B5B605C5B5C30605C5B605C5BBE
:10B4F0005B605C5B5C30605C5B605C5B5C30605CD8
:10B500005C30605C5C30605C5B605C5B5B605C5BC7
:10B510005B605C5B5B50585A5B4054595B405C58C5
:10B520005B60605A5B405C585A6054565B305857B9
:10B530005B3058575B3058575B3058575B405C5511
:10B540005A6050515C305C56454B2F3C5B40485331
:10B550005B3048525B4054575B3058575A605857DD
:10B560005B6054555B5050565A60545659604C526B
:10B570005B405C565C4050574C5C3B5738264E4312
:10B58000564E443F553E503C404943284E5C475739
:10B59000595F3C444C2B5B4C4E295F3D4243362A5D
:10B5A00046513D5E443131584A413D5848313D5045
:10B5B0004021354147572E3B5A3C4F4C4151514356
:10B5C00055414E2551513D5A4B5139574831294F1C
:10B5D0004F21395B57313A24574136225441355D6A
:10B5E0005451315C572135605651355C5731315CCF
:10B5F0005921362157513A215451395D5351355B08
:10B600005721362159413A2B5A31362C5B212E24B1
:10B6100057413A2155413E225A4132285C212E2978
:10B62000583136235751355E5A21355C5A313D5BCE
:10B630005A2131595B312E21592136265431395D39
:10B6400054413957593135585B21315E59213A24DB
:10B65000592136215B413A225D41462B60324240FE
:10B660005F2246455A513E395B313A395B51363992
:10B670005A413E305A314A265B312A2A5C325A3DC1
:10B680003E224A2144422A2C4752563C3F31395AE5
:10B6900042222E2C4222322E4922262352323E387A
:10B6A00045432634353231553A522D594657425585
:10B6B0002D44246021212460212124602121246043
:10B6C0002121246021212460212124602121246062
:10B6D0002121246021212460212124602121246052
:10B6E0002121246021212460212124602121246042
:10B6F0002121246021212460212124602121246032
:10B700002121246021212460212124602121246021
:10B710002121246021212460212124602121246011
:10B720002121246021212460212124602121246001
:10B7300021212460212124602121246021212460F1
:10B7400021212460212124602121246021212460E1
:10B7500021212460212124602121246021212460D1
:10B7600021212460212124602121246021212460C1
:10B7700021212460212124602121246021212460B1
:10B7800021212460212124602121246021212460A1
:10B790002121246021212460212124602121246091
:10B7A0002121246021212460212124602121246081
:10B7B0002121246021212460212124602121246071
:10B7C0002121246021212460212124602121246061
:10B7D0002121246021212460212124602121246051
:10B7E0002121246021212460212124602121246041
:10B7F0002121246021212460212124602121246031
:10B800002121246021212460212124602121246020
:10B810002121246021212460212124602121246010
:10B820002121246021212460212124602121246000
:10B8300021212460212124602121246021212460F0
:10B8400021212460442A405E5A6044545A50405298
:10B850005C405C5C5C30605C5C405C5B5950304CD4
:10B860005C5054555C404050523D60274F2D23584A
:10B87000592F5443575F5C465A6050535B605C5885
:10B880005C40605B5B605C5B5B605C5B5C30605C35
:10B890005C30605C5C30605C5C30605C5C30605C88
:10B8A0005C30605C5C30605C5C30605C5B605C5B4E
:10B8B0005C30605C5C30605C5B605C5B5C30605C3E
:10B8C0005C30605C5C30605C5C30605C5C30605C58
:10B8D0005C30605C5B605C5B5B50585A5B30585717
:10B8E0005B3058575B405C585B405C585B30585746
:10B8F0005B3058575B3058575B3058575A6050533D
:10B900005A6050535B404C54455B333D5C405C583F
:10B910005A504C525B4054575B405C585B30585611
:10B920005B5050525B4058565740304B586054540F
:10B93000594054545A6054545B303851434A23326E
:10B940004B3B5F51583F44483B2826514329472CE5
:10B95000563E2835492A5B414C3A5F4847565E5867
:10B96000454159604251395943412D524331314982
:10B970003C21212F5C4D3B535D4D33584621454DB5
:10B980005641522A513135554B4139564751294F6D
:10B990004E21395A56513E24572136215451315D9A
:10B9A0005521315D572135605651355E5731315E35
:10B9B00058513221574136215441355C5351355944
:10B9C0005721356059413A285A31322B5B512E2488
:10B9D00058413A2257213E225C3132295B413228BC
:10B9E0005441315D533135595841395D5A513D5EAD
:10B9F0005A31395C5831315F55412D5F54312D5BDF
:10BA000056513D5C5951395C5A31316058512E24A0
:10BA10005A312A235B412D5C5B5136275C414641FC
:10BA20005C31564259213E2B5921463058412A2F2C
:10BA3000593136225A5142295D413E3A5A314A32F1
:10BA400041434E2F3F52322542224E353B313D5924
:10BA5000452152254922563546322E2551222E386F
:10BA600044425E32335239553D223D5F3C215158AC
:10BA7000525C344B21212460212124602121246047
:10BA8000212124602121246021212460212124609E
:10BA9000212124602121246021212460212124608E
:10BAA000212124602121246021212460212124607E
:10BAB000212124602121246021212460212124606E
:10BAC000212124602121246021212460212124605E
:10BAD000212124602121246021212460212124604E
:10BAE000212124602121246021212460212124603E
:10BAF000212124602121246021212460212124602E
:10BB0000212124602121246021212460212124601D
:10BB1000212124602121246021212460212124600D
:10BB200021212460212124602121246021212460FD
:10BB300021212460212124602121246021212460ED
:10BB400021212460212124602121246021212460DD
:10BB500021212460212124602121246021212460CD
:10BB600021212460212124602121246021212460BD
:10BB700021212460212124602121246021212460AD
:10BB8000212124602121246021212460212124609D
:10BB9000212124602121246021212460212124608D
:10BBA000212124602121246021212460212124607D
:10BBB000212124602121246021212460212124606D
:10BBC000212124602121246021212460212124605D
:10BBD000212124602121246021212460212124604D
:10BBE000212124602121246021212460212124603D
:10BBF000212124602121246021212460212124602D
:10BC0000272250605930245B583F5C49584F604AA6
:10BC10005C60585B59603C51545F383E5C40605AF0
:10BC20005C605454534E282B4D2C3B50573F343CB2
:10BC30005A40384C5A6050535C3060595C30605AFE
:10BC40005B6058595C30605C5C30605C5C30605CB0
:10BC50005C30605C5C30605C5C30605C5C30605CC4
:10BC60005C30605C5C30605C5B605C5B5C30605C8A
:10BC70005C30605C5C30605C5B605C5B5C30605C7A
:10BC80005C30605C5C30605C5C30605C5C30605C94
:10BC90005C30605C5C30605C5B60605B5B60605A29
:10BCA0005A6054565A6054565A6054565B3058572E
:10BCB0005B3058575B3058575B3058575B4058558E
:10BCC0005B4058555B305053512E302B5B605857BA
:10BCD0005A5048535B5058585B4058585B40545535
:10BCE0005B30544F5B405C545A3054555A505C5B47
:10BCF0005A605C5A5B3058565B505455565F343F1F
:10BD0000512D5027543E4034444A3F373F592F2647
:10BD100044494F32493A4B43473A473F4D4A233F04
:10BD200045534A2E41312D56422135584331454D18
:10BD30003A523531574C5740585B4B414D21415D8C
:10BD4000545142264F41354F4B21355447212D4EFA
:10BD50004D21355856213A2257313A215521355E29
:10BD60005531315D57313960572139605731315F75
:10BD700058512E22573132215431355C53413158BC
:10BD80005641315E59313A265A2132285A513224CD
:10BD900059213623584136235C312E2859412E250E
:10BDA00050512D58512139575841395E5B21315E30
:10BDB00059413D5E5531315B5321295955212D5C47
:10BDC0005921395D5A31395E5931316058212E235C
:10BDD0005B212E235C3142285C52223A5E22364B94
:10BDE0005A41463957213A235541355E564129601B
:10BDF000594136265C222E395F22524E59322E3D51
:10BE000048455E4F3E52215F4052322F3C2135590A
:10BE10004931355D4B52462D42423A274F222A394D
:10BE20004342463033222D54403242234131555C47
:10BE3000533B4B5629325C60212124602121246030
:10BE400021212460212124602121246021212460DA
:10BE500021212460212124602121246021212460CA
:10BE600021212460212124602121246021212460BA
:10BE700021212460212124602121246021212460AA
:10BE8000212124602121246021212460212124609A
:10BE9000212124602121246021212460212124608A
:10BEA000212124602121246021212460212124607A
:10BEB000212124602121246021212460212124606A
:10BEC000212124602121246021212460212124605A
:10BED000212124602121246021212460212124604A
:10BEE000212124602121246021212460212124603A
:10BEF000212124602121246021212460212124602A
:10BF00002121246021212460212124602121246019
:10BF10002121246021212460212124602121246009
:10BF200021212460212124602121246021212460F9
:10BF300021212460212124602121246021212460E9
:10BF400021212460212124602121246021212460D9
:10BF500021212460212124602121246021212460C9
:10BF600021212460212124602121246021212460B9
:10BF700021212460212124602121246021212460A9
:10BF80002121246021212460212124602121246099
:10BF90002121246021212460212124602121246089
:10BFA0002121246021212460212124602121246079
:10BFB0002121246021212460212124602221386054
:10BFC0004C5C545D5D30605B5C405C595B60545719
:10BFD0005C605457565F4C44564F58445A60585210
:10BFE000592F58454C2C274C542E2C2D563F2C3B6A
:10BFF0005A3040505B4058565C30605A5B605C5928
:10C000005B605C595C30605B5C30605B5C305C5CEE
:10C010005C30605C5C30605C5C30605C5C30605C00
:10C020005C30605C5C30605C5C30605C5C30605CF0
:10C030005C30605C5C30605C5B605C5B5C30605CB6
:10C040005C30605C5C30605C5C30605C5C30605CD0
:10C050005C30605C5C30605C5B60605B5B60605A65
:10C060005B405C585B60605A5B4058585B30585787
:10C070005B3058575B3058575B3058575B405856C9
:10C080005B3054555B3054555B3054555B505857BA
:10C090005B3050565B4054575B5058585B3054559A
:10C0A0005A50584F5A5054525B6050595C50505C33
:10C0B000543E4C395A302C4E5B4050535B305452F6
:10C0C000524E442F554E48364E2C4759525E343509
:10C0D00043495B36483A333E465A433D4E2B374C34
:10C0E00049565252445155604541315F4451394F90
:10C0F00049372A34553C2F35595A47395141422640
:10C1000054413E254E51314E4B31395547212D4E2C
:10C110004C31315655313E22573136215541355F2C
:10C120005621355F57313A215651356057413221FA
:10C1300058512E23572132225351355B53312D58FC
:10C140005641355C592136235951362658413621FE
:10C15000593136235A3132255B312E27562132216F
:10C160004E41315651313156592135605B21315F95
:10C170005831395B53313956524131555721355A6F
:10C180005A41395D5941315C5821315F57412A226A
:10C190005B213A285F53364E5E4326515B32323D77
:10C1A00057412E245621315E544139565631315C67
:10C1B0005A3136335E532A4F5B324A4A5342263D48
:10C1C0003A22515F4132322641222A2D4031395FD5
:10C1D0004F5132214E324E2B3E5232244B322A36B0
:10C1E00044524E353351494F4121495A46315D5FE2
:10C1F0004B28325F222124602121246021212460E8
:10C200002121246021212460212124602121246016
:10C210002121246021212460212124602121246006
:10C2200021212460212124602121246021212460F6
:10C2300021212460212124602121246021212460E6
:10C2400021212460212124602121246021212460D6
:10C2500021212460212124602121246021212460C6
:10C2600021212460212124602121246021212460B6
:10C2700021212460212124602121246021212460A6
:10C280002121246021212460212124602121246096
:10C290002121246021212460212124602121246086
:10C2A0002121246021212460212124602121246076
:10C2B0002121246021212460212124602121246066
:10C2C0002121246021212460212124602121246056
:10C2D0002121246021212460212124602121246046
:10C2E0002121246021212460212124602121246036
:10C2F0002121246021212460212124602121246026
:10C300002121246021212460212124602121246015
:10C310002121246021212460212124602121246005
:10C3200021212460212124602121246021212460F5
:10C3300021212460212124602121246021212460E5
:10C3400021212460212124602121246021212460D5
:10C3500021212460212124602121246021212460C5
:10C3600021212460212124602121246021212460B5
:10C370002121246021212460212124602F34606048
:10C380005960385A5C50605A5C60605B575F544734
:10C39000542E54365B5058555B3060545B405852B5
:10C3A0004E2D27584F4D275B594F4C455A603C51F5
:10C3B0005860304E5B605C5A5C30605B5B50585834
:10C3C0005B605C595C30605A5B605C5A5B605C5BD4
:10C3D0005C30605C5C30605C5C30605C5C30605C3D
:10C3E0005C30605C5C30605C5C30605C5C30605C2D
:10C3F0005C30605C5C30605C5C30605C5C30605C1D
:10C400005C30605C5C30605C5C30605C5C30605C0C
:10C410005C30605C5C30605C5C30605B5B60605AD0
:10C420005B505C595B5060595B3058575B305857D4
:10C430005B3058575B3058575B3058575B40585803
:10C440005B4054575B3050565B3054565B3054560B
:10C450005B4054575A604C555A6048535A60505488
:10C460005A4050515C3054575A5F6050483B234407
:10C4700032553E2A593F48465A6048505A30585221
:10C480005860384C3B582A4F563E4038563F384546
:10C49000425A2F354B4B2B4A424933284B2B3345BD
:10C4A0004E595337485252284B31362446412D4D70
:10C4B000542A3B2548492647505642445351422668
:10C4C00055313E26504135564B5135564721314F57
:10C4D0004B51315655213E22572136215621315F8D
:10C4E0005641355F57413A21565135605741362202
:10C4F00058513225565132215341355B533135580D
:10C500005621395A5921322259413A265621395E4B
:10C51000593136235B313226595132265231315D41
:10C520004D4139555251315A5A31322259512D5FAC
:10C53000563131575321355354213D5358413D5ABB
:10C540005A51315D58512D5C57513A235951522E51
:10C550005D423E3F5C2232455B423A4557213225DF
:10C560005751395D55512958554131585751362643
:10C570005F223A4D5D422E455931423D4E32263CB6
:10C5800039532A293E3222213D31415B4431315F0A
:10C590005541362A523252314042462A47323E33C2
:10C5A00047432E3B3821495345222E254B22262630
:10C5B00048434630502B5C302121246021212460E7
:10C5C0002121246021212460212124602121246053
:10C5D0002121246021212460212124602121246043
:10C5E0002121246021212460212124602121246033
:10C5F0002121246021212460212124602121246023
:10C600002121246021212460212124602121246012
:10C610002121246021212460212124602121246002
:10C6200021212460212124602121246021212460F2
:10C6300021212460212124602121246021212460E2
:10C6400021212460212124602121246021212460D2
:10C6500021212460212124602121246021212460C2
:10C6600021212460212124602121246021212460B2
:10C6700021212460212124602121246021212460A2
:10C680002121246021212460212124602121246092
:10C690002121246021212460212124602121246082
:10C6A0002121246021212460212124602121246072
:10C6B0002121246021212460212124602121246062
:10C6C0002121246021212460212124602121246052
:10C6D0002121246021212460212124602121246042
:10C6E0002121246021212460212124602121246032
:10C6F0002121246021212460212124602121246022
:10C700002121246021212460212124602121246011
:10C710002121246021212460212124602121246001
:10C7200021212460212124602121246021212460F1
:10C730002121246021212460213128604C4C585D46
:10C740005B605C595B404C555B3048545A30385004
:10C75000584028495B605C555D405C58555F283700
:10C760004C4C4B51545E50345A6038505A604854C7
:10C770005B60585B5C30605C5B605C5B5B50585836
:10C780005C30605A5B605C595B605C595B605C5B11
:10C790005B605C5B5C30605C5C30605C5C30605C4F
:10C7A0005C30605C5C30605C5C30605C5C30605C69
:10C7B0005C30605C5C30605C5C30605C5C30605C59
:10C7C0005C30605C5C30605C5C30605C5C30605C49
:10C7D0005C30605C5C30605C5B60605B5B505C59F3
:10C7E0005B505C595B405C585B405C585B30585711
:10C7F0005B3058575B3058575B3058575B40545745
:10C800005B4054575B3054575A6054575A605456E3
:10C810005B4054575A5048545C5058585C305456FA
:10C820005B504856523E282F3155422B42593B2AE5
:10C830005A3F40475A2F504559502C495A50585545
:10C840005A405854525E2C2E4259472A522E2C30B0
:10C850004C2C4F58585E54404A5B3F47453A37325C
:10C860004F5B2B474C544A3D4D21362345412D4AC1
:10C87000524A3F285E4D33544A2241575431462193
:10C88000554146245221355F4C413557474135507B
:10C890004B51315654413A21573136215641315F7F
:10C8A0005721315F57413A2157213A2158213A24E3
:10C8B00058513626565136225341355B534139592A
:10C8C0005621395A5851322259413A265621395E59
:10C8D000594136235B213626583132245041315A92
:10C8E0004C4135545251355B5A21362458412D5F05
:10C8F000544129565441395557213D565A313959D9
:10C900005A51355F583132225921562E5E325245E6
:10C910005D425A4C5C3232445B42263A58412E25E5
:10C920005741295C5851462257312A225D322E4305
:10C930005F222A4C5D41363C5B414A3C4B325245BA
:10C9400038224A2A3D2242293E413D534C515E2C19
:10C950005A3152375552323447432A3843425231C2
:10C9600045224A313C52295E41414D5A4D32322CCA
:10C9700050433237502A235C2832506021212460F2
:10C98000212124602121246021212460212124608F
:10C99000212124602121246021212460212124607F
:10C9A000212124602121246021212460212124606F
:10C9B000212124602121246021212460212124605F
:10C9C000212124602121246021212460212124604F
:10C9D000212124602121246021212460212124603F
:10C9E000212124602121246021212460212124602F
:10C9F000212124602121246021212460212124601F
:10CA0000212124602121246021212460212124600E
:10CA100021212460212124602121246021212460FE
:10CA200021212460212124602121246021212460EE
:10CA300021212460212124602121246021212460DE
:10CA400021212460212124602121246021212460CE
:10CA500021212460212124602121246021212460BE
:10CA600021212460212124602121246021212460AE
:10CA7000212124602121246021212460212124609E
:10CA8000212124602121246021212460212124608E
:10CA9000212124602121246021212460212124607E
:10CAA000212124602121246021212460212124606E
:10CAB000212124602121246021212460212124605E
:10CAC000212124602121246021212460212124604E
:10CAD000212124602121246021212460212124603E
:10CAE000212124602121246021212460212124602E
:10CAF00021212460212124602E244C60593030599A
:10CB00005B605C5959402C4D563F3C415B6050572F
:10CB10005A404C515B6054535C303C4E4D4C475234
:10CB2000505D5022584F604658502C4B5A3040545C
:10CB30005C605C5F5C30605E5B605C5B5B605C5B50
:10CB40005B6060595B605C595B605C595B605C5B1F
:10CB50005B605C5B5C30605C5C30605C5C30605C8B
:10CB60005C30605C5C30605C5C30605C5C30605CA5
:10CB70005C30605C5C30605C5C30605C5C30605C95
:10CB80005C30605C5C30605C5C30605C5C30605C85
:10CB90005C30605C5C30605C5C30605C5B50605959
:10CBA0005B5060595B405C585B3058575B3058575E
:10CBB0005B3058575B3058575B3058575B30505894
:10CBC0005B3050585B3058595B3058585A60545657
:10CBD0005A404C545B605C585C305856592F54494D
:10CBE00042394F2E36464A3E43495F324E3C4F5BF8
:10CBF000595F5C47573F3C3E553F283A5B4048569B
:10CC00005B4058595A4030503B374A4B455A3F34A5
:10CC1000455A4B34595F3441564E603B505D482471
:10CC20004F2B3B4A4C5722534C423E2842512D46F3
:10CC3000535A332F55393F274C3141505521555EBA
:10CC40005251355C51313E274D41395A474131509F
:10CC50004B412D5554413A215751362257213160CD
:10CC60005721315F57413A2157213A2158213A241F
:10CC700059213A27565136225341355B5341395990
:10CC80005621355C585136225951362658313622B4
:10CC90005A213A2459413A25574136215041395AAF
:10CCA0004B413552505131575841362257513A2253
:10CCB0005351355B56213158592131585B21315C34
:10CCC0005941316058514E2C5F23324D5F532650ED
:10CCD00060334A5B5C52223B5C513E305B41322AFE
:10CCE0005A3136295A413E2D5D31563D60424E54EF
:10CCF0005D215A435E21463D594156364322563FF7
:10CD000037322E2E3941516046312D5256322A3457
:10CD10005B51563E59415E3C4F4336423F325228AA
:10CD20004242422A3D42255B3D213D4F4C322A285A
:10CD30005352262F50592B3333245C5E212124601B
:10CD400021212460212124602121246021212460CB
:10CD500021212460212124602121246021212460BB
:10CD600021212460212124602121246021212460AB
:10CD7000212124602121246021212460212124609B
:10CD8000212124602121246021212460212124608B
:10CD9000212124602121246021212460212124607B
:10CDA000212124602121246021212460212124606B
:10CDB000212124602121246021212460212124605B
:10CDC000212124602121246021212460212124604B
:10CDD000212124602121246021212460212124603B
:10CDE000212124602121246021212460212124602B
:10CDF000212124602121246021212460212124601B
:10CE0000212124602121246021212460212124600A
:10CE100021212460212124602121246021212460FA
:10CE200021212460212124602121246021212460EA
:10CE300021212460212124602121246021212460DA
:10CE400021212460212124602121246021212460CA
:10CE500021212460212124602121246021212460BA
:10CE600021212460212124602121246021212460AA
:10CE7000212124602121246021212460212124609A
:10CE8000212124602121246021212460212124608A
:10CE9000212124602121246021212460212124607A
:10CEA000212124602121246021212460212124606A
:10CEB000212124602121246041595C5E5B4054574C
:10CEC0005B5054575B3040535A4034505B6050566F
:10CED0005B305C535B30444F573E60394B5C2748B6
:10CEE000564F28375A303C4E5A6054555A304455A4
:10CEF0005C505C5E5B60605E5B60605E5B60605C63
:10CF00005B5060595B5060595B60605A5B60605C6D
:10CF10005B605C5B5C30605C5C30605D5B60605C97
:10CF20005B60605C5C30605C5C505C5C5C505C5C7A
:10CF30005C30605D5B60605D5B60605A5C30605A75
:10CF40005C30605C5C30605C5C30605C5C30605CC1
:10CF50005C30605C5C505C5C5C30585A5940344ECC
:10CF600059603C515B3058575B3058575B305858CC
:10CF70005B3058575B3058575B3058555A604C55AA
:10CF80005B3050575B3058595A5058585A50585681
:10CF90005B505C595B404C554F4D442235464A38F6
:10CFA000473A4F3F592F3449574F38443958264D47
:10CFB0005A40444E5A40444E5B5050535B50445587
:10CFC0005B5054595B505458505D382442594324A7
:10CFD000424943243E283E53523E3C2D565F383F43
:10CFE000495A4B3B525B2344472322234623315A61
:10CFF000542A5332575A27334F41355452514157CF
:10D000005021355750313A244E213D5B4841294F3C
:10D010004B212D5455313A215821362257312D605C
:10D02000573136215751362257213A2258213A2476
:10D0300058513E27564136225321355B5251355ABD
:10D040005551395E585136225A313A265A213625E1
:10D050005A31362559213A2456513A215051355BDF
:10D060004B2135534F21315657313A2157413E22FA
:10D0700053513E21565131595A2129575B21295D7F
:10D080005A213E2B5F2332485C423A415C52224097
:10D090005C222E415B313A2F5D512E295D212E2AD3
:10D0A0005B5142335C51523F5D4152465D415243B8
:10D0B0005C415E425B313E37553226333822362C96
:10D0C000393232343C212D5B532156275C322A37CA
:10D0D0005C4236475941363B575422503F225E2826
:10D0E0003D322D5F3B4145553E3155574932222354
:10D0F00056215A2F4B554A46545D30562121246003
:10D100002121246021212460212124602121246007
:10D1100021212460212124602121246021212460F7
:10D1200021212460212124602121246021212460E7
:10D1300021212460212124602121246021212460D7
:10D1400021212460212124602121246021212460C7
:10D1500021212460212124602121246021212460B7
:10D1600021212460212124602121246021212460A7
:10D170002121246021212460212124602121246097
:10D180002121246021212460212124602121246087
:10D190002121246021212460212124602121246077
:10D1A0002121246021212460212124602121246067
:10D1B0002121246021212460212124602121246057
:10D1C0002121246021212460212124602121246047
:10D1D0002121246021212460212124602121246037
:10D1E0002121246021212460212124602121246027
:10D1F0002121246021212460212124602121246017
:10D200002121246021212460212124602121246006
:10D2100021212460212124602121246021212460F6
:10D2200021212460212124602121246021212460E6
:10D2300021212460212124602121246021212460D6
:10D2400021212460212124602121246021212460C6
:10D2500021212460212124602121246021212460B6
:10D2600021212460212124602121246021212460A6
:10D270002121246021212460542E60595A604C558C
:10D280005B404C555C505057562E5C39553E4833E8
:10D290005C4058545A402C4A4E5C5F58522D4C23E7
:10D2A000584F4C425A40404E5A6054555B405C596E
:10D2B0005C505C5C5B605C5B5B605C5B5B605C5BB4
:10D2C0005B605C5B5C30605C5C30605C5C405C5C08
:10D2D0005C505C5C5C40545C5B60545D5B30605CEB
:10D2E0005B30605B5B605C5B5D60585D5D505C5DAE
:10D2F0005B50585D595054595B305C545B506057DB
:10D300005C30605D5C30605E5B505C5B5A605457C3
:10D310005B5058585D50605F5C304055575F4841E6
:10D320005B3044525B3050575B30585B5A60585A00
:10D330005A5058565A6054545B3058535B6054549A
:10D340005A6048525B30585759604C545B405C5BA4
:10D35000564F44463F292B223C375E51562E3C36D1
:10D360005B40344E573F403F452B2338505E2C29BD
:10D370005B3058535B405C555B4058555A5048529F
:10D380005B504C545A6048535840244A3B382A500A
:10D3900041293724473A3B3A4B3C4355562E5C3D96
:10D3A000504D3825593E50364B2546444A563A3161
:10D3B0005D4E5B57534A2B274F21355C5121395F16
:10D3C0004F5141595241315F4E2135564B513954DD
:10D3D0004A21315355313E21575136225721315F71
:10D3E000564132215831362857413A2557313A2291
:10D3F00057413622555132215251395E5231315CFA
:10D400005451315D5821316059313A2259213A271E
:10D410005B5132295A313628554132224E41315B17
:10D420004A2131544E41315657212D5C5841322307
:10D4300055413A2757513D5A594135515D522A3489
:10D440005E224A465F432E485B41362B5C513A2DA3
:10D450005E4352515B522A2F5D21295A5B4136228D
:10D460005B3142335E4246515C42424D5D42263F53
:10D470005D215640594146384D52262C32523E26A7
:10D480003E322633483136235641422B5C433243E9
:10D490005D3336555C214A43583326424433222FAC
:10D4A0003742355E3C51555E4151395A4451595EBF
:10D4B00052215E2C51323E31584D243421212460BA
:10D4C0002121246021212460212124602121246044
:10D4D0002121246021212460212124602121246034
:10D4E0002121246021212460212124602121246024
:10D4F0002121246021212460212124602121246014
:10D500002121246021212460212124602121246003
:10D5100021212460212124602121246021212460F3
:10D5200021212460212124602121246021212460E3
:10D5300021212460212124602121246021212460D3
:10D5400021212460212124602121246021212460C3
:10D5500021212460212124602121246021212460B3
:10D5600021212460212124602121246021212460A3
:10D570002121246021212460212124602121246093
:10D580002121246021212460212124602121246083
:10D590002121246021212460212124602121246073
:10D5A0002121246021212460212124602121246063
:10D5B0002121246021212460212124602121246053
:10D5C0002121246021212460212124602121246043
:10D5D0002121246021212460212124602121246033
:10D5E0002121246021212460212124602121246023
:10D5F0002121246021212460212124602121246013
:10D600002121246021212460212124602121246002
:10D6100021212460212124602121246021212460F2
:10D6200021212460212124602121246021212460E2
:10D630002121246034262C5F5B3044565B404452E9
:10D64000572F48425A603C51585F60475A50304CFF
:10D65000584F5C45565F303C4B2B5F48563E543626
:10D660005A602C4B5950344C5A5050545B506059AE
:10D670005C30605A5C30605C5C30605C5C30605C8C
:10D680005C30605C5C30605C5C30605C5C30605C7A
:10D690005C30605C5C30585A5B6050585B3050586E
:10D6A0005B40585A5B60605C5B605C5C5B605C5BD1
:10D6B0005C405C5B5C60605C5C305C595C405C5B0B
:10D6C0005C60585E5C60585E5B60605B5A6054559D
:10D6D0005C3060595A6050525B505C555A40484F1C
:10D6E0005C305C575B404C555B5054585B50505815
:10D6F0005B4054575B3058565B305C565A505C5513
:10D700005A6058565B5044555D5040594D5C3F59E6
:10D710003245462B4B5C27525A602C4F5A302C4EC8
:10D72000512D5425492B5344565F3C405B50545572
:10D730005A504C525B505C565940304C5A40384E0F
:10D740005B5048535B5054555A605056422A232D23
:10D750004D3C2F53584E5C3F4F4D3C23583F444562
:10D76000575F2C405A5F4C424C37425E4E28464C25
:10D77000602E535B49263A324E31315C51513A2189
:10D780005051315952212D5F4D5139554B3139543A
:10D7900048412D5154213D60573136215631315E7B
:10D7A000563136225751362857213A2456513621C0
:10D7B000572136215431315F5051355B5051355B23
:10D7C0005421315C5751316059413A2258513E251C
:10D7D0005B4132285A213625553136214E51355C70
:10D7E0004A2131544E3131565651315C5931315EF6
:10D7F000583146215751295559514A215F235257D3
:10D800005F3326525A513A285731295C59414226F2
:10D8100060253F2A5B424A325A51395E59212A25F6
:10D820005C42263C603332575C4222465E223244E0
:10D830005A413A3A5531563648514A2533323626FE
:10D840004532323950313A2959522E395F252F222B
:10D850005F34465E5E215A415A22323E4D233E429B
:10D8600039424A273B21556041413D5D45522621C1
:10D8700050422E2D53423A3450393F3C3535545E98
:10D880002121246021212460212124602121246080
:10D890002121246021212460212124602121246070
:10D8A0002121246021212460212124602121246060
:10D8B0002121246021212460212124602121246050
:10D8C0002121246021212460212124602121246040
:10D8D0002121246021212460212124602121246030
:10D8E0002121246021212460212124602121246020
:10D8F0002121246021212460212124602121246010
:10D9000021212460212124602121246021212460FF
:10D9100021212460212124602121246021212460EF
:10D9200021212460212124602121246021212460DF
:10D9300021212460212124602121246021212460CF
:10D9400021212460212124602121246021212460BF
:10D9500021212460212124602121246021212460AF
:10D96000212124602121246021212460212124609F
:10D97000212124602121246021212460212124608F
:10D98000212124602121246021212460212124607F
:10D99000212124602121246021212460212124606F
:10D9A000212124602121246021212460212124605F
:10D9B000212124602121246021212460212124604F
:10D9C000212124602121246021212460212124603F
:10D9D000212124602121246021212460212124602F
:10D9E000212124602121246021212460212124601F
:10D9F000212124603E58605C5A50304E562F283A00
:10DA0000553E5C36573F3C3E595F6048552E543575
:10DA1000543E4430533E342C4E2C4F55595F5445A0
:10DA20005B5044515B4054545A6054545B505C59B1
:10DA30005C30605A5C30605E5C30605E5C30605EC2
:10DA40005C30605E5C30605E5C30605E5C30605EAE
:10DA50005C30605E5C30605A5C4058565C405457A5
:10DA60005C405C5A5B505C5C5A405C5A5B30605B6B
:10DA70005C505C595D5058585C605C5D5C60585E01
:10DA80005D40585E5D40585D5C5058595C30605850
:10DA90005A404C505960544F5A405C525A5060564C
:10DAA0005B3058555C3058565B6050545C40585859
:10DAB0005B6058585B3058585A505C585A3054562E
:10DAC0005B505457572F243F3E483258424927262F
:10DAD000574E443B5B502850582F5C49564F4C42A0
:10DAE0003C484654555E6039572F3C415930284CCC
:10DAF0005B404C555B5050565B504C555C505058F9
:10DB00005B5044545B304C535B605C57514E282B48
:10DB1000474A4B39592F3842462A533A555E603CA2
:10DB2000562E4838515D50224B485B2C4D392A55B2
:10DB300050395A5D4F5646454D512D5A53213A237F
:10DB400054514A245141295F4D4139574A513D565C
:10DB500047412D4E5321395F564135605621315F83
:10DB600055513A2257413A28563136235621355FCE
:10DB7000563136215241355D4E4131574E31315784
:10DB80005331355C574135605921362359213A25A7
:10DB90005A51322658513623552135604F31355B65
:10DBA0004A4135554E3135565631355C5931355C23
:10DBB0005821315759412D585F234E505E24325918
:10DBC0005842223057212D5D572131555A42323863
:10DBD0005F34465E582226265821315F5851423321
:10DBE000605346565E3232405B31463B5C21423EDA
:10DBF0005941423E5041463048413E223B324A3034
:10DC000047215A2F5521422A5C324E4660254B301F
:10DC10005B434E4E5B415A355821362E53325E429D
:10DC20003D323E273951515C4241455D4B322226FF
:10DC300051215E2853322E2D4C263A4B553D4856E5
:10DC400021212460212124602121246021212460BC
:10DC500021212460212124602121246021212460AC
:10DC6000212124602121246021212460212124609C
:10DC7000212124602121246021212460212124608C
:10DC8000212124602121246021212460212124607C
:10DC9000212124602121246021212460212124606C
:10DCA000212124602121246021212460212124605C
:10DCB000212124602121246021212460212124604C
:10DCC000212124602121246021212460212124603C
:10DCD000212124602121246021212460212124602C
:10DCE000212124602121246021212460212124601C
:10DCF000212124602121246021212460212124600C
:10DD000021212460212124602121246021212460FB
:10DD100021212460212124602121246021212460EB
:10DD200021212460212124602121246021212460DB
:10DD300021212460212124602121246021212460CB
:10DD400021212460212124602121246021212460BB
:10DD500021212460212124602121246021212460AB
:10DD6000212124602121246021212460212124609B
:10DD7000212124602121246021212460212124608B
:10DD8000212124602121246021212460212124607B
:10DD9000212124602121246021212460212124606B
:10DDA000212124602121246021212460212124605B
:10DDB000212124604D4D2459564F3C3E555F243758
:10DDC000562E5C36585F383E594F3841584F283CE4
:10DDD000592F403F4D2C3F50534E342D594F5C48E6
:10DDE0005B3040505B3050555B3058575B30585774
:10DDF0005B60605A5C30605E5C30605E5C30605ED0
:10DE00005C30605E5C30605E5C30605E5B60605EBB
:10DE10005B60605E5B405C585B6060565C50605B62
:10DE20005D305C5F5C50545E5A503C585B40545AC5
:10DE30005C5058595C6058585C405C5C5C405C5C71
:10DE40005C505C5B5D3058595D505C5B525E342FBA
:10DE50005950304A5950444C596058505B305C57C7
:10DE60005A6058545B3058535B405C535B30585396
:10DE70005B4054575B50545A5B60545C5A50285175
:10DE80004B5C2F5335464A3A4E3C5B5D5B603452E7
:10DE90005A2F604C582F4C465A30344D5930244A32
:10DEA000524E3030514E282D4F3D4C25544E603A45
:10DEB0005C30585A5B4050585B504C585B3044566D
:10DEC0005B3044535B3044505A30444E574F5445B6
:10DED0003D482E514F2D235C3D383653575F40420D
:10DEE000583F283E485B47414829332A533B23315A
:10DEF0005149265B472229534F412D5D52413560E0
:10DF000054213E22524136244D4135594A413D5813
:10DF100046512D4F52313D5F562135605621315FBC
:10DF20005631362157313627554135605531315DEF
:10DF30005551395F5131395A4B5139544C31315364
:10DF40005251395B574136215831322159213A24F7
:10DF50005A21362557513A235431355F4F51355A9E
:10DF60004B2135554E3139575621355C58512D5A74
:10DF700057412D585B41462B5F532A5259223A2F65
:10DF800052213D4D5341315359413E215E53225060
:10DF90005841523556513159583132265D22364753
:10DFA0005E323E425D213E2E5C4146395B51323B42
:10DFB00058313A3B50312E2C4F31462448332E3BBA
:10DFC00043514221574232355F432A525E234E5C11
:10DFD0005922564254514E26543132245823364841
:10DFE0004132522B3B22255B43213D584D213D5D63
:10DFF0005152362A5332322C4E343237595D484210
:10E0000021212460212124602121246021212460F8
:10E0100021212460212124602121246021212460E8
:10E0200021212460212124602121246021212460D8
:10E0300021212460212124602121246021212460C8
:10E0400021212460212124602121246021212460B8
:10E0500021212460212124602121246021212460A8
:10E060002121246021212460212124602121246098
:10E070002121246021212460212124602121246088
:10E080002121246021212460212124602121246078
:10E090002121246021212460212124602121246068
:10E0A0002121246021212460212124602121246058
:10E0B0002121246021212460212124602121246048
:10E0C0002121246021212460212124602121246038
:10E0D0002121246021212460212124602121246028
:10E0E0002121246021212460212124602121246018
:10E0F0002121246021212460212124602121246008
:10E1000021212460212124602121246021212460F7
:10E1100021212460212124602121246021212460E7
:10E1200021212460212124602121246021212460D7
:10E1300021212460212124602121246021212460C7
:10E1400021212460212124602121246021212460B7
:10E1500021212460212124603726505D38365C520D
:10E16000522D4C3F572E4C38522C60463C47545B46
:10E1700021212460562F244B505D4822513D4022DE
:10E18000532D5828563E4434555E3C31534D5C293E
:10E19000513D375C4A5B5F45564F283A5A30304C08
:10E1A0005A403C505A3040525B605C595A6050565D
:10E1B0005B405C585B50585C5B605C5D5C305C5EF7
:10E1C0005C305C5E5B60605E5B60605E5B60605E9E
:10E1D0005B60605E5B505C595B4058575B60605BA6
:10E1E0005C40545D555E50433C48265A543E2C3AA0
:10E1F0005C60585E5B405C5D5B505C5A5A60585492
:10E200005B4058535C405C555D60585A3D283E5811
:10E210005A2F584E5A4034515A6048535C405C590A
:10E220005B3054555A405854596058535A305854DA
:10E230005A604C555C60505C534E28353947324823
:10E2400042594B2C592F50495940384F565F60481E
:10E25000586048505A304C515C3054565C405055D0
:10E260005B6054575B4050565B4058585B30545786
:10E270005B3054585B3058595A6050585A40445596
:10E280005A403C505B6054535A404C505A60505373
:10E29000493B33425A2F604A512D38224F2D2B5D76
:10E2A000454A2B31432957284C3A473C4858324875
:10E2B00056492F294921215651512E2252313A21B6
:10E2C0005231422152413A264E31355A4A413D5847
:10E2D0004541254E51514160555136215631315FEE
:10E2E0005631362257213627545135605451355D09
:10E2F0005521355D50213558493131504A21294F3A
:10E300005231395B57513E2357412D5F59213623F6
:10E3100059313A235541355E5351315E5041355C98
:10E320004B4135564D5135565541315B58512D575E
:10E33000575139585D2242475D32324154212957A5
:10E340005151394757314D565E423A435F223A4A5E
:10E350005B5146305931295C5B415E355D42264454
:10E360005C41322F5C312E275E213A355B414238C9
:10E3700058512A37554136355531455F54233A4077
:10E3800043314621555226365E423A485A314A4276
:10E3900057423E424D5125595631422B58425A441C
:10E3A000454322333C223D5D44315D5E4D213D5F5E
:10E3B0005122262C54222E33524326325B3C3425E4
:10E3C0002E444060212124602121246021212460E9
:10E3D0002121246021212460212124602121246025
:10E3E0002121246021212460212124602121246015
:10E3F0002121246021212460212124602121246005
:10E4000021212460212124602121246021212460F4
:10E4100021212460212124602121246021212460E4
:10E4200021212460212124602121246021212460D4
:10E4300021212460212124602121246021212460C4
:10E4400021212460212124602121246021212460B4
:10E4500021212460212124602121246021212460A4
:10E460002121246021212460212124602121246094
:10E470002121246021212460212124602121246084
:10E480002121246021212460212124602121246074
:10E490002121246021212460212124602121246064
:10E4A0002121246021212460212124602121246054
:10E4B0002121246021212460212124602121246044
:10E4C0002121246021212460212124602121246034
:10E4D0002121246021212460212124602121246024
:10E4E0002121246021212460212124602121246014
:10E4F0002121246021212460212124602121246004
:10E5000021212460212124602121246021212460F3
:10E5100021212460453A2C4F4D2B5F494459525ECE
:10E5200042385E534128324C40374A46492A2F2F01
:10E53000533D3426543D4423504C47575A3F2841BD
:10E540004F2C3F57525D502A552E5034505D50226B
:10E550004B4B57434D3C3F4E585F54445A30384E16
:10E560005A604C565C405C5C5B504C575B304C5581
:10E570005B5058575B50585A5C50605E5B50585A1D
:10E580005C305C5C5B60605C5B60605C5B50605CF2
:10E590005B50605C5B3058585B305C595A3058595E
:10E5A0005B60505C474B27473225222C36262A4099
:10E5B000473B334B59303C595B60545D5B305C5595
:10E5C0005B4060545B4058535D40585B3F48572167
:10E5D000585F30495B402C545B6044545D30585860
:10E5E0005A6048525A6058585A305C575B305859F4
:10E5F000574F5449465B23403A273A48533D6030D1
:10E600005B503452582F54485830284A5860444E72
:10E610005A4060555A4054545B405C585B405457D4
:10E620005B4058575B3058575B3058575A605C57BF
:10E630005B3060585A5058585A5050575A60545886
:10E640005B4050555B4050535A4050525B405456CB
:10E65000475B273D554E5037545E3834593F484745
:10E660004E5C3756464A37364D5A53424C384A5517
:10E670004E36524B4951255B523132235141395D5F
:10E6800051214160523136254F21355D4A313D5887
:10E690004451254D5121422155413A225621315FA5
:10E6A00056213222562132255351355E5421355C94
:10E6B0005541355E50313959492135504951294F1D
:10E6C0005321355E58313E2457313160592136226D
:10E6D000583136225431395C5331315C5051355DFB
:10E6E0004B4135564D2135555451315A59312D56DE
:10E6F00059414D5B5B22364355413A2B52312155EE
:10E70000564131575A5146275F5256505B313E3180
:10E710005C413A275A313E255E525E495C313235C2
:10E720005E21422F602222385E2136375C414E380E
:10E730005B313A3C5A413A3D5921595F5A432E4385
:10E740004932363352514E2E5F424E4A5941363D80
:10E7500053215638504136265B212A315B422E40E8
:10E760004C533A3D3A42455A3F5225574E313A238F
:10E7700054413E325752264255524A355258332B55
:10E780004138405E21212460212124602121246020
:10E790002121246021212460212124602121246061
:10E7A0002121246021212460212124602121246051
:10E7B0002121246021212460212124602121246041
:10E7C0002121246021212460212124602121246031
:10E7D0002121246021212460212124602121246021
:10E7E0002121246021212460212124602121246011
:10E7F0002121246021212460212124602121246001
:10E8000021212460212124602121246021212460F0
:10E8100021212460212124602121246021212460E0
:10E8200021212460212124602121246021212460D0
:10E8300021212460212124602121246021212460C0
:10E8400021212460212124602121246021212460B0
:10E8500021212460212124602121246021212460A0
:10E860002121246021212460212124602121246090
:10E870002121246021212460212124602121246080
:10E880002121246021212460212124602121246070
:10E890002121246021212460212124602121246060
:10E8A0002121246021212460212124602121246050
:10E8B0002121246021212460212124602121246040
:10E8C0002121246021212460212124602121246030
:10E8D000253230604E2C23434F2B433B4B3A432889
:10E8E0004C4A572C4A3A23224949365C433756440E
:10E8F0003F57323A3C263A333C46423C43383E602E
:10E90000513C3B5E515D2C264E5C5F5A4E3D2B596F
:10E910004A2B433B4F2D2354595028475A304451DA
:10E920005A6050565A5044555C3050585B405055D0
:10E930005C405C595C505C5A5B3050575C50605C8A
:10E940005B505C595B3058585A605C585A605C5850
:10E950005A605C585B605C5A5A6050565A605C580A
:10E960005A4050565C604C5B533D543238365648E2
:10E970002E44462838373652563E50455D405C5D41
:10E980005B405C545A6058525C50585A4239532E7E
:10E99000562E483E5B4034535B3044505B405453EA
:10E9A0005B3050545C305C5C5B60505B503D542C81
:10E9B00035264E3B493B4F4A593F4C46592F5C4AFE
:10E9C000582F604A5860304C5B5058565A6050532C
:10E9D0005B405C565A5054545A605C575A605C58BD
:10E9E0005B3058565B3058555A6054545A605456F0
:10E9F0005A404C545A5050555B3058575A605056F4
:10EA00005A5044525A4040505A4054555C305C5918
:10EA10004F2D2B6040292260442A3733555E403702
:10EA2000514C5B60485A47404C2A433E4C283E5468
:10EA300049352E384A21362351213A235051395A2B
:10EA400050513D5F514132234F31395F4951395A5D
:10EA50004321214B4F41455F54513E235521355EA3
:10EA600054413221543136235231395C5351355B94
:10EA70005551315E50413959493135514A21294F5B
:10EA80005351355F58414225572135605921322273
:10EA90005741355F5321355A5321315B5141355D23
:10EAA0004B4131554C5135545441355A59312D5DF6
:10EAB0005E324E335651422751313160544129590B
:10EAC00059512A235D5242455D4242455A31362C06
:10EAD0005A413A265B525A3E60443B215C514235D2
:10EAE0005C213A2A5D514A3A5C213E3A5B513A3206
:10EAF0005C51363F5E314A465C323E305A223642E5
:10EB00004C324A404B315E215832223259414E3EFE
:10EB100051313A2F514136215A42262F56423A2F2F
:10EB2000504536444657264744252E2E4D223D60FB
:10EB300056413E305852264156523E344E553E4480
:10EB4000443754552121246021212460212124604F
:10EB5000212124602121246021212460212124609D
:10EB6000212124602121246021212460212124608D
:10EB7000212124602121246021212460212124607D
:10EB8000212124602121246021212460212124606D
:10EB9000212124602121246021212460212124605D
:10EBA000212124602121246021212460212124604D
:10EBB000212124602121246021212460212124603D
:10EBC000212124602121246021212460212124602D
:10EBD000212124602121246021212460212124601D
:10EBE000212124602121246021212460212124600D
:10EBF00021212460212124602121246021212460FD
:10EC000021212460212124602121246021212460EC
:10EC100021212460212124602121246021212460DC
:10EC200021212460212124602121246021212460CC
:10EC300021212460212124602121246021212460BC
:10EC400021212460212124602121246021212460AC
:10EC5000212124602121246021212460212124609C
:10EC6000212124602121246021212460212124608C
:10EC7000212124602121246021212460212124607C
:10EC8000212124602121246021212460212124606C
:10EC9000482A504747494A5F522B473C4E3A4B2738
:10ECA0004D5A4B264E4A4F294F3A4B2B4F2A432859
:10ECB0004C3A2322424736433F564E433754562D53
:10ECC0003A46264046494B34514C5B5E502C5B58CB
:10ECD000474A472E542E342859402C47594040501B
:10ECE0005A404C575B60505A5B6044565A503851FA
:10ECF000553F303C563F3C415A604C555A50485461
:10ED00005B3058575A6054565A5058565A505856B5
:10ED10005A5058565B304C545C3058565A605452D6
:10ED20005A605C545A3054525B60545B594F4C5299
:10ED3000493A574F30542A2D3856424D4C5C2F5C7F
:10ED4000596034505B305C555D305C5D452A473A14
:10ED5000513D542B5A50404D5A405C4D59505851DA
:10ED60005C30585A575F3846433957333C475E57F3
:10ED7000555E443C5A30244C583F60455860304AF8
:10ED8000596040505B4058555A6050525B605C5629
:10ED90005B3050545B3050565B3054585B305457A6
:10EDA0005B3054555B3058555A6050535A6050543C
:10EDB0005B4050555B5054565B4050565A60485427
:10EDC0005A6040535A504853595050535B3048543E
:10EDD000545E5438473A4B3C572F3042475A573FBE
:10EDE000483A433D493A4F434B5A574146473E46BE
:10EDF0003F522155485136274F213E215051355819
:10EE00005141355E50412E214E413D5F48413958B8
:10EE1000413121484E21415D534142225421355D0B
:10EE20005321315F525136215121395A5341355ABC
:10EE30005621315E5131355A495135514A51295087
:10EE400053512D5D58313A2356413560593136239F
:10EE50005721355D524135595321315B5151395D4F
:10EE60004B412D554C3131535441395B5A513E2B56
:10EE70005B2152385341395753413D545751355A0C
:10EE80005C4232365D532E4E5F434A515C22223E35
:10EE90005A322A315F5523235E443B225A513A2E7F
:10EEA0005C4156305F524E525F3236505C214A33DD
:10EEB0005E513A435E2132435C22263659315E4B25
:10EEC0004A52464042223D5552315225573136383A
:10EED0005241322B533229605F374E5D59593726E4
:10EEE000592B2F37563C3B3C583B533857484E5CC8
:10EEF0005052562356223634565242324E54223500
:10EF00004025604D2121246021212460212124609D
:10EF100021212460212124602121246021212460D9
:10EF200021212460212124602121246021212460C9
:10EF300021212460212124602121246021212460B9
:10EF400021212460212124602121246021212460A9
:10EF50002121246021212460212124602121246099
:10EF60002121246021212460212124602121246089
:10EF70002121246021212460212124602121246079
:10EF80002121246021212460212124602121246069
:10EF90002121246021212460212124602121246059
:10EFA0002121246021212460212124602121246049
:10EFB0002121246021212460212124602121246039
:10EFC0002121246021212460212124602121246029
:10EFD0002121246021212460212124602121246019
:10EFE0002121246021212460212124602121246009
:10EFF00021212460212124602121246021212460F9
:10F0000021212460212124602121246021212460E8
:10F0100021212460212124602121246021212460D8
:10F0200021212460212124602121246021212460C8
:10F0300021212460212124602121246021212460B8
:10F0400021212460212124602121246021212460A8
:10F050004B4B404D4A5A232146575A474E394B2570
:10F060004D5953264C293A5F4D494B264F3A43326E
:10F07000505B3F3E505B374643575A5C3755223909
:10F0800033542E3035552A3643585F264D5B4B4856
:10F09000475A5731554E582E5A50404C5B305856AF
:10F0A0005A304C545B5058595B605056493B5F4B4B
:10F0B000574F4043533E4434532E48345B405057DF
:10F0C0005B3058575A605C575A605C575B305857F2
:10F0D0005B3058575B6058585B4050565B30585413
:10F0E0005A605C545A505C54596048535C40585CB8
:10F0F0005D40485E522D4030355626422D4426252F
:10F100003C583B21552E48435D30545F495C2750A5
:10F11000524E3C2D5A50444D5A604C4E5A60445207
:10F120004A3C2F50332622314C4C37575A4F5850B7
:10F13000594F544B5950244B5A303C4D5A605054FF
:10F140005B3054575A6050565B3058565A60505492
:10F150005B3054575A6054575B3054595B305058A9
:10F160005B3050565B3054565B3054565B305454D1
:10F170005B4054545A6048545A5044535B50505862
:10F180005B6050565B3054555A6058555B40445351
:10F19000564F3841453A2F32535E3832504C5F60FB
:10F1A00043594B2C463A2B33474A43354858365E31
:10F1B0003F213153492136234E513E225041355A89
:10F1C00051312D5D515135604E413D5C48513157B3
:10F1D0004251214B4B413D5A534142225251355CE1
:10F1E0005251395E5051315E4F5135595231355976
:10F1F0005441395D5141355A4C5135564D41315587
:10F20000515131595451315D5731356058213A21AE
:10F21000555132235251315C523135575131315CA5
:10F220004B4131574B4131505531355D5C2156359D
:10F230005741322C544131545421314B5921395FBB
:10F240005E4252425D5356515E33424B5C42223C19
:10F250005B433E475F452B255E535A585E5322461B
:10F260005C5222325C52263E5E2152485E315A4345
:10F270005D413A395B513E3D58312E325621363F81
:10F280004E415E3B3F424D5F4D415E25563152340B
:10F2900053513223535436285D2A5B2C564B5B2B3B
:10F2A000533C2727525B4F23515A4E5F51285E58DB
:10F2B0005245324254223A3156424A3455233A3A60
:10F2C0005B3C6028212124602121246021212460CD
:10F2D0002121246021212460212124602121246016
:10F2E0002121246021212460212124602121246006
:10F2F00021212460212124602121246021212460F6
:10F3000021212460212124602121246021212460E5
:10F3100021212460212124602121246021212460D5
:10F3200021212460212124602121246021212460C5
:10F3300021212460212124602121246021212460B5
:10F3400021212460212124602121246021212460A5
:10F350002121246021212460212124602121246095
:10F360002121246021212460212124602121246085
:10F370002121246021212460212124602121246075
:10F380002121246021212460212124602121246065
:10F390002121246021212460212124602121246055
:10F3A0002121246021212460212124602121246045
:10F3B0002121246021212460212124602121246035
:10F3C0002121246021212460212124602121246025
:10F3D0002121246021212460212124602121246015
:10F3E0002121246021212460212124602121246005
:10F3F00021212460212124602121246021212460F5
:10F4000021212460212124602121246021212460E4
:10F41000555E3448524B5B3E47374A4944564E4747
:10F4200040255A3940562A3C3F45523A3E562A3CDE
:10F4300043275A514B29533740572E5834342630DE
:10F4400033542A3432435A293755322E4729325FF2
:10F45000465A4F2C574F40375A40384B5A3040513C
:10F460005A6050565A404C535A303450432A37321F
:10F470005D50505C5C604C57492C274C5C50605C84
:10F480005B305C575A605C575A605C575B3058572A
:10F490005B3058575B3058575B3058575B30585784
:10F4A0005B3058575B3058575A6054565B605C5914
:10F4B0005A4044535C305C5B575F3C4B42394B369F
:10F4C0002F24322F2C5356254A4B4F55505D482838
:10F4D000544E58335A60284B554E48363E38525C8D
:10F4E0003F392B21564F2C405A30284D585F5C4AEB
:10F4F00059402C4C5A6048525B5054565A605458EC
:10F500005A6054585A6054585A6054585A60545863
:10F510005A6054585A6054585A6054585A60545853
:10F520005B4050595A3048535A604C555860304CE3
:10F53000584024485B4050565B304C555B40505817
:10F540005A4040525950404F5A6050535B304051DE
:10F55000572F48424E2C3B54542E3030474A4B399B
:10F56000494B3B43552E2C2D4D4C3F4F4A585F3055
:10F570003F312552494139604E513E245021395D79
:10F580005031315C52413D5C4E41395A494135560A
:10F590004431214F49413D5853413E215241355B51
:10F5A00052413D5E4F31315C4E3135585121355815
:10F5B00053313D5D5121395A4E5135584F21315803
:10F5C0004F21355652213559574135605721395F02
:10F5D00055212E29532135605151355350512D5C01
:10F5E0004B31395B4B31314D55512D5E5E524241AD
:10F5F0005631422555312953544135525B215E30F5
:10F600005D523A435C433E4B5D4322445A215231A2
:10F610006045572F5D535A505B2226395D52424355
:10F620005D5222395B51362E5E414A455F41564C50
:10F630005B41363258513E3455412A2F56413636B9
:10F6400055413E3948435641483222285241522BB7
:10F650004E51215354565643585B532C544B5F2400
:10F66000524C2260524B325D535B23294B37464A42
:10F6700050452A4554322A335522262F5943263FD6
:10F680005549473E3756485F212124602121246097
:10F690002121246021212460212124602121246052
:10F6A0002121246021212460212124602121246042
:10F6B0002121246021212460212124602121246032
:10F6C0002121246021212460212124602121246022
:10F6D0002121246021212460212124602121246012
:10F6E0002121246021212460212124602121246002
:10F6F00021212460212124602121246021212460F2
:10F7000021212460212124602121246021212460E1
:10F7100021212460212124602121246021212460D1
:10F7200021212460212124602121246021212460C1
:10F7300021212460212124602121246021212460B1
:10F7400021212460212124602121246021212460A1
:10F750002121246021212460212124602121246091
:10F760002121246021212460212124602121246081
:10F770002121246021212460212124602121246071
:10F780002121246021212460212124602121246061
:10F790002121246021212460212124602121246051
:10F7A0002121246021212460212124602121246041
:10F7B0002121246021212460212124602121246031
:10F7C0002121246021212460212124602121246021
:10F7D000564E3C214D4A4B2A434722413C3522316B
:10F7E00038543A2B36535A2435332D60333255561C
:10F7F00038243A253A345A333734262C3453422AA3
:10F8000033432E253C453E3B474822554948424F0D
:10F81000484A532C592F583D59603049583F604948
:10F820005930344F5B3050565B405054484B53482E
:10F83000535E4035523E282E493C274D5B5054576D
:10F840005A6058575A605C575A605C575B3058573B
:10F850005B3058575B3058575B3058575B305857C0
:10F860005B3058575B3058575A6054565B4054577A
:10F870005B6058595B5058585B6058585B4038572C
:10F880004F4C602C315536322A233D5043295B2E94
:10F890004F5C5F5D482A573E32253A294D5C5B5BE1
:10F8A0005A402C4F584F584959602C4E5A403850A6
:10F8B0005B5050565B4054575A6050565A605457EC
:10F8C0005A6054575A6054575A6054575A605457A4
:10F8D0005A6054575A6054575A6054575A60545794
:10F8E0005B3054595A505055543E603A4E3D375F44
:10F8F0004F4D48234F3D48245B4050565B30505796
:10F900005A5044535A404C525A504C535B40445204
:10F91000582F5846515D38235A4F54494E3C37545E
:10F920004D5C43565B4F604B502D335E4D494F3D10
:10F930003D51214C494139604E213A234E51395AAB
:10F940004F31315A5151395B4E51355A4A2139574D
:10F95000435125514821395652513D605151315939
:10F9600051513D5D4F31315C4D3131565041315730
:10F9700053313D5D4F4135574E5135584E31395712
:10F980004C41315252213D5B565139605721395F0C
:10F990005521322A532135605151355350212D5A6A
:10F9A0004B31395A4B51354F5541295D5E524A42D0
:10F9B0005431315C5231254F553131585C522A3A1D
:10F9C0005D32564D5E434A545C5242425D235A506A
:10F9D0006035432B58423A3B5B4226395B41323912
:10F9E0005D514A3F5C51423A5F313E445F41524A69
:10F9F0005C514A3D57313E3154312E2A59213A3219
:10FA00005A214A3C5124224E445232294F22262C5C
:10FA10004C333A2556395B27554B4B28524B4F22D6
:10FA2000542B4F22522B225D505A265F49564E418D
:10FA30004F344A3F5521523256215E3159225A3CA9
:10FA40004D55464A4A395C532121246021212460C6
:10FA5000212124602121246021212460212124608E
:10FA6000212124602121246021212460212124607E
:10FA7000212124602121246021212460212124606E
:10FA8000212124602121246021212460212124605E
:10FA9000212124602121246021212460212124604E
:10FAA000212124602121246021212460212124603E
:10FAB000212124602121246021212460212124602E
:10FAC000212124602121246021212460212124601E
:10FAD000212124602121246021212460212124600E
:10FAE00021212460212124602121246021212460FE
:10FAF00021212460212124602121246021212460EE
:10FB000021212460212124602121246021212460DD
:10FB100021212460212124602121246021212460CD
:10FB200021212460212124602121246021212460BD
:10FB300021212460212124602121246021212460AD
:10FB4000212124602121246021212460212124609D
:10FB5000212124602121246021212460212124608D
:10FB6000212124602121246021212460212124607D
:10FB7000212124602121246021212460212124606D
:10FB8000212124602121246021212460212124605D
:10FB9000505C534946485A5245375A4E4237224DD7
:10FBA00042372E543C3552403C453E4039343E2D80
:10FBB00038442E253543395B3623422132224957BA
:10FBC0003232455646573E584D283E5B4C383249F6
:10FBD0004A4B2330584F483B5B50404E5B5050558A
:10FBE0005A5050555B4058565A604C535940244C1B
:10FBF000562F2840574F3C434F2D3C225B605858AE
:10FC00005B405C585A605C575A605C575A605C575E
:10FC10005A605C575B3058575B3058575B305857C9
:10FC20005B3058575B3058575B4058585B305056E4
:10FC30005B304C565A6050545A505C515B4054559E
:10FC40005D30545E575F30493D58425B535D5C2EDA
:10FC50004F5C4B5B31244A21514D3028585F5C4941
:10FC6000564F38405A30384F5A5040525B405056E9
:10FC70005B5058585B3050575A6054575A6054562E
:10FC80005A6054565A6054565A6054565A605456E4
:10FC90005A6054565A6054565A6054565A605456D4
:10FCA0005A605C595B505C59524E3C315A60304E40
:10FCB0005B5038503F2932605C50505A5960445371
:10FCC0005A504C555B3054545A4048515B5048533D
:10FCD00059402C4B472A4B385A5F584A4F5C575B68
:10FCE000463A4B37524D54294D5C4B574D49473F8F
:10FCF0003F3121514A213E214D413A224E2139596D
:10FD00004E41355A505139594F21355C4A213559A8
:10FD1000424129504541395352213D6051213158CA
:10FD200050413D5A4E4131594C2131545031315797
:10FD300053213D5D4E2131554E4135584D313D5792
:10FD40004951294D52213D5B5531355E5621395D72
:10FD50005441322753213560514131524F312D5892
:10FD60004A4135584C41355056312D5D5B215A3250
:10FD700053213156523135515721355F5E2236437A
:10FD80005E232E575F3346585B323E4060362F303D
:10FD90005C445E5E595336435E33464C5D525A4D69
:10FDA0005F333E5B5D3326515C512E3A5D31363E0A
:10FDB0005C513E3F55412E2F55312A285941262A64
:10FDC0005A41363454423A4146524A3345514D59CC
:10FDD00051275E53573C3F3F542B5B2D544C332EE1
:10FDE000564B5F2C535B33264E49465A48455E3A84
:10FDF0004D54323C55314A33562152305722363613
:10FE00004D2336344C29384321212460212124609C
:10FE100021212460212124602121246021212460CA
:10FE200021212460212124602121246021212460BA
:10FE300021212460212124602121246021212460AA
:10FE4000212124602121246021212460212124609A
:10FE5000212124602121246021212460212124608A
:10FE6000212124602121246021212460212124607A
:10FE7000212124602121246021212460212124606A
:10FE8000212124602121246021212460212124605A
:10FE9000212124602121246021212460212124604A
:10FEA000212124602121246021212460212124603A
:10FEB000212124602121246021212460212124602A
:10FEC000212124602121246021212460212124601A
:10FED000212124602121246021212460212124600A
:10FEE00021212460212124602121246021212460FA
:10FEF00021212460212124602121246021212460EA
:10FF000021212460212124602121246021212460D9
:10FF100021212460212124602121246021212460C9
:10FF200021212460212124602121246021212460B9
:10FF300021212460212124602121246021212460A9
:10FF40002121246021212460213128604D3C24435B
:10FF500044492E564E5B23374D2A2B2E4758525D6F
:10FF60004B294F304C395F354929232545375A52A3
:10FF700044273A493F363A3B3E462A3D3B55463AAE
:10FF8000353352213F45523D4456423E4A4752473F
:10FF900040483A48544E40295A402C495A403C5017
:10FFA0005B3054565A3048525A303C50435A4F37BF
:10FFB000573F40454A3C274E583F50485B60585891
:10FFC0005B3054575A605C575A605C575A605C57B4
:10FFD0005A605C575B3058575B3058575B30585706
:10FFE0005B3058575B3058575A404C545B30505632
:10FFF0005A4044535A6050545A5058515A405051E4
:020000041003E7
:100000005B3050565C305059584F44464B4C274D4E
:10001000443A272E38565E41505D3C255960344D98
:100020005A6044515B4054545B4054575B405457B2
:100030005B3058595B3058595A6054585B305056B1
:100040005B3050565B3050565B3050565B305056EC
:100050005B3050565B3050565B3050565A605456A9
:100060005A3054575A6054565C4050575A50244B9B
:100070004A2B5749515D5C2B5B6050565B4054598D
:1000800058502C4C5940384D5960404F5B504C53A0
:100090005960304C463A4336584F3841594F3442F4
:1000A0004A5B5B4B454A43374D2C2F534F594F44C6
:1000B000415121564A3131604D5136224D513D5A00
:1000C0004E31395B5031355A4E513D5D49413559BC
:1000D00040312D4F43413D525141462250513558F8
:1000E0004F513D584D5131584B3131534F4131569D
:1000F00052513D5D4D412D554E3139584C4141577E
:100100004751254C51213D5A5421355C5531355CC0
:10011000535132265321355E514131524F21355AC8
:1001200049412D564D31294E5841422359314229DA
:1001300053312D505351294F58212D5E5E423E4779
:100140005D325A525E232A505B4336455F46533038
:100150005D555B245E454A5E5F252E5C5F34572605
:100160005B23565C5E544F265B4146365D514A3BED
:100170005D41363E5651363858313A3059412A2978
:100180005A213A325851323B4A524E343F52495228
:10019000565A4F2E535C3B31545C3336572C4739FB
:1001A000584C3335533A53264C485A554826264026
:1001B0004B23463554215E3757423A3B54415A2F20
:1001C00052533A3D574C2B5C21212460212124605D
:1001D0002121246021212460212124602121246007
:1001E00021212460212124602121246021212460F7
:1001F00021212460212124602121246021212460E7
:1002000021212460212124602121246021212460D6
:1002100021212460212124602121246021212460C6
:1002200021212460212124602121246021212460B6
:1002300021212460212124602121246021212460A6
:100240002121246021212460212124602121246096
:100250002121246021212460212124602121246086
:100260002121246021212460212124602121246076
:100270002121246021212460212124602121246066
:100280002121246021212460212124602121246056
:100290002121246021212460212124602121246046
:1002A0002121246021212460212124602121246036
:1002B0002121246021212460212124602121246026
:1002C0002121246021212460212124602121246016
:1002D0002121246021212460212124602121246006
:1002E00021212460212124602121246021212460F6
:1002F00021212460212124602121246021212460E6
:10030000212124602B23505F2C54245E4D3B5B4203
:1003100048395B25535C2B4C49392E5B4949325B8C
:100320004D5A3F2E503B2737523B4338503B232EEC
:100330004E5A4B2C4939365B46284A5840373A4E7C
:1003400037345A2F4347465B4327224C3E454A2CBD
:1003500041484E4F4D4C474C575F403E5930244A20
:100360005A404C545B4058575B304C54582F5849B6
:10037000544E583B575F4C465C605C5A5A60485438
:100380005B6060595B3058575A605C575A605C57E5
:100390005A605C575B3058575B3058575B30585742
:1003A0005B3058575B3058575A6054565B30505644
:1003B0005B3050565B3050565B4054575B3058575B
:1003C0005B3058575B3058575B605454552E5C3542
:1003D000433A3B2D4D5C5F57575F50435960404F48
:1003E0005B3054545B3054545A6054565B405C58F4
:1003F0005B3058595B3058595A5058585B405855E3
:100400005B4058555B4058555B4058555B405855CC
:100410005B3054545B3054545B3054545A605454E1
:100420005A3050565A605056575F48455C604C559C
:10043000592F4845413953295B4048545A6050561A
:100440005940384F583024485960404F5B604C54F5
:10045000593024494D4C3352592F4845595F444532
:10046000523D5C2A484B2B424E2C27534D28473394
:1004700043512D5A4C2136254E2136244D31355BC2
:100480004D41355E50313D5F4D51355B4931415BEA
:100490003E312D4D4021314D503145605041315755
:1004A0004E5139564D5135584B3135544E413157D7
:1004B00052313D5E4E2135574E2135574B3139541F
:1004C0004651254A5021395B5431395F5421315905
:1004D000532132245251315D513135524D513158F1
:1004E000494135584E412D505A314E26583132230C
:1004F0005521354F573125515A212E215E3246471D
:100500005D22424A5F534E535E5532595E56532C1C
:100510005E2647275E3633235A44424E60552725D0
:100520005B334A545F444A5F5B413E2C5C513A2D39
:100530005D41363A5B214A4257512A3057412627BE
:100540005A5142345C51323A52433A3F475622366E
:10055000593C2F36555C4330582D27465A2D23459C
:10056000583C3B3A512A225E4737364143245630A5
:1005700048325E2C5052263653515A32553232355B
:1005800056332E40533923354148545F212124608E
:100590002121246021212460212124602121246043
:1005A0002121246021212460212124602121246033
:1005B0002121246021212460212124602121246023
:1005C0002121246021212460212124602121246013
:1005D0002121246021212460212124602121246003
:1005E00021212460212124602121246021212460F3
:1005F00021212460212124602121246021212460E3
:1006000021212460212124602121246021212460D2
:1006100021212460212124602121246021212460C2
:1006200021212460212124602121246021212460B2
:1006300021212460212124602121246021212460A2
:100640002121246021212460212124602121246092
:100650002121246021212460212124602121246082
:100660002121246021212460212124602121246072
:100670002121246021212460212124602121246062
:100680002121246021212460212124602121246052
:100690002121246021212460212124602121246042
:1006A0002121246021212460212124602121246032
:1006B0002121246021212460212124602121246022
:1006C00021212460544E4C40555E402A4D3B533B03
:1006D0004248364E4658565943474A434858525165
:1006E0004D5A23264C49565F4F4A4B254D3A2A5CBA
:1006F0004D2A2A604C2A23234E2A473543382E5A46
:10070000334436273855463C46484F2B3E263E3F1D
:1007100042285E55465A4F2F564E60375A50344F36
:100720005A5048545A5050545B3058565A604855A5
:100730005C50585C5C505C5A5B3048545B50545879
:100740005B3050565B3058575B3058575B305857CA
:100750005B3058575B3058575B3058575B305857B1
:100760005B3058575B3058575A6054565B30505680
:100770005B3050565B4050565B60485A5B40505867
:100780005A5058565A5058545A6054525C606056E9
:10079000505E24255A30444C5940404C5A604C55C8
:1007A0005B3050565A5050555A6054565B3058572B
:1007B0005B3058575A6054565A6054565B30545404
:1007C0005B3054545B3054545B3054545B3054545D
:1007D0005B3054545B3054545B3054545B3054544D
:1007E000595040545A605456433A4F36585F544714
:1007F000572F343F41295B2A5A6048545A5050566B
:100800005A404C545B6060585B4058555B604C5498
:10081000583F54464D2C2B50572F283D525D54299C
:100820005A2F604A474A5F3C4C2B3F4747572A5A4A
:1008300045413D5C4D2136254D5136244C41395CB6
:100840004C4136214F413E214D31355A48413D5BA7
:100850003C31294B3D31294A50214A2250213159FE
:100860004D4135544E2139574B3135554D41315855
:100870005231395F4F3135584D5139584B213D5424
:100880004751294D4F31395C55213E2253312D5866
:10089000524136235251315D513135524D2131573C
:1008A0004A2139594F512D505C3156285851362420
:1008B00056412D515A512D585D213E295F325A4AD9
:1008C0005C5242465A43263E6037272C5D4633230E
:1008D0005A562A595E363F255D54525A5F234A4F75
:1008E0005D425A455D424E3F5C5132255C213624C3
:1008F0005C3136315C513E3C5821363058513A2EED
:100900005B2132335C41323758335A4551483A55AE
:10091000544B3322534B3F22582C5F47593C53438F
:10092000555B5B354E39325445563E3845345E355D
:1009300047423E294D315A305352223555222E36E8
:10094000553236364F45364B5C5E38522121246095
:10095000212124602121246021212460212124607F
:10096000212124602121246021212460212124606F
:10097000212124602121246021212460212124605F
:10098000212124602121246021212460212124604F
:10099000212124602121246021212460212124603F
:1009A000212124602121246021212460212124602F
:1009B000212124602121246021212460212124601F
:1009C000212124602121246021212460212124600F
:1009D00021212460212124602121246021212460FF
:1009E00021212460212124602121246021212460EF
:1009F00021212460212124602121246021212460DF
:100A000021212460212124602121246021212460CE
:100A100021212460212124602121246021212460BE
:100A200021212460212124602121246021212460AE
:100A3000212124602121246021212460212124609E
:100A4000212124602121246021212460212124608E
:100A5000212124602121246021212460212124607E
:100A6000212124602121246021212460212124606E
:100A7000212124602121246021212460212124605E
:100A8000212124603C582C5A43494E5B592E435F28
:100A9000435846504147324644273A4745473A452E
:100AA00049283257485836584858465348282E4CFB
:100AB00047575A4C4748224F47282E593C25563C09
:100AC00033335E2632543229403746594C4A4F421E
:100AD000464A33294E3C474D573F303A5A302C4D09
:100AE000595038505A5050555A404C535B505858F2
:100AF0005B4048575A4044535A604C555B305056FF
:100B00005B3050565B3050565A6054565A605456BB
:100B10005A6054565B3058575B3058575B305857C3
:100B20005B3058575B3058575A6054565B305056BC
:100B30005B3050565B4050565B604C595B405056A2
:100B40005A505C535A505C525B3058545C60585851
:100B5000504D54275B5054545B4058555A604C5587
:100B60005B3050565B3050565B405C585A60545670
:100B70005A6054565A6054565A6054565B30545416
:100B80005B3054545B3054545B3054545B30545499
:100B90005B3054545B3054545B3054545B30545489
:100BA0005A6054585B405458574F58484F2D502363
:100BB0004F5D50255A4034505B5054575A5044555D
:100BC00059603C515950404F5B3054555B5048532D
:100BD000555F2C3C4E4C4757534E302F4D2C3B53BA
:100BE0005960244A4D2C3B514D4B534B475722588B
:100BF0004631455E4C412E244D3136254B31355E14
:100C00004B3136224E313E244C4135594831415CFE
:100C10003A512D4A3B3129484F3152225021315906
:100C20004D3135534E2139574B3131544C412D56AE
:100C30005151395F5041355B4D5139574A51395304
:100C4000492135504E41355A5621422453213157BE
:100C5000514136225231315C513135524C41355778
:100C60004941355950512D525E42322E594132245C
:100C700058412D585C31315F5D41362A5E224A452C
:100C80005C3256435D445A5160374F315B5546588C
:100C90005F373B2C6026472E5B534A525B324A3EFD
:100CA0005B415E2E5A4132265B5129605A51355FB5
:100CB0005B313A2A5B412E2B59313E2D5B21363177
:100CC0005A5132345B5136345652422F5528525BBA
:100CD000543B3724565C3333583D2349573C3F3F00
:100CE000513A4F2249375E41413452214A445E3CD9
:100CF000463152214E32323653515A3557524E40B8
:100D000058324A3F504322385B4C4C3821212460F2
:100D100021212460212124602121246021212460BB
:100D200021212460212124602121246021212460AB
:100D3000212124602121246021212460212124609B
:100D4000212124602121246021212460212124608B
:100D5000212124602121246021212460212124607B
:100D6000212124602121246021212460212124606B
:100D7000212124602121246021212460212124605B
:100D8000212124602121246021212460212124604B
:100D9000212124602121246021212460212124603B
:100DA000212124602121246021212460212124602B
:100DB000212124602121246021212460212124601B
:100DC000212124602121246021212460212124600B
:100DD00021212460212124602121246021212460FB
:100DE00021212460212124602121246021212460EB
:100DF00021212460212124602121246021212460DB
:100E000021212460212124602121246021212460CA
:100E100021212460212124602121246021212460BA
:100E200021212460212124602121246021212460AA
:100E3000212124602121246021212460212124609A
:100E4000212124602F444C5E523D3751594E4B5C5A
:100E50004258364A43575A5343572A4C40555E3BF3
:100E60003E252635412622474046324243364A47F0
:100E70003F4526334155564041255E453844322E84
:100E800032333A2335444E3338354A3B42583E5E7E
:100E90004A2B2737542E2825583F443F5940244A8F
:100EA0005A5044535B4058575B3058565B3050574C
:100EB0005B6054595B505C585B3058575B405457EB
:100EC0005B3050565B3050565B3050565B3050565E
:100ED0005B3050565B3054575B3058575B30585737
:100EE0005B3058575B3058575A6054565B305056F9
:100EF0005B3050565B4050565B604C585B405457DB
:100F00005A4060535A505C525B4050535D40585CAD
:100F1000524E24305C404C595A4040545B3050583B
:100F20005B4054595B3050585B4054575B305056CF
:100F30005B3054545B3054545B3054545B305454E5
:100F40005B3054545B3054545B3054545B305454D5
:100F50005B3054545B3054545B3054545B305455C4
:100F60005B3050585A5050555A5050555B5060584D
:100F70005B405C575A5048545A604C555B6050581F
:100F80005A404052596044505A6050535C50585730
:100F9000512D60294D4C33525A2F54484C3C2F5000
:100FA0005A30244B532E2428514C535945264A4E2F
:100FB0004631495E4C3132254C3136254A21315F6C
:100FC0004A312E224D513E234C3135594821415C46
:100FD0003A412D4A3A212D484E414E214F51315A26
:100FE0004D2139554E2135574B3131554C31315703
:100FF0005151395E5121315B4D3135564A4135529F
:101000004A2135514D512D58565142275251315791
:1010100050513D605151315A505135554C4139581C
:1010200049312D5552212D555F323E3359512A24D5
:101030005A212D5D5D313E265D31322D5D424E439C
:101040005D53464E5F25525C5B464E5F5F464328CC
:101050005B362A595D35365F60245329583236385D
:1010600058213560593131605931315E5851315B09
:10107000593132235941255E5B213E295C512E3086
:101080005C315A3D5A51263057415E295B39573001
:10109000565C3337574C433B584D2B4B565C4B40BB
:1010A000544B332C4B283E4942444E225325525038
:1010B0004621395D5052563D5331563357323A3DF1
:1010C00057322E3953223A35582B2F512121246083
:1010D00021212460212124602121246021212460F8
:1010E00021212460212124602121246021212460E8
:1010F00021212460212124602121246021212460D8
:1011000021212460212124602121246021212460C7
:1011100021212460212124602121246021212460B7
:1011200021212460212124602121246021212460A7
:101130002121246021212460212124602121246097
:101140002121246021212460212124602121246087
:101150002121246021212460212124602121246077
:101160002121246021212460212124602121246067
:101170002121246021212460212124602121246057
:101180002121246021212460212124602121246047
:101190002121246021212460212124602121246037
:1011A0002121246021212460212124602121246027
:1011B0002121246021212460212124602121246017
:1011C0002121246021212460212124602121246007
:1011D00021212460212124602121246021212460F7
:1011E00021212460212124602121246021212460E7
:1011F00021212460212124602121246021212460D7
:1012000021212460212124604E5C58334F3B5F2C08
:1012100047595E5C342449603C46364A31332222C9
:101220003032355F313252253032556031533224FD
:1012300030525E21352426343624423C3444363A3A
:101240003133462E3153522B3634563844383F2DE5
:1012500043594326515E2425583028455A604C5244
:101260005A5038525A6044585A40545A5950545758
:101270005A5058565B3054555B5054555B6050572C
:101280005B304C555B3050565B3058595B30585989
:101290005B3050585A6054575A6054565A605456EE
:1012A0005A6054565A6054565A6054565A605456AE
:1012B0005A6054565A6054565B3050585A605458CD
:1012C0005A5058565B3058565B4058555C3054580D
:1012D000524E40315B504C555A6044535A604C5505
:1012E0005B3050565B3050565B3050565B3050563A
:1012F0005A6054545A6054545A6054545A60585561
:101300005A605C555B3058555B3058555B305454CF
:101310005B505C565A5048545B4054575A60545680
:101320005A6050545B3054545A604C555A604C5675
:101330005B304C575B4054575B3054555B305454D2
:101340005B5054555A5048515960484E5B40585371
:101350004E2D2B5A512D2F5E504C5F5B462A3F334A
:10136000562E5C36562F2430563D482A4346264A90
:1013700045214E234B2132214C212E224A212D5F23
:101380004D213A244D51395E4D51395D48313D5C16
:101390003E21314F375125434B514E224F21395F6A
:1013A000492129514B313556494135544B5131531F
:1013B00052513D5F5131355E4C31395849413D55AF
:1013C000485131514C2125545321355D5421315A16
:1013D0004F313555504141574E51355C4C41315597
:1013E0004B51354F532142245F4252485C513A28B9
:1013F0005C213A235C41462B5E2242445E343255E6
:101400005C424647602442545A34464D6037473365
:101410005B3643225E5627265F345F265952263EAE
:101420005A313A2B584129605751355E5841315B4A
:1014300059413E275A312E2358313E285A413A30DD
:101440005B513A385F214E3D57523A2F5A49572F38
:10145000535B4729574C4337582D2343572C5B3C4C
:10146000545B2F264A48424F424446275554324245
:101470004952522E4E22363350522E32555152324C
:101480005752323A582322405158372839365C5F38
:101490002121246021212460212124602121246034
:1014A0002121246021212460212124602121246024
:1014B0002121246021212460212124602121246014
:1014C0002121246021212460212124602121246004
:1014D00021212460212124602121246021212460F4
:1014E00021212460212124602121246021212460E4
:1014F00021212460212124602121246021212460D4
:1015000021212460212124602121246021212460C3
:1015100021212460212124602121246021212460B3
:1015200021212460212124602121246021212460A3
:101530002121246021212460212124602121246093
:101540002121246021212460212124602121246083
:101550002121246021212460212124602121246073
:101560002121246021212460212124602121246063
:101570002121246021212460212124602121246053
:101580002121246021212460212124602121246043
:101590002121246021212460212124602121246033
:1015A0002121246021212460212124602121246023
:1015B0002121246021212460212124602121246013
:1015C00021212460212124604F3C604B474A325C3A
:1015D000555D3F5A43283E5A33442E2432534E24FD
:1015E00035542A3136442A3532432E2632332623C7
:1015F0002F42315930224A222E223E232E224228C7
:101600002E22522B2D424A292E324E2935544E433A
:1016100037462A38512D3F6059602C465A50344A7B
:101620005A60304C5A504854586044545B405C5E99
:101630005A6048555B5058565B4048535B40445293
:101640005B5050565B3050565A5058585A60545858
:101650005B3050585A6054575A6054565A6054562A
:101660005A6054565A6054565A6054565A605456EA
:101670005A6054565A6054565A6054585A605458D6
:101680005A6054565B3058575A6054545B50545605
:10169000533E54345A5040505A6044515A604C554D
:1016A0005B3050565B4054575B3050565B30505661
:1016B0005A6054545A6054545A6054545A505854AE
:1016C0005A5058545A5054545A6054545B305454DD
:1016D0005A504C525B4054575A5050555A605456C9
:1016E0005A6050535A6050535B4054575B405457B4
:1016F0005A604C565A5048545A6050545960404FA2
:101700005940344C5A6048515B3054545B30545209
:10171000553E5C36574E603A4B2B4746502C5F5B2C
:10172000522D5425544E582C583D4C2F3F545A3767
:1017300044415A27494136224B4132224A212D60E9
:101740004C413A214D21395C4D41395D48313D5C78
:101750003F513954383129444A314A214E313D6094
:1017600048412D534A313957492135534B31315373
:101770005231395E5041355D4B413959492141560D
:10178000483135534A512D535051355C5331315BFB
:101790004F2135564F413D554D51315A4C312D5405
:1017A0004B51354D514136235F425E4F5C41322AE9
:1017B0005C412E275E4152335E323E465F24225703
:1017C0005E525E4E5F234A4D5B542E4E5F56532D44
:1017D0005E565F2B5E46332B5B5352525D52564B27
:1017E0005A213A335A214227575129585731315FEC
:1017F00059313623574129605521395E57313A23F3
:10180000574132225A51362654315D5D57493723AC
:10181000543B472B552C232F553C4337564C4F35C3
:10182000535B332247582A4A49352A3D55532E39AE
:101830004D433A4049414A2E5542564156215A326B
:101840005642363758525E404F352A49553C4C4F28
:101850002121246021212460212124602121246070
:101860002121246021212460212124602121246060
:101870002121246021212460212124602121246050
:101880002121246021212460212124602121246040
:101890002121246021212460212124602121246030
:1018A0002121246021212460212124602121246020
:1018B0002121246021212460212124602121246010
:1018C0002121246021212460212124602121246000
:1018D00021212460212124602121246021212460F0
:1018E00021212460212124602121246021212460E0
:1018F00021212460212124602121246021212460D0
:1019000021212460212124602121246021212460BF
:1019100021212460212124602121246021212460AF
:10192000212124602121246021212460212124609F
:10193000212124602121246021212460212124608F
:10194000212124602121246021212460212124607F
:10195000212124602121246021212460212124606F
:10196000212124602121246021212460212124605F
:10197000212124602121246021212460212124604F
:10198000212124602121246021312860433944240D
:101990004A2A4F343C264A3A3B3622363E364A449F
:1019A000424742573C35463F392436353B44563C46
:1019B0003A444E3537442A313423422C2F324622C2
:1019C0003043262D2E223E253143363132334A31E3
:1019D0003C565A48522C5F5B5A3F383A5C2F5C4069
:1019E0005C302C455A40444C5A505C575960385230
:1019F0005C5048595B605056552E6039563F303D1B
:101A00005A403C515B3050565A5058585A605458BE
:101A10005B3050585A6054575A6054565A60545666
:101A20005A6054565A6054565A6054565A60545626
:101A30005A6054565A6054565A6054585A60545812
:101A40005A6054565B3058575B405C565B505C564E
:101A5000563F44415B3048525A30384F5A604C55DB
:101A60005B3050565B4054575B3050565B40545788
:101A70005B3058555B3058555B3058555A50505371
:101A80005A5050535A5050535A5050535B3054543C
:101A90005A4048515B5058585A404C545A5050552F
:101AA0005A6050535B3054545A4044535A5048542F
:101AB0005A5048545B3050565A604C535A504C520E
:101AC0005A30404F5A4040505A6054535A4048513F
:101AD000502D48215C302C4D4B5B5749552E342FEF
:101AE000574F2C3C513E2423583C582A3D43322822
:101AF0004251562648214A254A5132224A41322132
:101B00004A5135604B41395C4C51395D4751355A2A
:101B10003F513954384129444841455D4D513D5F5D
:101B20004851315449313556475131514A412D516F
:101B300051313D5D4F41355B4A51355548313D5539
:101B40004721395248412D534D4131595231395D68
:101B50004E4135574E4139554D212D564B4131514E
:101B60004A51394E51213A2560233A575E214A376E
:101B70005D31322B5F213E355C413A365F33325264
:101B80005A313A355E23264B5D2422525C34565B33
:101B90005F56432A5F362B2A5E34365B5D524649D8
:101BA0005A5146395A313A295851255959515228D2
:101BB0005831295B56312D5B5451315A56413D5EA7
:101BC0005531355C58214221523135535057264109
:101BD000553B372E525B4328554C4735563C4732D0
:101BE000522B3B2146274E464E25364C57323A3B28
:101BF0004A3222344621362954415A3456522A3325
:101C00005432262F57524E3A4F425A355D4D2C3E94
:101C10002943246021212460212124602121246082
:101C2000212124602121246021212460212124609C
:101C3000212124602121246021212460212124608C
:101C4000212124602121246021212460212124607C
:101C5000212124602121246021212460212124606C
:101C6000212124602121246021212460212124605C
:101C7000212124602121246021212460212124604C
:101C8000212124602121246021212460212124603C
:101C9000212124602121246021212460212124602C
:101CA000212124602121246021212460212124601C
:101CB000212124602121246021212460212124600C
:101CC00021212460212124602121246021212460FC
:101CD00021212460212124602121246021212460EC
:101CE00021212460212124602121246021212460DC
:101CF00021212460212124602121246021212460CC
:101D000021212460212124602121246021212460BB
:101D100021212460212124602121246021212460AB
:101D2000212124602121246021212460212124609B
:101D3000212124602121246021212460212124608B
:101D4000212124602121246021212460484B303C42
:101D50003A465E3944584E593E36463C45282E5840
:101D60004939332A3D254E3C3E352A423F354243D0
:101D700042265A493C3546383C455640383456345C
:101D800035442A2A383456353C555A433F464A4D45
:101D90003B5642403826222D445922554D2A5B2E6F
:101DA000525D234C592F4C385A50584E5B5058575F
:101DB0005C5044584F2D4422532E4031554F243A05
:101DC0004C3C57585B5058585A605C575A605458AE
:101DD0005B3050585A6054575A6054565A605456A3
:101DE0005A6054565A6054565A6054565A60545663
:101DF0005A6054565A6054565A6054585A6054584F
:101E00005A6054565B3058575B3054555B405855B8
:101E1000572F50435950304C5A5044515A504854FF
:101E20005A604C555B3050565B3050565B305056C4
:101E30005A6054545A6054545A6054545A5050532F
:101E40005A5050535A5050535A6050535A6050533E
:101E50005B3054555A604C555A6054565A50505540
:101E60005A6050535A4048535B4054575B30505669
:101E70005B3050565A5048545B4054565B30545572
:101E80005A6050535A504C525A60505359502C4C2F
:101E9000542E4833572F2C3C564E5C38553E443216
:101EA0005B60384E552E4C32572B435D3C51215AC6
:101EB0004242222A46215A26493132214A212E22E3
:101EC0004841315D494135594C21415E4741355AC0
:101ED0003F513954394129484641455B4D31395EBE
:101EE000485131554851315546512D4F49512D5288
:101EF0005031395C4E5131594941355346513D536A
:101F0000453139514541315049412D555121395EB5
:101F10004E4135594E3139564C512D524B51355158
:101F20004A213D5050413E255F5322535E214E3D94
:101F30005D41362F5E412A335C31222F5E223647C7
:101F40005B514A355C323E455C53464F5C2422551A
:101F500060463F2F5D245A565D234E535F533E57D4
:101F60005D21563E5A41362D59312A225C42222AA1
:101F700059414221573131595841362158513A2857
:101F8000555136285721322955313A214C544A2887
:101F9000584B3F36554B5B2F552C3733553C4F3103
:101FA000514B4722473746474E445A4C59222E3E02
:101FB0004E42223A492232355131462B57322A3489
:101FC00055422E325542363453225236592B23581D
:101FD0002A432C60212124602121246021212460B6
:101FE00021212460212124602121246021212460D9
:101FF00021212460212124602121246021212460C9
:1020000021212460212124602121246021212460B8
:1020100021212460212124602121246021212460A8
:102020002121246021212460212124602121246098
:102030002121246021212460212124602121246088
:102040002121246021212460212124602121246078
:102050002121246021212460212124602121246068
:102060002121246021212460212124602121246058
:102070002121246021212460212124602121246048
:102080002121246021212460212124602121246038
:102090002121246021212460212124602121246028
:1020A0002121246021212460212124602121246018
:1020B0002121246021212460212124602121246008
:1020C00021212460212124602121246021212460F8
:1020D00021212460212124602121246021212460E8
:1020E00021212460212124602121246021212460D8
:1020F00021212460212124602121246021212460C8
:102100002121246021212460212124604E4D24506E
:10211000553D5B5F4A5A2B2E41372E4B3F264A478F
:1021200042473E5339544E2D3D244A3E3B444235AE
:1021300040263E413A553A323C25523B37545A2EBE
:102140003734522D3E3642463F365646415742506E
:1021500035552E28532C3354572C434E555B4B3951
:10216000515B2F2E4B4B372E5860243F5B4058530A
:102170005C3054574C3C5755572F3C405A502C4CD0
:10218000475B4B445B5058585A605C575B3058571C
:102190005B3050585A6054575A6054565A605456DF
:1021A0005A6054565A6054565A6054565A6054569F
:1021B0005A6054565A6054565A6054585A6054588B
:1021C0005A6054565B3058575B4058555A605453C8
:1021D000564F4441582F58465A6044525A4044532F
:1021E0005A604C555B3050565B3050565B30505601
:1021F0005A6054545A6054545A6054545A6050535C
:102200005A6050535A5050535A6050535B30545494
:102210005B30545459603C515A6050555B305056B5
:102220005B30505558602C4D5A604C555A504C53A9
:102230005A3044515B30505658602C4D5930304E16
:102240005A604C545A6050535B404C535A30304D96
:10225000585F5C48564F303C562F2438555E5C37EB
:10226000552E4833563E3C324E3843344141462980
:102270003F412D5E44515E2548212D5E4951362354
:102280004721355C47512D574A413D5B4731395B0A
:10229000402135543A21294944213D574C413D5E66
:1022A00048412D544821355446212D4F49212D5167
:1022B0004F31355A4D5131574931355346313D52E1
:1022C0004321354E4151294E45312952503141600B
:1022D0004F41355B4E3131584D3131534B41314FC8
:1022E00049313D514F5136225F224A4B5D213A3AE6
:1022F0005D21322C5D4126305E415E385E323A47C8
:102300005C3156345C5246465E3422545D2346535B
:102310005C242E535C542A4D5F535A585F434259F4
:102320005B3132345C2146365C415E365951295D61
:1023300059313E2459312D5B5C2142275A313A2BC9
:1023400055312A2A56212A2C55512E234A532D58CD
:10235000573B272D564C2B35554C3336565D23377E
:10236000532B532644564E3B4D352E4E58413E3648
:1023700057323E454932322C4A21395D55314A2C7B
:102380005842423A54222E3055425E3A545933361E
:102390002A53245F212124602121246021212460EB
:1023A0002121246021212460212124602121246015
:1023B0002121246021212460212124602121246005
:1023C00021212460212124602121246021212460F5
:1023D00021212460212124602121246021212460E5
:1023E00021212460212124602121246021212460D5
:1023F00021212460212124602121246021212460C5
:1024000021212460212124602121246021212460B4
:1024100021212460212124602121246021212460A4
:102420002121246021212460212124602121246094
:102430002121246021212460212124602121246084
:102440002121246021212460212124602121246074
:102450002121246021212460212124602121246064
:102460002121246021212460212124602121246054
:102470002121246021212460212124602121246044
:102480002121246021212460212124602121246034
:102490002121246021212460212124602121246024
:1024A0002121246021212460212124602121246014
:1024B0002121246021212460212124602121246004
:1024C0002121246021212460482B3C55553E5C305D
:1024D0005A5F3C2C463936594327425641365E579F
:1024E0003A5536393A445E37374346313B343E3B02
:1024F0003A244231395452363453562A3534323321
:1025000032535A2C38453A443A46264A3C464A52B7
:1025100037454A35584D3C285A4C5B57594B533D2B
:10252000545A5B2C49595658502D37535A605050C5
:102530005B5054554F5D4C224C2C3F514A4C274C1C
:10254000513D60295B6058585A6054565B3058576B
:102550005B3050575A6054565A6054565A6054561D
:102560005A6054565A6054565A6054565A605456DB
:102570005A6054565A6054565A6054585A605458C7
:102580005A6054565B3058575B3058555A504C522D
:10259000575F5446563F3C3F5A6044525A4044535A
:1025A0005A604C555B3050565B3050565A604C5513
:1025B0005A5050535A5050535A5050535A505053E7
:1025C0005A5050535A5050535A5050535A504C52DC
:1025D0005B4054565B4050575A5040525B505057E6
:1025E000473B4B45462B333F5C4058585B4050546B
:1025F0005B4050545A6048525B4050565A403C51E0
:1026000059503C4F5B3050545B4048525B40445201
:10261000552E6039585F6049585F5C47574F3C3FC3
:10262000573F283B5A4E443B4435564843214A2A9B
:102630004121322144215A234641315D48512E2205
:102640004651395D4631315749213D5A4721395A62
:102650003F5131533A41294A415139544C4141602B
:1026600049413156475135544541314F48512D511B
:102670004F31395B4D41355748313550454139501F
:102680004131314C3E41294B412129504F4152218A
:102690004F41395B4E31315A4D3131534C2131521A
:1026A00048313D544E312D5B5F224A455C3136380E
:1026B0005D31462F5D313E325F3252445F224249E6
:1026C0005D32263A5F3336505C334A4D5E542659AC
:1026D0005C434E4E5C53464C5C4252475E4242481D
:1026E0005B413A395C2136365D215E375D524A3DA9
:1026F00058313224593131605A512E2359314226F2
:10270000553136215441315F553135594A4345548D
:10271000572B3F2F544C2331543B5F34544B5F2C89
:10272000535B4B2541463E344B363A565B52564638
:102730005D523E474C3246294551495952212E2679
:1027400059223239543232335642563B514652594D
:102750004C5B3059212124602121246021212460F7
:102760002121246021212460212124602121246051
:102770002121246021212460212124602121246041
:102780002121246021212460212124602121246031
:102790002121246021212460212124602121246021
:1027A0002121246021212460212124602121246011
:1027B0002121246021212460212124602121246001
:1027C00021212460212124602121246021212460F1
:1027D00021212460212124602121246021212460E1
:1027E00021212460212124602121246021212460D1
:1027F00021212460212124602121246021212460C1
:1028000021212460212124602121246021212460B0
:1028100021212460212124602121246021212460A0
:102820002121246021212460212124602121246090
:102830002121246021212460212124602121246080
:102840002121246021212460212124602121246070
:102850002121246021212460212124602121246060
:102860002121246021212460212124602121246050
:102870002121246021212460212124602121246040
:1028800021212460212124604E4D2C3A505D3F4887
:10289000593F235C4F5B57383D262A3D41465A58E5
:1028A0003E462A4937443A2E3834323F3723563C85
:1028B0003A244A4035534E3534535A3A3243463817
:1028C00030433234342436443454424536552A4B4E
:1028D00035343E304127324D4F5A2F3051394F2237
:1028E00051394E5F4738464A512D2352585F604454
:1028F0005930304B3D485E575D4054555C40405325
:10290000452A5B385B6058575A6054565B305857BD
:102910005B3050565A6054565A6054565A6054565A
:102920005A6054565A6054565A6054565A60545617
:102930005A6054565A6054565A6054585A60545803
:102940005A6054565B3058575A6050545A3044506D
:1029500059502C4D543E5C375B304C535A404453D5
:102960005A604C555B3050565B3050565A604C554F
:102970005A5050535A5050535A5050535A50505323
:102980005A5050535A5050535A5054535B30585524
:102990005A6050545A6048545B4040544D4C5F5C00
:1029A000522E3830475B4F465C3054565B404C5398
:1029B0005C3054565B3048525B6054565B30485430
:1029C0005B4054565A504C525C505C58583F5045EE
:1029D000583F58465940384D5950344D5A40304C64
:1029E000593F44425C3E2C3A3D433A2343413A2707
:1029F00042512A21445222254631456048212E2148
:102A000046413D5D45513556475141584631395A49
:102A10003F5135543B312D4B3F41294F4C314621DD
:102A20004A3135584751355445212D4E4841315290
:102A30004F21415C4D3135564821314E4531395099
:102A40004031354D3C21294A3D51294D4D41515D83
:102A50004E5131594D41315C4C5135544B513D55DE
:102A6000465139554C412D555F2252415D414E3CF6
:102A70005C51362C5E222A3B5F434E545B31463B11
:102A80005C515A3F5E525E4A5F243A595D54265665
:102A90005B4252435E232E505E425A495D42223DC4
:102AA0005F3236485F4232475B2132325F43265104
:102AB0005E425A465E5326465C223A3656413E23D3
:102AC00054312D5A55213D595541395449233D4CD6
:102AD000573B5B33542C2734543C2338534B472704
:102AE000523B3B23424732414356224B54424E3BDA
:102AF0005D315E405654224444513D564F41362686
:102B00005721563658324A3E5722423A51243244CF
:102B10005C5D48452E4438602121246021212460D9
:102B2000212124602121246021212460212124608D
:102B3000212124602121246021212460212124607D
:102B4000212124602121246021212460212124606D
:102B5000212124602121246021212460212124605D
:102B6000212124602121246021212460212124604D
:102B7000212124602121246021212460212124603D
:102B8000212124602121246021212460212124602D
:102B9000212124602121246021212460212124601D
:102BA000212124602121246021212460212124600D
:102BB00021212460212124602121246021212460FD
:102BC00021212460212124602121246021212460ED
:102BD00021212460212124602121246021212460DD
:102BE00021212460212124602121246021212460CD
:102BF00021212460212124602121246021212460BD
:102C000021212460212124602121246021212460AC
:102C1000212124602121246021212460212124609C
:102C2000212124602121246021212460212124608C
:102C3000212124602121246021212460212124607C
:102C400021212460212124604B5C344F504C5B4394
:102C5000534D3F41573D57524137424A3C555240F0
:102C60003B35323636442E2A3333463531232E3423
:102C700030432E2B2F43222A2F325E2C2F33222D2E
:102C80002E52522932233E3133534631345352307F
:102C900037235E2E39244A2F3C553E2C42463A3289
:102CA00047273A4045482248495A4F34534E302E20
:102CB0005950244C3E49225A553E5435544E4433C3
:102CC0004C4C4F565B6058565A6054565B305857C0
:102CD0005B3050565A6054565A6054565A60545697
:102CE0005A6054565A6054565A6054565A60545654
:102CF0005A6054565A6054565A6054585A60545840
:102D00005A6054565B3058575B3054555A504C52A9
:102D10005A504451535E54355B5054555A404453B5
:102D20005A604C555B3050565B3050565A604C558B
:102D30005A5050535A5050535A5050535A5050535F
:102D40005A4054535A5058545A5054545A5050534D
:102D500059603C4F5B304854544E5438512D5429DF
:102D6000583F584A483B53485C4058575B504C5476
:102D70005B3048525930284A5950304E5B404C55D0
:102D80005A4044535A6050545B504854574F404146
:102D90005B60545559503C4F5A605054573F48421D
:102DA000572E603A555B57563E41595B43312E25AD
:102DB00044512A224331395C45414D6048313A2122
:102DC0004651395E4541395746313D5645513D5A88
:102DD00040213D553B31314C3D51214B4C414A2323
:102DE0004A4131584741315445212D4E48212D51FA
:102DF0004E41415B4D2139564821314E45313D51BF
:102E00003F51354D3A51314B3B412D4D4B31495698
:102E10004D312D564C31355C4C2135544B214158A8
:102E2000462145594B3131515A31522C5A512E318C
:102E30005C31262A5D52363F5D433A565B41524033
:102E40005E422A4C5B314A3A5F44465D5F24425AF7
:102E50005D425E4C5C522A445D5236435D415E3BAE
:102E60005D51563D5E2152405E222A466043525ECD
:102E70005B4242455C52364360334E595F435A547D
:102E80005D225E465851422D582131604A23295116
:102E9000592B4F35564C2B38554C3B3C533C232B30
:102EA000533C3F3244275E4D3B445A3A53543652CA
:102EB0005A315A415A232E444A313E214C4142272D
:102EC000543142315A222E3F5832363C53232A3E47
:102ED000574A475533253060212124602121246041
:102EE00021212460212124602121246021212460CA
:102EF00021212460212124602121246021212460BA
:102F000021212460212124602121246021212460A9
:102F10002121246021212460212124602121246099
:102F20002121246021212460212124602121246089
:102F30002121246021212460212124602121246079
:102F40002121246021212460212124602121246069
:102F50002121246021212460212124602121246059
:102F60002121246021212460212124602121246049
:102F70002121246021212460212124602121246039
:102F80002121246021212460212124602121246029
:102F90002121246021212460212124602121246019
:102FA0002121246021212460212124602121246009
:102FB00021212460212124602121246021212460F9
:102FC00021212460212124602121246021212460E9
:102FD00021212460212124602121246021212460D9
:102FE00021212460212124602121246021212460C9
:102FF00021212460212124602121246021212460B9
:10300000212124602121246024415C605A2F242541
:10301000594E5F5A563D5F4E545C53524F4A4B4295
:103020003C3532332F52394D2E42315D2B52255CC7
:103030002A5231562B2229532C2231552D424156EA
:103040003143315F382442303A545E3533324D5289
:103050003D25223D36235E233B254A314056563CD2
:1030600047483E5248593660474A2F2D4E4C4356EA
:10307000594F4C48592F5846515D602A552E5837A4
:103080005B5044535B5054555B3054565B3058573B
:103090005B3050565A6054565A6054565A605455D4
:1030A0005A6054555A6054565A6054565A60545691
:1030B0005B3054565B3054575A6054585A605458D9
:1030C0005A6054565B3058565B5058565B305454D7
:1030D0005B304C52543E5C375B6054565A4044530C
:1030E0005A604C555B3050565B3050565A604C55C8
:1030F0005A5050535A4050525A5050535A405453B9
:103100005A4054535A5058545A5054545A50505389
:103110005A5048525B605457433A37324A3C274E24
:10312000483B534841395B2A5A40344E5B40485330
:103130005A6044515C3058575A4040515B304855B2
:103140005B4054565A605054574F4C44553E583883
:103150005D40545A5A6048565930444D563F443E9B
:10316000595F3C474A2837274223222F41513624B2
:10317000455142274231295944413D5E474136215C
:103180004731395D4621415843413D564641395CFE
:103190003F5141553B21314D3C31254A4C4146225E
:1031A0004B212D58473131524451354F4751315001
:1031B0004E213D5A4D213156482131514421415033
:1031C0003E513D4D3A41314B3B21294D4A214D560F
:1031D0004D2129554B51315A4A21315249214155EE
:1031E000463145564A41355055413E225B313231D8
:1031F0005F5152345E2256425E542F235B515E462D
:103200005E32264A5F23224D5D3352555D3422558E
:103210005E233A525E423E455D5226405F4236474B
:103220005D51463A5C21363B5B21323E5E322E4593
:103230005F325A525F2232465B214E3D5C325A5019
:103240005D32364B60333A545F2342435055463328
:10325000585B4B34552B3329544B5F33533C373138
:10326000543D2F3E482846553834222B48235E488B
:10327000534232455A42363F5642563D4A51362114
:103280005141322A5A31523B5B4236415452463800
:103290005348432E3F28285E2121246021212460A9
:1032A0002121246021212460212124602121246006
:1032B00021212460212124602121246021212460F6
:1032C00021212460212124602121246021212460E6
:1032D00021212460212124602121246021212460D6
:1032E00021212460212124602121246021212460C6
:1032F00021212460212124602121246021212460B6
:1033000021212460212124602121246021212460A5
:103310002121246021212460212124602121246095
:103320002121246021212460212124602121246085
:103330002121246021212460212124602121246075
:103340002121246021212460212124602121246065
:103350002121246021212460212124602121246055
:103360002121246021212460212124602121246045
:103370002121246021212460212124602121246035
:103380002121246021212460212124602121246025
:103390002121246021212460212124602121246015
:1033A0002121246021212460212124602121246005
:1033B00021212460212124602121246021212460F5
:1033C000212124602121246023314860532D374876
:1033D000524D3744562E2B514D5B3F324C295B2EBC
:1033E00038342E2535432D5E36434E293633562D3F
:1033F00035334E2A37543A3138243A2E37443A2955
:103400003E255A424728272542265654354346240E
:103410004A38332D3F4646493745462E3E373E47CC
:103420004629366043492E5B482A5F36502C5F5749
:10343000574E58395960304E5A5048545B305056A8
:103440005B4050565A604C555A604C555B30505654
:103450005B3054565A3048525A6054545B605C5842
:103460005A4048525A5048545B3050565B504C5862
:103470005B504C585B60505A5B3050565B30505636
:103480005B3050565B3054545B4050545B5050544A
:103490005C305456535E4C345C3058565A6044533A
:1034A0005B404C555B3050565B3054545B30545548
:1034B0005A5050535950484E5B305C5459604C53ED
:1034C0005A605C575A4054555A5054555A304453D8
:1034D0005B3050565B5050565A403C515A40385120
:1034E000515E242A4A4C274C5B6048535B4044524F
:1034F0005960344F5B4054575A5048545A605456A0
:103500005A6050555B4058555B4054575E30585A8E
:103510005B4F5C53544E483F594050505A303C48E2
:103520005B2E5C483653396039513D593D41315A23
:1035300041413A214251295F45413A2446513621C1
:103540004831395C4721455B3E312D524731396066
:103550003D512D523A5141503A2129494B21395D73
:103560004B313559472139504351394A45512D4C3A
:103570004D413D5A4D3131584721395340313D4D30
:103580003B51354B3A41314C3B31294D4831455542
:103590004E21355F4C51295948312D4E47213D521E
:1035A000484139534951314F514142225E215238ED
:1035B0005E213A2A5B5242385D44225D5C42324DC4
:1035C0005B5146385F535A535C3342515D33565614
:1035D0005D535E535E534A4E5C4222405E52224629
:1035E0005E315A455D5226485B5156415B41423A35
:1035F0005D314A3C5C4146335B315E3C5C432E515D
:103600005F533E555A215A305A235E34592A232596
:10361000523B3F24582C3332573C4338572C5B41A4
:10362000552D23404C593E5A39235A243A435A4186
:103630004953364B55213E2F59223A364F214623C6
:1036400051313E2957412A2F5B32363B5432563294
:103650004C25563F582E242A3E4844592F34405F6B
:103660002121246021212460212124602121246042
:103670002121246021212460212124602121246032
:103680002121246021212460212124602121246022
:103690002121246021212460212124602121246012
:1036A0002121246021212460212124602121246002
:1036B00021212460212124602121246021212460F2
:1036C00021212460212124602121246021212460E2
:1036D00021212460212124602121246021212460D2
:1036E00021212460212124602121246021212460C2
:1036F00021212460212124602121246021212460B2
:1037000021212460212124602121246021212460A1
:103710002121246021212460212124602121246091
:103720002121246021212460212124602121246081
:103730002121246021212460212124602121246071
:103740002121246021212460212124602121246061
:103750002121246021212460212124602121246051
:103760002121246021212460212124602121246041
:103770002121246021212460212124602121246031
:10378000212124602121246024415C604E2C374398
:10379000573E435B5B4F2826565D33553B454E2DC8
:1037A0003E355E3B46274E5E47275B293D253A4521
:1037B0003D35364342464E57433722593F355E48E2
:1037C0003A34523443572E5E3C353A433453422701
:1037D0003B445A3A3B3552414038265C4B4B2345DB
:1037E00045393F264D4B5F4B4F5D275A514D442283
:1037F000584F44415A30384E5940384D5B3054543C
:103800005B3050565B3050565A604C555B405457B5
:103810005A504C545B3058555B505C555A5050517F
:103820005B4058555B3054545B3050565A604C5591
:103830005B504C585B304C575A6054565A60545643
:103840005B3050565B3054545A504C525B60585663
:103850005C305856532E48325C3058565A404453C8
:103860005A5048545A604C555A6050535A605454F8
:103870005A5050535A4050505A6058525B505C59FD
:103880005A404C545A404C545A4050545B30545750
:103890005B4054575A604C555B5050565B3048540F
:1038A000583F5846554F2C3C5B6054555A40485140
:1038B000553F343F58402C4C5B3058575A40505578
:1038C0005B5054575C405C59562F4842593024484D
:1038D0005D50445A5B302C545860504D5C605450DD
:1038E000533B575D3742215B3A3135593F214560A3
:1038F00042213A224251295F44513A244621422230
:103900004721315C4631495C3D312D514541395E9D
:103910003D3129533A314150394131494821315AD9
:10392000485131554441314D42313D4B4451314C68
:103930004C313D584C413157464131523F51394C41
:103940003B51354B3A41394D3A51314D4441394F54
:103950004D3142224C51295B49313152465141543B
:103960004721315349413D5351313A2160223A4078
:103970005D3136275E22423D5D53224E5C523E4A07
:103980005D4236435A5322435E3537245B434A51E6
:103990005B542E515E35265F59533E4658522E39A0
:1039A0005C425A4B5C53264D5E535E566024572949
:1039B0005F542A5960252A605E434A565B52525131
:1039C00060335B235F43525558252645563A472BB3
:1039D000523C2F2F552C3B2F565C4735583D2743E3
:1039E000535C3B374E4A4B283654322333435E39BF
:1039F0003D535E444B5242305341422F52515E354B
:103A000051212E2754513226524246284E552635F2
:103A10004F484654533C3F41573E2359582D542B51
:103A2000523D28304A5B4C512121246021212460E1
:103A3000212124602121246021212460212124606E
:103A4000212124602121246021212460212124605E
:103A5000212124602121246021212460212124604E
:103A6000212124602121246021212460212124603E
:103A7000212124602121246021212460212124602E
:103A8000212124602121246021212460212124601E
:103A9000212124602121246021212460212124600E
:103AA00021212460212124602121246021212460FE
:103AB00021212460212124602121246021212460EE
:103AC00021212460212124602121246021212460DE
:103AD00021212460212124602121246021212460CE
:103AE00021212460212124602121246021212460BE
:103AF00021212460212124602121246021212460AE
:103B0000212124602121246021212460212124609D
:103B1000212124602121246021212460212124608D
:103B2000212124602121246021212460212124607D
:103B3000212124602121246021212460212124606D
:103B4000212124602121246021212460485B283820
:103B500044494253543C4B46542B5F493A45362B1B
:103B600043273E4D4457565646475B243B44563AFE
:103B70003C45223D3E3542453D45364239243233AF
:103B8000342332243543562F3724323A33433A2EE6
:103B900035235A2D32442A294D3B4F57505C502231
:103BA000474A3F39575E543A584F4441585F504452
:103BB0005950244A5A30344E5B3054545A60505352
:103BC0005A604C555B5058585B3050565A504854C8
:103BD0005A504C54564F4C42552F343A573F584345
:103BE000574F5C455B3054545B3054545A604C55CD
:103BF0005B3050565A5048545A6054565A60545686
:103C00005A6054565B3054545A504C525B305454A2
:103C10005C305C57535E54355B3050545A404453CB
:103C20005A5048545A5050555A5050535A404C527A
:103C30005B4058555A4048515B3054545A50485490
:103C40005B4054575B3054575B3058575A6054565A
:103C50005A5050555A5048545A604C555A4048543E
:103C60005A6054535B4054545B3058555A50505529
:103C70005A6054565A5050555A4050545A30505425
:103C80005C505C5B5C4058595840344D5840344857
:103C9000543E44325B6040555A505C515C5F5C4717
:103CA00040554E4539214D5C395125573E41355CD3
:103CB000414131604251322143413622453146244F
:103CC0004541315C4431415C3D2129504331355DF2
:103CD0003D4129533A31395138412D4A43513156EA
:103CE0004621315442412D4B40313D4A4321314A16
:103CF0004A413D564B212D56463131523F51354DAB
:103D00003B51354C3951354C3921314D3F312D4BDB
:103D10004B3142234D31295E4A41355545313152AF
:103D200045513955473135505121315E5D313A2F7A
:103D30005C2142255F4256435E532E4D5E334E5406
:103D40005D23224D5D4442585F3653305C34365714
:103D50005F55372660355F295D25325D5E554B2402
:103D600060354F285B534A4D5D3342515A225A44C5
:103D70005C334E535D333A4D5D225A4B5E532651B0
:103D800059515E38575252305E285F2E552B4B36B4
:103D9000563C5740582C5339573D2335583D2B41FD
:103DA000532C2B31512B3B303A35463034345A4169
:103DB00038244A4540233A2F4A2236344D51322D79
:103DC000525222304D4145564A444222564A3728E3
:103DD000544B372B533C2730565C4F3B565D2343A7
:103DE000534C373D514C474321212460212124600D
:103DF00021212460212124602121246021212460AB
:103E0000212124602121246021212460212124609A
:103E1000212124602121246021212460212124608A
:103E2000212124602121246021212460212124607A
:103E3000212124602121246021212460212124606A
:103E4000212124602121246021212460212124605A
:103E5000212124602121246021212460212124604A
:103E6000212124602121246021212460212124603A
:103E7000212124602121246021212460212124602A
:103E8000212124602121246021212460212124601A
:103E9000212124602121246021212460212124600A
:103EA00021212460212124602121246021212460FA
:103EB00021212460212124602121246021212460EA
:103EC00021212460212124602121246021212460DA
:103ED00021212460212124602121246021212460CA
:103EE00021212460212124602121246021212460BA
:103EF00021212460212124602121246021212460AA
:103F00002121246021212460212124604B4B5C531A
:103F100041584A4D42373E3D4156423C4547565333
:103F20004357564D4227364840463E493733562977
:103F300036334E2736435A2B36335A3035535633A1
:103F40003423463232534A3336244A4436345246B6
:103F500031334A282F5356223B3736543E283A5E97
:103F60003A47424B562E4436595F60485A40384CC7
:103F70005A604850586024495960404F5A504C523A
:103F80005B4058555A604C555B5058585A504854ED
:103F90005B305857545F2C3B515E302A4F5D5023A5
:103FA0003B384E525960404D5B4058555A50505323
:103FB0005A6054545A404C525A5058565A605456AB
:103FC0005A6054565A6054545B3054545A504C52B0
:103FD0005B606057543F28395A4048525A404C540D
:103FE0005A4050555A5050555A6054565B40585597
:103FF0005A404C515C3050565940284A5A4038502B
:104000005A5040525A604C555B3050565A60505688
:104010005A6054565A404C545A604C555B30505676
:104020005A5050535A505053575F60495A30445376
:104030005A604C555A604C555A5048545C40605A2E
:104040005C50585A5B404857543F303C58603446A7
:104050005A403C4B5B6058575D305851553C5B5D56
:104060003D33462A375125553B413D5E3E41355E45
:104070004121315E4241362142412D5F44414A2374
:104080004441395D433131583D4125504131355A24
:104090003F2129553B2131513851314B4041395451
:1040A0004441355442212D4C3F213D4941212D4968
:1040B000485139554A212D55462131524021354E1E
:1040C0003B41354D3851354D3651314C3A512948E7
:1040D000483142214D212D5E4A51395744213152F8
:1040E00043313D554521314D5031315B5E214630E4
:1040F0005B4146275E3256455D234E4D5D243E555D
:104100005D342E5B60255B2F5F46432B5F24572178
:104110005C3256495E242E535E445A5D5D44565CC3
:104120005A324A3D5E33324D5C43324F5D452F2457
:104130005B5523215D445E5C5D242A515C53224221
:1041400059513E245241414E56483A4E564B572FF4
:10415000573C2B34592C4B35582D4338575D373F3E
:10416000562C5B3B522B2F2B3C462A323354323693
:104170003A4432444024323C3E425A2D48214A2699
:104180004C52362244325D4B542A2321563B4B2D50
:10419000542B3724564C37335B5D4747594E2B4CD5
:1041A000562C4740513B473D544D445321212460F8
:1041B00021212460212124602121246021212460E7
:1041C00021212460212124602121246021212460D7
:1041D00021212460212124602121246021212460C7
:1041E00021212460212124602121246021212460B7
:1041F00021212460212124602121246021212460A7
:104200002121246021212460212124602121246096
:104210002121246021212460212124602121246086
:104220002121246021212460212124602121246076
:104230002121246021212460212124602121246066
:104240002121246021212460212124602121246056
:104250002121246021212460212124602121246046
:104260002121246021212460212124602121246036
:104270002121246021212460212124602121246026
:104280002121246021212460212124602121246016
:104290002121246021212460212124602121246006
:1042A00021212460212124602121246021212460F6
:1042B00021212460212124602121246021212460E6
:1042C0002121246021212460212124602F54606059
:1042D00045493E5F46382E534637424C4627565096
:1042E0004538325144375E503E555E3F37342A2BB5
:1042F0003433562734535A2E3634363A34435E3AE2
:104300003354263D3454464433243A3F2F435232EB
:104310003B465E553F482F223B474A553847324976
:10432000455A4F3B482B2F415A6024495A50404D23
:104330005950404C5A50404E5A504C525B605C575A
:104340005A6050535A604C555A5048545B3050583C
:104350005A6054585B6054565C405855512E28287A
:10436000524E402E5B4054535B3054525A6054546A
:104370005A5050535A4054535A504C555A60545600
:104380005A6054565A3048515B505C565A504C5201
:104390005B405454572F444259603C4F5A30485365
:1043A0005A404C545A6054565A6054565A605056AB
:1043B0005B4050565950284D422A232D494C234DDD
:1043C0004A3C3350596034505A4048535A50505523
:1043D0005A5050555A5050555A604C555B305056B3
:1043E0005A6048555B3048545B3048545A403C5101
:1043F0005B3048545A6044535C40585A5C50585B98
:104400005D40605E5B50485A59302C4C5C505853AC
:104410005B605C53554F383D5D5F5C4641365E41A5
:104420004545424C3C525A2D3C3152233D51315C62
:104430004031315C4151355E42212D5E4331355F63
:104440004551522342312154405141573E41215060
:104450004221395B3D5131553A41314E3D312D4E6E
:104460004531495A4221294C3E212D464041314A8D
:1044700048213D5649513156462139534051395012
:104480003C213D4F3731354C33412547365121438F
:1044900046314A214C31315E4941315443413D5509
:1044A000404131524321354E4D5129555D513E2FEA
:1044B0005C513E2A5F533A4F5D2436535B34264E9F
:1044C0005A534A5160453B2A5A5332415C425E4737
:1044D0005F22564A5C4222405D425A495C533A4D43
:1044E0005E435E5A5C53264D5F433E555E53525DBC
:1044F0005F245F235E362F215E35525F60345E5A43
:104500005E244E4C5A57425754594A594F5A3250CA
:10451000532B3A5C542B5A60525B5F21533C332E31
:10452000563C5B3B523B2325463832503353522C8A
:104530003D43463D4B4356443E4241604142315A21
:1045400044543E224F593E5A542B5B32513A4A60F2
:10455000532A3F21543B5333565C5B42534C5740E4
:10456000503B4F38543D2C293E583C5F212124605C
:104570002121246021212460212124602121246023
:104580002121246021212460212124602121246013
:104590002121246021212460212124602121246003
:1045A00021212460212124602121246021212460F3
:1045B00021212460212124602121246021212460E3
:1045C00021212460212124602121246021212460D3
:1045D00021212460212124602121246021212460C3
:1045E00021212460212124602121246021212460B3
:1045F00021212460212124602121246021212460A3
:104600002121246021212460212124602121246092
:104610002121246021212460212124602121246082
:104620002121246021212460212124602121246072
:104630002121246021212460212124602121246062
:104640002121246021212460212124602121246052
:104650002121246021212460212124602121246042
:104660002121246021212460212124602121246032
:104670002121246021212460212124602121246022
:104680002121246021212460212124602121246012
:104690004239225A4648425D47382E5347384251E4
:1046A0004528324E4347525141464A4A3B353A3DEE
:1046B0003534463136344E3B33335E363053363341
:1046C0002C524A2631542E3A31543E3832545E3BF5
:1046D000552D5839515D28283B474A4F464A5F407F
:1046E000544E40364F4C5F5E503D2B5D5D304C5517
:1046F0005A304C4F5A6048505B4058535930344CF4
:104700005940384D5B3050565A5048565B405459CA
:104710005A6050585B405055572F4442473B4742E0
:104720005C60585A5B5058565B3054545A6054542D
:104730005A6054545A6054545A5050565B3058572B
:10474000595038505A4048515B3048525C505C5880
:104750005B504854582F58465950344D5A504C527B
:104760005A504C525A5050555A5050555A404C5429
:104770005A504052552E603B514D5C2B5A30244DBF
:104780005B3040535B3048555A5048555A60545638
:104790005A404C545A3048535B4054575B3048544D
:1047A00059402C4D5A6044535B3040535B604C562B
:1047B0005B604C565B5048575D405C5E575F4C48B1
:1047C000555F30405B604C59543E44355A60384C1C
:1047D000583F5C44575E603B524C274E3D453A285B
:1047E0003E243A313C5336323A2141603C41315B00
:1047F0003F51355B42213D5E4231355E42512D5C79
:104800004551456044212957415141573D21254E8D
:104810004431395C405135573C3131503B412D4C8E
:104820004541495B43512D513E2131483F41314B78
:1048300047313D564941355646413553413139534B
:104840003B413D4F3551354C3131294635212D43C2
:1048500044414D5F4A51355B4841315241413151EC
:104860003E5131524051354C4C212D545D21523234
:104870005E3146355E4252485D235A515C233E4DBF
:104880005E534E596024265D5C414E3A5B313235B1
:104890005E2352515D4352535F334E555941423965
:1048A0005C5232495E3322535D532E525E52565152
:1048B0005B31523D5D544E585D25265B5E45425E40
:1048C0005C36465B5B3A4F35552B4F2C522B3F21C4
:1048D000543B5F29573C3B2E564C372D543C4334B8
:1048E000564C4B36555C2F334E4A432D3123415D98
:1048F00039424E2857334A4D4B433A2F42444A24BB
:104900004E3A2324504B47304D2A53244D39525EA2
:104910004C585A5847385A504B2A47254C2A4B2A4C
:10492000542D4F5E212124603E594C5C212124608E
:10493000212124602121246021212460212124605F
:10494000212124602121246021212460212124604F
:10495000212124602121246021212460212124603F
:10496000212124602121246021212460212124602F
:10497000212124602121246021212460212124601F
:10498000212124602121246021212460212124600F
:1049900021212460212124602121246021212460FF
:1049A00021212460212124602121246021212460EF
:1049B00021212460212124602121246021212460DF
:1049C00021212460212124602121246021212460CF
:1049D00021212460212124602121246021212460BF
:1049E00021212460212124602121246021212460AF
:1049F000212124602121246021212460212124609F
:104A0000212124602121246021212460212124608E
:104A1000212124602121246021212460212124607E
:104A2000212124602121246021212460212124606E
:104A3000212124602121246021212460212124605E
:104A4000212124602121246021212460212124604E
:104A50004A5B475642483A5B4648565445484A499D
:104A600047285E5843575656463822603F264A4BE1
:104A700038353E3F3254222F2D323D5F2E4256288C
:104A80002F23262A2C42515D43284F314349232F9F
:104A900044295B2F4049226040285A5E503D3C2407
:104AA000573F3041515D34273B373E49545E4034D7
:104AB0005B3054545B404C5159503C4C5940384D3C
:104AC0005B4054555A5048545B50585A5A304054E1
:104AD0005B605C5C5B304C55485B5F4A583F5449B7
:104AE0005A6048545A604C555B3050565A60545482
:104AF0005A6054545A6054545A604C555B30505666
:104B00005B404C555B5048544C4C5F584A3C374FC7
:104B1000554F243A5A40304E5950304C5B30485231
:104B20005A504C525A5050555A5050555A404C5465
:104B30005B60585A4F2D3C24492B4F4A4A4C2F500A
:104B4000493C234C5B4044565A4048535A505055B8
:104B50005A404C545B6058585B3048545B40445456
:104B60005950304E5A3038505B3048545A504053A8
:104B70005B3044565D305C5E5C50585C5930244E6E
:104B8000595034515B5044555B5028505A4048505E
:104B90005D4058575D3E504236342151593C5F5973
:104BA00040362A3D34213D553741395B3B2135584C
:104BB0003F313D5B403129574251395C4341315AC5
:104BC0004631415E45312D56422145563B41294BE8
:104BD00045413D5D43213D593D412D503A212D49EF
:104BE0004551455B453131533E31314A3F412D4BB3
:104BF000472139554941355746513553414139537C
:104C00003B31394F3441394B2F412D4534312D44FF
:104C10004331495B492135564651354F404131506A
:104C20003D5135523E41294948512D4E5C42463C4A
:104C3000602332515C522A405E332E4F5F233E5632
:104C40005E525A505B415A415B413A3A60324A4A9D
:104C500060234A505A4232355B214A395F224A501A
:104C60005C324A4B5B22524E5E43425A59413E32BD
:104C70005E4242475A432E4A5D545E5F5B244E4C6F
:104C800057373A505C3B4332555B3E60555C2B28AE
:104C9000573C3B34573B572F534B3B23542C2F331C
:104CA000573C4338544C332F512B3F3534444E221C
:104CB00036533E2350534E3E4D245E334E39265AD2
:104CC000524B5B394C495E5D46583E4D3F564A3A21
:104CD000415656424148224A44583A4E4F394F2A8B
:104CE0005B4E3C3D39464C5D26526060212124607C
:104CF000212124602121246021212460212124609C
:104D0000212124602121246021212460212124608B
:104D1000212124602121246021212460212124607B
:104D2000212124602121246021212460212124606B
:104D3000212124602121246021212460212124605B
:104D4000212124602121246021212460212124604B
:104D5000212124602121246021212460212124603B
:104D6000212124602121246021212460212124602B
:104D7000212124602121246021212460212124601B
:104D8000212124602121246021212460212124600B
:104D900021212460212124602121246021212460FB
:104DA00021212460212124602121246021212460EB
:104DB00021212460212124602121246021212460DB
:104DC00021212460212124602121246021212460CB
:104DD00021212460212124602121246021212460BB
:104DE00021212460212124602121246021212460AB
:104DF000212124602121246021212460212124609B
:104E0000212124602121246021212460212124608A
:104E1000483B28574B5B3F5344492A5245492A4A4D
:104E200047392A5C3E564A463A353A3439253234B7
:104E300037452A392F32595D30225E262F525A27A4
:104E400030432E272F432D5D3D37264D4D5B3F4B85
:104E50004E5C4F554F4C57584B3B4B49555E503A63
:104E6000532E2431354622364038365D3E38465C76
:104E7000584F5C4B5C505C575A30404E5B3054523C
:104E80005B304C545A404453594034515B40545960
:104E90005A4048575B30485740395F2B5C305C5A6A
:104EA0005A5048545A604C555B3050565B305056FF
:104EB0005A6050555A5050555A6048545B5050569D
:104EC0005C405459482B4F45562F2C3C5A50304F7C
:104ED0004A2C2B4C5B30384F565F383F5A60445158
:104EE0005A504C525A6054565A6054565A3048538D
:104EF0005B4054595A3030515C5050595C405058C6
:104F00003F593F245850244B5A6050565A505055E0
:104F10005B3058575940344F5A3038505B504C56DC
:104F20005B4050565A3040525B3054565A504854A9
:104F30005B60585A5B50585A5C505C5E5B605C5BCF
:104F40005B60605B5B403852584F2C425960505157
:104F50005E60505A4B39232F2E5121215F2F483A42
:104F60004E3A233532513953354129583A21315679
:104F70003E3139594031315743213D5B43412D5832
:104F80004641395C4721395A424145553A2121462B
:104F900045413D5B435135593D51294F39413149D7
:104FA00045213956455131543F21314B3F412D4C1C
:104FB00047213956495135594651315541413953A7
:104FC0003B31394F3351354B2E3131453421354347
:104FD00042414959475139544541354B3F21294DAB
:104FE0003D3135513E413D4D46212D485C43564BA8
:104FF0005D44225A5D424E455E22464A5E23265556
:105000005C2226445C422A455F23465B5E524E4644
:105010005A4136295B52223360434E565F43225237
:105020005C523E4D5D32424E604342585E525247A2
:105030005D52463E5F325A435C43263D5A442A3B0A
:105040005A5A4731553B3722555B4A5B564C3B22F7
:10505000552C2B21533B425E544C272F555C433B30
:10506000575C4F3B542C2329514B4F3143482E540E
:1050700035435E214A565A524E59365E513B3B31BA
:105080004E294A5A4A57464641455E363D562A3DC4
:105090003A455E3940582E524D3857214E265248D7
:1050A0004D374650533A2F3A575C3428535C543F9F
:1050B00024414C602121246021212460212124608D
:1050C00021212460212124602121246021212460C8
:1050D00021212460212124602121246021212460B8
:1050E00021212460212124602121246021212460A8
:1050F0002121246021212460212124602121246098
:105100002121246021212460212124602121246087
:105110002121246021212460212124602121246077
:105120002121246021212460212124602121246067
:105130002121246021212460212124602121246057
:105140002121246021212460212124602121246047
:105150002121246021212460212124602121246037
:105160002121246021212460212124602121246027
:105170002121246021212460212124602121246017
:105180002121246021212460212124602121246007
:1051900021212460212124602121246021212460F7
:1051A00021212460212124602121246021212460E7
:1051B00021212460212124602121246021212460D7
:1051C00021212460212124602121246021212460C7
:1051D000212124602F344C5E525E243E4D4C434CC2
:1051E00044594B244027524F4127424D4027324AD1
:1051F00039245E2D38234A223D25223B3A444E3441
:105200003B355A403A44362937545A27495A2733AE
:10521000563E4434542E282D4349472C572E383AB5
:10522000473A3F3C543D5832502C4C223A572E4D71
:1052300041493329592F58455C5054565B305053DF
:105240005A4048515830284B5B3058575B305057C4
:105250005A604C5659604050574F60475A504C5412
:105260005B304C565A5048565A4044545B3058575D
:105270005A5054555A6058565B3050575A503C5308
:105280005C404C583A38224D503D48244B3C334FFB
:10529000592F58475C404453582F50455A50385165
:1052A0005A6044545B3050565A6054545A505454C7
:1052B0005B4054554B3C4352584F50445A40284D44
:1052C0003D49225C5A50385259603C515A5048541A
:1052D0005A5050555A404C5459302C4D5A504C55F8
:1052E000596058535A5054545A4048545B60585867
:1052F0005B605059562F344159602C4F5C505C5BB9
:10530000542E5035593F5447572F30435D50545B0E
:10531000573C542D3E5241603C53494E604F28311A
:105320004B483F2533413552365139583B3135587A
:105330004031395A42313158424139584051315443
:105340003F4129534241495B423131553B21294874
:1053500042514156433135563B51294B3A21354A4A
:1053600042213954443139543E21294A3E512D4B72
:1053700046513D5749313957454135533F31394FF2
:1053800039413D4C3351394A2F513946322135404C
:1053900042314956463139544231294C3F21394E28
:1053A0003D31394E3F21354B4551294B5A34364E0C
:1053B0005B233A505D5246465E5242425C5252492D
:1053C0005E53465C5D53224F5C22423B5B212A28A0
:1053D0005C5156335F525E4E5C5226455F424E4AE8
:1053E0005C3156325D21562F5C4142325C313A3E8F
:1053F0005D3146415B4136315E243A485837264B91
:10540000564B3729522B425D545B5722554B4A600D
:10541000545B3E60554B5F28534B5F28553C3F34EF
:10542000555C4336533B5B2B4F3A5F234B5A22600C
:10543000345429484C394F214F4B232A4E5A3E5E53
:1054400046365E3444362E383F4642493D264E4C61
:105450003D263A3F42573A47592B274B4243222198
:105460003C4245593D525D6044433E2B46353E3CEF
:10547000522A5C31212124602121246021212460D1
:105480002121246021212460212124602121246004
:1054900021212460212124602121246021212460F4
:1054A00021212460212124602121246021212460E4
:1054B00021212460212124602121246021212460D4
:1054C00021212460212124602121246021212460C4
:1054D00021212460212124602121246021212460B4
:1054E00021212460212124602121246021212460A4
:1054F0002121246021212460212124602121246094
:105500002121246021212460212124602121246083
:105510002121246021212460212124602121246073
:105520002121246021212460212124602121246063
:105530002121246021212460212124602121246053
:105540002121246021212460212124602121246043
:105550002121246021212460212124602121246033
:105560002121246021212460212124602121246023
:105570002121246021212460212124602121246013
:105580002121246021212460212124602121246003
:1055900021212460212128602121246021212860EB
:1055A00040592C563B373848505C3F5141384E5695
:1055B0003B36363844465A4D43463E4844264A4BCD
:1055C0003F464E424325523C4026223B41365245FF
:1055D0004E5B534B472A5739494B43483F583A5C37
:1055E0003C272E4A534D582F572F2C4338265E45C3
:1055F0003A372649493B4F46592F5C485C3058574B
:105600005A505053596048515A5054555B4058585D
:10561000554F38405B405C565A6058535B40545578
:105620005B5054575C305C5A5A5048565B30545764
:105630005A6054565A5054535A504C575B50545A0F
:105640005A60385239475A4B582F4042572F303EF4
:10565000463B273A5C305052572F40415B30405315
:105660005A6044545B3050565A6054545B30545521
:105670005B4054545A30284B4C4C4F534C5C535560
:10568000563F34405C305C585B304C5658602C4D73
:10569000596044525B4054575A3040525A604C5300
:1056A0005A6048505B3050545B305C585B40605AE5
:1056B0005C305C5C5B3038525D3050595C605459F2
:1056C0005A30384A5A504C4F5C60505C5D5F284CF1
:1056D0003E2522383C213152454626334B392E5542
:1056E0004345524535313955382131583C413559BA
:1056F0004031355A42313D59413135553F513D5583
:105700003C31254E41322560433139593C31294ADB
:1057100041214553423131533B312D4B3A21354BD9
:1057200040414153432139533D5129493F212D4B9C
:105730004721395649313957445139513D51354D39
:105740003831394A332131472F412D4432413540D8
:1057500043414558465135574141314F3E31394D0E
:105760003B51354A3C4129474151254951425A3321
:105770005B5252485D3232415E223A3C5E232A4DF2
:105780005D533A595C5252465A4136255C41322AA1
:105790005F322A445E522E4D5D515E475C21423994
:1057A0005C214A335C314E345F2246465E223A4CDD
:1057B0005D523A4E5B522A3857554245573A272593
:1057C000543B4F25513B2A59544B325F553B2E6079
:1057D000533A5A5A525B325D513B365D525B532607
:1057E000532B5F2B522B4F2B523B3F2C4D4A3A5E93
:1057F000455842434F5B232D4E495324443652367D
:10580000425642353D262E2F3E474E4D3B573E5089
:105810003E272E4E4B28225E59584F354231315D7E
:105820003E4226223F222A22462222234A43262F74
:105830004445463A524C404A2121246021212460AB
:105840002121246021212460212124602121246040
:105850002121246021212460212124602121246030
:105860002121246021212460212124602121246020
:105870002121246021212460212124602121246010
:105880002121246021212460212124602121246000
:1058900021212460212124602121246021212460F0
:1058A00021212460212124602121246021212460E0
:1058B00021212460212124602121246021212460D0
:1058C00021212460212124602121246021212460C0
:1058D00021212460212124602121246021212460B0
:1058E00021212460212124602121246021212460A0
:1058F0002121246021212460212124602121246090
:10590000212124602121246021212460212124607F
:10591000212124602121246021212460212124606F
:10592000212124602121246021212460212124605F
:10593000212124602121246021212460212124604F
:10594000212124602121246021212460212124603F
:10595000212124602121246021212460212124602F
:105960002121246021212460212124603B383059E9
:10597000452A2849515C375C46584F2141563E41E3
:105980004127264443362A3D43563E4442555A3E1B
:1059900045584E5C4E2C234D473B2F3E493B4F47CD
:1059A00038372A41485B2F42573F243F465B23410B
:1059B0004F4D2423535E3C32493B5747565F3C4092
:1059C0005B6058575A6054545B3058565830284BD7
:1059D00059403C505B4058565A404C515A404451F3
:1059E0005B3048545B6054575B5048565B404C55A5
:1059F0005B4050565A604C545A404C565A604C5773
:105A00005B604C573C384A575D4054585C504C558D
:105A1000403957265C606058545E60385B5048548B
:105A20005A5040515A6050545A5050535A50505343
:105A30005A6050535B3048515C304C535B50485572
:105A40005A40385158602C4D5A604C555A50485461
:105A50005860304E5B304C565B5054575B50485347
:105A60005C503C515C6060585A50605759304C5300
:105A70005C30605A5C4044565D505C5C59302C4D43
:105A80005A50504D522E30265D3F444E45473E59A8
:105A90003B2139573C514D5E3B242D58563C474BDA
:105AA0003743315D3641395638512D573C313558E1
:105AB0003E4139573F3135543F5135533F413954B9
:105AC0003D5125504121455A433139593D51294CC9
:105AD00041313D52424139543B51314C3A21354BD1
:105AE0003F313952423135523E51294A40312D4BD6
:105AF0004731355549213556443139523D31394DBB
:105B00003741354A322131482E512D4434513544E4
:105B10004541495948213559423131513D41354E70
:105B20003A21354B38512D473C31354847213D57B7
:105B30005C2242425C2156365F324A475D224E4C1F
:105B40005D325A4D59513A2F5B212A295D314A3530
:105B50005C513A3C5F215E445D214A3A5D422E44ED
:105B60005D32464E5D5332535F343E5A5D243A53A4
:105B70005D544A575D434E3E5D394B2F585C333977
:105B8000514B365E524A5658562B2F21523A565890
:105B9000503A5A55504A5654513A5E5A533B4B2547
:105BA000522B4324523B4B2A515B432A4B5A2254DB
:105BB000574D2F4A48594A534C282E5B4225563E92
:105BC0003C5556333A5642343A57324439572A4EA6
:105BD0003926324847363E504E53563448332231E8
:105BE0004542462D47425E324B4326344D333632D2
:105BF00048535A2F4D492F303C47345E34464C5E53
:105C0000212124602121246021212460212124607C
:105C1000212124602121246021212460212124606C
:105C2000212124602121246021212460212124605C
:105C3000212124602121246021212460212124604C
:105C4000212124602121246021212460212124603C
:105C5000212124602121246021212460212124602C
:105C6000212124602121246021212460212124601C
:105C7000212124602121246021212460212124600C
:105C800021212460212124602121246021212460FC
:105C900021212460212124602121246021212460EC
:105CA00021212460212124602121246021212460DC
:105CB00021212460212124602121246021212460CC
:105CC00021212460212124602121246021212460BC
:105CD00021212460212124602121246021212460AC
:105CE000212124602121246021212460212124609C
:105CF000212124602121246021212460212124608C
:105D0000212124602121246021212460212124607B
:105D1000212124602121246021212460212124606B
:105D2000212124602121246021212460212124605B
:105D300021312860212124604F2C34514C5B2342B7
:105D4000403756494247324741455E3C4546324816
:105D50003D55362E4A295F32555E3C33543E54360B
:105D6000455B273C463A53395C403451494B3F47E9
:105D7000445A3736564E583A412947253F292E5E18
:105D8000542E4C345B6058565A5048525B30545530
:105D90005A6050555B3054555950404F5A605053DB
:105DA0005B4050545A6048535B504C555B404855DB
:105DB0005B404C555B5054575A304C555B405459DE
:105DC0005B505056502D54284E4D375F4C5C5F58F9
:105DD000503D5C275C405C58554F2C3B5B604C54FD
:105DE0005A50384F5A604C525A6054545A504C547E
:105DF0005A504C535B304C535B3044525B405056CE
:105E00005A304453563F44435B3050565A504854DE
:105E10005B3050565B4050565A403C515C404C58A9
:105E20005D305456572F4C435A305453534E5035CF
:105E30005B603852535E40345850244A545F403FB0
:105E40005A30444B5C2F54454C595F3F3731354CE9
:105E50003E313E213E415E263151212F5D5E603153
:105E60003A234E223A31455B3A412D573B412D555D
:105E70003C5135543C412D4F3D5139513E413552F5
:105E80003F513154403121524331495B40413553F8
:105E900041312D50412135513B51314C3A21354C46
:105EA0003E213550415139524031314C4221314D22
:105EB0004751395648213556432139533C21354DF8
:105EC0003721394C313131492E312D46363131456A
:105ED0004731455B48413159424135543D41355088
:105EE0003921394E3631394A37513D4A4031254BF7
:105EF000575156305B515A305F4246495D423A4CE9
:105F00005A21523459212A235C5146325C213635BC
:105F10005C31423C5E3222445E322A455C52224869
:105F20005D32464F5F435A555F3526555D244642E4
:105F30005B235E3A5943322C58295B26545B5B2D18
:105F4000532B3E5E523B2657542B325D525B4B2304
:105F50004C4A46524D4A2E4F504A4A57523B3660A1
:105F6000514B2E5F513B37224F4B225F4D5A525BB4
:105F70005C3E4F5C552D334540262E323B353A2C46
:105F80003C455E3E3B463A4E35554E4635454246CB
:105F90003334262A40453A354D254E424033362982
:105FA00040422A2241515A214432362449325A2B46
:105FB0004C53423348244638583C4C3A3C27345ED4
:105FC00021212460212124602121246021212460B9
:105FD00021212460212124602121246021212460A9
:105FE0002121246021212460212124602121246099
:105FF0002121246021212460212124602121246089
:106000002121246021212460212124602121246078
:106010002121246021212460212124602121246068
:106020002121246021212460212124602121246058
:106030002121246021212460212124602121246048
:106040002121246021212460212124602121246038
:106050002121246021212460212124602121246028
:106060002121246021212460212124602121246018
:106070002121246021212460212124602121246008
:1060800021212460212124602121246021212460F8
:1060900021212460212124602121246021212460E8
:1060A00021212460212124602121246021212460D8
:1060B00021212460212124602121246021212460C8
:1060C00021212460212124602121246021212460B8
:1060D00021212460212124602121246021212460A8
:1060E0002121246021212460212124602121246098
:1060F0002121246021212460212124602B334C5F45
:106100004F3C583A4B2B23434A27525D4A36225084
:1061100048452A3E41253A37504B53535A2F304772
:10612000462A533B522E2C2F555F2C3E502C5B5F42
:10613000564D5833503C5B5D395736434C5C3752B3
:10614000422957294E2D235B5B303C515C505857F8
:106150005C3058565B3054545950404F5B30585562
:106160005A6050535930344C5B3054565B30505663
:106170005A403C515B4050565A5054555A3048533F
:106180005A604C555B5050565960344E5A30384E18
:106190005B4054545B405455562F403F5B604C5419
:1061A0005A30344E5B404C535B305455595040513B
:1061B0005B3050565B305056573F50465A50505502
:1061C0005B5058595860304E5B3050565B305056DB
:1061D0005A6048545A403C515D40605D5C505C5A86
:1061E0005940404F572F5C465C5054575D504054C7
:1061F0005D6044575C50585A5A5058555B4054554E
:106200005F404455502B2F4B345155503B51595DF5
:106210003C51255E3F215226333131305E2E602DB8
:10622000393235523D3159603B312D563B212D538A
:106230003B2131523B413D513C21354E3E513D5376
:106240004051315441212D54413141584231395648
:1062500042212D52403135513B512D4C3A31314B79
:106260003D21354E41213D534121394E4321354F8A
:1062700047413D5746513956414139533B21354DF0
:106280003551354C3051354A2D412D473721314557
:106290004741455B48213158423139563D313552ED
:1062A000392135503531354C3451354A3C51294B23
:1062B0004F41295B57313E225E322E415B31423CD9
:1062C00058413A285821295C5C214A315C213636F4
:1062D0005E5232455E222A455C4146445C313A4575
:1062E0005E2222475B413A335A51422B58512623B2
:1062F0005941422855524223584A3B2D534B37258A
:10630000524B3E5A535C2B21543B5B24505B372449
:10631000512B4331514B27294F5A4255502A52583D
:10632000514B3660515B3F22522B4F2848393E4536
:10633000592E2B515F6030334E5C3B353625415230
:106340003C4556373A353E4834544A463634463E44
:106350003444295F4448324F593B5F553823422328
:106360003841595B3A42256038515D593F325225D8
:106370004242256045525E2D48562251585C4C38A9
:10638000524C445721212460212124602121246082
:1063900021212460212124602121246021212460E5
:1063A00021212460212124602121246021212460D5
:1063B00021212460212124602121246021212460C5
:1063C00021212460212124602121246021212460B5
:1063D00021212460212124602121246021212460A5
:1063E0002121246021212460212124602121246095
:1063F0002121246021212460212124602121246085
:106400002121246021212460212124602121246074
:106410002121246021212460212124602121246064
:106420002121246021212460212124602121246054
:106430002121246021212460212124602121246044
:106440002121246021212460212124602121246034
:106450002121246021212460212124602121246024
:106460002121246021212460212124602121246014
:106470002121246021212460212124602121246004
:1064800021212460212124602121246021212460F4
:1064900021212460212124602121246021212460E4
:1064A00021212460212124602121246021212460D4
:1064B00021212460212124602121246021212460C4
:1064C000212124604E5B605B572A274748223225F2
:1064D0004E533A364E45264B3E33562A4B494F3D96
:1064E000475A273B432A2B34502D4C29452A2F3617
:1064F000573E2C37595F3042484A5B3D575E583B08
:106500004F3C4F593C583251483B2F40554E503725
:106510005D304C555B4044525B4058555A404C529C
:106520005B505C575860344C5A6054545B40605622
:1065300058402C4C5A3048535A5050555930384FC7
:106540005B605C595B5058585840244B5B6058580E
:106550005B3054545A304451574F58465B60505446
:10656000586024495B404C535B4054575830284B8B
:106570005A6050555A604C575940345159604452F2
:106580005A605456596040515B3050565A30405210
:106590005B4048555C505C5A575F4C4659302C4D17
:1065A0005A6060585A605C555C304854585F3842B5
:1065B0005C30445259605853574F54455E5F584FB2
:1065C000552B3B5639322558383131583A212D59FF
:1065D0003B512D5E3D314A2143563E38575C5B4B63
:1065E000442522373B3131533B312D543B31395512
:1065F0003A4135523A4139503B31354F3E4139529B
:1066000041413D57415135563E5131524421415A45
:1066100042312D523F21354E3B412D4C3A21314BD9
:106620003A512D4A40313D524041354E41312D4C79
:1066300045414156443139553E5135503A213D4F3F
:106640003531394E3051354D2D41314837213147A3
:106650004721495B46212D55404131523C5135512E
:1066600039213152354135503431354F3841254A81
:1066700046413552512131595D222E3C5B51463AFB
:10668000572132235731395D5C522A365C413A3505
:106690005D315A395E523A455E5236485D415E4040
:1066A00060324E4A5D515E435F222A5060424A5C2E
:1066B0005C42264451325A23595B2B39542B532BBD
:1066C000542C3F26564D2B2E583C4332525A5B2BAE
:1066D0004648325046583A4D4B495650513B332666
:1066E000532B5B2E533B5F30515B432D46485A453D
:1066F00045492A4D592E435F573F2B53522D273B77
:1067000048493E583C46463834544960374542254E
:1067100038455E25513B4B43562B4B512E51294C4E
:106720003231495635222E21314221573432355DDE
:1067300037515D5A3C4226213F324A2C4023563085
:106740004B485F2F534C5C48232144602121246037
:106750002121246021212460212124602121246021
:106760002121246021212460212124602121246011
:106770002121246021212460212124602121246001
:1067800021212460212124602121246021212460F1
:1067900021212460212124602121246021212460E1
:1067A00021212460212124602121246021212460D1
:1067B00021212460212124602121246021212460C1
:1067C00021212460212124602121246021212460B1
:1067D00021212460212124602121246021212460A1
:1067E0002121246021212460212124602121246091
:1067F0002121246021212460212124602121246081
:106800002121246021212460212124602121246070
:106810002121246021212460212124602121246060
:106820002121246021212460212124602121246050
:106830002121246021212460212124602121246040
:106840002121246021212460212124602121246030
:106850002121246021212460212124602121246020
:106860002121246021212460212124602121246010
:106870002121246021212460212124602121246000
:1068800021212460524C405A5235525256522E38D1
:1068900051212E234F2242334F3522523842315557
:1068A0004D495742492A233B3C375E5338273247EC
:1068B0003E28425B445A2F314059265F502C535B8F
:1068C000493B27403C375A4A3B274A46493B3B41D4
:1068D000505D3B60583F48435C3050555B605054BE
:1068E0005A6050515B3058535A3050525B405C579D
:1068F000593040505B305C585B405857575F5C499B
:106900005B4054575B605859545F2C3D5B40545773
:106910005B3050565830244A5950384F5B605455BC
:10692000585024495A504C535B30505659603C5192
:106930005B3050565A5048565B605C5B5A404C5531
:106940005A5050555B4058585B3050565C50605A16
:106950005C3058585B605057584F604A5B404C550C
:106960005C505C5A5C305C5A5B3044525A30284B65
:106970005A605452575030475B4F4447513A2F4169
:106980003D2159553D413D603821355C3851395ADA
:106990003B31355D3C213D5A40244D5E43262E2A35
:1069A000423342263A412D503A5139543A3131520C
:1069B0003A4135523A5135503C2135503F213D53F3
:1069C00041514157413141563B51214B4521495D90
:1069D000423129513D513D4F3B41354E3A21314BDA
:1069E0003A21394B3F413D513F312D4C3F41314BD5
:1069F00043214153413135523C212D4D38513D4FBA
:106A000035313D503051354D2D51314836413147AA
:106A100045414959434129513E21314E3B41355170
:106A20003851315235413151344135513451314D64
:106A30003B512D494A213D5756414A2B5B215A373C
:106A40005651362756212D5E5A31522D5C414E3813
:106A50005E2236495E324A4D5C322E3F5B42223125
:106A60005A414E2B5A3136315F223A4B5C41563AED
:106A7000584156254E35262C5A3C2B43592D5B4AFE
:106A80005A2E3B4A595D5340522A36594727363CC5
:106A90003E355A3639252E263C564A294E5B2B3038
:106AA000514B4F39525B533C4538324A3C462A2DB4
:106AB00034443D563B4646384C2A5F24575E335398
:106AC000555D574B563D3F3F4C5B2652525C573706
:106AD0004E4A472E5E3C4C263C434D603022315896
:106AE0003132295B33215D60333221603252295DBE
:106AF000324225593442295D36523E253C224A23F2
:106B00003C425D5E42272A50545D3C4D2221346058
:106B1000212124602121246021212460212124605D
:106B2000212124602121246021212460212124604D
:106B3000212124602121246021212460212124603D
:106B4000212124602121246021212460212124602D
:106B5000212124602121246021212460212124601D
:106B6000212124602121246021212460212124600D
:106B700021212460212124602121246021212460FD
:106B800021212460212124602121246021212460ED
:106B900021212460212124602121246021212460DD
:106BA00021212460212124602121246021212460CD
:106BB00021212460212124602121246021212460BD
:106BC00021212460212124602121246021212460AD
:106BD000212124602121246021212460212124609D
:106BE000212124602121246021212460212124608D
:106BF000212124602121246021212460212124607D
:106C0000212124602121246021212460212124606C
:106C1000212124602121246021212460212124605C
:106C2000212124602121246021212460212124604C
:106C3000212124602121246021212460212124603C
:106C400021212460542C24545132423158514E3069
:106C500054412A284B21295E47524E2E4643423842
:106C60003C42495C4F393B3C4C4A43434D2C2754F2
:106C7000512D3C27453A4F37505D3822484B334120
:106C8000502C575C525D44243E283A525B4F5C497D
:106C9000573E603A435A272D4F4D275D584F444386
:106CA0005B50444F5B5050525A6050515B305855C6
:106CB0005B3058575A6054565A504C525960404FA6
:106CC0005B4058555A605055582F604A5B305056BB
:106CD0005A604C555940344F5A604C555B305056B1
:106CE00059503C515A604C555B3050565A604C5587
:106CF0005A3040525A604C545A5048565A404C549C
:106D00005B3058575B5058585C405C5B5C50605A35
:106D10005C305858574F50465C3058585C40585873
:106D20005C6048575B505C595A405052555F2C3A52
:106D30005C3044515D3040524E4A5F434E575321C0
:106D400042213157414136243A31315D382139539E
:106D500039212D533B21315448565A415E5D2B5BFE
:106D60003E323D5D3A313D533931314E3A5139521F
:106D70003B3135523C2135523C5135503F21355243
:106D800041313D55405145563A21254A45213D5C0A
:106D9000432135543C31354E3B51394F3951354BF8
:106DA00039413D4B3E31354F3E41354D3D41314BF3
:106DB00040413D513E41314E3A31354C37513D4FC6
:106DC000352145503121354C2E212D48372135486C
:106DD000443149574121294D3B212D4A3941354EF6
:106DE00037312D50344131513331395231413D50D9
:106DF00032512947415135534F31355B5821563077
:106E000057513A3357212A2958413A285D323A429C
:106E10005E5222425E3142375D213E2B5C51462953
:106E20005D415E315F323E3F5B414E31593136212B
:106E300054313D524F57423E564B5B35563D3343DE
:106E4000552C4B39522A5B234E2942554F4A3F2E2F
:106E5000474927233C4652423B465A3F413822503D
:106E60004F5B3B474B29533135542D5E3624262545
:106E700038445E3A36344E3742372A4C4F4B373817
:106E8000572E4F52545D5B374D5B36545C5D5758FF
:106E9000524826604C5352344042595F2D522D5275
:106EA0002E32295631422D5E33315D5E34522D5FD4
:106EB0003432295C3452315E36223E223832355D1E
:106EC0003C42515E394245584A493F3B34253C5E7D
:106ED000212124602121246021212460212124609A
:106EE000212124602121246021212460212124608A
:106EF000212124602121246021212460212124607A
:106F00002121246021212460212124602121246069
:106F10002121246021212460212124602121246059
:106F20002121246021212460212124602121246049
:106F30002121246021212460212124602121246039
:106F40002121246021212460212124602121246029
:106F50002121246021212460212124602121246019
:106F60002121246021212460212124602121246009
:106F700021212460212124602121246021212460F9
:106F800021212460212124602121246021212460E9
:106F900021212460212124602121246021212460D9
:106FA00021212460212124602121246021212460C9
:106FB00021212460212124602121246021212460B9
:106FC00021212460212124602121246021212460A9
:106FD0002121246021212460212124602121246099
:106FE0002121246021212460212124602121246089
:106FF0002121246021212460212124602121246079
:10700000465A40605E5E28475031222253313E246A
:10701000504136244A31315F45515A234943423A5F
:1070200045224A2A405242224A375F24554C58276B
:10703000592F3C4541395326592F5C48545E4834FA
:10704000534D582B594F34414459572C4A5B4345B3
:10705000523D4C244C2B5F4B4129265E474A5B3AFC
:10706000543E3C2F562F28395A30344B5A604852E0
:107070005B4050565B304C555B5050545B50505405
:107080005B604C545B5048555B5054575A604C55AC
:107090005A604C555B3050565B3050565A30405217
:1070A0005A6050565A604C555A4044535A404453C3
:1070B0005A604C555B6054565C50585A5B50585857
:1070C0005B605C5B5C40605B5A5040525C505C5A59
:1070D0005930284C563F40435B5054585B604C57E6
:1070E000574F38435B3060575860384C592F3C42FB
:1070F0005E4F544F46594B2D3D345E2E5749434108
:1071000041312553405139603C213D5D36312D4C94
:107110003741294E3F31555C49265A435029532562
:1071200045335E3B39312D4E3A2141513941294D8C
:107130003B4139523C4139533D4135523E412D503E
:1071400040213552402149563A21294C4341355876
:10715000432141583B21294A3B513D503A21354B6F
:107160003941394C3D41354F3D31394C3C21354950
:107170003D51354D3B512D4B3931354B3651414EFB
:107180003451454F3121354D2E312D493721394A62
:1071900043314D593F41254C3A2129483821354B3F
:1071A0003551314E33312D50322139512F513D500F
:1071B0002F31394E3A21294D48513D5852314225FF
:1071C00057314637585142355651262459415A377E
:1071D0005C215E3B5C414A325B413E2D5E523A3F50
:1071E00060525E4F5E2236405B213A295A313A2680
:1071F00056222A2454495A57502A36584D3A26586E
:107200004E595E5C555B3F37534B5B404D4B3B3BB0
:1072100042284E5A3B465E4836555A3A3144362348
:107220003D465A4D3243595F31432959382442383B
:10723000393456473824524A3924463B3D462E3885
:10724000533D3B4A592F2B5F5E2E3C2B553857330D
:107250004B422A245132362D4032495D2E52254E62
:107260002E422D542F5239593152395C3342295B09
:107270003642255D395226223C222E2639422D5E89
:107280003B223D5D403322273D444E314E3B444638
:1072900021212460212124602121246021212460D6
:1072A00021212460212124602121246021212460C6
:1072B00021212460212124602121246021212460B6
:1072C00021212460212124602121246021212460A6
:1072D0002121246021212460212124602121246096
:1072E0002121246021212460212124602121246086
:1072F0002121246021212460212124602121246076
:107300002121246021212460212124602121246065
:107310002121246021212460212124602121246055
:107320002121246021212460212124602121246045
:107330002121246021212460212124602121246035
:107340002121246021212460212124602121246025
:107350002121246021212460212124602121246015
:107360002121246021212460212124602121246005
:1073700021212460212124602121246021212460F5
:1073800021212460212124602121246021212460E5
:1073900021212460212124602121246021212460D5
:1073A00021212460212124602121246021212460C5
:1073B00021212460212124602121246021212460B5
:1073C000212124605D5C44235722563950212E250B
:1073D0004D413E244C213E2442512D564622322915
:1073E0004B525A3A49422E2E45525E2E494753245B
:1073F000513B5B594A5B233E4B2C4F51523E342E3E
:107400003F48525C473A473B3F57525443582E5EE1
:10741000525D2C27593F3440482A57364F2C475449
:10742000583F243A505D375E545E4431574F3C41DB
:10743000585F54465C3044545A603C525B40405460
:107440005B6040545B6040545B404C555A6048540C
:107450005A5048545B404C555B3048555B60545A19
:107460005B5048585C40545A5B5054575B305857F7
:107470005B6058585B6054555C605456585F5C4C78
:107480005C50585E5950244F513D542B5C6050580D
:107490005B404C565A5050555C305C59595F604DBA
:1074A0005B3058505C3058545E60545C5B3E5044D6
:1074B00045373E5C354155513432394F594A435373
:1074C0003C4121454151455A3F213D5A3B413958A4
:1074D0003A312D5B3C2145542F3121215E5E4430F1
:1074E0003A3235563B3135513B21354D3A41314DDC
:1074F0003B31354E3C513D503D31354F3D41314F93
:107500003D5135503D5139503D5131503F3131534E
:1075100040213D573D3129503D2131513C313951B8
:107520003B2139503A31314D393131483B313D4BB6
:107530003B21354C3751354935512D463441394978
:10754000315131473141394F2E31354E3531314E80
:107550003E2135543F412D513D41254D38212D4A85
:107560003431314D332139533031315131213D5690
:1075700030213D5631412D4E3751214B4521455B40
:107580004C21455E4F413D5D53414A2557414A2EAE
:107590005A2242405D23224A5C2242405A525E3EB9
:1075A0005E542E51594226325B414E345952223795
:1075B00057443A4A4F49565A4A585E474B483E4507
:1075C000454722334D29572447594B273A465247BE
:1075D00033444A36364542433525423734545A2DD2
:1075E00033443E2B3F47565938363A3634343623E7
:1075F00037344E3C35443E3E39544E3D3345263AB1
:107600003A263E46552B57525449232D4F32522D80
:107610004D515A244D5152254452462B33514D560B
:107620003622215D36315D5E3452215D3442255B68
:10763000375225603B2226243D322A293D322E270F
:107640003E422E243F5226214023222646575A5E90
:107650003A26505C212124602121246021212460CC
:107660002121246021212460212124602121246002
:1076700021212460212124602121246021212460F2
:1076800021212460212124602121246021212460E2
:1076900021212460212124602121246021212460D2
:1076A00021212460212124602121246021212460C2
:1076B00021212460212124602121246021212460B2
:1076C00021212460212124602121246021212460A2
:1076D0002121246021212460212124602121246092
:1076E0002121246021212460212124602121246082
:1076F0002121246021212460212124602121246072
:107700002121246021212460212124602121246061
:107710002121246021212460212124602121246051
:107720002121246021212460212124602121246041
:107730002121246021212460212124602121246031
:107740002121246021212460212124602121246021
:107750002121246021212460212124602121246011
:107760002121246021212460212124602121246001
:1077700021212460212124602121246021212460F1
:1077800021212460585A574757432E394F413A26F2
:107790004A41255A4F31422746212D5A4341415DE6
:1077A000475156284D3236344C2246354532322721
:1077B00042534E2D523A2B414F4B2B4845293728E7
:1077C00043594B2B4C4C4B57533D582C46394F2E5D
:1077D0004359472A564E5839443A3B31465A533852
:1077E000563E44344F2C4B56523D4023545E382F66
:1077F000574F343D562F2838575F58475A604854E2
:107800005B3044535B6054575A404C545B30605972
:107810005B405C585B605C5A5A5044555940505329
:107820005B60605B5A6050565B4050575A605056E0
:107830005B4058585C505C5B582F4847532E40378C
:107840005D40545C5D50485A5D50545A5C30485518
:10785000513E242A5A50304E565F283F554E603ACA
:107860005B605C545C50304F505B5B58315235501C
:10787000354221553652295838534A2256395746EF
:107880003C51214342213D574141455C3C413557E4
:10789000392121553B3151553C35215C5B4D5C23F1
:1078A0003C532A213B4135503B31314D3B31314C2A
:1078B0003B51354D3D21354F3D51314F3E313550D6
:1078C0003D5139503D51354F3F313D563F213154A7
:1078D0004151555E3F312D533E5131533D41395356
:1078E0003B3135503941314D37412D473A31394DD2
:1078F0003B3135503721314B34412D493531394DEC
:107900003331314C303131502D21355034413548EF
:107910003A514D4F3941394838413D493431354666
:1079200033212D473451394C323135463031293DE0
:107930002E4125332E51353535433D4C415552327C
:107940004A365E4647454A324442494E4B412D52E3
:107950005C273E5E56264A475B57425A5D375B219D
:107960005E382B2B5D57332358545E4156362649DB
:1079700054284A5D4F3A472549592A484A485241B6
:1079800045273E3240565A363C463E3E3B364E4CEC
:107990003856324A3345363837362A4034445A2C22
:1079A00033443E2B4A3A4B44533C5F5F2F23254ED2
:1079B00035243A363655224635442E2E3255263A4F
:1079C00031242A294A473E5B5A283B334952322107
:1079D0004D52522F4A31415E4A224E30394155595B
:1079E000392155593A42295E3921595B382151587C
:1079F0003A4236223B21595F3E3222263E4226251C
:107A00004132322846524A2F4753323141342628D8
:107A10004D5A6040212124602121246021212460CD
:107A2000212124602121246021212460212124603E
:107A3000212124602121246021212460212124602E
:107A4000212124602121246021212460212124601E
:107A5000212124602121246021212460212124600E
:107A600021212460212124602121246021212460FE
:107A700021212460212124602121246021212460EE
:107A800021212460212124602121246021212460DE
:107A900021212460212124602121246021212460CE
:107AA00021212460212124602121246021212460BE
:107AB00021212460212124602121246021212460AE
:107AC000212124602121246021212460212124609E
:107AD000212124602121246021212460212124608E
:107AE000212124602121246021212460212124607E
:107AF000212124602121246021212460212124606E
:107B0000212124602121246021212460212124605D
:107B1000212124602121246021212460212124604D
:107B2000212124602121246021212460212124603D
:107B3000212124602121246021212460212124602D
:107B4000212124605B3B4B525351362450213A256E
:107B50004D41295D52314229474129593F31215038
:107B6000433156214541462348215A2B49222A2E8A
:107B700049323A2E434256244D574322563B235412
:107B80004D4A37424E4C3B575A3F504940485E5B46
:107B9000523D335F4C3B574C454A3738453A3735B1
:107BA00043395B2B583F2C3E563E4433553E3C30C8
:107BB000572E6036594F5441584F5C465960344DEA
:107BC000575F4C445A50384F4F2D44215940344E42
:107BD0005B304C55555F303E4D5D2F5E5B405052E3
:107BE0005C4050555C604854525E282F572F3843F4
:107BF0005C40545D5C60585E5A603C575850485534
:107C00005A505059582F40445C5044555B40505492
:107C10005A4048515C6058575C5040535C50505734
:107C2000555F403B545D3C3D3B544E303822215A19
:107C30003631495933513D52383339604E584B2C07
:107C40004534322B423131554251415B3D4135562D
:107C5000385129543841394C44373E40534C2B431A
:107C6000372151473C313D4F3C31314D3C212D4C6A
:107C70003C312D4C3D412D4E3E4135503E513D5005
:107C80003E21394E3D31354E3C5139543C31215025
:107C9000402149593F2131543E4131533C513550E7
:107CA0003A21354C3741314834412D4536513D4E0E
:107CB0003A3149563631394F31412D473341314CF4
:107CC00034212D502D412D4D2A21494F2D5139431D
:107CD000343139433721394338313D41335121362D
:107CE000342129393451453A39434D5242463A32CA
:107CF0004A29324B502A3B24534A3F2C4F284E5599
:107D00004D58324D4A474A4250583A545428425AE4
:107D1000582A4724564A525E524946584D48364ED4
:107D20004F28325655484F2354483259545A2B281D
:107D3000505B332C4D5A3F264E4A3E5E535B4B2BD5
:107D4000532B432E40365E3740372E4D3A4636444D
:107D50003B265E4B38464A4B36355A4538254A4213
:107D60003344322F32444228602F60502B522D3C36
:107D700032435A273244323033342E263134462FA0
:107D800038455E454A263A5355572B255246365CB0
:107D900047322560482135584D3246314022215B1B
:107DA0003D2159563C3151553F3232213F2232223A
:107DB0003D3236213F32462842524A2E4342522F0C
:107DC00044223A2B4A4246324C425A334A435632B4
:107DD000522A2F3D40384C5E21212460212124600D
:107DE000212124602121246021212460212124607B
:107DF000212124602121246021212460212124606B
:107E0000212124602121246021212460212124605A
:107E1000212124602121246021212460212124604A
:107E2000212124602121246021212460212124603A
:107E3000212124602121246021212460212124602A
:107E4000212124602121246021212460212124601A
:107E5000212124602121246021212460212124600A
:107E600021212460212124602121246021212460FA
:107E700021212460212124602121246021212460EA
:107E800021212460212124602121246021212460DA
:107E900021212460212124602121246021212460CA
:107EA00021212460212124602121246021212460BA
:107EB00021212460212124602121246021212460AA
:107EC000212124602121246021212460212124609A
:107ED000212124602121246021212460212124608A
:107EE000212124602121246021212460212124607A
:107EF000212124602121246021212460212124606A
:107F0000212124605B2C442A5221215E51213A24F4
:107F100050512E22523146294B322E2A40312D52B9
:107F20004031595D4121555F41312D5C442152263C
:107F300043215A254322422740424E253E542230B7
:107F4000504A2747545C40244C5B534E4C2C374FCF
:107F5000552E58324F3C4F574B2B27444B2B4747FE
:107F60005A2F4C45552E4031592F4041565F2837E6
:107F7000584F5040565F4C3C58603449575F584406
:107F8000535E543358602449572F54445A30485153
:107F90005B4058575A303C515A5040535C405858F7
:107FA0005C404455552E48375C5040555C40445524
:107FB0005D30605D5C40585D5B60505B5C505C5C5C
:107FC0005B403C53593F54485B40344F5950244A1E
:107FD000524E3C305C305456583F4C45502D54382E
:107FE0003536545C4C5A545A3B2326233D422E26A8
:107FF0003731415E3521515A31412141594B3B5274
:1080000043442A2443212D54432141583E213553D2
:108010003A3131533941414E4327423E554C5F4B33
:10802000383225493C21394E3C31314D3C212D4CD3
:108030003C512D4D3E21354F3F413D513F313D504B
:108040003D51354D3C313D4F37512D4B3851254C2D
:108050003C2135533E4149573C31294F3A312D4D52
:1080600037512D4A3551354732313146315131483A
:108070003541415234513D502E4135463031314623
:10808000353139522D41394C2652214D2832254A5D
:108090002D51313D363239434054395B4A573642CF
:1080A0004D28324F52293F264F593B254C383A4FE5
:1080B0004B58263E4B374E3E4B37323F48462A31CF
:1080C00045554E2547472631553B272A594C473EB3
:1080D000583C4337545B4B2F452752413253414E56
:1080E0003544222338435A263E345A3148282E57E5
:1080F0004B2A33284E2A2B28503A4727525B3F30D1
:10810000585D2F504F5B373B3B363A383F5746510F
:108110003F37424F3C27265139465258375546443F
:1081200030233624302352214B4A5F4041382A57AE
:1081300032442E2B35352E3D3A36223E35553A3ACD
:1081400040575F283B523D584D55364A54472B2CDB
:10815000464221604A4159604A415E2341314554BB
:1081600041522D5E4052295D4031555C3F51595D71
:108170003E41595E3E415A214232362C4252422BF8
:108180004552462D4B425235504346415044223FC2
:108190004D36565445593056212124602121246002
:1081A00021212460212124602121246021212460B7
:1081B00021212460212124602121246021212460A7
:1081C0002121246021212460212124602121246097
:1081D0002121246021212460212124602121246087
:1081E0002121246021212460212124602121246077
:1081F0002121246021212460212124602121246067
:108200002121246021212460212124602121246056
:108210002121246021212460212124602121246046
:108220002121246021212460212124602121246036
:108230002121246021212460212124602121246026
:108240002121246021212460212124602121246016
:108250002121246021212460212124602121246006
:1082600021212460212124602121246021212460F6
:1082700021212460212124602121246021212460E6
:1082800021212460212124602121246021212460D6
:1082900021212460212124602121246021212460C6
:1082A00021212460212124602121246021212460B6
:1082B00021212460212124602121246021212460A6
:1082C00021212460553B34445021215750413A2408
:1082D0004E412D604F312A214C315A264721395DBC
:1082E000454146214521522446214E2843514626E8
:1082F00040414E233E41555F3C51555E3B22255F38
:10830000372229563A544A2F4F5A3749555D242966
:10831000532D3424562E4C34504D5022532E442E7F
:10832000565F403B544E402F555E4031582F243904
:10833000585F4440562F343A59402447583F4C41E7
:108340004D4C57555C5048525B303C4E5C30545558
:108350005C3050545C6054575C605C5C5B505C5EAD
:10836000583F584C573F3C445D5054595D30585825
:108370005C505057564F2C3F563F243D5D50585946
:108380005B305454596058555C6054595C3F544DAF
:10839000562E2C33542E383C3C2830582121246052
:1083A000212124604A5A48573A223D5A3D214560CE
:1083B00037514A243631515F32312942514A5F3BAD
:1083C000534A2B3543212D51415135513D21294BE4
:1083D0003D2135543B31455043374641523C373FB0
:1083E0003A223D4C3A51354C3B31354C3B21314BD7
:1083F0003B512D4C3D31314E3E21354F3D41354FA6
:108400003C31314D3A31394B353135493641314BBB
:108410003851294C3E42255E3C413D553941294D5C
:108420003821355035313149324135492F413148B4
:1084300032213D4E334141512E3139442F51294390
:10844000394141543241354B294221462941513B62
:108450003B45262752295F2C554A23274F384E4D3E
:1084600048565E37444622323E55462C3E55362B02
:108470004335322E3F4446263C5429603C34315D1E
:1084800038534D4A505A3B24583C5F3E5A2E2344A1
:10849000592C333B424622293744255A32335E2831
:1084A0002C533E2A2E333E2F3052522139235A2B41
:1084B0003F454239452736444527324243372A4211
:1084C00042274645515C4350505C474F3E47364437
:1084D00041472248403732533255263633444230E2
:1084E0003434463531543A2934553A2842384260BA
:1084F0003444563936554E4A3F365A5244384B3436
:1085000032342E2E3651354A4C25224957272F33E7
:108510004B424A2F4951395B474222214031415554
:108520003F5139574142222143224A2C3F415A218F
:108530003E41355C3F51462240515A294021562147
:108540004151555E45322224482232274D225E3069
:108550004A54523B5A2D403523515C6021212460FE
:1085600021212460212124602121246021212460F3
:1085700021212460212124602121246021212460E3
:1085800021212460212124602121246021212460D3
:1085900021212460212124602121246021212460C3
:1085A00021212460212124602121246021212460B3
:1085B00021212460212124602121246021212460A3
:1085C0002121246021212460212124602121246093
:1085D0002121246021212460212124602121246083
:1085E0002121246021212460212124602121246073
:1085F0002121246021212460212124602121246063
:108600002121246021212460212124602121246052
:108610002121246021212460212124602121246042
:108620002121246021212460212124602121246032
:108630002121246021212460212124602121246022
:108640002121246021212460212124602121246012
:108650002121246021212460212124602121246002
:1086600021212460212124602121246021212460F2
:1086700021212460212124602121246021212460E2
:1086800021212460542B484C5031215C4D31315F05
:108690004931295751312E2250513A26502146282E
:1086A0004D4132244C213E26493142264551462532
:1086B0004421422441414A2440315A263F52222932
:1086C0003F3222283F222A263C314D5E3F3442343D
:1086D0004C285330583C54245A2E3834555E342E8E
:1086E000522E2827522E2827525E24295A2F4843DB
:1086F000572E6039594F5C46594F60455A3F604587
:108700005A602448582F3C3E5A402C4A5B30404F18
:10871000592F5C485C6054565C405859555F384549
:108720005C50545C5B5050575C3050565A40485037
:108730005B605C555950344B5A603C4E5C505C5702
:108740005C5058585E4024525C5D48374B384B2B88
:1087500045284B263225245F2121246021212460D5
:1087600021212460495A4C56385229543E414E2109
:1087700037213D5D3731395A3741454B4B2A432B21
:10878000592C53574131294D4051254B4021314EF1
:108790003F2139573D2145534C394F235A5E2B60B9
:1087A0003B4251503951394B39513D4D3A21394CA9
:1087B0003A51354C3B51354E3C21354E3B41314DC4
:1087C0003A41354B38313D49344131473651314BCF
:1087D0003821254A3B3139543F222E233A21315347
:1087E00037312D5134512D4D3321354F2F41354CDB
:1087F0002F41354C3221394F3121394835512D48DF
:10880000414149593F314D563221313F3D363225A4
:10881000595C37425E4D33504E38564F40353D60BF
:108820003A5351533A43555E3543455D3323415DD9
:1088300033533E2134532E2435332E2435334622F0
:1088400035235956563C2B49563B5F394F4A3256D1
:1088500049475A3B4837424446274E5537453E3FE5
:108860002F44563B2D2442372F234A2D34325E228B
:108870003A233224383425593F25463A3523315B93
:108880003133355542592E5E5E3044473E582643BB
:10889000415722413F264649365552443635263AFD
:1088A000335442332C332D5343393A604E3B574BAC
:1088B00036554E3B384636484859333838253642C7
:1088C0002B2159503621414F4553423258573B3A9C
:1088D00047515A214E32362B45222E213D313957F0
:1088E0003D3129563E413D5B3F322E2541323E2BE4
:1088F00043522A2D42414A2740213E22412222232F
:1089000042422160433232244332256048222A23E6
:108910004A33422F45564A47583D503E2121246054
:10892000212124602121246021212460212124602F
:10893000212124602121246021212460212124601F
:10894000212124602121246021212460212124600F
:1089500021212460212124602121246021212460FF
:1089600021212460212124602121246021212460EF
:1089700021212460212124602121246021212460DF
:1089800021212460212124602121246021212460CF
:1089900021212460212124602121246021212460BF
:1089A00021212460212124602121246021212460AF
:1089B000212124602121246021212460212124609F
:1089C000212124602121246021212460212124608F
:1089D000212124602121246021212460212124607F
:1089E000212124602121246021212460212124606F
:1089F000212124602121246021212460212124605F
:108A0000212124602121246021212460212124604E
:108A1000212124602121246021212460212124603E
:108A2000212124602121246021212460212124602E
:108A3000212124602121246021212460212124601E
:108A400021212460542C345452414E2B4C3131603E
:108A50004C31415E57314A2D5441262153412A2140
:108A600053513225512136244C213A214821395E77
:108A70004641355E42514A234021462141414A2721
:108A80004241522B3E4136213F414623402156224E
:108A90003A5129523F41495649262A475229573DC2
:108AA000582C44245A4E28375A2E483A583E4437B8
:108AB000565E5837585F5C445850284358502844F5
:108AC0005A3034485A303C4B512E382A58403C4B8F
:108AD000544F403C5B40585857602449532E503700
:108AE0005A5040515B605054562F3C3C564F403DCD
:108AF0005D4054565D6048555E3028525C4E2C3BBC
:108B0000512A37434B464E544822262546424A288E
:108B100049284F2833553C5F2121246021212460BE
:108B2000212124604C2B2C593C32495742415A2276
:108B30003A3156213B21455F3A51294A4F2A533059
:108B4000563C334D3E51314A4351354F43514955BF
:108B50003F413D563E3151573A442551605F3437CD
:108B60003B225550374135483731394A3741354A2C
:108B70003831314A3931354C3951314C3921354A46
:108B8000375135483621354735413D4836212D4846
:108B90003721254A38212D4F38313954373145583E
:108BA000335139533051294D2F4135502E313551E4
:108BB0002D313D502E213D4D32212D483C21254B5C
:108BC0004A2149604B31495F4151214D515A3E5D27
:108BD000593C2F33513A225843564E2E3B252A21D9
:108BE0003634215E3333255C3153295F31535228AB
:108BF0003024262933235A3034335E343234262D40
:108C00002E233154434826534D595729513A372D75
:108C1000542B5B3D515B433B4E4A37363D462E431A
:108C20003B262E4A313446322F54322D2E53315F9B
:108C30003133255C3053255636335E2D334332288D
:108C40002E425157312459605A5F58405A4F3C3593
:108C50003F474E423E572E49385626453344422A16
:108C60002C2255512D542154555E3C26492A5F3102
:108C700039263E38465A23353D472653294151531C
:108C80002E42315F35513D524A344A4752563B26B7
:108C900047425A2E4E22422D44522D603B313959C3
:108CA0003B51415A3C31455C3B5139584052262595
:108CB00044322229482246324532322B442232277E
:108CC00044322E2445223E2A45224229494252302E
:108CD0004A424E2A48535A304657364E493A3C503B
:108CE000212124602121246021212460212124606C
:108CF000212124602121246021212460212124605C
:108D0000212124602121246021212460212124604B
:108D1000212124602121246021212460212124603B
:108D2000212124602121246021212460212124602B
:108D3000212124602121246021212460212124601B
:108D4000212124602121246021212460212124600B
:108D500021212460212124602121246021212460FB
:108D600021212460212124602121246021212460EB
:108D700021212460212124602121246021212460DB
:108D800021212460212124602121246021212460CB
:108D900021212460212124602121246021212460BB
:108DA00021212460212124602121246021212460AB
:108DB000212124602121246021212460212124609B
:108DC000212124602121246021212460212124608B
:108DD000212124602121246021212460212124607B
:108DE000212124602121246021212460212124606B
:108DF000212124602121246021212460212124605B
:108E000021212460535C3C5456435A444F314A2B31
:108E10005532222D5A31322857412E235651316076
:108E20005651322156313A24535142234D51395E25
:108E30004841355A42213D5C40313D5C4521462741
:108E400045313E2B3F4142253E41462340513E2283
:108E50003D512D594351362147214E284221395E3B
:108E60004021515D44545A3B50485F33543A4F4976
:108E70005A5D482E5A2E48375A4F4C405C302C4889
:108E80005B3F5C45584F303C592F4C425B50444F40
:108E90005B4044505C3048535C5050535C30344B22
:108EA0005E504C535E60384D5E3F40455E2E503EF6
:108EB000584C4423525A374749464A5643522D602C
:108EC00047515D604A3226264922262545333A30ED
:108ED000544B58312D544060414A3C5D212124605F
:108EE000212124604B4A50553F5241564531495E3D
:108EF0003B2139593C312D5A402135504F295F26AD
:108F0000562C334C3C21294445513151462145557D
:108F10003E5139553D313D544345422F504A3B3136
:108F20004A263E4F3621514A345131473541314866
:108F300036312D493731314A3741314A364131498D
:108F40003521354634313945335139443431394787
:108F50003421314933312D4A3221314D2F212D4CCD
:108F60002D3141502B3149512A2141512A51395338
:108F70002A3149532841514D303125464051255120
:108F80004E414E2452213E234E41395C54383A52D0
:108F90005A2A3F2C52293E5A4C5926584448224EB0
:108FA0003D55523A3F452641433556544335424D8F
:108FB00044254A4A4455425041553E513A5526446B
:108FC00037344E373333455E3433555A4227424F98
:108FD000483953254348424E40572A444126524A75
:108FE0003D4622453845323F32443E3430342A2F04
:108FF0002E3342292D2322222F232E292F432E2A9E
:109000002C424D592C4331544B3B534A5D604C4BE1
:10901000595F4C344F3C4F473B5722323D4736381F
:1090200043592A5D583F28375C60484342493A59C2
:109030004248532544492F332A3259552A22295F61
:109040002E41515E373135544B54564B4D46225AC2
:109050003C3159524A5226264B5252333A413D57DF
:1090600038213954385139533B5131534131495DDD
:1090700044214D5D45515960465222224742422AC1
:1090800046522E28465226294622322A4A325A333E
:109090004F232A384F532E3546225A244C3A2F5C00
:1090A00021212460212124602121246021212460A8
:1090B0002121246021212460212124602121246098
:1090C0002121246021212460212124602121246088
:1090D0002121246021212460212124602121246078
:1090E0002121246021212460212124602121246068
:1090F0002121246021212460212124602121246058
:109100002121246021212460212124602121246047
:109110002121246021212460212124602121246037
:109120002121246021212460212124602121246027
:109130002121246021212460212124602121246017
:109140002121246021212460212124602121246007
:1091500021212460212124602121246021212460F7
:1091600021212460212124602121246021212460E7
:1091700021212460212124602121246021212460D7
:1091800021212460212124602121246021212460C7
:1091900021212460212124602121246021212460B7
:1091A00021212460212124602121246021212460A7
:1091B0002121246021212460212124602121246097
:1091C00021212460535C345358555E5B5531523035
:1091D0005A214A305D213A2F5B21362A5A313E29E5
:1091E00058413224592142265851422855213222D1
:1091F0004E213160423152213D31595C4741462573
:109200004B213A284431295D44412D5F45314226A6
:109210004231355F41514A2740313E233F31255984
:109220004221295A45412D5B4721395E41412D5547
:109230003951214C3351554A3C56263B4458265906
:109240004F494F3A514A4347512B47544F3B4353A1
:10925000505B4B57514B3B55555B4B58555B3F4F04
:10926000554B234A50385F2D46453E3B40222954FA
:109270004352215A475159604B2156254B4156259F
:1092800048522E244322215F4536564A4B5A242504
:109290002331406021212460212124602121246088
:1092A000213128604949444F414145514341455688
:1092B0003B21294F4321462141412D4F4938324A14
:1092C000585D335339414D4345413D574641355330
:1092D0003E21394D3C4145533F43415C592C534F4E
:1092E0003942515033212945324135493351354BAB
:1092F0003521314C3651314D3731314C35513149B1
:1093000033513546324139453251314632213547A4
:109310002F5131462E3139492C313D4A2A514D4F7A
:1093200028414D4F27214D4E265151522731495248
:10933000264155522721554D322129484631315B6E
:109340005141362553513A245051315C4731314B0C
:109350004B535A2456282A5D5338365D5028225CD8
:1093600049554A424824423D4233222D43425A2D18
:1093700043222D5F3F3221593F525E293C534233F5
:109380003753222A3E353E4643463A4F4145323C0A
:109390003C345A2C3C5622383F572E4D40374A55C4
:1093A0003C464A463E364A493B462A47385552488B
:1093B00031442A342E534A302C532626303352302F
:1093C0002F4342292D4331602E44215F575E60397F
:1093D0005D405046583F3826575E3B5A545D474FD4
:1093E000555E235E5C5034415A2F50373B37324430
:1093F00042484B2C3A464255265225542852315F5A
:109400002F215D5E395139584F352A534C355E5600
:109410003A22315444413D584F22563A38512D5545
:1094200036413953384141543D213D56433159600D
:1094300044414D5D4531555F45515E2146422A24E8
:109440004642222447522E2A4622262846322E28D9
:10945000464156224D5256324A532E3153495740B7
:109460004F4B605D21212460212124602121246053
:1094700021212460212124602121246021212460D4
:1094800021212460212124602121246021212460C4
:1094900021212460212124602121246021212460B4
:1094A00021212460212124602121246021212460A4
:1094B0002121246021212460212124602121246094
:1094C0002121246021212460212124602121246084
:1094D0002121246021212460212124602121246074
:1094E0002121246021212460212124602121246064
:1094F0002121246021212460212124602121246054
:109500002121246021212460212124602121246043
:109510002121246021212460212124602121246033
:109520002121246021212460212124602121246023
:109530002121246021212460212124602121246013
:109540002121246021212460212124602121246003
:1095500021212460212124602121246021212460F3
:1095600021212460212124602121246021212460E3
:1095700021212460212124602121246021212460D3
:1095800021212460532C3854553626595A214A310A
:109590005D3156385C512A325E4126345C51363199
:1095A0005A51462F575132255921422858413229C4
:1095B0005351422D42415A283741314D4851415F64
:1095C00050314A274E213E224F213226493129600F
:1095D000462136223F2146213A21455D3B31315615
:1095E0004151455F464135604B214E2D4641422851
:1095F0003E5152273641495C345149563541395123
:109600003F5125593E2145603321495930414D5B39
:1096100030512D52382131574131315B4621415E65
:1096200046412D5A492139604A214E2149222221A1
:109630004741515B4952255F4951455A45524E2594
:1096400042562E404F5A4B5F3F48305E23514C608C
:1096500021212460212124602121246021212460F2
:1096600021212460553C444A44413559412145500B
:109670003F513D514641395D4151294D4657423E8A
:10968000594D5F5437533D48403135534741495751
:109690003E313D463B41455038412143584D3B50BA
:1096A00040545E323441454A3221314731513548C8
:1096B0003241354B3431394D3521354D3431394B0B
:1096C00032313D4A30513D483021354B2E51394BD6
:1096D0002D21414B2B41414A2A3141492B21414CFB
:1096E0002C31394D2D41314E2D31394F2A31414FD9
:1096F00027314D4D2A51394A382129514B413E25B8
:109700005551362A54413A254D51395C49413D570E
:10971000494135554A313153495129514851255014
:1097200046412D5043513953403131513F514156FB
:109730003E514958383139443931494E333131522B
:109740002F3131502E4135443821293C4D33362FAD
:109750004F553A4D3F45323C3836263D39263A4042
:1097600041483E594057524B41472A493F372652BC
:1097700035252A3B3134263330234E2A2F333A23E2
:109780003555224034244E3D3144322F3F38325932
:10979000584E6031593F282E574E3C27544D4F5C50
:1097A0004F3C3F48473A3F294159225742285721C9
:1097B0003B5722532C53256029522D5F28222D5BC5
:1097C0002F52255B3E41456050243E4E4B455A5238
:1097D0003642214B3F5131524E53263F3841455E70
:1097E000372135573A41455A3D313D59415159602C
:1097F0004231455C42213D5C4241516045322E255B
:109800004521555F452226224341595F4442362770
:1098100044322A2647224A2E4732462C4652562E9A
:109820004D392330553D34343F48245A2A533C6047
:109830002121246021212460212124602121246010
:109840002121246021212460212124602121246000
:1098500021212460212124602121246021212460F0
:1098600021212460212124602121246021212460E0
:1098700021212460212124602121246021212460D0
:1098800021212460212124602121246021212460C0
:1098900021212460212124602121246021212460B0
:1098A00021212460212124602121246021212460A0
:1098B0002121246021212460212124602121246090
:1098C0002121246021212460212124602121246080
:1098D0002121246021212460212124602121246070
:1098E0002121246021212460212124602121246060
:1098F0002121246021212460212124602121246050
:10990000212124602121246021212460212124603F
:10991000212124602121246021212460212124602F
:10992000212124602121246021212460212124601F
:10993000212124602121246021212460212124600F
:1099400021212460533C40574F3342375A515636F9
:109950005D315E385C3136325E512E345D413E33CE
:109960005B313A2F59412A27573126225851462F29
:109970005141562F4622422E42512D554C41395EBF
:1099800051214223502129604E512A234A21262168
:109990004431295C3B412D57382135573A412954F0
:1099A0003F4129584451355F462136244231362300
:1099B0003B212D5D3731495E37213D583941415AB0
:1099C0003E31255A3C415A243331515C2F515D5D63
:1099D0002F31555838514D5D4521462446513D5D46
:1099E000493142214C5156294D3156284D22362AB3
:1099F0004952462945424A2246443E33513B275E5E
:109A00003E3830592A4330602121246021212460CE
:109A1000212124602121246021212460212124602E
:109A200021212460495944504422355D4851515AFE
:109A30004631315643412D57432139534134495D15
:109A4000602F242C4627564840214155442135504B
:109A50003E3139463A212D4936412143515B5F372A
:109A60003F453A323751454A362131483251314526
:109A7000304135452F5131462F3135462F2135475D
:109A80002E3139472D2145492A31514B2A2145494B
:109A90002A513D482D2131483031314A33312D4D45
:109AA000373131523A313D553951355535312D50D7
:109AB0002F5129492F2121443951254D4B513E2405
:109AC00056313A2B55213A264D412D5B4721254FE2
:109AD00047212D4E47212D4E4641294D45513951A3
:109AE000432139503F3139503C21354E3941294CC1
:109AF0003741294B35314148344155502B41494C70
:109B000029514D4A30214142444145525D543A5118
:109B10005E3456574F26465A40472A513B45523BE2
:109B20003C264A403E582E5044274254403652511B
:109B300038562E4A3725464433444E313745463C45
:109B40003D565E583935564A38254E463A564A4AA9
:109B50003C47364644493A603F274A483A464236EF
:109B60003A264636395646393F2826533926464442
:109B700033552E3928522D572A514D572A322559FF
:109B80003141455845222E304C43424345552645E8
:109B9000322145443C41254D4C532E3E3641515DCA
:109BA000365129543B51355B3C4129553D31495A89
:109BB0003D51515A3D4129534241455E44215E2168
:109BC00043315D5E4341595F43414D5F4622322838
:109BD00046523E2D45322A284552462B46532630C2
:109BE000422256234625263A4A38426041583C5381
:109BF000212124602121246021212460212124604D
:109C0000212124602121246021212460212124603C
:109C1000212124602121246021212460212124602C
:109C2000212124602121246021212460212124601C
:109C3000212124602121246021212460212124600C
:109C400021212460212124602121246021212460FC
:109C500021212460212124602121246021212460EC
:109C600021212460212124602121246021212460DC
:109C700021212460212124602121246021212460CC
:109C800021212460212124602121246021212460BC
:109C900021212460212124602121246021212460AC
:109CA000212124602121246021212460212124609C
:109CB000212124602121246021212460212124608C
:109CC000212124602121246021212460212124607C
:109CD000212124602121246021212460212124606C
:109CE000212124602121246021212460212124605C
:109CF000212124602121246021212460212124604C
:109D000021212460533C445C53323A385B43224562
:109D10005F325E475D2156385D3132335C31363219
:109D20005C3136305B512E2E5A512E2F5821423540
:109D30004C424A323F2141554C512D5F52212D60FA
:109D400053312D6054214A2B4C312A21495152273D
:109D50004321455E3931355435512D513B21395719
:109D60004041455F43314A224121395E3D41315DE9
:109D7000383129583721355C38313D593D513D5EE8
:109D800040313E23395149603231455A3031595BB7
:109D90003032295A3831495B453131604A313D60B2
:109DA0004B414E244E322A2C4E415E2B4E422E2DDC
:109DB0004822462547272654555D38472942586092
:109DC000212124602121246021212460212124607B
:109DD000212124602121246021212460212124606B
:109DE00021212460483A385F4E38532C4C51415859
:109DF000495129554421415A45213D5B3C31213A85
:109E0000575C474E512A53364132455F41513950D4
:109E10003E312D483B31414F3441213B5E3F2C2B9D
:109E2000423652403831454B3751354934412D4641
:109E3000315131462F512D462E3131462D21354796
:109E40002C2139482B313D492951414A2B51314868
:109E50002F412D4B34213950374141523831394F40
:109E600039213D4C38513D4B3B3149513D314555F0
:109E70003B513D543851294C3A5125484831355AC7
:109E800054213E2754213E254B312D5748513952FC
:109E900047513D4F455141504251454E3E51354944
:109EA0003C313D4B385135493721354B37213D4EFB
:109EB0003451354B2F5135472E31414C2B31514DBB
:109EC0002C51394239214145503236255B322630FA
:109ED0005C214A315B254E5D4D463258454722563E
:109EE0003D36524637555A313D363A404147225564
:109EF0003E474A5D3C365E5139562E413C264A4625
:109F00003E472A503E265A523454422F34544A2E49
:109F10003D265A4B3D4732493C5736473C2656442E
:109F20003F273E5143484B263C57264F3435263673
:109F3000294239552A22315E2B4221592C21555371
:109F4000355139594B433A4847224E3745255250EF
:109F500031413D463D212D514952563735313D570E
:109F600036512D553B212D5A3A4129563A2141551A
:109F7000394149553C313D5642214D5F4151555F74
:109F80004042215D424159604431562145314A23C6
:109F90004622222744322225423232254252562A74
:109FA0004532522B4522462542434A294B5A373DDA
:109FB0002331446021212460212124602121246057
:109FC0002121246021212460212124602121246079
:109FD0002121246021212460212124602121246069
:109FE0002121246021212460212124602121246059
:109FF0002121246021212460212124602121246049
:10A000002121246021212460212124602121246038
:10A010002121246021212460212124602121246028
:10A020002121246021212460212124602121246018
:10A030002121246021212460212124602121246008
:10A0400021212460212124602121246021212460F8
:10A0500021212460212124602121246021212460E8
:10A0600021212460212124602121246021212460D8
:10A0700021212460212124602121246021212460C8
:10A0800021212460212124602121246021212460B8
:10A0900021212460212124602121246021212460A8
:10A0A0002121246021212460212124602121246098
:10A0B0002121246021212460212124602121246088
:10A0C00021212460542B4852543156395B43524F5E
:10A0D0005C22363E5D315E3C5E422E425D22223E77
:10A0E0005D2142375D2136375D312E3A57515E4052
:10A0F00044524A2D43512D55573156325851362B23
:10A1000055513A26502146264441415C3D41455730
:10A1100036412D4A3441414E34512D4C3A41395546
:10A120003E51395A3F313D5B3C41355739312D560F
:10A130003841355A3831315A3831254F42513A2158
:10A140004251522937413D5A3241455731414554D8
:10A1500033214D5539512D534551355E4D515626BC
:10A160004F3152275132262D4E3242304222315E3B
:10A17000535B47553F47585A2121246021212460D1
:10A1800021212460212124602121246021212460B7
:10A1900021212460212124602121246021212460A7
:10A1A0002121246021212460465924434922595BFE
:10A1B0004941555B445131584741355F4331294E40
:10A1C00049474A473D554A2A47344A3A3F31414F69
:10A1D000404145533B21394D3321213C592D4756B0
:10A1E0004D595B2F353139483621354C3431394B97
:10A1F000323135493131394A303135492F412D48D5
:10A200002F2129472F5125473321294C3451314FD4
:10A21000373139513851415238513D4E3721394843
:10A2200034312D413151253B3241253C36512D45AC
:10A230003C5149533E514D553E412D4D46313153D0
:10A240005021415E51513D5F4D313557484141519B
:10A250004551454F4151414B3C51394538513144AD
:10A2600037313547353129463621394C3451394B50
:10A2700031313D4731512D4D31412D512F413D4D12
:10A28000335139434451454F5A3242315C513E2A91
:10A290005F325A445C322E3D5844224E4C255E5368
:10A2A000414722503F265E493B46263B3C363242E0
:10A2B0003E273E533B5652483B364A423D26564186
:10A2C0003E265A443F37224A3E364E4A3E56564E66
:10A2D0003F372A5140575E583C4742493D37364E3A
:10A2E00040274A5A3F57465E37354E422A42455923
:10A2F0002952255D2C32422A2741594F2F5159545A
:10A300003B41355D4B53564D4433564036525160B8
:10A310003431414E3D412D5547223E303951515E39
:10A32000373135573921515D382141573931515B2A
:10A33000395145563C3141574021515D3E415D5BAD
:10A340003D2159584021555C4351562346215E27F3
:10A350004552222742415E223F22255F3C522D5D1D
:10A360003C52295C403246243F425A243B334E241F
:10A37000523C3C442121246021212460212124607D
:10A3800021212460212124602121246021212460B5
:10A3900021212460212124602121246021212460A5
:10A3A0002121246021212460212124602121246095
:10A3B0002121246021212460212124602121246085
:10A3C0002121246021212460212124602121246075
:10A3D0002121246021212460212124602121246065
:10A3E0002121246021212460212124602121246055
:10A3F0002121246021212460212124602121246045
:10A400002121246021212460212124602121246034
:10A410002121246021212460212124602121246024
:10A420002121246021212460212124602121246014
:10A430002121246021212460212124602121246004
:10A4400021212460212124602121246021212460F4
:10A4500021212460212124602121246021212460E4
:10A4600021212460212124602121246021212460D4
:10A4700021212460212124602121246021212460C4
:10A4800021212460543C485A555647225E54265791
:10A490005B515E3C5F223A475F5336535C524646FF
:10A4A0005D31563F5D41463F5D214242535232434A
:10A4B0003C51555F4D213A235631422E55313E28AD
:10A4C00050313E21472131593A31254834312D4709
:10A4D0003151394833313D4A3621314A3B313551CA
:10A4E0003E4131543D3125513A41255139212952BE
:10A4F0003A5135583C41315A402139574451315F26
:10A500003E21355C3431395432515156324141503B
:10A51000374151543E512D54494142214F41562615
:10A5200050525233482252284A582660502B4C3DF4
:10A530002121246021212460212124602121246003
:10A5400021212460212124602121246021212460F3
:10A5500021212460212124602121246021212460E3
:10A5600021212460212124604259385C562A4B4124
:10A5700046315D53493139604B31322347312555DE
:10A58000525A3B32592C5750375221413B51314C92
:10A590003F4139543B51495131412136573C4B4B96
:10A5A00041264E3E3B33462B3331354F31312D4A18
:10A5B0003031354930213547314135493421354B2A
:10A5C0003741314F3A512D513E3131533D3139529E
:10A5D0003A51314E382129483641294636413146D3
:10A5E00037212D483741314834312D423231314104
:10A5F00034312D4539512D4B41213D53463139528E
:10A600004A2131514E4131565051395A4341254822
:10A610003F412D463C5125443A3131473821354997
:10A620003651394A36313D4C3641414F3451414B18
:10A63000305135413241314C343135523641394E49
:10A640003C412D454F5135595E21522E5D21462A00
:10A650005F4256435D313A385E523E47535336446B
:10A66000495632564047224E3F263A423D464E41D9
:10A670003D372E463D572E4D3F473A4E40373E49D7
:10A6800041274649405736464127364A42475655A4
:10A6900040372E4E3F4746513D37424B3D472A4EAD
:10A6A0003D46565333544E36294241572842395B72
:10A6B0002C325A2E2B523A2D2952455836314956B2
:10A6C00046222E3147433A3E3E2342333321414E08
:10A6D000374141533C212954425226273F322224FC
:10A6E0003731355534415558344159593941555C04
:10A6F0003C3135583F31515D3D3151583B314D551D
:10A700003B4155574022215F4332222145522225A9
:10A710004522222543222A233F32295E3D423D5FC6
:10A720003C425A253B3246213D325224402252259A
:10A73000592D282B212124602121246021212460EE
:10A7400021212460212124602121246021212460F1
:10A7500021212460212124602121246021212460E1
:10A7600021212460212124602121246021212460D1
:10A7700021212460212124602121246021212460C1
:10A7800021212460212124602121246021212460B1
:10A7900021212460212124602121246021212460A1
:10A7A0002121246021212460212124602121246091
:10A7B0002121246021212460212124602121246081
:10A7C0002121246021212460212124602121246071
:10A7D0002121246021212460212124602121246061
:10A7E0002121246021212460212124602121246051
:10A7F0002121246021212460212124602121246041
:10A800002121246021212460212124602121246030
:10A810002121246021212460212124602121246020
:10A820002121246021212460212124602121246010
:10A830002121246021212460212124602121246000
:10A8400021212460212124605E2D242F5932323DA4
:10A850005B413A3660224E4B5E43264F5B522A41A3
:10A860005D4222425D522245584156434A52363C8F
:10A870003C21315B5321422D505142274B31395CF1
:10A8800045512D52412139533951294A37413D4DC6
:10A890003731394C3841354A3B21314A3F513952E1
:10A8A00042313956412139543E3129503E212951F6
:10A8B0004041315943512D5C49313D5F45413D6037
:10A8C00038212D52323135513221495231414149DD
:10A8D0003941414E41312D524C223A2A4E324E30AE
:10A8E00048262E4A462854293E482C5E21212460C1
:10A8F0002121246021212460212124602121246040
:10A90000212124602121246021212460212124602F
:10A91000212124602121246021212460212124601F
:10A920002121246021212460212124605D2E4446C0
:10A9300051454E464A51255D4D21362649413156F5
:10A940004C38264A544B533C45554E3B37513144C5
:10A950003E213D553951354C3241213E515B2F3915
:10A9600045475A503242214F305129493221294816
:10A970003251254635212D483731354B3941354D3A
:10A980003C3139523F3135544341395542313D53C1
:10A990003F3135513B512D4C3A412D4C3A513550B8
:10A9A0003B4141553D2149583B41455438513D4E6D
:10A9B0003621314A365125483C21254B41512D4EF7
:10A9C0004621354F49213D53494141553F212948B1
:10A9D0003D21314B3B41354C3A313D4E38213D4EC6
:10A9E00035513D4C334139483141314430512D3E90
:10A9F0003151293A325125413821294A43213D54C8
:10AA00004B313957593142285D213A2B5731355E48
:10AA100059213E295D3142385E413A3C5A214E3C33
:10AA20004A523A2E4225564543373656412652451C
:10AA30003E4736453D5722483E3722483F472A4643
:10AA400040272A4240272A423F472A433F2722469F
:10AA5000404742523F5742523E372E4D3855423DB5
:10AA600032335A2B29322554274239582B233E2D75
:10AA70002D233E332D4256302D4151513F5152210D
:10AA80004E225E4045425A333A424D6036513D5067
:10AA900039412D523B413D583D2129564422262A19
:10AAA00038513955333225573332215938214157DE
:10AAB0003F31455F3F51455B3E2159583C41555719
:10AAC0003D5155594052215E4332216045222A238F
:10AAD00044415E2144423A254332422742424E28B5
:10AAE00040424626413332313E2246244422562CEF
:10AAF000563C3360212124602121246021212460DF
:10AB0000212124602121246021212460212124602D
:10AB1000212124602121246021212460212124601D
:10AB2000212124602121246021212460212124600D
:10AB300021212460212124602121246021212460FD
:10AB400021212460212124602121246021212460ED
:10AB500021212460212124602121246021212460DD
:10AB600021212460212124602121246021212460CD
:10AB700021212460212124602121246021212460BD
:10AB800021212460212124602121246021212460AD
:10AB9000212124602121246021212460212124609D
:10ABA000212124602121246021212460212124608D
:10ABB000212124602121246021212460212124607D
:10ABC000212124602121246021212460212124606D
:10ABD000212124602121246021212460212124605D
:10ABE000212124602121246021212460212124604D
:10ABF000212124602121246021212460212124603D
:10AC000021212460213128604D2A405552342241AF
:10AC10005B415E395C5152395C422A3F5B314238BC
:10AC20005C41463A5B41523D532256443E322E2906
:10AC30004021295D52313E2A4E51322147412D5348
:10AC40004241214C3F31254C3B512D4B3C512D4D28
:10AC50003F51315142213D524321355245513555E5
:10AC6000472139584641395745513957464135589A
:10AC70004941395F4C513E244C51462442313159AF
:10AC800034312D503441495833414D543341554EA0
:10AC90003A31314B42214D594B265655564B47556B
:10ACA0005C2E505721212460212124602121246021
:10ACB000212124602121246021212460212124607C
:10ACC000212124602121246021212460212124606C
:10ACD000212124602121246021212460212124605C
:10ACE00021212460212124604328545B583A4B459C
:10ACF000563442444B2139604B213960494135502B
:10AD00003C3125235C2D4F583553394A3641314665
:10AD10003A51315338413D4D324121414F3A53343C
:10AD2000502957303B333E21355125463A412D4C71
:10AD30003E4131504231515A4151415640513D54AA
:10AD40004041355341212D53424129504331355320
:10AD500042314155412145573E413D553C313D55DC
:10AD60003A313D53385139523941354F3C213D52EA
:10AD70003B51415638513550364121463A512549CB
:10AD800041213D52405149533B3135493A31394DCA
:10AD90003841354D36212D4A3331294732212D474F
:10ADA00031412D463151294432312D4233512D3F0D
:10ADB0003B21394344513D564B513D5C51414D5E21
:10ADC0005141455D5B3152325A3132275241214F58
:10ADD0005731295D5E314E335C312A2F5D315E4043
:10ADE000544146374532322B3D352A3842463A47A0
:10ADF0003F2656423D2642413E36524540272A4A8A
:10AE000040372A494037324840473A4B3F272E4D7A
:10AE10003F3736563B263E4C36553A3D2E325D5F27
:10AE2000294155552842255B294252242B332E2A8D
:10AE30002E33262C2E522560364139574842523641
:10AE40004C3252384652562E3C2135503C21355119
:10AE50003D2131553E213D5B3E51255848425A35F2
:10AE60003B413D58352151553522295C372141560A
:10AE70003D41515E3F2141594052295D4142215E91
:10AE80004231515F43415E214432262146222E2425
:10AE900046222A234632262346422E264822422B89
:10AEA0004732462E45225230442332354253262E15
:10AEB000523B582F2121246021212460212124602C
:10AEC000212124602121246021212460212124606A
:10AED000212124602121246021212460212124605A
:10AEE000212124602121246021212460212124604A
:10AEF000212124602121246021212460212124603A
:10AF00002121246021212460212124602121246029
:10AF10002121246021212460212124602121246019
:10AF20002121246021212460212124602121246009
:10AF300021212460212124602121246021212460F9
:10AF400021212460212124602121246021212460E9
:10AF500021212460212124602121246021212460D9
:10AF600021212460212124602121246021212460C9
:10AF700021212460212124602121246021212460B9
:10AF800021212460212124602121246021212460A9
:10AF90002121246021212460212124602121246099
:10AFA0002121246021212460212124602121246089
:10AFB0002121246021212460212124602121246079
:10AFC00021212460212124603C4758605C5B4F5E56
:10AFD000574246355C214E335B5136315E41523B20
:10AFE0005D413A365B415E3C4D433A3E3652315B01
:10AFF00043513622462125524B412D5A493145575E
:10B000004731455545213D54423141534751515DEA
:10B010004D4146214B31415A493139554A4131560A
:10B020004B3131574B4135594C213D5B4D413D5FD3
:10B0300050413E2352413E274A31395D3E21255041
:10B04000352135553721455E35313D563531454E33
:10B050003D51495447255646535C485930252C5F8D
:10B060002832546021212460212124602121246080
:10B0700021212460212124602121246021212460B8
:10B0800021212460212124602121246021212460A8
:10B090002121246021212460212124602121246098
:10B0A00021212460212124604C2A4C5853443A39F0
:10B0B0005442523149213D5D483135594A213D5074
:10B0C00044445956605F3C2E3944595B34212D422B
:10B0D00039313D5436513D4B34314D494237564656
:10B0E000572B474A42533A22432149534631455749
:10B0F000482141584731315546312D554551355735
:10B1000046413D5B4651415E4251355441313554D3
:10B110003F212D503C312D4D3A21294C38212D4CC9
:10B120003651294A36212949344131443551314576
:10B130003921354D39514154385141503841314B05
:10B140003A31314E38212D4C325125443231294685
:10B15000303129442D4131422C2139432C51314287
:10B160003051294337312D4B3E3141554621515BFA
:10B170004E414D5B52513E2355313E215831415E87
:10B1800052512D575A2156345931462D5441355478
:10B190005951395D5E313E2A5B31322B5C415A3C5C
:10B1A0005A414E404E314E353B41595B3A44462F51
:10B1B00043272A513F4722483F365A473F565E4A67
:10B1C0004127365040272A4D3E57224E3D365A5091
:10B1D0003735424130442E302A532E232842295AF3
:10B1E00028515D5F28322960293242222B42415F7B
:10B1F0002F21595A324129544222262B4B333E41AA
:10B200004A433E3B43313D59435135564351495CD6
:10B2100042414D60422135604541422748525E35EA
:10B220003C4129543931595B3631555A3731595AD5
:10B230003A5155593F31515A4342256045415A21AF
:10B2400046314E23464222264642262447323226A3
:10B25000473226234842222349515E274B222E2A79
:10B2600047422E2749325E3547334A3B41435E35DC
:10B270003F46584721212460212124602121246058
:10B2800021212460212124602121246021212460A6
:10B290002121246021212460212124602121246096
:10B2A0002121246021212460212124602121246086
:10B2B0002121246021212460212124602121246076
:10B2C0002121246021212460212124602121246066
:10B2D0002121246021212460212124602121246056
:10B2E0002121246021212460212124602121246046
:10B2F0002121246021212460212124602121246036
:10B300002121246021212460212124602121246025
:10B310002121246021212460212124602121246015
:10B320002121246021212460212124602121246005
:10B3300021212460212124602121246021212460F5
:10B3400021212460212124602121246021212460E5
:10B3500021212460212124602121246021212460D5
:10B3600021212460212124602121246021212460C5
:10B3700021212460212124602121246021212460B5
:10B38000212124602121246021212460484A245B5A
:10B390005928232D5652322E5B21422F5D51563AA9
:10B3A0005D413A3A5C53364F484322353D41515B4B
:10B3B0004E41462C4B31315C4C5135574C41354E4A
:10B3C0004C512D4B4E4145584D51415D4D51355ECF
:10B3D0004F5136225121315A522135565331395A63
:10B3E0005451395F54313A2254514A295421422848
:10B3F0005341322852413A2A4331215040313D577E
:10B40000375135553741415A3C31555E3E513D55D6
:10B4100040315156502A47482652386027426060D2
:10B420002121246021212460212124602121246004
:10B4300021212460212124602121246021212460F4
:10B4400021212460212124602121246021212460E4
:10B4500021212460212124602652486036264C5E3A
:10B460004A5A605B5D5E283F5F2C302B5452562E4B
:10B4700052514E224D514E234E21396051214227C7
:10B480004141214B5D4E4C2A432736363521313F11
:10B49000374131493731394934513D474929525EA5
:10B4A0005A5D5C214022214B4851455748313D555A
:10B4B0004521355143513953443135564441315872
:10B4C000452135594621455B42413D573F41315267
:10B4D0003C31254C39512D4A3751314836313146AE
:10B4E00035512D47364135493631354B3751314F7E
:10B4F0003A51314F3D31314F3E3141503C51414E37
:10B5000039213D4B34213145303135442D513542BF
:10B510002E3139413051353F372141463E31454D7D
:10B5200046514D574D414D605141462453314A25B6
:10B530005141315953213A224C5125574F41354EF3
:10B540004D4129465A51462C5A41422854412D5EBC
:10B55000555131575B51322C5D313E415C513A407F
:10B560005D514A4058422A444B414A303D51555F53
:10B5700035224D6037445E353B46264740272A56E4
:10B580003F2652533C56324B3A3556473545223DBD
:10B590002F2346292922495D26422D5A26515559E5
:10B5A0002842255D27215957263229532A522D55E5
:10B5B00032412D4F41515A294B23223D46525E3490
:10B5C00045224A2B44512D58495142214951562276
:10B5D0004741395C48212D5C4A42222A45522226A5
:10B5E0003C2135553951515836515D58332151510F
:10B5F00038415D584251556047315A224821562200
:10B6000047515A2547215E2448315E264952322B44
:10B6100047315E244852222749215E2748222A27A3
:10B620004A222E254B5246294953363047282F218E
:10B630003E28345D212124602121246021212460C1
:10B6400021212460212124602121246021212460E2
:10B6500021212460212124602121246021212460D2
:10B6600021212460212124602121246021212460C2
:10B6700021212460212124602121246021212460B2
:10B6800021212460212124602121246021212460A2
:10B690002121246021212460212124602121246092
:10B6A0002121246021212460212124602121246082
:10B6B0002121246021212460212124602121246072
:10B6C0002121246021212460212124602121246062
:10B6D0002121246021212460212124602121246052
:10B6E0002121246021212460212124602121246042
:10B6F0002121246021212460212124602121246032
:10B700002121246021212460212124602121246021
:10B710002121246021212460212124602121246011
:10B720002121246021212460212124602121246001
:10B7300021212460212124602121246021212460F1
:10B740002121246021212460212124602A533C608E
:10B750005A5D544C57255E535A415A305C214A3643
:10B760005C513E4056432E4D4242422A46512D588E
:10B770005741422F51413A2D4C5135604B5135556F
:10B780004F4139525131395250414153505139533F
:10B79000532135565551395C56312D5D5731356041
:10B7A0005841462758213E2856513A2854513E299F
:10B7B00052513E284F31362344212D553A412D4ECA
:10B7C00038413953383131533B212D513F413D539D
:10B7D0003D224958535C304E2121246021212460B0
:10B7E0002121246021212460212124602121246041
:10B7F0002121246021212460212124602121246031
:10B800002121246021212460212124602121246020
:10B81000212124602331446031544C5F5B5D2C4214
:10B8200054382B2A5124463C51223A2957214A2C7C
:10B830005552222D4F41355D52415E2F50514E2FB2
:10B8400041512156574C3F4F4226463044243E3109
:10B850003A41354C3951314B3A41555246385A529A
:10B860005C2E48273D323D484821495845412D50DE
:10B87000424141514021294D4231315443213157F8
:10B8800043413557442145583E21294C3C21294903
:10B89000395129493831314838213D4937513948E2
:10B8A000384139493951394B3C3141513D31415190
:10B8B0003C41354F3B41314D3A212D4C37312D4ADA
:10B8C0003441394A3141394730213D4631212D42F9
:10B8D00038413D4B432151574C31596051515A2405
:10B8E00053315223532146215141355F4E51315935
:10B8F0004941294C4B513557484121564841314B1C
:10B9000046512D3E59215A295B3142285651295F13
:10B9100053412951593136275C314E405D322A4717
:10B920005A214E3A57522A3D5552223B4C313E2D18
:10B930003A31315D335155573152395A30225D5CBD
:10B9400030334A243154262C2F3336242C32395BA1
:10B950002A315557293151562851515529315555BC
:10B9600029415D572A3221552E41595536313D57CF
:10B97000415156274C5322414733223643432A3103
:10B980003F31515A4641415D4A512D604A513E2254
:10B990004921295A4C413A224C22262B402121543C
:10B9A0003B21455638414D573B22215E3A51515B70
:10B9B000395151573E4155594641516049214E2117
:10B9C0004731562147215E23493226284B423E30DB
:10B9D0004B224632493222284A42362D4922422BF6
:10B9E0004B5242284E424E2C49344E3A552C583C2C
:10B9F000212124602121246021212460212124602F
:10BA0000212124602121246021212460212124601E
:10BA1000212124602121246021212460212124600E
:10BA200021212460212124602121246021212460FE
:10BA300021212460212124602121246021212460EE
:10BA400021212460212124602121246021212460DE
:10BA500021212460212124602121246021212460CE
:10BA600021212460212124602121246021212460BE
:10BA700021212460212124602121246021212460AE
:10BA8000212124602121246021212460212124609E
:10BA9000212124602121246021212460212124608E
:10BAA000212124602121246021212460212124607E
:10BAB000212124602121246021212460212124606E
:10BAC000212124602121246021212460212124605E
:10BAD000212124602121246021212460212124604E
:10BAE000212124602121246021212460212124603E
:10BAF000212124602121246021212460212124602E
:10BB0000212124602121246021212460212124601D
:10BB10002C4350605E2D503F55345E445C322E3CC9
:10BB20005E313E43503326483D22315F50513E2125
:10BB30005B513E2857513629532136245221356016
:10BB40005441355E5451355752413152532131568B
:10BB500058213A235A213A2A5931362A5921422C5E
:10BB600058413E2B5721262656513A2953513E28FB
:10BB70004F4146244941315A4341395839312D4DBD
:10BB8000393149553A2131513D212D503C515D53B8
:10BB90004E2A4F593636345F2121246021212460FA
:10BBA000212124602121246021212460212124607D
:10BBB000212124602121246021212460212124606D
:10BBC000212124602121246021212460212124605D
:10BBD0003856505D592C54475949574353444244B1
:10BBE0005651422B5951363155213E275341362665
:10BBF000513142264E31255950415E2D4C315E2C3B
:10BC00003E21214A533A5F3B4F3A3F293D523D5135
:10BC10003E41314F3F3135524321515B4C28425414
:10BC2000574C434A48245E384421315244313551FF
:10BC300041213D4F3E31294A3F5131513F312D5134
:10BC40003E5131503E513D503A21294738513146FD
:10BC500037413545365131463651354637413547FE
:10BC60003921314A3A212D4A3C31354A3B212D4771
:10BC700036513147332139483021354730412D483D
:10BC80003351314A3931314E3E4141564441455B91
:10BC90004A314A2250415227533146255131355CB1
:10BCA0004D412D554A413153493139544751314F56
:10BCB000454131484551354F46512D57465139542C
:10BCC00047213145572222285B2222335551355ACC
:10BCD000534145525631355A5B212E2B5E52364424
:10BCE000572222384F31396055422E335642424155
:10BCF0004A21563142513A273E5142233A31596046
:10BD0000325149542F215D522B4159502A5221540E
:10BD10002A3151542B4225562B31554F2D41495034
:10BD2000315155563531355540214A2549215E302E
:10BD30004D5232384C323A3648324630453232284B
:10BD40004221355847315E2548414E234831395FFD
:10BD50004951295F4E2146294C2246333C21395511
:10BD60003C315D5D38313D553D31515E42214A22C5
:10BD70003E41515D3D22295B44215D5F4741516059
:10BD800047315A2147415A2148415E264A422E2BCB
:10BD90004F43263B4B32262A4C424A304B42422DDF
:10BDA0004D5322304E4342364E285B343936445E82
:10BDB000212124602121246021212460212124606B
:10BDC000212124602121246021212460212124605B
:10BDD000212124602121246021212460212124604B
:10BDE000212124602121246021212460212124603B
:10BDF000212124602121246021212460212124602B
:10BE0000212124602121246021212460212124601A
:10BE1000212124602121246021212460212124600A
:10BE200021212460212124602121246021212460FA
:10BE300021212460212124602121246021212460EA
:10BE400021212460212124602121246021212460DA
:10BE500021212460212124602121246021212460CA
:10BE600021212460212124602121246021212460BA
:10BE700021212460212124602121246021212460AA
:10BE8000212124602121246021212460212124609A
:10BE9000212124602121246021212460212124608A
:10BEA000212124602121246021212460212124607A
:10BEB000212124602121246021212460212124606A
:10BEC000212124602121246021212460212124605A
:10BED000212124602A53285F5A3B602B5754424A41
:10BEE0005B31563F5034224E3B22215951422A2B7E
:10BEF0005B22262B5941355F5A212E275B312E2E8E
:10BF00005A512E2C583129605651395D58314226EC
:10BF10005A31362E5B5136335A41363157512E2C19
:10BF200057212A2A57312E295651362C52513E2A52
:10BF30004C214221445131563F212D543E5141580C
:10BF40003A5145523A51214940322D5846382258EB
:10BF50004258605B2131246021212460212124602A
:10BF600021212460212124602121246021212460B9
:10BF700021212460212124602121246021212460A9
:10BF8000212124602121246021212460532C284F69
:10BF90005A3B33605735525259413E325D413E352E
:10BFA0005B212A2E59513E314F2132224E514A26D1
:10BFB0004F2132215121262351214A294B31295F1A
:10BFC0004441255750495F2C512A4B2C4E4536464B
:10BFD0004521455E4451495D4A4152244826363840
:10BFE0004C394E603F334E213F41314F4131455135
:10BFF0003D2129473D21394B3D41314F3C312D4DAC
:10C000003B212D4B3A51314B3821354937213948A5
:10C010003541394634313546335135453421314582
:10C0200034512D4535312D4834512D463251354549
:10C03000304139462F313D473051394835412D493E
:10C040003D51314F463135554C31395D4C413D5EA6
:10C050004C41395D4D21355A4C212D554A313151D4
:10C0600048212D4F4551294C4521314D4551294BF2
:10C070004851394D45313D4E4541415A4721355E84
:10C080004B41315154313D5F5D2256455621395661
:10C090005331415253513D545831255D5C51523911
:10C0A00059422E3B523145604F31295757322E3974
:10C0B00052223A3B5042323A4C42263246515226A4
:10C0C0004151395B3D4129553B3125533951455843
:10C0D0003631395438314D573B4141573E41395B38
:10C0E00043213A2248415E2F4B5232374B523A3766
:10C0F00049222A2F48422E2C4E4232324B212160B7
:10C1000048413E2144522A223E5131514551415D20
:10C110004951215E4E225238412226213551455047
:10C120003D21555D3A513D5838413D553E21415BD9
:10C1300040313D5C40515D5E4242215D4431555B82
:10C140004641515D48315A2249222E264A4226292B
:10C150004F223E324F3246334E425E344E22422E02
:10C160004F2336374B353A46592D54482121246008
:10C1700021212460212124602121246021212460A7
:10C180002121246021212460212124602121246097
:10C190002121246021212460212124602121246087
:10C1A0002121246021212460212124602121246077
:10C1B0002121246021212460212124602121246067
:10C1C0002121246021212460212124602121246057
:10C1D0002121246021212460212124602121246047
:10C1E0002121246021212460212124602121246037
:10C1F0002121246021212460212124602121246027
:10C200002121246021212460212124602121246016
:10C210002121246021212460212124602121246006
:10C2200021212460212124602121246021212460F6
:10C2300021212460212124602121246021212460E6
:10C2400021212460212124602121246021212460D6
:10C2500021212460212124602121246021212460C6
:10C2600021212460212124602121246021212460B6
:10C2700021212460212124602121246021212460A6
:10C280002121246021212460212124602121246096
:10C2900021212460212124604E2C28565B4B4F5FC6
:10C2A0005335525150353E513E22395D453149603A
:10C2B00057523E3858323E275B215E315C51463A38
:10C2C0005B413A365A31422C5A3136255A512E2A80
:10C2D0005A412E335A412A315A31322F5751322D79
:10C2E00056412E2A5721322C5641362F52313E2D9F
:10C2F0004A213A234241395B3C5135554031515C2A
:10C300003D412D4D412229593951554B4F5B4C39F7
:10C310002121246021212460212124602121246005
:10C3200021212460212124602121246021212460F5
:10C3300021212460212124602121246021212460E5
:10C34000212124604C2B3C5A5D5D3C3156483728F6
:10C3500052412A255A3146345A41262B5C513230FB
:10C360005B213A315651462C4941295E4851355D91
:10C370004E513E225521322E53312E2753413E2D10
:10C380004C41316043562E2E524B2F3347235E2BA8
:10C390004621516045312D5A5031522A4755262B9E
:10C3A0005E2E342A3E444A2A3B41414C3D212D49D0
:10C3B0003B2135473A2135483B21394D3951354DDF
:10C3C0003831394A3751414B34513149342135499B
:10C3D000324135483131354731213D4830413546CC
:10C3E00030513546313131472F3131472F313948BE
:10C3F00033512D4B39412D4E3F313150444135544D
:10C4000047413D55494141564A213D5445412D4EF4
:10C4100044412D4D4531314D4721314E4831355044
:10C420004921315148312D50473135504841395219
:10C430004A413150484139524651395847513221C9
:10C440004C31315451512D5A5F425A4C5B21355B6E
:10C45000553135584F31395052412D5559413230AF
:10C460005D222A42575142275331295A54512E2ACC
:10C470005031562E524232364F315E2E4E5242329B
:10C480004E3322364B52422F4B32422F4A422E2DF0
:10C49000484142274A515E2D4C3226314C523A35A2
:10C4A0004D2242394B5246384722362F455256329A
:10C4B0004522322B4D532A3D4D415A2A4A31295D9E
:10C4C0004841355C405131513F4151554521255638
:10C4D0004C42222B4642522E3621354B33214D4FB2
:10C4E0003B2141573B21415A34515D55352225545A
:10C4F0003E21415A45414A2144222E2243322D5D9C
:10C500004641595E48522224493232274A52222754
:10C510004D314A2551325A3750432E38502252322B
:10C520004F435E40522A2F503024305F2121246037
:10C5300021212460212124602121246021212460E3
:10C5400021212460212124602121246021212460D3
:10C5500021212460212124602121246021212460C3
:10C5600021212460212124602121246021212460B3
:10C5700021212460212124602121246021212460A3
:10C580002121246021212460212124602121246093
:10C590002121246021212460212124602121246083
:10C5A0002121246021212460212124602121246073
:10C5B0002121246021212460212124602121246063
:10C5C0002121246021212460212124602121246053
:10C5D0002121246021212460212124602121246043
:10C5E0002121246021212460212124602121246033
:10C5F0002121246021212460212124602121246023
:10C600002121246021212460212124602121246012
:10C610002121246021212460212124602121246002
:10C6200021212460212124602121246021212460F2
:10C6300021212460212124602121246021212460E2
:10C6400021212460212124602121246021212460D2
:10C65000212124602121246027524C604F5C3058F6
:10C66000594D303D4E492F283D233E223F414A221D
:10C670005421423A5131315852312D5F55214632C1
:10C6800057515A3A5A3152355C413E305D513A3633
:10C690005C313E3B5A51363259513A2D57513A2B63
:10C6A000564132295641322A55513A2F51413E2E98
:10C6B0004921322542212D5C3D313D573D514554A4
:10C6C00042414D573C51594D4C2A2752212124605B
:10C6D0002121246021212460212124602121246042
:10C6E0002121246021212460212124602121246032
:10C6F0002121246021212460212124602121246022
:10C70000525C54535C4C302A4F314E2257213A250B
:10C71000565132265521422856413A2B58512E2B3C
:10C720005951463255513E2C4941295C44413159B9
:10C7300048414D5F5151422956214A3057314232CA
:10C74000554232324B465A3D5D5E48263D333D519F
:10C750004121415544413D58515146284231213DE6
:10C76000505A3B2C413526353D2221553B41294924
:10C770003A213D483851414A3851394C3731394CCA
:10C780003531394834313D4A3051354A3031354AF6
:10C79000303135493031354A30513549312131490F
:10C7A0003251354B3421354D3641314E3A513150AD
:10C7B00040213153462131554A2139564A213955B4
:10C7C000464135524151354E3E41354A3F412D4754
:10C7D00042313D4B44413D4E4621314E4821395274
:10C7E00049313553494129514A2125504A5129514E
:10C7F0004A512D524C2139554C312D594C31316013
:10C800004C2135535231355D5F2232485A313E2139
:10C810005321295A4F313559543152245C524E45D7
:10C820005E532A4F5A213E2D5821322655212E295A
:10C830004F212A234E214E2A4D52222E4D5236315F
:10C840004B422E2D49315E284C2256374C325E3AEF
:10C850004A3236334D23223D4932423244522A284D
:10C860004452563140422A24412222234622322B6E
:10C8700050332E434E31522E47412D5846214558B4
:10C880004541255145513D58442129534841295A94
:10C890004D424E353C513D5338414150372149536B
:10C8A0003751495438415D5A325221532E42294D55
:10C8B000384151554331395D4351555F443232213E
:10C8C0004722256047515A2149422E274B322A28B8
:10C8D0004E32222A50224E325153463D4E525E3144
:10C8E0004D254A4D583D544D21212460212124607D
:10C8F0002121246021212460212124602121246020
:10C90000212124602121246021212460212124600F
:10C9100021212460212124602121246021212460FF
:10C9200021212460212124602121246021212460EF
:10C9300021212460212124602121246021212460DF
:10C9400021212460212124602121246021212460CF
:10C9500021212460212124602121246021212460BF
:10C9600021212460212124602121246021212460AF
:10C97000212124602121246021212460212124609F
:10C98000212124602121246021212460212124608F
:10C99000212124602121246021212460212124607F
:10C9A000212124602121246021212460212124606F
:10C9B000212124602121246021212460212124605F
:10C9C000212124602121246021212460212124604F
:10C9D000212124602121246021212460212124603F
:10C9E000212124602121246021212460212124602F
:10C9F000212124602121246021212460212124601F
:10CA0000212124602121246021212460212124600E
:10CA100021212460212124602121246021212460FE
:10CA20003426305E462A2C5546593B483A41595CDB
:10CA300055223245553132295351462C4F51262526
:10CA40005321362B57312E2C5B212A2E5C21363177
:10CA50005B2136335A3136305A213A2E58513A2C0E
:10CA6000574136295621362A5431422D4E4132271C
:10CA700047512A21435142223E313D553D21414FEC
:10CA80004042515B44474E534027605A2121246065
:10CA9000212124602121246021212460212124607E
:10CAA000212124602121246021212460212124606E
:10CAB00021212460212124602932586040273457E5
:10CAC0005B5B33525432523459412A2E5731362946
:10CAD0005351315E54513A225521422A55213E2C60
:10CAE00055213626555142304E2131604141215267
:10CAF0003D21294D4A213D5C55422636572136318C
:10CB000056513E274F464A3C5F2E3C2344562E3614
:10CB10003B31314A424145564F5142214341214226
:10CB20005C2D4F5F3B445626384125463B31454CF2
:10CB30003651294136513D473721314935512D492B
:10CB4000343131483331394A2E4131472E512D4845
:10CB50003031314832312D4A34512D4A3751294D27
:10CB60003A5135523D2139564421355848413558BE
:10CB700048214158465149534441494F4151394C4C
:10CB80003F31354C3D51314F3D5135513F213549B4
:10CB90004151394C44513D51463139524631395059
:10CBA0004721314F4A5131534F4135585051355B30
:10CBB0004E4131595141395A5431315F5351315DF0
:10CBC00050213154555126235E3352545032262180
:10CBD0005041315D57314E335B32464260545724E9
:10CBE0005C33324A5B3142335A213A2E53413E275D
:10CBF000503146284A213E254631255C493152298B
:10CC00004B322A324B523E374A323A364431562B57
:10CC100040315A2740323A293D2141593F52222181
:10CC200040215960432222254E433A435623564E13
:10CC3000512232364C213E254841355A4851455DF6
:10CC4000485129594931495E47413D5C49414A248F
:10CC5000454146213E4139573F2131583E41495CCB
:10CC600036314952344155533442215631423152C2
:10CC70003331594F3B31315342415160465236278F
:10CC80004752322547215A214952322A4C32322DFD
:10CC90004D32322C4D423E2C5223523E5024223EE5
:10CCA0004E59333C3044405F2121246021212460CF
:10CCB000212124602121246021212460212124605C
:10CCC000212124602121246021212460212124604C
:10CCD000212124602121246021212460212124603C
:10CCE000212124602121246021212460212124602C
:10CCF000212124602121246021212460212124601C
:10CD0000212124602121246021212460212124600B
:10CD100021212460212124602121246021212460FB
:10CD200021212460212124602121246021212460EB
:10CD300021212460212124602121246021212460DB
:10CD400021212460212124602121246021212460CB
:10CD500021212460212124602121246021212460BB
:10CD600021212460212124602121246021212460AB
:10CD7000212124602121246021212460212124609B
:10CD8000212124602121246021212460212124608B
:10CD9000212124602121246021212460212124607B
:10CDA000212124602121246021212460212124606B
:10CDB000212124602121246021212460212124605B
:10CDC000212124602121246021212460212124604B
:10CDD000212124602121246021212460212124603B
:10CDE0002C342C5F212124602351605F504B382369
:10CDF0004D453E4D56322E3C554146315731563306
:10CE0000543132275531262758412A2C5A31362E93
:10CE100059413A2B5A213A2F5A5136325A413A3017
:10CE200059213A2C55513A2851513E254C21316017
:10CE30004721315B44413D5B4041495541332A2202
:10CE400046382A5C3B57245928225060212124600F
:10CE500021212460212124602121246021212460BA
:10CE600021212460212124602121246021212460AA
:10CE70002121246026223060582D4C545B595F4399
:10CE80005322422859514A2E58312A2A55412E27D9
:10CE90005451362654512E25525132244F314221BD
:10CEA00051413560544132285341362A47512D5C57
:10CEB0003A51254844413D554F213E265631423195
:10CEC00058313A274F2526275B2D535448484A525C
:10CED000362131423F513D504F21495F4922495A45
:10CEE0005A3C5B53405532343B41354D3B41354A0A
:10CEF000374139453531314435413949343131498A
:10CF0000325135483251394A30312D4431412D4565
:10CF100034212D47373129483B51354E402131527C
:10CF200043513155462135594741355646313551E2
:10CF30004241394E3D5135493A3135463A2139471A
:10CF40003B41314A3E413150405131524021294903
:10CF5000404121474231294B4451395147313D54D9
:10CF60004A5139565021395B55413D6057513A2558
:10CF700056212E24574132225A31362259314159F5
:10CF80005751395B5B513A345C254F244E323E2772
:10CF90005A22323A5D325650603437265E43565537
:10CFA0005C425E445D215A3E5C412E365251322332
:10CFB000512146244A51362148513A2245512D5C8F
:10CFC00043512D5B4251315E45215E2B48224A3848
:10CFD00048524E3B4A4342444A234E424F235A4B07
:10CFE0005253524D53534E4C53233E4749312D5DBE
:10CFF0004841315D454121524A4146225142363431
:10D000004D323A2F48325E2F433236234041395851
:10D010003F31295542214621422142214131315C93
:10D020003C315D5C3641595535414D5236215D5597
:10D030003341555136415D543E41555C45215621A1
:10D040004822322647522E274A32322A4B522E2C61
:10D050004A215E274C22362A50534E3C4F344643D9
:10D06000513B4C3921512C60212124602121246025
:10D070002121246021212460212124602121246098
:10D080002121246021212460212124602121246088
:10D090002121246021212460212124602121246078
:10D0A0002121246021212460212124602121246068
:10D0B0002121246021212460212124602121246058
:10D0C0002121246021212460212124602121246048
:10D0D0002121246021212460212124602121246038
:10D0E0002121246021212460212124602121246028
:10D0F0002121246021212460212124602121246018
:10D100002121246021212460212124602121246007
:10D1100021212460212124602121246021212460F7
:10D1200021212460212124602121246021212460E7
:10D1300021212460212124602121246021212460D7
:10D1400021212460212124602121246021212460C7
:10D1500021212460212124602121246021212460B7
:10D1600021212460212124602121246021212460A7
:10D170002121246021212460212124602121246097
:10D180002121246021212460212124602121246087
:10D190002121246021212460212124602121246077
:10D1A0002121246021212460212124602A332C6044
:10D1B000554C484E55273B245222262457314222B3
:10D1C0005521396053413626565132325851263551
:10D1D00058312E335A2136335B4136325B513A3265
:10D1E0005A213E3056213E2850413E214951315866
:10D1F0004751555D46423A223F424159525A3344C3
:10D20000534D2456212124602121246021212460B2
:10D2100021212460212124602121246021212460F6
:10D2200021212460212124602121246021212460E6
:10D23000212124603E575C5D5D5B4B5D55525E3243
:10D2400058512E285621322455212E235541522D36
:10D250005351422D52413E28514131605051295B7A
:10D2600050513E215041295C53413A2E4E214627D0
:10D270003F212D4A3F312D4F454131554F414A26DF
:10D28000572146294D515D4D5C2C5B504D4A3F2B3B
:10D290003421393E412141524D51415B4641455374
:10D2A0005B2D475F4326263E3A212D493A41394AB4
:10D2B00036413945354141473621394B35212D4BD2
:10D2C0003431294A353131493621394737313546EC
:10D2D0003A4139493E21354C423139514531395471
:10D2E00046513956475139584131394E3A513546F0
:10D2F0003A4135493A412D4B3A312D4B3A41314C67
:10D300003C21354A3D5131473F41254445514D5C13
:10D3100044314D5B425151564321294D48512D53C3
:10D320004E51355B5341355F574136215A313626D0
:10D330005A312A285C3142295C513E255A414559CF
:10D340005921295B5A3136335625225155414A30ED
:10D350005C515A3B5B234A545F352B2D60233E5171
:10D360005D32223A5C5236455D51423E5A41463169
:10D37000534136234D412D5C4A41455F4631315979
:10D38000432139583F2129543C5129533C313156CE
:10D390003B4129543D41595E3D51415A4141315B28
:10D3A000464136224551355F4241515E3F213D5352
:10D3B0004341455B4A222A294832322B4A41522AAC
:10D3C0004341455D38413D4E37315D543921495423
:10D3D0003E21415D42414E273F41456043313D5D25
:10D3E0004051415C3B31555A3841515539213D53EB
:10D3F00036414D5334415551393145554151495CC0
:10D4000047322E2649324A2B49522E274A422A2990
:10D410004B2246304B22262951335A4251374A601B
:10D420004249305B21212460212124602121246094
:10D4300021212460212124602121246021212460D4
:10D4400021212460212124602121246021212460C4
:10D4500021212460212124602121246021212460B4
:10D4600021212460212124602121246021212460A4
:10D470002121246021212460212124602121246094
:10D480002121246021212460212124602121246084
:10D490002121246021212460212124602121246074
:10D4A0002121246021212460212124602121246064
:10D4B0002121246021212460212124602121246054
:10D4C0002121246021212460212124602121246044
:10D4D0002121246021212460212124602121246034
:10D4E0002121246021212460212124602121246024
:10D4F0002121246021212460212124602121246014
:10D500002121246021212460212124602121246003
:10D5100021212460212124602121246021212460F3
:10D5200021212460212124602121246021212460E3
:10D5300021212460212124602121246021212460D3
:10D5400021212460212124602121246021212460C3
:10D5500021212460212124602121246021212460B3
:10D5600021212460212124602121246021212460A3
:10D5700027524C60585D5C5854482B285452422620
:10D580005431315954313A2355512E2B57413230B1
:10D590005751422E5951462A5B213E285B21422C8D
:10D5A0005951422E56414A2C50213A224951495D47
:10D5B0004622395F3F423D584B2A542D3D5760600B
:10D5C0002121246021212460212124602121246043
:10D5D0002121246021212460212124602121246033
:10D5E0002121246021212460212124602121246023
:10D5F000212124605A3D3442545432355A31463345
:10D60000593136355821362F56413228545132235C
:10D61000535136215241355E5141355D515139608A
:10D62000504136214C51355C4B21295B4C513E21F8
:10D6300049314D5E4021294D3D5121494421395602
:10D640004E514A215021415E58492F31553C3F4AA5
:10D650003651593F4731415B5231562646322D5A99
:10D66000593D436044464E453A21394B3B21415197
:10D6700037213947362131423831394C3941355219
:10D680003951294E3C21354A3B4135433D413546D0
:10D69000404135484441394E46313953452139538B
:10D6A000413131533C4135503931314937512544AD
:10D6B000383125453A212D4A3B213D4E3A513D4BCB
:10D6C0003B2135493D51354C4242215A3941555A49
:10D6D000362149533A21314B4751355953313A2577
:10D6E00055212A215441316057213E215921355E6F
:10D6F00059512D5E5B3142235B412A235C313A2B29
:10D700005A414A2F55513E2B54514A2F5C324E47B5
:10D710005E325A465E23564E5E244E565E342E547A
:10D720005D224A485E2152455E413E3F5B51423494
:10D7300054313E234C51295B4731355A46214960CB
:10D7400045514E244221355F3A4129523A513D58C4
:10D750003B412D563B2139553B213D563A31214B1A
:10D760003D41214E41214D5C3A312D513B415E21DD
:10D770003A31522336422A263552315F38314D5ADA
:10D780003A21495B3741515635515D56373155582D
:10D790003D2152213E512D5F41313A214641315ABE
:10D7A00042212D523F314D563F21595A3F41555E3E
:10D7B0003C4141583A41555B373149573D514D5AEB
:10D7C000435145594932422749423A264842362870
:10D7D00048423A2E4E2222314F53363B514A534053
:10D7E0002121246021212460212124602121246021
:10D7F0002121246021212460212124602121246011
:10D800002121246021212460212124602121246000
:10D8100021212460212124602121246021212460F0
:10D8200021212460212124602121246021212460E0
:10D8300021212460212124602121246021212460D0
:10D8400021212460212124602121246021212460C0
:10D8500021212460212124602121246021212460B0
:10D8600021212460212124602121246021212460A0
:10D870002121246021212460212124602121246090
:10D880002121246021212460212124602121246080
:10D890002121246021212460212124602121246070
:10D8A0002121246021212460212124602121246060
:10D8B0002121246021212460212124602121246050
:10D8C0002121246021212460212124602121246040
:10D8D0002121246021212460212124602121246030
:10D8E0002121246021212460212124602121246020
:10D8F0002121246021212460212124602121246010
:10D9000021212460212124602121246021212460FF
:10D9100021212460212124602121246021212460EF
:10D9200021212460212124602121246021212460DF
:10D930002121246021212460564D3854583A3F411A
:10D940004F513D5F54314A2856313E2D56512628BD
:10D9500057312E2559212E245A3132265B515A3106
:10D960005B32323857522A354F515E2A4621415E8A
:10D970004A482E60532B60422121246021212460DB
:10D98000212124602121246021212460212124607F
:10D99000212124602121246021212460212124606F
:10D9A0002121246021212460212124602F24605F13
:10D9B0004529405D5C4A2B4A58222E325A313A356D
:10D9C000584132325741322D5621322754413222AA
:10D9D0005331315F5221355C5141355E50513D60CC
:10D9E0004D41315C4A512D594A212D584A412D5BF8
:10D9F0004851415E422135553F5131514321315605
:10DA0000483135584C21515A4D364E445F3E602DB9
:10DA10003C34415A44213154504152254621214938
:10DA20005C3D435E46574A50365129453A313D5197
:10DA30003A21394B3A512D463D21294C3D5129502F
:10DA400040212D504341355044513D5343413D50B9
:10DA50004231394D4151394C4121354B3F31354BE4
:10DA60003C21354A384135483731394B38313D5002
:10DA70003951394F3A31354D3A412D4C3C213952CB
:10DA80003B214958345145542E41454E2B214943A1
:10DA90003431254448415E2154214E2A58512E29C3
:10DAA0005A4122285B412E2A5C313E2A5B413E27A7
:10DAB0005B3136255C41462A5C512E2A5D51363059
:10DAC0005C21423456312A2B59422A3C5E2242497B
:10DAD0005C2236405F425A4B5E524E4C60335E5F72
:10DAE0005E2326505D5226405C51222E5D513E3110
:10DAF00059213A2A543142304421455C3841354B52
:10DB00004231555E453149603F5135563E5135559C
:10DB10004051355943513D5C4351355A3F5129528B
:10DB20004621415E4551355E4121395C3E522E26EB
:10DB3000335141552E5151532D222D5631315156CD
:10DB4000382221603932216039314D5B3B21415906
:10DB50003B3139593C31555F3D2139594451395791
:10DB600045213958433141594331595E44322E25BC
:10DB700043215E243F52262337514D553B214D56BC
:10DB80003F21395344422D604A223A2949423A2BD7
:10DB900048224E304D423E324E5336384F3A3825A9
:10DBA00021512C6021212460212124602121246025
:10DBB000212124602121246021212460212124604D
:10DBC000212124602121246021212460212124603D
:10DBD000212124602121246021212460212124602D
:10DBE000212124602121246021212460212124601D
:10DBF000212124602121246021212460212124600D
:10DC000021212460212124602121246021212460FC
:10DC100021212460212124602121246021212460EC
:10DC200021212460212124602121246021212460DC
:10DC300021212460212124602121246021212460CC
:10DC400021212460212124602121246021212460BC
:10DC500021212460212124602121246021212460AC
:10DC6000212124602121246021212460212124609C
:10DC7000212124602121246021212460212124608C
:10DC8000212124602121246021212460212124607C
:10DC9000212124602121246021212460212124606C
:10DCA000212124602121246021212460212124605C
:10DCB000212124602121246021212460212124604C
:10DCC000212124602121246021212460212124603C
:10DCD000212124602121246021212460212124602C
:10DCE000212124602121246021212460212124601C
:10DCF0002121246021212460212124604639485AB1
:10DD00005C3C3B6051424E365741423359214A2FC9
:10DD1000583132265822262B5752463356424A371C
:10DD20005223423B4E25564D4E2947384D4A403AE4
:10DD30003C47485C2121246021212460212124606A
:10DD400021212460212124602121246021212460BB
:10DD500021212460212124602121246021212460AB
:10DD6000212124602121246021212460212124609B
:10DD7000503A605057243A445B31463D5A3142395B
:10DD80005831323056512A295621362654513A25D7
:10DD9000525135605141355E5031355F4F313D5FF5
:10DDA00049312D55494131564951355948512D591F
:10DDB00046212D5843413558415135574321395B50
:10DDC00042412D5246414553462452225B4D535603
:10DDD00046562232415239574E3156234A41294E36
:10DDE000512A432D5B2C5B603441293F3A5141520B
:10DDF0003D51314E4141314D434131514331315417
:10DE000045313D54485141564551355642413551B1
:10DE10003E51314B3B512D463A4131453941354612
:10DE20003841354737413546345135473521394E2C
:10DE30003821415236513D523241414F2D31354901
:10DE40002B51414D2941414D2A213D4D3051313D0C
:10DE50004521455857522A335B3142305B313E2EC3
:10DE60005C313E2F5E3136325E2136325D213230FA
:10DE70005D31322F5D4142315D512A305F212E34B8
:10DE80005D5142375A213E355C422A415D515E4127
:10DE90005C213E395E214641602232525D43265864
:10DEA0005B525E4D5C514E345F212E2A5D313E2A1D
:10DEB0005B21322C5A314E414141556035413D493B
:10DEC000482152224D2142234A41395E473131597E
:10DED0004641395C4731415A464139554721455CF5
:10DEE000495131604C214229442142223A51415743
:10DEF0003831555937314957304229592C3221553B
:10DF00003031595737215D5F3A414D5F3D215160B6
:10DF10003C31415A3B41555C3A2159583F5151558A
:10DF2000424141554621495B4821496049214A23E4
:10DF300049215A2745523A293C3159583A414955C5
:10DF40003B514D563E51515849423A2B4B42463176
:10DF50004652462B4C424E324B5336334D4A343C9C
:10DF60002121246021212460212124602121246099
:10DF70002121246021212460212124602121246089
:10DF80002121246021212460212124602121246079
:10DF90002121246021212460212124602121246069
:10DFA0002121246021212460212124602121246059
:10DFB0002121246021212460212124602121246049
:10DFC0002121246021212460212124602121246039
:10DFD0002121246021212460212124602121246029
:10DFE0002121246021212460212124602121246019
:10DFF0002121246021212460212124602121246009
:10E0000021212460212124602121246021212460F8
:10E0100021212460212124602121246021212460E8
:10E0200021212460212124602121246021212460D8
:10E0300021212460212124602121246021212460C8
:10E0400021212460212124602121246021212460B8
:10E0500021212460212124602121246021212460A8
:10E060002121246021212460212124602121246098
:10E070002121246021212460212124602121246088
:10E080002121246021212460212124602121246078
:10E090002121246021212460212124602121246068
:10E0A0002121246021212460212124602121246058
:10E0B0002121246021212460212124602121246048
:10E0C0004138545F592C444654383B3253544A46E5
:10E0D0005455224551374258535A373D5059582EBE
:10E0E000565C4C4C524C485C505C50602121246082
:10E0F0002121246021212460212124602121246008
:10E1000021212460212124602121246021212460F7
:10E1100021212460212124602121246021212460E7
:10E120002121246021212460212124603636386099
:10E130005E3C5C2358223A2E5A41323D58413634D7
:10E140005751322B565136285531362553513A21E5
:10E1500052413E21512135604F51395E4E21395D8A
:10E1600046312D4F4851395648512D5746512D565D
:10E17000444131574431395A43312D594251355B6D
:10E1800041213D5541513D4F412221464D59224F9C
:10E19000442646333D2129484C21415F4C51394E9C
:10E1A0004F393A5D554B43433E33515F3B412D4B15
:10E1B0004131355145513D5445413953434139541D
:10E1C00044514555455145533D2129473B312D4843
:10E1D0003931394937513548365135483641354856
:10E1E0003651314A3651354A35513D4C3251454A06
:10E1F0002E413D492B31414B29514D4F2951595009
:10E200002B51454A315131493B3131514B315560E8
:10E2100056315A2D5C513E335D4136325C314233CA
:10E220005C314A335D4142375D413A395D413638B0
:10E230005D4132325D5136355D512A325F212A36D9
:10E240005E2132365C2142385D4226405D21323704
:10E250005E2126395E415A465C415E485E332E5748
:10E260005F3356575B3146325E31322E5A412E298A
:10E2700058413A2E4E322A37373231583851394BBD
:10E280004D3152264F213E214E313D6049212D58BE
:10E2900045313D5845513554484139534851395A13
:10E2A0004631355F47422A2E3E41395E3B213D597A
:10E2B0003F51495F41315222385225603152215934
:10E2C0002D4151512F22295833515D5A39515960EE
:10E2D0003C21455F3C3152213B215D5D3A515D510E
:10E2E0003D4155534341455A4A3135604D21322411
:10E2F0004B514A264922362943415D5F3E31515BED
:10E30000395151573D32255D445156224B524A31C5
:10E3100049524A2D4C5322324D2546484E3B4851D6
:10E3200021212460212124602121246021212460D5
:10E3300021212460212124602121246021212460C5
:10E3400021212460212124602121246021212460B5
:10E3500021212460212124602121246021212460A5
:10E360002121246021212460212124602121246095
:10E370002121246021212460212124602121246085
:10E380002121246021212460212124602121246075
:10E390002121246021212460212124602121246065
:10E3A0002121246021212460212124602121246055
:10E3B0002121246021212460212124602121246045
:10E3C0002121246021212460212124602121246035
:10E3D0002121246021212460212124602121246025
:10E3E0002121246021212460212124602121246015
:10E3F0002121246021212460212124602121246005
:10E4000021212460212124602121246021212460F4
:10E4100021212460212124602121246021212460E4
:10E4200021212460212124602121246021212460D4
:10E4300021212460212124602121246021212460C4
:10E4400021212460212124602121246021212460B4
:10E4500021212460212124602121246021212460A4
:10E460002121246021212460212124602121246094
:10E470002121246021212460212124602121246084
:10E480002121246022413060514C4C5C595D4C4943
:10E490005A3D504441383C5A2B533C5F2121246063
:10E4A0002121246021212460212124602121246054
:10E4B0002121246021212460212124602121246044
:10E4C0002121246021212460212124602121246034
:10E4D0002121246021212460212124602121246024
:10E4E000212124602121246021212460494A605C8B
:10E4F0005C2A233F5922322E59213A375751362F61
:10E50000572136275551362654413622525135600F
:10E510005141395F5021355E4E41355C4D313D5D95
:10E520004451254C475131534841355745412D55AC
:10E53000433131544521395B4541315C4321355AE2
:10E540004131395842214D583D512D3F49473E40B8
:10E55000534B2F3945535E2F485129584E2139527C
:10E560004F38325046374E41363145343F41454FA2
:10E57000433141554451395143413D503F41354E5E
:10E580003D51254A3E3131493741354137213543E7
:10E5900036413546353129493441314C3251294AC9
:10E5A0003221294C3141294B32212D48303131441F
:10E5B0002C3135432B513D463041314C394131539B
:10E5C0004451515D4F215E23563152265A31562F08
:10E5D0005C2146335D513A375E312A365E512E3624
:10E5E0005E3136375D513A3A5D41323E5D51323DE2
:10E5F0005D5136345D313A345E213E365E512E3403
:10E600005E212E335C513E375E32263F5C512A3309
:10E610005E213A3D5B2136385B4146395F524A46BE
:10E620005D424E465B3232425C413A3B5C214239AC
:10E6300052414E2E3E222D5F34515D4E46515E2298
:10E6400050413A254F412D5E4F3142224B413960B6
:10E650004831355F4C41315F50413E214951355E73
:10E66000424232273651595B35413D573D51422395
:10E67000402135603F41355B3D21415A3A41595D6A
:10E6800034322D5B2B3225502C323D573222215A09
:10E690003A315E253D415A293D315A253B215D5590
:10E6A0003C4159564141555B4721456048513D60C9
:10E6B0004851522448315A244751522243215E2264
:10E6C0003C21595C3D5229604131455D4A223A2B3B
:10E6D0004E324E304D33323352494B362121246075
:10E6E0002121246021212460212124602121246012
:10E6F0002121246021212460212124602121246002
:10E7000021212460212124602121246021212460F1
:10E7100021212460212124602121246021212460E1
:10E7200021212460212124602121246021212460D1
:10E7300021212460212124602121246021212460C1
:10E7400021212460212124602121246021212460B1
:10E7500021212460212124602121246021212460A1
:10E760002121246021212460212124602121246091
:10E770002121246021212460212124602121246081
:10E780002121246021212460212124602121246071
:10E790002121246021212460212124602121246061
:10E7A0002121246021212460212124602121246051
:10E7B0002121246021212460212124602121246041
:10E7C0002121246021212460212124602121246031
:10E7D0002121246021212460212124602121246021
:10E7E0002121246021212460212124602121246011
:10E7F0002121246021212460212124602121246001
:10E8000021212460212124602121246021212460F0
:10E8100021212460212124602121246021212460E0
:10E8200021212460212124602121246021212460D0
:10E8300021212460212124602121246021212460C0
:10E8400021212460212124602121246021212460B0
:10E8500021212460212124602121246021212460A0
:10E860002121246021212460212124602121246090
:10E870002121246021212460212124602121246080
:10E880002121246021212460212124602121246070
:10E890002121246021212460212124602121246060
:10E8A0002121246021212460292330604F4C3C56D3
:10E8B00058255A4E59322E30585142315721362A56
:10E8C0005551362455213623534136215241395F63
:10E8D00050513D5E4F21355D4E21355B4D213D5BF5
:10E8E00046513151483135554821315444512D510B
:10E8F000434135534541355845412D5943513158D0
:10E900004251355B4351495B3F2135423C33494ECF
:10E91000565C374E3A52554D444131504C21455288
:10E92000492736445C5D3F593E5355533F513D4E58
:10E9300041513952402129493E512D473C212D4A10
:10E940003A3129493A513D4A3851414538213946F1
:10E950003741354A3541354E3251314E3021314BF8
:10E960002F21354C2E51394B2E51394932212D480A
:10E970003A412D4E4421455A4B5151605241522645
:10E98000583146285B413E285D313A2A5C5142307D
:10E990005D3136365D512A395E31263A5E41323A72
:10E9A0005E3136375D5132395E21323F5E4136404D
:10E9B0005D4132345C413E335D213A345D512E3548
:10E9C0005E413A385D2142385D31523A5D2136353B
:10E9D0005B312E365C513A355C51322D5D21322C43
:10E9E0005F222A3E5E22464F5E213E495C2142461E
:10E9F0004A224A333722315640415D5C50222A3048
:10EA00004F214E284C21315E47412D594731395D08
:10EA10004A213A244E2146274F4132214E52222F7D
:10EA20004733363C304151532E515D563731556096
:10EA30003D2152243F3146214121455C3C515158F2
:10EA40003752255A324229592D4225562D22355BFF
:10EA500033423E2539515A273E2156293D51555CB6
:10EA60003F51595E4041595F3F515D5D4022255DF8
:10EA700043423A264451596045413D5C43315A2155
:10EA80003E51595F40522E254051595D4732222256
:10EA900051225A334B534230555C2B5D2121246067
:10EAA000212124602121246021212460212124604E
:10EAB000212124602121246021212460212124603E
:10EAC000212124602121246021212460212124602E
:10EAD000212124602121246021212460212124601E
:10EAE000212124602121246021212460212124600E
:10EAF00021212460212124602121246021212460FE
:10EB000021212460212124602121246021212460ED
:10EB100021212460212124602121246021212460DD
:10EB200021212460212124602121246021212460CD
:10EB300021212460212124602121246021212460BD
:10EB400021212460212124602121246021212460AD
:10EB5000212124602121246021212460212124609D
:10EB6000212124602121246021212460212124608D
:10EB7000212124602121246021212460212124607D
:10EB8000212124602121246021212460212124606D
:10EB9000212124602121246021212460212124605D
:10EBA000212124602121246021212460212124604D
:10EBB000212124602121246021212460212124603D
:10EBC000212124602121246021212460212124602D
:10EBD000212124602121246021212460212124601D
:10EBE000212124602121246021212460212124600D
:10EBF00021212460212124602121246021212460FD
:10EC000021212460212124602121246021212460EC
:10EC100021212460212124602121246021212460DC
:10EC200021212460212124602121246021212460CC
:10EC300021212460212124602121246021212460BC
:10EC400021212460212124602121246021212460AC
:10EC5000212124602121246021212460212124609C
:10EC600021212460212124604E5C3054602D6033CA
:10EC700056223E315751463159414E2F563132249A
:10EC80005521362254213A22525135605141355E88
:10EC90005021355C4E51355A4D5135594D213D5B12
:10ECA0004931315549313156475131544521355358
:10ECB000444139534541355445512D5544513555FD
:10ECC0004541415F4541415A424139453C42314904
:10ECD0005B5D542A482842533E312D4348514551EB
:10ECE0004144315C592C534B42453A2B3F213D5115
:10ECF0003E4131513D413D4A3D3139483D31394B2D
:10ED00003B51314A3B212D473A5131483941354A2F
:10ED10003721354D3331314A3021294730512D4883
:10ED200034213D4D3731414F3E414D5946314D60C3
:10ED30004D415A26524156255421355E5651295E81
:10ED40005B412A285E212E315E3136365E21323417
:10ED50005E312A3A5E312A3E5E313A405D41463BA1
:10ED60005D213E345D3132335E21363D5E513A3EA7
:10ED70005E2136375C5142365C413E375E21363883
:10ED80005E41363A5D313E3B5D414A3E5F3156421F
:10ED90005D41563C5C31322F5D21362F5D31362E80
:10EDA0005D3142365C4142405D21364753314E422F
:10EDB0003A32362632322551412222224331315B0A
:10EDC0003E3131513B512D4C375129453B31394D65
:10EDD00041312D5343312551463125544D52223076
:10EDE00045422A2D39322E2330315D592F42315C74
:10EDF00036215D5E3C514E2240514D5D3D51555A8C
:10EE0000384149563832215F363222213022255B83
:10EE10002C52355C32423A213B322A283D215E2178
:10EE20003F215A223F4222233D423E243B323D6055
:10EE30003B215D5A3F42255F43222E26413221600D
:10EE40004141595F44523A2A44423E2847523A24AB
:10EE500052234238494426334A595C4B21212460CD
:10EE6000212124602121246021212460212124608A
:10EE7000212124602121246021212460212124607A
:10EE8000212124602121246021212460212124606A
:10EE9000212124602121246021212460212124605A
:10EEA000212124602121246021212460212124604A
:10EEB000212124602121246021212460212124603A
:10EEC000212124602121246021212460212124602A
:10EED000212124602121246021212460212124601A
:10EEE000212124602121246021212460212124600A
:10EEF00021212460212124602121246021212460FA
:10EF000021212460212124602121246021212460E9
:10EF100021212460212124602121246021212460D9
:10EF200021212460212124602121246021212460C9
:10EF300021212460212124602121246021212460B9
:10EF400021212460212124602121246021212460A9
:10EF50002121246021212460212124602121246099
:10EF60002121246021212460212124602121246089
:10EF70002121246021212460212124602121246079
:10EF80002121246021212460212124602121246069
:10EF90002121246021212460212124602121246059
:10EFA0002121246021212460212124602121246049
:10EFB0002121246021212460212124602121246039
:10EFC0002121246021212460212124602121246029
:10EFD0002121246021212460212124602121246019
:10EFE0002121246021212460212124602121246009
:10EFF00021212460212124602121246021212460F9
:10F0000021212460212124602121246021212460E8
:10F0100021212460212124602121246021212460D8
:10F02000212124604228585C5E4C575D56472A5681
:10F0300057213A3257213E37564126245541322135
:10F0400054213621533131605221315E5051315CAF
:10F050004F51315B4E3131594D4131584D41395A43
:10F060004C31355B4A41355A4821355646313D547D
:10F07000453139524541355245412D514551355261
:10F0800046213D5C47513D58464139463F42215358
:10F09000563B474C5C4E402237512124474225576E
:10F0A000443556335E4F383537544D593E21515A09
:10F0B0003C31395539212D443D21394540513D4D93
:10F0C00040413D4F3E2131493A51314B3751314A50
:10F0D000334139492F3131452F5139473451354961
:10F0E0003E513D5247413D594E31415D52413D5F98
:10F0F00054513A21572132235951362A5C213E334B
:10F100005C513E395D413A405E2132415D512A35C4
:10F110005E314A3F5D4152445D3146415D513A376F
:10F120005D41362F5D313A2E5D513A355E41323ABE
:10F130005E3132385C5142385C413E3A5E313A3C95
:10F140005E51323D5D31363D5D213E405E213E41A6
:10F150005F2242425C524A3B5D2156365D412A3372
:10F160005B212A305B41463A57414A3C47223E3CAC
:10F1700030422D60325145533841395536512D506A
:10F1800036212D4E3451394A363141493D31454FB2
:10F190004451395246413956474222224421395C72
:10F1A0004051315C402142243B414A2331315D5979
:10F1B0002D5229553522355E3D422A213C41495A7E
:10F1C0003A41455B3A5156213921562335322A229C
:10F1D0002F422D592C422D5232224D5D37423A2278
:10F1E0003A422A233D2226253E222E263B32256006
:10F1F00039322D5D3932215B3C22255F402232229B
:10F200004352262146215E254752422C4942562B25
:10F210005144363E4E473A573946505E21212460CC
:10F2200021212460212124602121246021212460C6
:10F2300021212460212124602121246021212460B6
:10F2400021212460212124602121246021212460A6
:10F250002121246021212460212124602121246096
:10F260002121246021212460212124602121246086
:10F270002121246021212460212124602121246076
:10F280002121246021212460212124602121246066
:10F290002121246021212460212124602121246056
:10F2A0002121246021212460212124602121246046
:10F2B0002121246021212460212124602121246036
:10F2C0002121246021212460212124602121246026
:10F2D0002121246021212460212124602121246016
:10F2E0002121246021212460212124602121246006
:10F2F00021212460212124602121246021212460F6
:10F3000021212460212124602121246021212460E5
:10F3100021212460212124602121246021212460D5
:10F3200021212460212124602121246021212460C5
:10F3300021212460212124602121246021212460B5
:10F3400021212460212124602121246021212460A5
:10F350002121246021212460212124602121246095
:10F360002121246021212460212124602121246085
:10F370002121246021212460212124602121246075
:10F380002121246021212460212124602121246065
:10F390002121246021212460212124602121246055
:10F3A0002121246021212460212124602121246045
:10F3B0002121246021212460212124602121246035
:10F3C0002121246021212460212124602121246025
:10F3D00021312860212124603736305E595E285162
:10F3E0005C5D50495B3B375257454E4B5852523249
:10F3F00059212E305621322E545142245331355D3D
:10F400005321355E5231355E5131315C5031355BBF
:10F410004F41355A4E5135594E31395A4E31395C7A
:10F420004D51395E4C31355D4951355A474135575B
:10F4300046213555454135524521355144513950C4
:10F44000435131514631395349313D53452141549E
:10F4500045352626605F342C4C465248424149547B
:10F460003F5349555E5F34343C3542273E412D5170
:10F470003E2129503B3129453E2139484031394E02
:10F480003E31314E3C313D4A3851394534512D4899
:10F490003241294C3421294A3951354C423149569F
:10F4A000494139575041355554512D5957514626E8
:10F4B0005B523A3A5F223A425E314A3A5D513E36F9
:10F4C0005D213A355D313A3A5C512A3B5E21323357
:10F4D0005D5146385C413E365D2136355E212E3029
:10F4E0005D512A2B5D31322D5D5136355E21363925
:10F4F0005D412E365D2136365C5132385E213A3C14
:10F500005E41363F5D5132405D513E445D513A436C
:10F510005D3136395D4236405E423E465D414A3C91
:10F520005B212A33572146344E224A3A3A222E246E
:10F530003051595A363131533651294D37313147CF
:10F540003D31414E4131394D474139544E213D5EA7
:10F550005321462955215A344E21322B455132210F
:10F56000424149603F51355B3E51415F3A21515F15
:10F570003332215D2E2159573442295D3832215FC3
:10F580003A41555E3A21555C362221593552255A69
:10F590003752255F3432355D2C2239542F4239578A
:10F5A0003232455D384236233F4222294031562AC5
:10F5B0003B323227382236233A322A233B322D5F20
:10F5C0003E32355E47522A264E322E2D4B325E2B6E
:10F5D0004B2426335459473A4A3A605D212124602E
:10F5E0002121246021212460212124602121246003
:10F5F00021212460212124602121246021212460F3
:10F6000021212460212124602121246021212460E2
:10F6100021212460212124602121246021212460D2
:10F6200021212460212124602121246021212460C2
:10F6300021212460212124602121246021212460B2
:10F6400021212460212124602121246021212460A2
:10F650002121246021212460212124602121246092
:10F660002121246021212460212124602121246082
:10F670002121246021212460212124602121246072
:10F680002121246021212460212124602121246062
:10F690002121246021212460212124602121246052
:10F6A0002121246021212460212124602121246042
:10F6B0002121246021212460212124602121246032
:10F6C0002121246021212460212124602121246022
:10F6D0002121246021212460212124602121246012
:10F6E0002121246021212460212124602121246002
:10F6F00021212460212124602121246021212460F2
:10F7000021212460212124602121246021212460E1
:10F7100021212460212124602121246021212460D1
:10F7200021212460212124602121246021212460C1
:10F7300021212460212124602121246021212460B1
:10F7400021212460212124602121246021212460A1
:10F750002121246021212460212124602121246091
:10F760002121246021212460212124602121246081
:10F770002121246021212460212124602121246071
:10F780002121246021212460212124603B37445D14
:10F790004B5A24565E3D303F5B4B3F5B572753240B
:10F7A0005525224958235A4458324A3657312A2976
:10F7B00057212A2655513E2753313E225221355C8E
:10F7C0005221355C5131315B5041355A4F413559E9
:10F7D0004F3135584E4135584E41355A4E41355BC3
:10F7E0004D51355D4D21355D4A51315C48413159AE
:10F7F00046413557453139554421395343413551F7
:10F800004151394D42312D4C48313D5A49413D58C5
:10F8100046323146595A4F2F42535D604F362A5473
:10F820003E333D51583C3F4D47354A3745524A21BA
:10F83000422139544031394B4231414F41514155B8
:10F840003C51394F37513D453531353F3721314CEA
:10F850003A5139573E21355444213D52495129519D
:10F8600050512D57574152265C42463A5E525E48EF
:10F870005F53224B5C314E355C21362D5D213A2B96
:10F880005D31362C5E213A335D312E345D312E2FC1
:10F890005E2132325E313A345E413E335E21363093
:10F8A0005D4132315E213A385E413E3D5E213A3C57
:10F8B0005D41363A5E31423D5D5136395D41323807
:10F8C0005D5132385D5136395E21463B5D313E38FF
:10F8D0005D5132375D5136395C213E395E523246D8
:10F8E0005D314A405452223B4453323635414553F0
:10F8F0004041455E442139544351315044512D4CCF
:10F90000495135545121455F5721422B59513E32BF
:10F91000592132345841363A5351563F47324231D9
:10F920003E52255E3C3135503E51555C3D31495F7C
:10F9300039515A2434422E262F315D5C3042315CDD
:10F9400036322D5E3931595A3932295B37322558D2
:10F950003931595C3942262335423A232E22315718
:10F960002C423D57324246223C223A2C40322A3029
:10F970003D322A2A39522E263A422E253A324E2537
:10F980003A32415F45422A244E415A284D525E2E5A
:10F990004B44223455494F3F494A485B212124605A
:10F9A000212124602121246021212460212124603F
:10F9B000212124602121246021212460212124602F
:10F9C000212124602121246021212460212124601F
:10F9D000212124602121246021212460212124600F
:10F9E00021212460212124602121246021212460FF
:10F9F00021212460212124602121246021212460EF
:10FA000021212460212124602121246021212460DE
:10FA100021212460212124602121246021212460CE
:10FA200021212460212124602121246021212460BE
:10FA300021212460212124602121246021212460AE
:10FA4000212124602121246021212460212124609E
:10FA5000212124602121246021212460212124608E
:10FA6000212124602121246021212460212124607E
:10FA7000212124602121246021212460212124606E
:10FA8000212124602121246021212460212124605E
:10FA9000212124602121246021212460212124604E
:10FAA000212124602121246021212460212124603E
:10FAB000212124602121246021212460212124602E
:10FAC000212124602121246021212460212124601E
:10FAD000212124602121246021212460212124600E
:10FAE00021212460212124602121246021212460FE
:10FAF00021212460212124602121246021212460EE
:10FB000021212460212124602121246021212460DD
:10FB100021212460212124602121246021212460CD
:10FB200021212460212124602121246021212460BD
:10FB30002121246021212460212124602D444C5F57
:10FB40002A334460454860575D2D48335B3A534C37
:10FB500052353E4D5151523059214E355D32463964
:10FB60005C32423A5A222A345551362755213226E0
:10FB70005451322454212E225441362252312D5CCC
:10FB80005121315B5041355A4F5135594F2135592B
:10FB90004E4139584E2135574D512D584D41315810
:10FBA0004D21315A4C41355A4A4131594821355934
:10FBB0004631355845213D5744313555434135543B
:10FBC00041212D4D4221354D45213953452129559E
:10FBD0004641455046345D6052295F2840425954A1
:10FBE0003F52514F515A3B2E42543A2244213554F0
:10FBF0004631415C452149554441455341313150DD
:10FC00003B412D4937412D46353129463C213D4D5B
:10FC100043215555462135524B312D535241355BC9
:10FC20005B222E315C2152385D4232485E224248CE
:10FC30005A41422C5A312D5F5B312D5E5C51322688
:10FC40005D41362E5D4132325E4142375E213E33A8
:10FC50005D212E305D4132335D5136345D212E33CE
:10FC60005D3136345D513A385D41363A5D41323B63
:10FC70005D51323D5E513E3F5E2136395D5132333A
:10FC80005E4142335C412A295C4132275C31362592
:10FC90005B31362B5D413E345D3146395A312E346D
:10FCA0005C314A3F58425A494652522F3F412D53E8
:10FCB0005141462C5351315D5431315E54212D5FF9
:10FCC000545132255651362D57412E30582132335A
:10FCD0005751323554315E3A495246373C32215DF4
:10FCE0003A21414F4151455944214D5E3D21555BDB
:10FCF0003842255E39215E233521595C2E32255448
:10FD00002F523959382232223D2152233A514D5F28
:10FD10003742255F394159603C315A2534423226F9
:10FD2000302232212D32315D3052462236423E247D
:10FD30003B422E253D4236263B523A233D324A264F
:10FD40003E422A2242523A25474236244D22462834
:10FD50004F235638545A3B45335550602121246077
:10FD6000212124602121246021212460212124607B
:10FD7000212124602121246021212460212124606B
:10FD8000212124602121246021212460212124605B
:10FD9000212124602121246021212460212124604B
:10FDA000212124602121246021212460212124603B
:10FDB000212124602121246021212460212124602B
:10FDC000212124602121246021212460212124601B
:10FDD000212124602121246021212460212124600B
:10FDE00021212460212124602121246021212460FB
:10FDF00021212460212124602121246021212460EB
:10FE000021212460212124602121246021212460DA
:10FE100021212460212124602121246021212460CA
:10FE200021212460212124602121246021212460BA
:10FE300021212460212124602121246021212460AA
:10FE4000212124602121246021212460212124609A
:10FE5000212124602121246021212460212124608A
:10FE6000212124602121246021212460212124607A
:10FE7000212124602121246021212460212124606A
:10FE8000212124602121246021212460212124605A
:10FE9000212124602121246021212460212124604A
:10FEA000212124602121246021212460212124603A
:10FEB000212124602121246021212460212124602A
:10FEC000212124602121246021212460212124601A
:10FED000212124602121246021212460212124600A
:10FEE00021212460212124602121246021212460FA
:10FEF00021212460212124602121246031345C5F90
:10FF00005C3E30415B594F3455324E295A213630D0
:10FF10005A312E36595146375D22263C5C414630D7
:10FF20005A413A2D58413E2C55312E2554212A2232
:10FF30005431362354513A225451315F51512D5B83
:10FF40005041355A5021395A4F4135594E51355843
:10FF50004E4139584D5135574D4131584D41315829
:10FF60004D2131574C3131584A3131574841315781
:10FF70004721355A4541395844513157443131565A
:10FF8000433131534351314F4321354D4151355662
:10FF90004521455C44434558604F48303D433D440E
:10FFA0003F2121445B4E235F48272A454751515C3E
:10FFB0004A31255C4541395340414D4E3C51394908
:10FFC0003C3129473D41314C3C21314F4031454A7C
:10FFD0004621314450512D5959514A2D5C314E31F1
:10FFE000595126285D21523E5E3232495B415238DA
:10FFF0005A3132235B21315D5C413A215D21362942
:020000041004E6
:100000005D41362F5D41322F5E31422F5E214230FD
:100010005D513E315E2142355E3142395D513E389F
:100020005D413E355D413E335D313A345D513A3993
:100030005D412A355E3132355E212E315E413A31E5
:100040005D513A2E5D313A2B5C4136265B412A23C5
:100050005B212E275C514A335C314A345A41423489
:1000600059212E325751523555323E3A52314E2D8A
:1000700059515E385C214A365C5142355B413A3118
:100080005851362B5451362A5121422A4E414A2D7D
:100090004E31563147523A313B314957402129546C
:1000A0004751355D4A31315E484141603F513955D4
:1000B000393141523A52215C3C22216036323D5F57
:1000C0002E3229553122315F383226283B515A2BA6
:1000D0003A4156233A51595F3C4226243A42322F44
:1000E0003832422F31323E242C22555E2C524D5C48
:1000F000344241603C2246273D323E264142362A68
:1001000044422A2C43524E2B45532E2C4B432A2F2C
:1001100049535E32534B53542121246021212460E2
:1001200021212460212124602121246021212460B7
:1001300021212460212124602121246021212460A7
:100140002121246021212460212124602121246097
:100150002121246021212460212124602121246087
:100160002121246021212460212124602121246077
:100170002121246021212460212124602121246067
:100180002121246021212460212124602121246057
:100190002121246021212460212124602121246047
:1001A0002121246021212460212124602121246037
:1001B0002121246021212460212124602121246027
:1001C0002121246021212460212124602121246017
:1001D0002121246021212460212124602121246007
:1001E00021212460212124602121246021212460F7
:1001F00021212460212124602121246021212460E7
:1002000021212460212124602121246021212460D6
:1002100021212460212124602121246021212460C6
:1002200021212460212124602121246021212460B6
:1002300021212460212124602121246021212460A6
:100240002121246021212460212124602121246096
:100250002121246021212460212124602121246086
:100260002121246021212460212124602121246076
:100270002121246021212460212124602121246066
:100280002121246021212460212124602121246056
:100290002121246021212460212124602121246046
:1002A0002121246021212460212124602121246036
:1002B00021212460212124602D54385F5A4D344976
:1002C000534556465D2256355D21462F5C415238D6
:1002D0005A51523B5C324245583146315931362AE7
:1002E0005721262556513A2954312A2254213A249D
:1002F0005231315D51412D5B5051295750512D598B
:100300005051315A5031355A4F5135594F21395981
:100310004E4139584E3135574E3131594E313159A0
:100320004D5131564D2135584B413559494135597B
:100330004751315A464135594551315945412D5959
:100340004641355847212D4F463145523F31254FC3
:1003500042414A213D3129435E5F30234F394656A1
:100360003D31253D523B533744563E354751395771
:100370004931315B4131414D3A21253F3D512546BF
:100380004421395245414D543F512541465125465E
:1003900054314A225B214A2D5A31322758213224C6
:1003A000583126295E2146405E31563C5A51362648
:1003B0005B3136245D3142285D2136285D513A2B70
:1003C0005D513A2B5D513A2A5D413A275D212E2835
:1003D0005E213A335D51363A5D3132375C512A3312
:1003E0005D3132365D513A385D212E355D212A2D41
:1003F0005D31322A5E313E2D5D51362D5D51322FF9
:100400005D4136315D513E365D2136355C413A37CE
:100410005B513A335A512A2C5A513E2E57412E25C0
:100420005751362756512E2656213A2B56414233E4
:10043000575132325541422E55314A3053514A2F8D
:100440004F21562D475156274332422C3F222E280A
:100450003B51395D3C41295644512D5A5041462D5E
:1004600051313A294D4131604C412D5E4B2152248E
:100470004241495A3A51394E3E223A213A42255E8A
:10048000353231602E42295D2D522D6034415E247B
:100490003C514A273E215A243942295C3B215E22A5
:1004A0003B42262539523E29343246232F525221CF
:1004B0002F323D5E345242253A42562E414252344A
:1004C000462246354552462E4A33563B4D35324933
:1004D000544A33464539445A21212460212124605D
:1004E00021212460212124602121246021212460F4
:1004F00021212460212124602121246021212460E4
:1005000021212460212124602121246021212460D3
:1005100021212460212124602121246021212460C3
:1005200021212460212124602121246021212460B3
:1005300021212460212124602121246021212460A3
:100540002121246021212460212124602121246093
:100550002121246021212460212124602121246083
:100560002121246021212460212124602121246073
:100570002121246021212460212124602121246063
:100580002121246021212460212124602121246053
:100590002121246021212460212124602121246043
:1005A0002121246021212460212124602121246033
:1005B0002121246021212460212124602121246023
:1005C0002121246021212460212124602121246013
:1005D0002121246021212460212124602121246003
:1005E00021212460212124602121246021212460F3
:1005F00021212460212124602121246021212460E3
:1006000021212460212124602121246021212460D2
:1006100021212460212124602121246021212460C2
:1006200021212460212124602121246021212460B2
:1006300021212460212124602121246021212460A2
:100640002121246021212460212124602121246092
:100650002121246021212460212124602121246082
:100660002121246021212460212124602121246072
:1006700021212460212124605D3D502E55354E4DB1
:100680005B415A3C5A213A375A52423C5D52463BF2
:100690005D5152345C213A375851263058412A274F
:1006A0005651322654513624525136215151395E19
:1006B0005221395C5231315A52512D5A51412D5AE1
:1006C0005051315A5041355A5021355A4F413559C0
:1006D0004F3135594E5135584E51355A4E51355A84
:1006E0004E4135584D51355A4C31395B4A41395B91
:1006F0004841315B4751315A4731315B4721355CC5
:10070000475139584A21455648413D5344212D55BA
:1007100043413D5C3B31213F564C333D5C3D374AC4
:100720003D433D4A5B4E33594B274E474B41595F42
:100730004C31416044513D514341414E47413D564A
:10074000464139544131254249412D4A55215629C6
:1007500059413E2D58313A23552131595451295E82
:100760005C215E3D5D5136405E2136345B51322462
:100770005C3132285D213A295B5126215C21255EBE
:100780005D2136215C512E265D413A2E5D313226A7
:100790005D3136255D413A295D41362E5D4132306D
:1007A0005D513A2D5D513E2A5D41322C5D513E3105
:1007B0005D313E2B5D213A2B5D313E305D21323182
:1007C0005D213A375C4136395C21323B5B412E3C3E
:1007D0005B312A365A412E3158313A2955413D6014
:1007E0005331355B5231395E4F513A234C413627F4
:1007F0004C315E3245414A21435156233F215E250B
:1008000038515E2133313D553651515A3D312D57C6
:1008100046312D5C4F31422A5341422E5441322CF5
:100820005251362A50512E2351512E254E514224D9
:1008300048415621423141583A21495039322159D3
:100840003A322623362226252E22295E2E423A21AE
:1008500036515E233D322A283B2232213B515D59DD
:100860003B41595A3E322A253F42322C3A522E2AD7
:100870003522422A31324E2A32525A2E3733222E14
:100880003E53363446425A34514452504B26425419
:10089000583E283821212460212124602121246010
:1008A0002121246021212460212124602121246030
:1008B0002121246021212460212124602121246020
:1008C0002121246021212460212124602121246010
:1008D0002121246021212460212124602121246000
:1008E00021212460212124602121246021212460F0
:1008F00021212460212124602121246021212460E0
:1009000021212460212124602121246021212460CF
:1009100021212460212124602121246021212460BF
:1009200021212460212124602121246021212460AF
:10093000212124602121246021212460212124609F
:10094000212124602121246021212460212124608F
:10095000212124602121246021212460212124607F
:10096000212124602121246021212460212124606F
:10097000212124602121246021212460212124605F
:10098000212124602121246021212460212124604F
:10099000212124602121246021212460212124603F
:1009A000212124602121246021212460212124602F
:1009B000212124602121246021212460212124601F
:1009C000212124602121246021212460212124600F
:1009D00021212460212124602121246021212460FF
:1009E00021212460212124602121246021212460EF
:1009F00021212460212124602121246021212460DF
:100A000021212460212124602121246021212460CE
:100A100021212460212124602121246021212460BE
:100A200021212460212124602121246021212460AE
:100A30004E4B4C5B5D4C2B5F54415E21574146252C
:100A400058212E2D593136345841362E59212A2617
:100A500059312225563126265421362753513560E7
:100A6000533139605231395F51413D5D5131395B0C
:100A70005221355A5251315A53412D595231315B1D
:100A80005121355B5041355A4F5135594F413559F8
:100A90004F4135594F4135594F31315A4F21315A14
:100AA0004F213D5C4D51355B4C21355A4B21395D11
:100AB00049212D5B4821355B4751315A4741355A11
:100AC00047213554484139534A41395B4A21395B02
:100AD0004841455C4151414D46563A33515A4F29A0
:100AE00043573639583D5B4C533953244B52296098
:100AF0004F3142224851415742313D4D4251294BDD
:100B00004551294F4A21295458314E3057214E2AF8
:100B10005231315451312D4954513D5A5A31523983
:100B20005D2146435E213E3C5D3136305D21362DF0
:100B30005D413E2C5C5132245B3125575C3135568A
:100B40005C31315C5D213A2C5C512E365C412E27A4
:100B50005F214E345E5146355E2142305C51322B6E
:100B60005D413E315C512E335D513E385F32223E55
:100B70005C2146335B413A315B212E2F5B4136339A
:100B80005B313A345A5136335A3132345951323357
:100B90005B213A3658413E3053413A245051315B43
:100BA00050512D5A4F514E244932362B3F52422834
:100BB0003731555C31513551353135553931215544
:100BC0003E312D5A4241416047214A234C31422552
:100BD00051413E295341422A52213A26522132257F
:100BE00055213E2C55212A2853412E284E513E2571
:100BF0004A2141604851415F4131595D3931555574
:100C00003C222A223C414A2338322A272F524222B0
:100C10002E42315C3452362338423A233D22295B3E
:100C20003A52255A3B515D5E40315A2941522A328F
:100C30003D524A363732563232424A2A313326281A
:100C4000374352304443563B4F345E4F515A27434B
:100C50003B273C5B21312860212124602121246035
:100C6000212124602121246021212460212124606C
:100C7000212124602121246021212460212124605C
:100C8000212124602121246021212460212124604C
:100C9000212124602121246021212460212124603C
:100CA000212124602121246021212460212124602C
:100CB000212124602121246021212460212124601C
:100CC000212124602121246021212460212124600C
:100CD00021212460212124602121246021212460FC
:100CE00021212460212124602121246021212460EC
:100CF00021212460212124602121246021212460DC
:100D000021212460212124602121246021212460CB
:100D100021212460212124602121246021212460BB
:100D200021212460212124602121246021212460AB
:100D3000212124602121246021212460212124609B
:100D4000212124602121246021212460212124608B
:100D5000212124602121246021212460212124607B
:100D6000212124602121246021212460212124606B
:100D7000212124602121246021212460212124605B
:100D8000212124602121246021212460212124604B
:100D9000212124602121246021212460212124603B
:100DA000212124602121246021212460212124602B
:100DB000212124602121246021212460212124601B
:100DC000212124602121246021212460212124600B
:100DD00021212460212124602121246021212460FB
:100DE000212124602121246028224C60534C4C593D
:100DF0005A2A2B435321215E5951462C592136251D
:100E00005641395F5541395F56213A2455312E24D8
:100E10005451362454212D5E5431355D5221395BB5
:100E20005221355B5221355A515135595131315882
:100E300050513957502135564F5139555041355839
:100E40005041315A502135594F51355A4F31395946
:100E50004E5139584E5135594E51355A4E51355BD8
:100E60004E21355D4D21355B4B31315A4A21315B85
:100E7000483131594741355847213157472131567B
:100E800046413150473135544A4132234C31395C67
:100E90004B213D5447213D5540212D4949283E4F86
:100EA0004A49525A4F3B2E5F4B474A434C535E2BA5
:100EB0004A4135584221314A3B212940415121497B
:100EC0005021295E5851462F5731322E5351355EED
:100ED0005051254B5551455C5C32323C5E222649CF
:100EE0005E415A455D31322F5E413E315D513631B2
:100EF0005D2132285C3131605C21315B5C41415DB8
:100F00005C4136245E5156365D4142385C213228C0
:100F10005D213E275C313A245B5132255B512E2501
:100F20005C213A275C31362C5D414A385C314239CC
:100F300058412E2B59212E2C59212E2B5851262A1F
:100F400059312E2C58512E2B58312E2A58212A290E
:100F500056512E255451322452213A2350413A25DC
:100F60004F513E2A49315A2B3B315D5C3331314E72
:100F70003921255440313D5C4341395B4741415C57
:100F80004A51415D4C31415D4C51415F4D514226CA
:100F90004E413E2B4E3136264E41395E5021356052
:100FA0005151362551513E2A50213628502136289C
:100FB0004F312E264C313222474152264032216099
:100FC0003B4145573E5222233D32222736322E22C4
:100FD0003032355E2E52356030423E213822356047
:100FE000395236223B3232263C222E273D222227FE
:100FF0004022362F40424E323E425A303A332E2E55
:10100000392352313E435E3449364256523C2445E0
:1010100021212460212124602121246021212460B8
:1010200021212460212124602121246021212460A8
:101030002121246021212460212124602121246098
:101040002121246021212460212124602121246088
:101050002121246021212460212124602121246078
:101060002121246021212460212124602121246068
:101070002121246021212460212124602121246058
:101080002121246021212460212124602121246048
:101090002121246021212460212124602121246038
:1010A0002121246021212460212124602121246028
:1010B0002121246021212460212124602121246018
:1010C0002121246021212460212124602121246008
:1010D00021212460212124602121246021212460F8
:1010E00021212460212124602121246021212460E8
:1010F00021212460212124602121246021212460D8
:1011000021212460212124602121246021212460C7
:1011100021212460212124602121246021212460B7
:1011200021212460212124602121246021212460A7
:101130002121246021212460212124602121246097
:101140002121246021212460212124602121246087
:101150002121246021212460212124602121246077
:101160002121246021212460212124602121246067
:101170002121246021212460212124602121246057
:101180002121246021212460212124602121246047
:101190002121246021212460212124602121246037
:1011A000212124602B234060554C5455583843333B
:1011B00056215E2857413622555132265631362463
:1011C0005631355B55412955562135595631355DD6
:1011D00056513E215641462455314E235251355ADF
:1011E00052313559522131585151315851312D55C3
:1011F00051213155512135555041395650313958C9
:101200004F5135594F3131584E4135574E21355791
:101210004D5135574E3139584E41355A4E41395B53
:101220004D31395D4C31395D4A51355C4851315849
:10123000474131584721315546513554465135556E
:10124000474139524921415D4A313A294A51295889
:101250004A51354E49513D5B4531596046573A48F0
:101260005D2E5C27474A3A4A513A225F4441214762
:101270004A51395848213D544A313D5954213E295B
:1012800058414A3053214A234F3131525251315A39
:101290005841462E5E523A4C5E5152455D512E33B6
:1012A0005D51362D5C51362C5C412E2E5D31322D38
:1012B0005C5132265C4131605D313E265C513A2AF8
:1012C0005D214A305D314A315B212A265A31222381
:1012D0005C21422B5C414E2D5A312A235A41322443
:1012E0005C214A2E5B3136315B41323A5A212E3431
:1012F00058313A2658212E2359213E295841362764
:10130000585136295831362A5821362A5751322811
:1013100057213A245521422453313A2A4F21322C65
:101320004631562D3A21455D3721295240313E2123
:10133000455146254841415E4851355B4841295653
:101340004A3135594B2139594B3139564A5131546B
:101350004A512D554B213D584B2131574F21355F77
:10136000512136234F2142274C413A2450513629EE
:101370005321322D4D5132264651422445223629E1
:101380003F21595D3A515D5939515D5A3A42222205
:1013900039222A27325232272D2246242F324E2438
:1013A00037323A2A3D223A303B42422C3A423A26E0
:1013B00041324E2D45523E2C4722522E48434E3F3D
:1013C0004354264143255E4E485947393235305EF5
:1013D00021212460212124602121246021212460F5
:1013E00021212460212124602121246021212460E5
:1013F00021212460212124602121246021212460D5
:1014000021212460212124602121246021212460C4
:1014100021212460212124602121246021212460B4
:1014200021212460212124602121246021212460A4
:101430002121246021212460212124602121246094
:101440002121246021212460212124602121246084
:101450002121246021212460212124602121246074
:101460002121246021212460212124602121246064
:101470002121246021212460212124602121246054
:101480002121246021212460212124602121246044
:101490002121246021212460212124602121246034
:1014A0002121246021212460212124602121246024
:1014B0002121246021212460212124602121246014
:1014C0002121246021212460212124602121246004
:1014D00021212460212124602121246021212460F4
:1014E00021212460212124602121246021212460E4
:1014F00021212460212124602121246021212460D4
:1015000021212460212124602121246021212460C3
:1015100021212460212124602121246021212460B3
:1015200021212460212124602121246021212460A3
:101530002121246021212460212124602121246093
:101540002121246021212460212124602121246083
:101550002121246021212460212124602121246073
:1015600031244C5F5B4D584E5737232555315E2B48
:101570005631322157513E225621322255513621C1
:101580005551322155413560554135605551322113
:101590005621322256313A2555413E225321395B9C
:1015A00052313559514135585051355750413557C1
:1015B00050413557505135575131355850513558A4
:1015C0004F4131564E2131564C5135554C413154D5
:1015D0004D3135564E2139584E2139584E213D5AFC
:1015E0004C5139594B5135594A31315648213154B2
:1015F0004641315446313955473139584841355AB9
:1016000048213957463139574541315C46412957C0
:10161000495131564B21355E46514A213921213BF2
:101620005C5E2C21522C5F35575C273847535A2378
:101630004931495A4D51356051414E2A5351422941
:101640005321315E4C2125535051294D58215A2B9D
:101650005C21523B5E3142415F41363D5E51363343
:101660005D4132315D2142375D313E345D21322BA7
:101670005C513A295D213E275C213E265B313224B4
:101680005B3132255B3132265B41322858412A21B9
:10169000592152285B522A3059313224582136269A
:1016A00058213A295A21362E5B2132325B213634B9
:1016B0005D5222405C3132305B31322B5A212E296F
:1016C0005B41423759413E3559214230565126211E
:1016D00055212A2952413E314E214230424146286D
:1016E00036214D5938213554462156244A41395E18
:1016F0004B4131594B3139594B212D5D4B313A23F7
:101700004A5136214C21355B4A512D564A313D5DB7
:1017100046312D5D4341295A445135574651315B7D
:101720004A2135604A5131604C513E224D5132239D
:101730004F2136284E31462B4822222A42323E275C
:101740003B222D5B3451494E3822355B3952215DA5
:101750003C322E273A222E28354232252F5246245B
:101760002E424221325242243B424E2D41525231AE
:1017700041524E2B43324628494326334E3342389A
:101780004D545E454C382323502C284A2121246097
:101790002121246021212460212124602121246031
:1017A0002121246021212460212124602121246021
:1017B0002121246021212460212124602121246011
:1017C0002121246021212460212124602121246001
:1017D00021212460212124602121246021212460F1
:1017E00021212460212124602121246021212460E1
:1017F00021212460212124602121246021212460D1
:1018000021212460212124602121246021212460C0
:1018100021212460212124602121246021212460B0
:1018200021212460212124602121246021212460A0
:101830002121246021212460212124602121246090
:101840002121246021212460212124602121246080
:101850002121246021212460212124602121246070
:101860002121246021212460212124602121246060
:101870002121246021212460212124602121246050
:101880002121246021212460212124602121246040
:101890002121246021212460212124602121246030
:1018A0002121246021212460212124602121246020
:1018B0002121246021212460212124602121246010
:1018C0002121246021212460212124602121246000
:1018D00021212460212124602121246021212460F0
:1018E00021212460212124602121246021212460E0
:1018F00021212460212124602121246021212460D0
:1019000021212460212124602121246021212460BF
:101910002121246021212460212124602F34305F83
:101920005B4D444750453A445722222E5A21462EB9
:1019300059313A2A55513E235641362256413222D8
:101940005631362256313624554132235541322301
:10195000555132235631362455413A215341355B96
:101960005241395A52213559512139585051355720
:101970005051355751213157513135585031355823
:101980004F2135584D4135564C2139554C21355450
:101990004C5135564D3135584D2131574C512D56FE
:1019A0004B5135564B3135564A21355547513154F7
:1019B00046413154455135544641395747513959BB
:1019C00047313956453139554331395742513151F3
:1019D00044412D4F464129524541395940313D49F5
:1019E000455636325A4D5352542B4B343F315D4697
:1019F00049213D544E51355C53313A2653313A22F8
:101A00004D4129514D51295257415E245D224A3D95
:101A10005B514A3D5C41323F5D41323B5D51323862
:101A20005D4136385D41363C5E3132365F213A2EBB
:101A30005E213A2B5C3136265A3136215A313E230B
:101A400058312D6057513622584146275741316051
:101A50005621355E5631255C584132245651322389
:101A600057313A295A21362E5B3136315A513E349C
:101A70005A213A365B313E325A41362D59213A2DA0
:101A80005821322F5A4142365A31323159213E2D96
:101A9000582136354E513A304031522235414D565B
:101AA000384141574441315F4B413A234C313D5D10
:101AB00052213A215321422751313E274A41316078
:101AC0004B213D604851395D46514D5E4431415B8B
:101AD00044314621402135573C21354F3E41315359
:101AE0004251415A45514D5F4551415B442139595D
:101AF0004431556043422224415222213E212D533C
:101B00004032215E41322E223F514D5D403226242B
:101B10003D5222243B52362739523A2838323E2B46
:101B2000312242222D42455E325252253C23223040
:101B300041324E2F48332E384B525E374C433A34A5
:101B40004E362E4E555B5C232B533C602121246086
:101B5000212124602121246021212460212124606D
:101B6000212124602121246021212460212124605D
:101B7000212124602121246021212460212124604D
:101B8000212124602121246021212460212124603D
:101B9000212124602121246021212460212124602D
:101BA000212124602121246021212460212124601D
:101BB000212124602121246021212460212124600D
:101BC00021212460212124602121246021212460FD
:101BD00021212460212124602121246021212460ED
:101BE00021212460212124602121246021212460DD
:101BF00021212460212124602121246021212460CD
:101C000021212460212124602121246021212460BC
:101C100021212460212124602121246021212460AC
:101C2000212124602121246021212460212124609C
:101C3000212124602121246021212460212124608C
:101C4000212124602121246021212460212124607C
:101C5000212124602121246021212460212124606C
:101C6000212124602121246021212460212124605C
:101C7000212124602121246021212460212124604C
:101C8000212124602121246021212460212124603C
:101C9000212124602121246021212460212124602C
:101CA000212124602121246021212460212124601C
:101CB000212124602121246021212460212124600C
:101CC00021212460212124602121246021212460FC
:101CD00021212460212124602A3324605B5D30456A
:101CE00050452E3C5631562456513E245831362903
:101CF00058413A2B56213226574136255741322337
:101D00005721362356413222563136225551362339
:101D1000554132235551362455413A215421395CDD
:101D20005341355B52313559514135585121315765
:101D30005051355751213157512131574F51315859
:101D40004E2135574C5139564B5135544B31355541
:101D50004C2139574C3135574C3135574C21395777
:101D60004A4131544A413154494131554831315445
:101D7000464131524531355344413554453135554D
:101D8000435131524131294E4131355241313D4F5C
:101D90004241394B42512549453135554431394F3E
:101DA00043314946535B3B355E3E382543243A2454
:101DB000482131534D5145545051355251413152C2
:101DC0004E21315359223A385E22563E5E32464504
:101DD0005D52324B5D52224A5C5142405D313E3D84
:101DE0005D51363C5E312E3F5D5132345D41422AB9
:101DF0005B5136265B21422559313D605741315EAA
:101E00005641315E5621315F5641362157313621D8
:101E10005531295B56212D5E5821362456413624F2
:101E2000572136275A21362E5B4136325A31363207
:101E3000585132305C4142395D41423859313A3073
:101E40005A21362F5C513E375B31423958312A33A3
:101E500053313E3543515E27382229593D314D5A81
:101E60004931522A4E2136274F5136264F413A22C8
:101E7000524146254F5126215141362652214228B2
:101E800049214E213E2151573C2135543E51295480
:101E900041413155422149593F51495841514D5CC9
:101EA0004331495E4431415C4521415C46515E23EA
:101EB00045515624443142224521355D495222285C
:101EC00049514E244C323A314641562542322A2657
:101ED0003E2226233D3236273D223A293C22322813
:101EE0003A32422C354242293132562632232228B8
:101EF0003B234E354623463C4D53263D4E345A47F0
:101F000050294B3340483C5A212124602121246030
:101F100021212460212124602121246021212460A9
:101F20002121246021212460212124602121246099
:101F30002121246021212460212124602121246089
:101F40002121246021212460212124602121246079
:101F50002121246021212460212124602121246069
:101F60002121246021212460212124602121246059
:101F70002121246021212460212124602121246049
:101F80002121246021212460212124602121246039
:101F90002121246021212460212124602121246029
:101FA0002121246021212460212124602121246019
:101FB0002121246021212460212124602121246009
:101FC00021212460212124602121246021212460F9
:101FD00021212460212124602121246021212460E9
:101FE00021212460212124602121246021212460D9
:101FF00021212460212124602121246021212460C9
:1020000021212460212124602121246021212460B8
:1020100021212460212124602121246021212460A8
:102020002121246021212460212124602121246098
:102030002121246021212460212124602121246088
:102040002121246021212460212124602121246078
:102050002121246021212460212124602121246068
:102060002121246021212460212124602121246058
:102070002121246021212460212124602121246048
:102080002121246021212460212124602121246038
:1020900021212460212124605E4D403D5146264887
:1020A0005631562457213221565146295831362A65
:1020B0005841322A5651362857413A245731362151
:1020C0005721322156413222555136215531322184
:1020D0005451362154513621545135605351355B9A
:1020E0005341355B52313559513131575051315689
:1020F0005041315650313556504131564E5131577D
:102100004D4135584C2135564B2135554B213154D5
:102110004C2139574C2139574B5135564B31355796
:10212000494131534A213153495131554851315474
:1021300047213954452139534331395242513152A3
:1021400042213551405135504021354E3F41354AAD
:10215000402131484221394D4321355043513951B5
:102160004231394941463A2F5F3F24323F55563478
:10217000434141504A4131475121354C5531415736
:102180005A33363E5C4242485C415E3C5D422644E6
:102190005F3242505E2222495D414E3F5D51463AD8
:1021A0005D513A385E3136395C31322D5A21322157
:1021B0005921295E5A314E245741355C5641315CD4
:1021C0005641355F56413A2256413A2257313A211B
:1021D00056214621575156275721316056212E222C
:1021E000573136275A41362E5B5132325A413630FA
:1021F0005C3152355C412E365D51363B5C51323795
:102200005C5142345D2136355B41323952315A3DA1
:1022100045524A34394159583F41455A4C413A2573
:102220005341322D54214A2D5421462A53213A2616
:10223000512142254E312E234D5136234F514229F3
:102240004241495C3A3141543F31415C4441416033
:1022500045213959453139594431315842412D567A
:1022600040412D5640413D584231515C4531556009
:10227000473142234A214A2A4C2142274F31522BCF
:1022800050514A2D50315E304A515E2B452226274F
:1022900041322E26405226264142362B3E223224FF
:1022A00041223A2D422252373C325A353342562986
:1022B000332336273C434A304E552E534F2747246D
:1022C000522C303A212124602121246021212460D4
:1022D00021212460212124602121246021212460E6
:1022E00021212460212124602121246021212460D6
:1022F00021212460212124602121246021212460C6
:1023000021212460212124602121246021212460B5
:1023100021212460212124602121246021212460A5
:102320002121246021212460212124602121246095
:102330002121246021212460212124602121246085
:102340002121246021212460212124602121246075
:102350002121246021212460212124602121246065
:102360002121246021212460212124602121246055
:102370002121246021212460212124602121246045
:102380002121246021212460212124602121246035
:102390002121246021212460212124602121246025
:1023A0002121246021212460212124602121246015
:1023B0002121246021212460212124602121246005
:1023C00021212460212124602121246021212460F5
:1023D00021212460212124602121246021212460E5
:1023E00021212460212124602121246021212460D5
:1023F00021212460212124602121246021212460C5
:1024000021212460212124602121246021212460B4
:1024100021212460212124602121246021212460A4
:102420002121246021212460212124602121246094
:102430002121246021212460212124602121246084
:102440002121246021212460212124602121246074
:10245000504B58575A5B3C265234563757222E2839
:1024600056213222572132275941362E5A31362FE2
:1024700058512A2756512D5F565136215641356005
:102480005551355F5541355F5451355E5421315DAD
:102490005341355D5321315D5321355B5321355A0D
:1024A0005251395A522135595051355750213155D1
:1024B0004F5131554F5135564F5135564E31355795
:1024C0004D3135574C3135564B4131554C213156F4
:1024D0004C3135574C2135574B5135564A513556AD
:1024E000495131524A212D534A41355549513556AA
:1024F0004741315344512D514251294E4141294EBA
:102500004241315242313D553E41354E3C313549D3
:102510003C3135473F31354B4141394E4141314FD7
:102520004021314D3D4536285F2F303744475649CD
:10253000413135414C21294D54213A245F33264BFA
:1025400060534A545E22524D5E4232466032424DE2
:102550005E5156445E514E3E5D4136335D31322C04
:102560005C4132275C2132265B5136235B213621C8
:102570005A513E225A31522457212D5C55512D5C1F
:1025800055212D5D5441315F545136215621315F23
:10259000533129595351355B5541355F55412E21F2
:1025A000574132275B21322F5B512E325B4136324D
:1025B0005C313A305A513A375B41423D5C41423DD1
:1025C0005B5132345A41363253314E344553223BFB
:1025D000365159573F51415A4D413E285351362BA0
:1025E00054512E2856513A2A57313E2B5431362712
:1025F0005131322350313A244F213A2846515A283A
:102600003C4135564041495D47514A234B313E24B8
:102610004C213E264A313A2146412D584431415BF6
:102620003F2135523C21394F3B21354B3D21354F20
:10263000412141574421496047222E264A22322A0D
:102640004E22222D4F514E2C4F315E2E4A415228A0
:1026500047215E29444222284442422C41423E22E4
:102660004132362443424A324523263D40532A38DC
:102670003D434E363A54222F4456364F552C435C38
:1026800034556060212124602121246021212460AF
:102690002121246021212460212124602121246022
:1026A0002121246021212460212124602121246012
:1026B0002121246021212460212124602121246002
:1026C00021212460212124602121246021212460F2
:1026D00021212460212124602121246021212460E2
:1026E00021212460212124602121246021212460D2
:1026F00021212460212124602121246021212460C2
:1027000021212460212124602121246021212460B1
:1027100021212460212124602121246021212460A1
:102720002121246021212460212124602121246091
:102730002121246021212460212124602121246081
:102740002121246021212460212124602121246071
:102750002121246021212460212124602121246061
:102760002121246021212460212124602121246051
:102770002121246021212460212124602121246041
:102780002121246021212460212124602121246031
:102790002121246021212460212124602121246021
:1027A0002121246021212460212124602121246011
:1027B0002121246021212460212124602121246001
:1027C00021212460212124602121246021212460F1
:1027D00021212460212124602121246021212460E1
:1027E00021212460212124602121246021212460D1
:1027F00021212460212124602121246021212460C1
:102800002121246021212460212124603024385F8B
:102810005A5B3B5B55442E3759514A235821255F5B
:10282000575136295731362D5931323158512E2CC6
:10283000563132215851395F5541315D5521355D51
:102840005451355D5431395D5421355D5341355C0A
:102850005251355B5231355C5241315A5241355AF1
:102860005231395A51513158505135574F513555D0
:102870004F5131554F5135564F5139564F213157E0
:102880004E2131574D3131564D2135564D31355749
:102890004D4135574D3131574C5135574C213557F6
:1028A0004A512D534B3131554B5135564B313557DC
:1028B00049413957465139564441315243513152B9
:1028C00043313553413131513D2131493A31354957
:1028D0003C21314C40413D514241394F4221314E22
:1028E00040213953394345555E2E50314E583A57A1
:1028F000492129465542422F5F335A605E225E5974
:102900005E3236485D422E455E322A455E214E3D9E
:102910005E4142385E212E2D5E2132285C513221EB
:102920005B21355B594139585A41395D5A51322141
:102930005A31362159313E2157212D5D55512D5D9A
:1029400055312D5E5451316055313A235551355E24
:10295000525131585241355A55213D5F55413A2126
:10296000575136285B4136315C212E335C31363489
:102970005C412A2E5A2146365941463C5B414A4029
:102980005C21423D5221562F46534E393A31415A2D
:102990004121515F4C213E265331362C54513E2B60
:1029A0005531362857412A295821322B56413E2B82
:1029B00053513A285021255E4E4226313D51515FF8
:1029C0003B2131574321495C4751395A4C312D5EE7
:1029D0004D412A264A512E21483135584751415DF3
:1029E0004651495F45314D5E43214D58415149564D
:1029F000412141563F4135533B5141503E315D5796
:102A00004321595C48215E244A315A274A32222AFE
:102A10004942463045424E3043224A294222315AE9
:102A20004242522442324E29463256354A232A3EE9
:102A30004A4436474A37326045594B2E3A47445943
:102A4000213128602121246021212460212124605A
:102A5000212124602121246021212460212124605E
:102A6000212124602121246021212460212124604E
:102A7000212124602121246021212460212124603E
:102A8000212124602121246021212460212124602E
:102A9000212124602121246021212460212124601E
:102AA000212124602121246021212460212124600E
:102AB00021212460212124602121246021212460FE
:102AC00021212460212124602121246021212460EE
:102AD00021212460212124602121246021212460DE
:102AE00021212460212124602121246021212460CE
:102AF00021212460212124602121246021212460BE
:102B000021212460212124602121246021212460AD
:102B1000212124602121246021212460212124609D
:102B2000212124602121246021212460212124608D
:102B3000212124602121246021212460212124607D
:102B4000212124602121246021212460212124606D
:102B5000212124602121246021212460212124605D
:102B6000212124602121246021212460212124604D
:102B7000212124602121246021212460212124603D
:102B8000212124602121246021212460212124602D
:102B9000212124602121246021212460212124601D
:102BA000212124602121246021212460212124600D
:102BB00021212460212124602121246021212460FD
:102BC000212124602131246035555C5F5A3C23600B
:102BD00051525E2D5A214A2A59412A245841322500
:102BE00058313A2956413629553132295441322536
:102BF00055413E215641395D5351295953512D5A62
:102C00005351355B5351355B5341355B5331315B28
:102C10005251355A5241315A5241315A5241315929
:102C20005231355952213559514131585121355878
:102C30005051355750213556502135565021355772
:102C40004F4131584E5135574E4135574E513557FA
:102C50004F2135584F2131584E3135594D31355866
:102C60004D2131554E2139594D3131584C4135594D
:102C70004A5135584851395747212D54464131550D
:102C8000444135534041314C3E512D493E51315024
:102C900041212D5744313958455141524441394F12
:102CA000425141563C31313E5D3B4B4E54272655F7
:102CB0005A23323F5E53364D5C524E505D224A5489
:102CC0005C422E485E415A475F215E405C312E2FA8
:102CD0005E2142305C512E245C2132215A51315CFC
:102CE00059313558582139565731395A5651315D75
:102CF00056312D5C5651315F5651315F57213A2282
:102D00005741362458213625583136265541315CF5
:102D100051513156514131575341355B55313A216B
:102D2000582132275C2136335C312E365C21323516
:102D30005D212A305C3146385A21423A5C214240BA
:102D400055313A39475326363A4221574541395F82
:102D50004F313A2853212E2A5431362A56213A2C03
:102D60005921322D594136305651322B56312A29AC
:102D70005651563350514E2A44223227394141563A
:102D80003F31495C44212D54462135534921415B53
:102D9000494136234741355E47312D534841315B28
:102DA0004A5136224A512D604A5135604A314622F5
:102DB00049214E2346514560404141563D514953BA
:102DC0003C5149513D4159543E3149543F5151596B
:102DD00041422E2241223A2542525A2B44224E2170
:102DE0004452562646525E2E49525E344C43423D72
:102DF0004E5552574E392736502C544621212460C7
:102E000021212460212124602121246021212460AA
:102E1000212124602121246021212460212124609A
:102E2000212124602121246021212460212124608A
:102E3000212124602121246021212460212124607A
:102E4000212124602121246021212460212124606A
:102E5000212124602121246021212460212124605A
:102E6000212124602121246021212460212124604A
:102E7000212124602121246021212460212124603A
:102E8000212124602121246021212460212124602A
:102E9000212124602121246021212460212124601A
:102EA000212124602121246021212460212124600A
:102EB00021212460212124602121246021212460FA
:102EC00021212460212124602121246021212460EA
:102ED00021212460212124602121246021212460DA
:102EE00021212460212124602121246021212460CA
:102EF00021212460212124602121246021212460BA
:102F000021212460212124602121246021212460A9
:102F10002121246021212460212124602121246099
:102F20002121246021212460212124602121246089
:102F30002121246021212460212124602121246079
:102F40002121246021212460212124602121246069
:102F50002121246021212460212124602121246059
:102F60002121246021212460212124602121246049
:102F70002121246021212460212124602121246039
:102F8000212124602F2438605F2D5C3E50442E3474
:102F900059213E2859313A2E5821423156413A277B
:102FA00056313622564131605431355F53313960E4
:102FB00056513E25555136225341315A5341315ACB
:102FC0005351315A5351355B5421395C5421355C8E
:102FD0005341355B5331395B5341355C5331315A81
:102FE0005321355A5251395A5251395A5241395A4C
:102FF00052213559513131575131315751313559AC
:103000005121395950413558503135585041355872
:10301000512139595041355A4F5135594F21355861
:103020004E5135584F41355B4F31315A4E21355B4A
:103030004C41355A4A513558495135594A31395B15
:10304000482139554451314B4521354F4531395986
:1030500046213A214621355A46313D4D4631354BC0
:10306000473139554921314A56545E3E5B55225409
:103070005D534A525F525A505D423A4E5D425A5138
:103080005D22424660222A485D513A325C5136291F
:103090005B3136245A413E2159313960583135600F
:1030A0005741315D5741355D5551315C5531355E84
:1030B0005451315D5531315E5631356056513222B1
:1030C0005841362659513A2A5A21422A5551355DDE
:1030D0005151355650313153523131585451315F7D
:1030E00057512A265C3136335C4132375B313A35F1
:1030F0005C513A325D3132335B41423A56415E3F78
:10310000485246393941495A4351455F52214A2B69
:103110005651322B5751362D5731463059213E32B8
:103120005B51363459212A2E5551322B5821362FD6
:1031300054413A2C4C5246363D214D583C412D4C81
:103140004721455C4C41315E4A41255A462125576D
:103150004351355A44213D5943513150434135552E
:1031600043313959433135584441415B4721496026
:1031700049515A284A515A2B4A315A284852262630
:103180004452262142422D5F4122295D40415D5C2F
:103190003F513D583E512D5543215A2348324A2B29
:1031A0004A2336344A325E314F33423F4E343A4539
:1031B0004E475728542C3C3E212124602121246075
:1031C00021212460212124602121246021212460E7
:1031D00021212460212124602121246021212460D7
:1031E00021212460212124602121246021212460C7
:1031F00021212460212124602121246021212460B7
:1032000021212460212124602121246021212460A6
:103210002121246021212460212124602121246096
:103220002121246021212460212124602121246086
:103230002121246021212460212124602121246076
:103240002121246021212460212124602121246066
:103250002121246021212460212124602121246056
:103260002121246021212460212124602121246046
:103270002121246021212460212124602121246036
:103280002121246021212460212124602121246026
:103290002121246021212460212124602121246016
:1032A0002121246021212460212124602121246006
:1032B00021212460212124602121246021212460F6
:1032C00021212460212124602121246021212460E6
:1032D00021212460212124602121246021212460D6
:1032E00021212460212124602121246021212460C6
:1032F00021212460212124602121246021212460B6
:1033000021212460212124602121246021212460A5
:103310002121246021212460212124602121246095
:103320002121246021212460212124602121246085
:103330002121246021212460212124602121246075
:10334000212124604929445758465B2156514A2679
:10335000594132265821322D56413E2F57314228AD
:103360005751315F57312D5B5631355D55513A21FB
:10337000563136245941422B55312D5B55212D5A5A
:1033800055212D5C55212D5C5541355E5531355DFE
:103390005531355E5521395E5451395D54313159BD
:1033A000543131595351355B5351395C5341395B79
:1033B0005251395B523135595221355952213559C3
:1033C0005151395951413959514131575151315860
:1033D0005221355A51313559502139584F413957B9
:1033E0005021355B5021315B5021395F4E31355CC6
:1033F0004D21355A4C2135584B212D574A41315AD0
:103400004A2131554A31355249513D564821415D95
:103410004521455F43213952445129444951294CA2
:103420004E41315C5923423B5C3336385F543A5449
:103430005D232E4C5C524A4A5C4256515F334A58D7
:103440005D523E3C5D512E2C5E212E275C313E2488
:1034500059413D5C57513D5A57413D5F57413621D7
:103460005751322358212E245741322157313E21C2
:103470005621395F5521355E5551396056513A21F3
:1034800058213E2358213A235741322257313A22BC
:103490005331395B51412D54524135555441355CBE
:1034A000565136245C2146345D313A395B513A3904
:1034B0005B513E355B41363458423A3D49225A36DB
:1034C0003A31415B4231315F50215A315631422B02
:1034D00057513E2A57213A2B5651362C58312E2E11
:1034E0005A212A3259213E365941423758513634F1
:1034F000515242374342562E4421295A4B513A21C8
:1035000050413A23525136285221362A4C31362323
:103510004751315B4631255545314558414141546C
:103520003E2145543D3151573C3145523E21455491
:1035300041514D5A45314A2247414A214A42262AA1
:103540004B322A2C4B522E304B323A314A423A31CE
:103550004A524E344953223549532E364D53423D3B
:103560004D4452494B344A434C343E405046565DDC
:10357000595C50303736305F21212460212124608E
:103580002121246021212460212124602121246023
:103590002121246021212460212124602121246013
:1035A0002121246021212460212124602121246003
:1035B00021212460212124602121246021212460F3
:1035C00021212460212124602121246021212460E3
:1035D00021212460212124602121246021212460D3
:1035E00021212460212124602121246021212460C3
:1035F00021212460212124602121246021212460B3
:1036000021212460212124602121246021212460A2
:103610002121246021212460212124602121246092
:103620002121246021212460212124602121246082
:103630002121246021212460212124602121246072
:103640002121246021212460212124602121246062
:103650002121246021212460212124602121246052
:103660002121246021212460212124602121246042
:103670002121246021212460212124602121246032
:103680002121246021212460212124602121246022
:103690002121246021212460212124602121246012
:1036A0002121246021212460212124602121246002
:1036B00021212460212124602121246021212460F2
:1036C00021212460212124602121246021212460E2
:1036D00021212460212124602121246021212460D2
:1036E00021212460212124602121246021212460C2
:1036F00021212460212124602121246021212460B2
:103700004529585F5B3B5B5D56423A2E5A312E2568
:1037100057514A2A5621356057513960583139601E
:1037200058513622585136225841322257513221AF
:10373000573136225731362158213E2257513621F2
:1037400057413A215741362257413A2256513A229F
:103750005651362356413A235551395F5441315819
:103760005441315754412D59544131595341315AE3
:103770005251355A5231315A5131315851513158D3
:103780005151315852213158522131585221355915
:1037900051413959503135584F4139574F213958D6
:1037A0004F513D5E4F31315F4E41355F4C51355B7E
:1037B0004C3131584D2139594C213D5A4A21355807
:1037C00048213D5546513552482131584621315600
:1037D0004241354B43512D434A41294953314623F8
:1037E0005D434A525E343A5B5C44264F60345E5C13
:1037F0005B53464A5F44325F5F535A5C5C423642D9
:103800005B4136285D413A225D31355F5951395A65
:103810005721455855413D585651355B5841322244
:103820005A51462C59513A2D59513A265841356032
:10383000563139605521315E55312D5D5741355C2A
:1038400059313D5E5831315D57412D5D5A51422FFE
:103850005751422754412D59533131525431395720
:1038600056213E215A3146315D3132385E31363D86
:103870005D21363D543152374B233A3C3C31355370
:1038800049213A225341362D55313A2D5731322DA7
:1038900053312E23504135605351422759314A321A
:1038A0005A3136325A313E385B41463C5722323E1D
:1038B00048425A343E5139524B31422754313E30FE
:1038C00056213E315251362951413E2852213E283F
:1038D00052313A25504136234C5139604941355BCC
:1038E0004751355B47313D5C4551495C424149593F
:1038F000413151594131595A3F314D574141495A4E
:103900004622262B4622262F465236334732322E67
:1039100047523A2B4642562A4252562442232E2AD6
:103920003F343A30543A5F50525B3352534C435C0D
:103930003D274C5B2121246021212460212124602A
:10394000212124602121246021212460212124605F
:10395000212124602121246021212460212124604F
:10396000212124602121246021212460212124603F
:10397000212124602121246021212460212124602F
:10398000212124602121246021212460212124601F
:10399000212124602121246021212460212124600F
:1039A00021212460212124602121246021212460FF
:1039B00021212460212124602121246021212460EF
:1039C00021212460212124602121246021212460DF
:1039D00021212460212124602121246021212460CF
:1039E00021212460212124602121246021212460BF
:1039F00021212460212124602121246021212460AF
:103A0000212124602121246021212460212124609E
:103A1000212124602121246021212460212124608E
:103A2000212124602121246021212460212124607E
:103A3000212124602121246021212460212124606E
:103A4000212124602121246021212460212124605E
:103A5000212124602121246021212460212124604E
:103A6000212124602121246021212460212124603E
:103A7000212124602121246021212460212124602E
:103A8000212124602121246021212460212124601E
:103A9000212124602121246021212460212124600E
:103AA00021212460212124602121246021212460FE
:103AB000212124602121246021212460475A385F7C
:103AC0005C4D3C465224363D5921562B59513A27DC
:103AD0005721362557213E2357513A2158213A2262
:103AE000583136225841362358513A2658313A2512
:103AF00057513A2557313E2455413960554141606F
:103B000055313D6055213E2154413E2154313A21E9
:103B100054213A2253513E2253513E2153513D5D8F
:103B200053513D5C5331395D5321395C52513D5EF7
:103B300052213D5D51213D5C5041355C5121415E3A
:103B400051213D5D51313D5D51313D5E50513D5DF5
:103B50004F41395B4E51355A4D4135594D313957E9
:103B60004C31394F4B3131534C21315A4C513A225F
:103B70004A51355E475139584641315248412D53DB
:103B800045413553413139514521214B4951314B43
:103B90004B212D445051494E5C2332385F43464FF0
:103BA0005D332A545F233A575D33324E59525E4299
:103BB0005E54325A5E233E555D52324D5E514A4646
:103BC0005E3132385D21322C58512D5E5651315ABA
:103BD0005551355A5551315A575131605921362670
:103BE0005821362A55512A275831322B5A31322C36
:103BF0005941362C5841322A5831362759313E2402
:103C000059413E225A314A275A2142275B513E2CC4
:103C100057513226534131605431395E5421315C61
:103C2000575132245C5132335D31323C5E214A4679
:103C30005B223E484B524A363B215D5544212D576D
:103C4000582142365C2136375A21363357512E2EB1
:103C5000542136254F51395F5141296059213E3059
:103C60005B313A365A413E3855214A334D4246354A
:103C70004141395945212D594B413E255041422B57
:103C800051414E2E4F413626504136275041262273
:103C900051413A265121322551513E2750214E287B
:103CA0004C514E244A514E2249513E2149213D60FA
:103CB00047314E214251415A4331395845215960CB
:103CC0004121555B3D2159593D52215C4222255FDE
:103CD0004632362647225A2846235E3143455E49FE
:103CE0005A3D54384639585D3947285D3C28245B95
:103CF00021212460212124602121246021212460AC
:103D0000212124602121246021212460212124609B
:103D1000212124602121246021212460212124608B
:103D2000212124602121246021212460212124607B
:103D3000212124602121246021212460212124606B
:103D4000212124602121246021212460212124605B
:103D5000212124602121246021212460212124604B
:103D6000212124602121246021212460212124603B
:103D7000212124602121246021212460212124602B
:103D8000212124602121246021212460212124601B
:103D9000212124602121246021212460212124600B
:103DA00021212460212124602121246021212460FB
:103DB00021212460212124602121246021212460EB
:103DC00021212460212124602121246021212460DB
:103DD00021212460212124602121246021212460CB
:103DE00021212460212124602121246021212460BB
:103DF00021212460212124602121246021212460AB
:103E0000212124602121246021212460212124609A
:103E1000212124602121246021212460212124608A
:103E2000212124602121246021212460212124607A
:103E3000212124602121246021212460212124606A
:103E4000212124602121246021212460212124605A
:103E5000212124602121246021212460212124604A
:103E6000212124602121246021212460212124603A
:103E7000212124602121246021212460503B5C5CAD
:103E80005A59434657215E2E59413E2857413E27F5
:103E900056512E2456313A235451395E55213960FA
:103EA00055213621543135605321315F5151315EF6
:103EB0005051315C5041315B5121355B5051395B80
:103EC0005051395B5031395C50413D5E5041415F4A
:103ED00050213D6050213D5F4F31455D4D4145587A
:103EE0004D4145584D313D584D213D584C5141595A
:103EF0004C2141584B5141594B41415A4A3141584B
:103F0000495141584A2141574A3139574A41355759
:103F10004A4135574A3135574A4131574A31315470
:103F200049412D494931314D49312D5449412D598E
:103F300048513D5A4631395545413551475135551E
:103F4000473139544631314D4B312D4C5121395285
:103F50005B435A3F5E34324E5F4446595B533245B1
:103F60005C325E425E333A4E5B5322435F542E50C6
:103F70005E535E4B5A215A315C4156375C213A2ED2
:103F80005B312E265B31362359412D5C5831315936
:103F900057312D545751295559412D595A51355F93
:103FA0005A21322358513E255B313A2B5D413A2E3E
:103FB0005C31362C5A4136295851362357513D60D1
:103FC000582136215A41422A5C313E2E59512D5BEF
:103FD0005741395D59313624583132235321355BED
:103FE0005551315D5C2126285C412E335A322241E5
:103FF0004D423A383831354D404129525431522FD3
:1040000058213A305A513A335D41323759413A34A6
:104010005631362A542132245321262356312E2C50
:1040200057312E2F53214A2F4D42563540214D579F
:1040300049413E234C3146264B5136224B413622D4
:104040004A512D604C5132214F412E2450412E2592
:104050004F313A264E5136235121322351413626D3
:1040600050414A274F422A2E4F215E2D5031462D76
:1040700051214A304F214A2E4C5226294751595F2F
:104080004722322148524A2749523E264C53223079
:104090004C33523748554243564C2F5E4E5B545971
:1040A00021212460212124602121246021212460F8
:1040B00021212460212124602121246021212460E8
:1040C00021212460212124602121246021212460D8
:1040D00021212460212124602121246021212460C8
:1040E00021212460212124602121246021212460B8
:1040F00021212460212124602121246021212460A8
:104100002121246021212460212124602121246097
:104110002121246021212460212124602121246087
:104120002121246021212460212124602121246077
:104130002121246021212460212124602121246067
:104140002121246021212460212124602121246057
:104150002121246021212460212124602121246047
:104160002121246021212460212124602121246037
:104170002121246021212460212124602121246027
:104180002121246021212460212124602121246017
:104190002121246021212460212124602121246007
:1041A00021212460212124602121246021212460F7
:1041B00021212460212124602121246021212460E7
:1041C00021212460212124602121246021212460D7
:1041D00021212460212124602121246021212460C7
:1041E00021212460212124602121246021212460B7
:1041F00021212460212124602121246021212460A7
:104200002121246021212460212124602121246096
:104210002121246021212460212124602121246086
:104220002121246021212460212124602121246076
:10423000212124602121246021212460523B5456F5
:1042400052533238535142245751462656512E2448
:1042500058413A2B57312E225631315E5551315E3D
:104260005521315D5341355C5221355B5021355923
:104270004E4131574D4135584A31254E4A31294E2C
:104280004A21294F4951294F4931254E4921254D70
:104290004851214E4851214E4741294C4521214644
:1042A0004521214645212147445121474441254983
:1042B0004431254943512147434121484341214746
:1042C00044212147452125494631294B4741295061
:1042D000492131534A2131544B2131554B312D560F
:1042E00049312952495135554751315145512D4C8C
:1042F0004621314A4851355049513956482135589F
:104300004A31314C4F512D465732422F5E335E5663
:104310005E544B225E244A5B5E544A575E243251FF
:104320005C4426515E34325D5F435E5A5D425240CA
:104330005B51362B5C4136295D314A2D5A3132248E
:104340005A41422359512D5D5D413E285C213A2559
:104350005951315D5951315C5A41315D5C212E23F7
:104360005C5132285D313A2E5D212A265D512E2284
:104370005C4132215A51355F5741395A55213156E6
:104380005551355B59312E255C51362E59313D58EA
:104390005921415E5D313E2D5B312E2B5841362532
:1043A0005721356058513A275921463251424E3BE8
:1043B000412246293D2131505031522A5821422E66
:1043C00053213224545132275A2136345A213A3754
:1043D0005751322D58413E2E58513E3057213E32D2
:1043E0005241362C4D2256333F52562346514E21D0
:1043F0004B5132234D5136244C413E224A31315EDD
:104400004A31355E4C2132224D4126224F51462AF7
:104410004D313E264C4152254D51562450315226A5
:1044200051214E295142222F51415A305231563298
:1044300052515A3452422A374F5242305032462E4D
:1044400052525E34525322335433423A5044223B48
:104450004F273E5C4B3A303431552C5E212124608D
:104460002121246021212460212124602121246034
:104470002121246021212460212124602121246024
:104480002121246021212460212124602121246014
:104490002121246021212460212124602121246004
:1044A00021212460212124602121246021212460F4
:1044B00021212460212124602121246021212460E4
:1044C00021212460212124602121246021212460D4
:1044D00021212460212124602121246021212460C4
:1044E00021212460212124602121246021212460B4
:1044F00021212460212124602121246021212460A4
:104500002121246021212460212124602121246093
:104510002121246021212460212124602121246083
:104520002121246021212460212124602121246073
:104530002121246021212460212124602121246063
:104540002121246021212460212124602121246053
:104550002121246021212460212124602121246043
:104560002121246021212460212124602121246033
:104570002121246021212460212124602121246023
:104580002121246021212460212124602121246013
:104590002121246021212460212124602121246003
:1045A00021212460212124602121246021212460F3
:1045B00021212460212124602121246021212460E3
:1045C00021212460212124602121246021212460D3
:1045D00021212460212124602121246021212460C3
:1045E00021212460212124602121246021212460B3
:1045F000212124602121246021212460515B244F4A
:104600005421222A53313D6056314A2558412E26E5
:104610005831322A572132235641355C5621355DB7
:104620005531355D5521395D5341395B5251355A0C
:104630005221355A5121395950513D59505139580B
:1046400050413D5850413D59503139585021395809
:1046500050213958502139584F313D574E41395525
:104660004E213D554E213D554D513D564D513D56E6
:104670004D513D584D513D584D513D584D213954A6
:104680004D2139544D2139534D2139544D4139561D
:104690004E3139574E513557502135595021415CD3
:1046A0004B31355C4A41395C492139574721394EF4
:1046B0004831394D4A41314E4D5141574B413157A7
:1046C0005031495B5C53423A5F442A4F5C325E474B
:1046D0005C424E465D23324A5C53524F5D23525436
:1046E0005C22564F5E4336555D423E465C51323049
:1046F0005F412E2F5E51222A5E51322C5D313A2EBF
:104700005C313A2C5C413E2C5D313A2B5C313E29C8
:104710005B213E235A21395E5A41395F5B413E237A
:104720005C3132255D513E2D5C513A2B5B512E2779
:104730005D313E2C5C213A275921355F5631315984
:1047400055412D5A5721296059212E265731395D5F
:104750005B213E2A5D213A365D313A3C5D513A3C5F
:104760005C312E355B213A3752323E3C43232632B0
:104770003D21294F50214A2C54513A2B5531422981
:10478000553142285451322757313630574136334C
:104790005631322B58513A2E5A213A3358414A3623
:1047A000503236344453222E413131554841395F1D
:1047B0004A41355F4C312D604C513A224C413E23E9
:1047C0004D413E244D5136254D4136254D514A2906
:1047D0004C4146264B5146234C315A254C32222619
:1047E0004E415E2850514A2B5231522D50522230A8
:1047F0004C422E2C4C22523251324E3150323E2BF2
:10480000502332324B53362C474552394E2A234AD5
:10481000505B5C492E5438602121246021212460A2
:104820002121246021212460212124602121246070
:104830002121246021212460212124602121246060
:104840002121246021212460212124602121246050
:104850002121246021212460212124602121246040
:104860002121246021212460212124602121246030
:104870002121246021212460212124602121246020
:104880002121246021212460212124602121246010
:104890002121246021212460212124602121246000
:1048A00021212460212124602121246021212460F0
:1048B00021212460212124602121246021212460E0
:1048C00021212460212124602121246021212460D0
:1048D00021212460212124602121246021212460C0
:1048E00021212460212124602121246021212460B0
:1048F00021212460212124602121246021212460A0
:10490000212124602121246021212460212124608F
:10491000212124602121246021212460212124607F
:10492000212124602121246021212460212124606F
:10493000212124602121246021212460212124605F
:10494000212124602121246021212460212124604F
:10495000212124602121246021212460212124603F
:10496000212124602121246021212460212124602F
:10497000212124602121246021212460212124601F
:10498000212124602121246021212460212124600F
:1049900021212460212124602121246021212460FF
:1049A00021212460212124602121246021212460EF
:1049B000212124602121246021212460523A604F6A
:1049C0005531222A56413221583142255841322749
:1049D0005751362B5521315F5431355754313557A6
:1049E000545135595531315A5631355C5641315E45
:1049F0005721356057313E215541355D5551395C60
:104A00005551395C5551395C5541355C5521395CFE
:104A10005521395C5531395C5441395B5321355846
:104A200052413958524139585231395A51513D5AEF
:104A300051513D5B51513D5B5231395B5351395CB2
:104A40005351395A5241395951313D5850414159C8
:104A50004F5139574F4135564F5139564F513D58A7
:104A60004B2135564A21395A4A413D5E4B41415E00
:104A70004A5131554A5131514C41314F50513155C4
:104A80005B4326425F4346545D42463B5B41522AAC
:104A90006023464D5D525E4F5B3242515E2252555D
:104AA0005F3236495F322A3E5D314A335B513E2DDB
:104AB0005C313A2E5D313A2F5D512E315E31363800
:104AC0005E5146405E4152435D313E3F5C41323A69
:104AD0005E514E3C5E5152395F21563A5E2142375B
:104AE0005F21523F5D51363D5C5152425C2156423E
:104AF0005D414A415D41323B5D2132345A412E29AC
:104B000058513E2657213E22555136225421255ACE
:104B1000585126255C4132315E213E3B5E214640A4
:104B20005E514A4356414A3846322E2A3D3151574A
:104B30004C413E2358313E305851362E5541362790
:104B40005651322859413A305851323157513E333B
:104B50005721422E5851362D5A213E345121522E82
:104B600047525E32412131564C513A254D5152291E
:104B70004B51355F4C4136214C5136214D512A2243
:104B80004F412E2450213E294D2132244C214225D3
:104B90004D214E294F21522B4E514E284D21562743
:104BA0004E315E2851215A2B5121562A4E322A2944
:104BB0004C2236284C323E294F224E2C4C233A2D83
:104BC0004E273A5A4D39574E494A445123212C60B9
:104BD0004029545B2121246021212460212124606B
:104BE00021212460212124602121246021212460AD
:104BF000212124602121246021212460212124609D
:104C0000212124602121246021212460212124608C
:104C1000212124602121246021212460212124607C
:104C2000212124602121246021212460212124606C
:104C3000212124602121246021212460212124605C
:104C4000212124602121246021212460212124604C
:104C5000212124602121246021212460212124603C
:104C6000212124602121246021212460212124602C
:104C7000212124602121246021212460212124601C
:104C8000212124602121246021212460212124600C
:104C900021212460212124602121246021212460FC
:104CA00021212460212124602121246021212460EC
:104CB00021212460212124602121246021212460DC
:104CC00021212460212124602121246021212460CC
:104CD00021212460212124602121246021212460BC
:104CE00021212460212124602121246021212460AC
:104CF000212124602121246021212460212124609C
:104D0000212124602121246021212460212124608B
:104D1000212124602121246021212460212124607B
:104D2000212124602121246021212460212124606B
:104D3000212124602121246021212460212124605B
:104D4000212124602121246021212460212124604B
:104D5000212124602121246021212460212124603B
:104D6000212124602121246021212460212124602B
:104D7000212124602121246021212460523B3051D3
:104D800054213A2B575132215851322356313A256A
:104D900056313A2A55513A2255413D5C56213D5DE6
:104DA0005641395E573135605751316058412E2197
:104DB00059413224595136245751362157413A210D
:104DC00057413A2157413A215731355F5721315FD9
:104DD0005721315F5721315F5551355D525135585B
:104DE0005231395A5221355951413558512135598D
:104DF0005121355951213559513135595151355A72
:104E0000504135584F2135564D3139554C21355388
:104E10004B3139534A5139524B2135534B41395457
:104E20004941354F49313554495131584B51315B26
:104E30004C31355A4B412D524F3135575A425A3524
:104E40005E5252415D315E405B523E3D5C424E3FA0
:104E50005C5242435C323A4A5C224E505F432256D7
:104E60005F2222445D412A335C412E335C31563B44
:104E70005C4232425E4242485F52424A5F222A48C6
:104E8000602242545E415E4B5E414E425C412A3597
:104E90005D5142355D213A2F5D414E345B412A2CF4
:104EA0005F415E3F5E413E3C5D514A425E32224A76
:104EB0005E415A4A5D5142465E213A415E213E3B87
:104EC0005B513A315931362B57513A2957312A2201
:104ED00058313E225A213A225B513E2A5931423101
:104EE00051413E2E4832422E3F3141534D315A23DB
:104EF0005431362558312E2959512E2C55212A2529
:104F00005831362D5B414236585136325A413A3784
:104F100056312A2858313A2E53213A2C4852422DE4
:104F20003F513D564A413A274D51362750413A2785
:104F3000503142264F2132254E213A264E513626F7
:104F40005121362A5131422A4E213A244D21422400
:104F50004E213E255041422A5221522F51515E2F5F
:104F600051315E2C5122262B4F422E294E4242298E
:104F70004F224E2B514332345055564E52294F3BFF
:104F80004B2A3C532A3328602121246021212460AC
:104F900021212460212124602121246021212460F9
:104FA00021212460212124602121246021212460E9
:104FB00021212460212124602121246021212460D9
:104FC00021212460212124602121246021212460C9
:104FD00021212460212124602121246021212460B9
:104FE00021212460212124602121246021212460A9
:104FF0002121246021212460212124602121246099
:105000002121246021212460212124602121246088
:105010002121246021212460212124602121246078
:105020002121246021212460212124602121246068
:105030002121246021212460212124602121246058
:105040002121246021212460212124602121246048
:105050002121246021212460212124602121246038
:105060002121246021212460212124602121246028
:105070002121246021212460212124602121246018
:105080002121246021212460212124602121246008
:1050900021212460212124602121246021212460F8
:1050A00021212460212124602121246021212460E8
:1050B00021212460212124602121246021212460D8
:1050C00021212460212124602121246021212460C8
:1050D00021212460212124602121246021212460B8
:1050E00021212460212124602121246021212460A8
:1050F0002121246021212460212124602121246098
:105100002121246021212460212124602121246087
:105110002121246021212460212124602121246077
:105120002121246021212460212124602121246067
:10513000212124602121246021212460522B6057E9
:1051400054242E3E56413A215551356053413E225A
:1051500055313E2B54412E215351315A5341315A2E
:105160005341315C5351315C5341355C5341355DA2
:105170005351355F53513D5F5221315A5151315B8B
:1051800051413159514131585141315851413158B2
:105190005141315851413158503135564D413552B8
:1051A0004D413D544C5139544C3139524B4131529F
:1051B0004B412D524B4131524C2135544A513554BB
:1051C00048512D5247513552465135514551294F7D
:1051D0004641315047312D514921315449513556BD
:1051E0004921315049213951484135504751294BC6
:1051F0004A412D4E4F5141595D54264C5E233E4A43
:105200005C525A475C53264B60243A5C5E435652CC
:105210005D332A4B5C23224D5C533E54595222404D
:105220005F2226455D3132335D5136375E213E3B8C
:105230005F22223E5C5156355B21422A5A4132267A
:105240005C31422C5D213E2D5B41322F59512E277E
:10525000584136225641355D54512D5857213A2137
:1052600059413A275C31322E5E312A2E5F21363287
:105270005D3146395D3222425D415E455E214A40E4
:105280005D4132395D212A375D413A3A5E4132371C
:105290005A315A2F57412D5D592132234D313E222B
:1052A0003F4236253F222A234B41522852512E227B
:1052B00055513A2355312A2356513E2A56413E2D07
:1052C0005641362E58513A345A4132335A412A32D5
:1052D00058313E2F513142264C224A2F46222A264F
:1052E0004B514E2C50213E2E4E41462A4E514626C1
:1052F00053413A29515132294F4142294E414228C6
:1053000050313A295131422A4F4142274F51562BB1
:105310005141562D52315E305132223153322634B2
:1053200053222A3052423A31522256314F532A2DBB
:1053300052352A444F56364C555B5B5A41484458C7
:105340002121246021212460212124602121246045
:105350002121246021212460212124602121246035
:105360002121246021212460212124602121246025
:105370002121246021212460212124602121246015
:105380002121246021212460212124602121246005
:1053900021212460212124602121246021212460F5
:1053A00021212460212124602121246021212460E5
:1053B00021212460212124602121246021212460D5
:1053C00021212460212124602121246021212460C5
:1053D00021212460212124602121246021212460B5
:1053E00021212460212124602121246021212460A5
:1053F0002121246021212460212124602121246095
:105400002121246021212460212124602121246084
:105410002121246021212460212124602121246074
:105420002121246021212460212124602121246064
:105430002121246021212460212124602121246054
:105440002121246021212460212124602121246044
:105450002121246021212460212124602121246034
:105460002121246021212460212124602121246024
:105470002121246021212460212124602121246014
:105480002121246021212460212124602121246004
:1054900021212460212124602121246021212460F4
:1054A00021212460212124602121246021212460E4
:1054B00021212460212124602121246021212460D4
:1054C00021212460212124602121246021212460C4
:1054D00021212460212124602121246021212460B4
:1054E00021212460212124602121246021212460A4
:1054F0002121246021212460212124604C5B385A21
:105500005837472554413E2556413E285321355EA4
:1055100051512D58523131595231315A5221355A47
:1055200051313158502131574E5135564D41355337
:105530004C2135524B4139524A312D514A412D515E
:105540004A213150495131504A2135524951315245
:1055500049512D524A212D5249312D4F47212D4974
:105560004651314A4641314A4631294A4631294C51
:105570004641254C4651294D47412D514941315114
:1055800048312D4F46212D4C4531314B45412D4B56
:105590004521294B4451254B47212950495131562A
:1055A000493121514D4145524F5135515121395CBD
:1055B00055524A3A5E2356535D2256445E425E4A35
:1055C0005E434A4C5E234A495E2346515F23525A4A
:1055D0005F23465760535A605F534A5E5E22464CD3
:1055E0005E423A405B514A335D515E395C4136332D
:1055F0005C312A305C21262C5C41362E5C31362C05
:105600005C41322C5C41322A5A312E2259313560AC
:105610005741415E5521355B5351315A5421295D23
:1056200058313E2C5A213E3457412E285631316094
:105630005631362256513A2657513A295A41362F79
:105640005C513A355E31363C5F31323D60212A3B58
:105650005E422E445B313E3756214E3443214D602D
:105660003B215D5B4A514A2956513E36534132290E
:1056700053212E2153212E2153412E2255413227D1
:105680005651422E5641423059213E335A21363529
:1056900055423A385043263846512D584B214A231B
:1056A0004E2132224F5136254F313E254E21422385
:1056B0004F5132234F5136285051422B5221522CF8
:1056C00051215229503152275041522752215E2DEB
:1056D000532222315242323151223E2D51422E2B41
:1056E000544246315543323852343A3F4F264E5495
:1056F000552B3B4E4759384C27523C6021212460A2
:105700002121246021212460212124602121246081
:105710002121246021212460212124602121246071
:105720002121246021212460212124602121246061
:105730002121246021212460212124602121246051
:105740002121246021212460212124602121246041
:105750002121246021212460212124602121246031
:105760002121246021212460212124602121246021
:105770002121246021212460212124602121246011
:105780002121246021212460212124602121246001
:1057900021212460212124602121246021212460F1
:1057A00021212460212124602121246021212460E1
:1057B00021212460212124602121246021212460D1
:1057C00021212460212124602121246021212460C1
:1057D00021212460212124602121246021212460B1
:1057E00021212460212124602121246021212460A1
:1057F0002121246021212460212124602121246091
:105800002121246021212460212124602121246080
:105810002121246021212460212124602121246070
:105820002121246021212460212124602121246060
:105830002121246021212460212124602121246050
:105840002121246021212460212124602121246040
:105850002121246021212460212124602121246030
:105860002121246021212460212124602121246020
:105870002121246021212460212124602121246010
:105880002121246021212460212124602121246000
:1058900021212460212124602121246021212460F0
:1058A00021212460212124602121246021212460E0
:1058B000212124602121246021212460473A405D78
:1058C000592A574A52414E2657313628535139608A
:1058D0005351395852413158512139595051395940
:1058E000502139584F4139574E5135554E31355465
:1058F0004D5139544D5139544D2139534C31395250
:105900004C2139524B5139534B3135524B3135546F
:105910004B3135544B5139554B5139534B31354F30
:105920004B3139514A5135504A4135504A4139522B
:105930004A4135534B2135534B4139564D5135571B
:105940004D3139544B3139514B213D524B313D533F
:105950004A313552493131524A5135574D41395BFF
:105960004C41315250414553545156215E342251DD
:105970005E54265C5B523E455C322E425E425A507B
:105980005C324E475B42423E5D225A4B5E5336527A
:105990005E232A4A5B415A3B5D2156425D315A459E
:1059A0005E322A425D322A415E423A435E22263FFF
:1059B0005E21563A5E214A385D513E355D313634BE
:1059C0005D313E365D2146355C315E355A514A3097
:1059D0005A213E2C59413A2A58312A275951422FEF
:1059E00059313A2E58312E2E56512E285141315CC4
:1059F0004F21315552213556523131555541315C87
:105A00005931322657413A2C5A313A335D312638D2
:105A100059313E3A57424A474C22363640514D5D45
:105A200046515622534146305651323153212E2A87
:105A30005341322752512E245231322252513A25AB
:105A400053512E255531362B5421362E53215632A3
:105A500050224235495145604D2156254D41462140
:105A60004F313E224F31315F4F413E224F213E2385
:105A70004F213E254E413E285131522C52215A2C65
:105A800051215A2850415E275121522651314E272B
:105A900051315E2C51422E2C53323A2A54223E2C44
:105AA00054532A3452344A404E37365A575D303BAD
:105AB00021212460212124602121246021212460CE
:105AC00021212460212124602121246021212460BE
:105AD00021212460212124602121246021212460AE
:105AE000212124602121246021212460212124609E
:105AF000212124602121246021212460212124608E
:105B0000212124602121246021212460212124607D
:105B1000212124602121246021212460212124606D
:105B2000212124602121246021212460212124605D
:105B3000212124602121246021212460212124604D
:105B4000212124602121246021212460212124603D
:105B5000212124602121246021212460212124602D
:105B6000212124602121246021212460212124601D
:105B7000212124602121246021212460212124600D
:105B800021212460212124602121246021212460FD
:105B900021212460212124602121246021212460ED
:105BA00021212460212124602121246021212460DD
:105BB00021212460212124602121246021212460CD
:105BC00021212460212124602121246021212460BD
:105BD00021212460212124602121246021212460AD
:105BE000212124602121246021212460212124609D
:105BF000212124602121246021212460212124608D
:105C0000212124602121246021212460212124607C
:105C1000212124602121246021212460212124606C
:105C2000212124602121246021212460212124605C
:105C3000212124602121246021212460212124604C
:105C4000212124602121246021212460212124603C
:105C5000212124602121246021212460212124602C
:105C6000212124602121246021212460212124601C
:105C7000212124602121246021212460212124600C
:105C8000535B44445032422656313E225341415EDA
:105C9000554131605331295B503135594F51395895
:105CA0004E5139574F213957502135585151355A96
:105CB0005351355C5521315D5431315854213157A0
:105CC0005341315752513559524135585231355956
:105CD0005231355952413158525135595331395950
:105CE0005241395851413959512135585031355760
:105CF00050213158502131584F5131585021395A83
:105D00005031395A4F4135584F2135574E2135576B
:105D10004D3139574C5139584C31395A4C413D5716
:105D20004D21314752213D565D44264D5C23564E50
:105D30005C225E465E2242485C222E465B52425006
:105D40005C32364F5E223A4C602332525E525243EE
:105D50005A4142295B513A2C5C513E345D41463FE9
:105D60005F322E4E5E423A455F22424360224E46EB
:105D70005F423A3F5E315A375C3136315D51523BBA
:105D80005E5222435D21423C5B412A335E314E3CF0
:105D90005F41563E5F41523B5D4136325E415A366D
:105DA0005B313A285A5146275B21362B58312E2A2F
:105DB00053512D5F5231315A51412D565331355A7D
:105DC0005451315D54512D605641322858514A3A50
:105DD0004F32423946224A2F432159604751395E9A
:105DE00050313A265641362C56212A2C5521362F31
:105DF00057213A325531422E52413A2750512E23E3
:105E000052212A26504122234F31522C4A522A2B0A
:105E10004A21395F4C2135604D413A214D41295D80
:105E20004F3136214F413221502136234F41322408
:105E30005041422851214E2A4E3142254E415E2882
:105E40005052222A5151562951415E285052222740
:105E50005142262953222E2B55323A2F5442523288
:105E60005034423E4D3847224B2A384F212124607E
:105E7000212124602121246021212460212124600A
:105E800021212460212124602121246021212460FA
:105E900021212460212124602121246021212460EA
:105EA00021212460212124602121246021212460DA
:105EB00021212460212124602121246021212460CA
:105EC00021212460212124602121246021212460BA
:105ED00021212460212124602121246021212460AA
:105EE000212124602121246021212460212124609A
:105EF000212124602121246021212460212124608A
:105F00002121246021212460212124602121246079
:105F10002121246021212460212124602121246069
:105F20002121246021212460212124602121246059
:105F30002121246021212460212124602121246049
:105F40002121246021212460212124602121246039
:105F50002121246021212460212124602121246029
:105F60002121246021212460212124602121246019
:105F70002121246021212460212124602121246009
:105F800021212460212124602121246021212460F9
:105F900021212460212124602121246021212460E9
:105FA00021212460212124602121246021212460D9
:105FB00021212460212124602121246021212460C9
:105FC00021212460212124602121246021212460B9
:105FD00021212460212124602121246021212460A9
:105FE0002121246021212460212124602121246099
:105FF0002121246021212460212124602121246089
:106000002121246021212460212124602121246078
:106010002121246021212460212124602121246068
:106020002121246021212460212124602121246058
:106030002121246021212460212124602121246048
:106040004A4A445A555652565441515E5331355D71
:1060500053513224532132215141315B5031315956
:106060004F2135574F21355750413D5952513D5CD5
:106070005521395F565135605721315B5651315B9F
:106080005621315A554131595521395C5451355BAE
:106090005441315B5431315B5421315B5321355BC9
:1060A0005241355A5141355A505135595051415A42
:1060B00050313D5C5021395B4F51395A4D213D578C
:1060C0004D3141584E213D594C4139554A31355297
:1060D0004921315148413552462135504441314AD8
:1060E0004C213D4857533235602442575F243A557E
:1060F0005E53424F5D42424B6023365F5A52264800
:106100005F324E515E5226435E2222375B513A2D5A
:106110005D21362F5E313E335D4136305D213A37A9
:106120005D213A415A513E2E59412E2459312A219E
:106130005A4136255A4136285C3146345C414A3D45
:106140005B413A405C5142415C4132315D31363312
:106150005D3132345D3132365E41423A5E21423544
:106160005C212A295C3132285C514E365E414E3E1C
:106170005C31363558313A2D5751362B55412A2549
:1061800053413A2655513A2A524136274A52262D32
:106190003F32215E3D512D534A31462251413A242E
:1061A00054312A225741362857313E2D5621463147
:1061B00057413E345721423456213A2E53512E2A0C
:1061C000505142294C4156264921522346512959C2
:1061D0004C313E214D31295D4E212D5F4E513560B0
:1061E0005021422450313E2650313624512142293B
:1061F0005151462B514142274E314A244E422229C9
:106200004F31522750314E2650315E2750522625AD
:1062100053222E265442422E51432A3350452E48B3
:106220004F59573A39564059212124602121246081
:106230002121246021212460212124602121246046
:106240002121246021212460212124602121246036
:106250002121246021212460212124602121246026
:106260002121246021212460212124602121246016
:106270002121246021212460212124602121246006
:1062800021212460212124602121246021212460F6
:1062900021212460212124602121246021212460E6
:1062A00021212460212124602121246021212460D6
:1062B00021212460212124602121246021212460C6
:1062C00021212460212124602121246021212460B6
:1062D00021212460212124602121246021212460A6
:1062E0002121246021212460212124602121246096
:1062F0002121246021212460212124602121246086
:106300002121246021212460212124602121246075
:106310002121246021212460212124602121246065
:106320002121246021212460212124602121246055
:106330002121246021212460212124602121246045
:106340002121246021212460212124602121246035
:106350002121246021212460212124602121246025
:106360002121246021212460212124602121246015
:106370002121246021212460212124602121246005
:1063800021212460212124602121246021212460F5
:1063900021212460212124602121246021212460E5
:1063A00021212460212124602121246021212460D5
:1063B00021212460212124602121246021212460C5
:1063C00021212460212124602121246021212460B5
:1063D00021212460212124602121246021212460A5
:1063E0002121246021212460212124602121246095
:1063F0002121246021212460212124602121246085
:106400004329385E5C2B4B555232295E5331255C53
:1064100052313A29525142265241395E5131355B4F
:106420005021355A4F4135594F413557502139592F
:1064300051313D5B5151395B52213D5A51513D5AC9
:1064400050513D5950213D594F413D594F213D5AE1
:106450004E513D5A4E513D5A4D51455A4A313D5685
:106460004A213D5649513D574931395649413D56DA
:1064700049413955494139554931395543413549E2
:106480004421394A4641314C46212D4B44412D4946
:106490004521294B4541294C432129484041294266
:1064A0004A212D4C594342415E2336485C225E40CE
:1064B0005B4252415F53325A5F324E565E322E4536
:1064C0005F32363B5C3136245D2142255C312E291A
:1064D0005D412E395F213E3F5D412E315D414234A9
:1064E0005C413E3A5A51362F5A513A295A213225A7
:1064F00059512E2259412A215A4136295A212E2DED
:106500005B3142385A313A3557313560572136239D
:1065100057313A2A574136305A41563C5C21523D58
:106520005B513A365D2136335D223A425B52263E5C
:106530005B512E365C4136395D413A3B5C313E3B26
:1065400056412A3152415A334A425A353A514D55F1
:1065500040512D574C514A2851213E2752213E216E
:1065600052213D5D52314160513136215231362741
:1065700054213E2C5641322E5741322F54514A2F2E
:106580004D41522649522A25465129564C41315EE9
:106590004F313E224F313A214F2136214F313A229D
:1065A0004F5142265021462650213E2551514E2C16
:1065B0005221522C51414E26505156274F214A26E6
:1065C0004E5156274F5222295142322B51523227D7
:1065D00053425A2B504356344B262E4B544B542483
:1065E0003846405E2121246021212460212124603D
:1065F0002121246021212460212124602121246083
:106600002121246021212460212124602121246072
:106610002121246021212460212124602121246062
:106620002121246021212460212124602121246052
:106630002121246021212460212124602121246042
:106640002121246021212460212124602121246032
:106650002121246021212460212124602121246022
:106660002121246021212460212124602121246012
:106670002121246021212460212124602121246002
:1066800021212460212124602121246021212460F2
:1066900021212460212124602121246021212460E2
:1066A00021212460212124602121246021212460D2
:1066B00021212460212124602121246021212460C2
:1066C00021212460212124602121246021212460B2
:1066D00021212460212124602121246021212460A2
:1066E0002121246021212460212124602121246092
:1066F0002121246021212460212124602121246082
:106700002121246021212460212124602121246071
:106710002121246021212460212124602121246061
:106720002121246021212460212124602121246051
:106730002121246021212460212124602121246041
:106740002121246021212460212124602121246031
:106750002121246021212460212124602121246021
:106760002121246021212460212124602121246011
:106770002121246021212460212124602121246001
:1067800021212460212124602121246021212460F1
:1067900021212460212124602121246021212460E1
:1067A00021212460212124602121246021212460D1
:1067B00021212460212124602121246021212460C1
:1067C00021212460583D3C424F342A2F5732262D38
:1067D00053512A2751413A235021395A5031355AC1
:1067E0005031355A4F51395A4E4131574D412D553F
:1067F0004D212D544C4135544A2131524941355394
:106800004851355247513152473131524651315139
:106810004641315146412D524441355040212D4B86
:106820004031314B4041314C40512D4B4141294C7D
:106830004231254A4331294C44212D4D3F312542D7
:106840004041254244212547455125494731314D95
:1068500049412D524C5139584B41355449413151E0
:106860004F21455C5E544E5E5F4342555E43264970
:106870005D5326455D323E425C412E365C413231ED
:106880005B4136235C2131575C413D5C5C313226F3
:106890005D3136395E313E3F5D3132345E314E38E6
:1068A0005D214A3B5D314A3D5C2142365B313A2FE6
:1068B0005A3132285A2136245951362359412E2231
:1068C0005A313A2659514225564139595631355C8B
:1068D000562136215551322655312A275551362A0F
:1068E00055413E285451322454212D6056212E23E7
:1068F0005B314E325C513A345E21323A5D21423D89
:1069000059523A434E3236333B31394F42312D558D
:106910004E314E2A4F312A224C312D594B313955A7
:106920004B5145544A513D564B212D584E4142231F
:106930004D51316051513E2751313A264D213E2172
:106940004A214D6048512D574B4129594D412559F8
:106950004E51315E4E513A214F213A224E513A2347
:106960004E5136224F313E25502142284F413A2682
:1069700050514A284F41355E50515E2750322229EE
:106980004F314E2453423A315242362C5023222C5E
:106990004C335E2E4D482A5F542C5C3E32453460A9
:1069A00021212460212124602121246021212460CF
:1069B00021212460212124602121246021212460BF
:1069C00021212460212124602121246021212460AF
:1069D000212124602121246021212460212124609F
:1069E000212124602121246021212460212124608F
:1069F000212124602121246021212460212124607F
:106A0000212124602121246021212460212124606E
:106A1000212124602121246021212460212124605E
:106A2000212124602121246021212460212124604E
:106A3000212124602121246021212460212124603E
:106A4000212124602121246021212460212124602E
:106A5000212124602121246021212460212124601E
:106A6000212124602121246021212460212124600E
:106A700021212460212124602121246021212460FE
:106A800021212460212124602121246021212460EE
:106A900021212460212124602121246021212460DE
:106AA00021212460212124602121246021212460CE
:106AB00021212460212124602121246021212460BE
:106AC00021212460212124602121246021212460AE
:106AD000212124602121246021212460212124609E
:106AE000212124602121246021212460212124608E
:106AF000212124602121246021212460212124607E
:106B0000212124602121246021212460212124606D
:106B1000212124602121246021212460212124605D
:106B2000212124602121246021212460212124604D
:106B3000212124602121246021212460212124603D
:106B4000212124602121246021212460212124602D
:106B5000212124602121246021212460212124601D
:106B6000212124602121246021212460212124600D
:106B700021212460212124602121246021212460FD
:106B8000212124604048505F5A2A4F5050415E25D1
:106B900058314E305131295E4D3131584E41355AC0
:106BA0004F21395B4E5135584E3135574D313556A1
:106BB0004C3135544B3131524A4135554A313956B1
:106BC00049513556492135564831315447512D5395
:106BD000483129544841295447513154455129508D
:106BE0004621295046512D52475131524931355590
:106BF0004A3131554B4131554C4139574951294E54
:106C00004A312D4E4C212D524D3131554E41315787
:106C10005041395B52313D5C51412D585231395A06
:106C2000592326365D3346505C22424E5F22565031
:106C30005B522A365C513E295E512E2A5D31363038
:106C40005B513A275C31315A5B41395C5B213960D9
:106C50005B41422A5B512E2D5C312E305E21463A3B
:106C60005D51423D5E314A385C3136305F42363EDE
:106C70005C314A325B514A315D522A395A41322BDA
:106C80005A412E2A5C213E305B31322E5D314A372B
:106C90005D313E375C21363559512A3157212E2B33
:106CA00053412E2350412D5E535129585651315A8C
:106CB00056213D60565136265851523252322632B4
:106CC0004822522D3D31354B49312D5C4F514626DE
:106CD0004F2136214E51255D4F51395F4D51455C55
:106CE0004B313D564B2135564921215648512559A6
:106CF0004A51355B48313D58452129524841455D4F
:106D00004C414A244E313A214E41355F4E31395E75
:106D10004D41395E4D51395F4E313A214E51362247
:106D20004F2132234F2132244F4142254F313E2300
:106D30004F314624503222255121562551422E29C9
:106D40005132462E5132523050532E334D24563F3D
:106D5000522A2B3E4D4B485521212460212124608D
:106D6000212124602121246021212460212124600B
:106D700021212460212124602121246021212460FB
:106D800021212460212124602121246021212460EB
:106D900021212460212124602121246021212460DB
:106DA00021212460212124602121246021212460CB
:106DB00021212460212124602121246021212460BB
:106DC00021212460212124602121246021212460AB
:106DD000212124602121246021212460212124609B
:106DE000212124602121246021212460212124608B
:106DF000212124602121246021212460212124607B
:106E0000212124602121246021212460212124606A
:106E1000212124602121246021212460212124605A
:106E2000212124602121246021212460212124604A
:106E3000212124602121246021212460212124603A
:106E4000212124602121246021212460212124602A
:106E5000212124602121246021212460212124601A
:106E6000212124602121246021212460212124600A
:106E700021212460212124602121246021212460FA
:106E800021212460212124602121246021212460EA
:106E900021212460212124602121246021212460DA
:106EA00021212460212124602121246021212460CA
:106EB00021212460212124602121246021212460BA
:106EC00021212460212124602121246021212460AA
:106ED000212124602121246021212460212124609A
:106EE000212124602121246021212460212124608A
:106EF000212124602121246021212460212124607A
:106F00002121246021212460212124602121246069
:106F10002121246021212460212124602121246059
:106F20002121246021212460212124602121246049
:106F30002121246021212460212124602121246039
:106F40002121246021212460552C60584B254E4678
:106F50005431562853513E224F51355C4E51315ACF
:106F60004D51395A4C5131564C3131564C313955BD
:106F70004C313D564C4139564E3139564E313557CC
:106F80004E3135584E2139584E2139584E21355AF7
:106F90004E41315A4F21355B4E31395A4C5135559E
:106FA0004D2139554D5139564E513D56502141587C
:106FB00050513957522139575251415853213D5957
:106FC000513139585031395850313D5950413D595E
:106FD0005131495C5021395750513156524129574E
:106FE0005E533E445C422A3B5D422A465D32224665
:106FF0005C414E365D51462A5C512A225D51463233
:107000005D314A305C4135605B2132215A21422199
:107010005921355B5A413A225B412A2A5D3132338C
:107020005D513A345D21362B5B5126285E3156384E
:107030005F222A425E522E465F322E495F422E491F
:107040005E515A445D213A3B5D51523D5D51463996
:107050005E213A365E313E365D413A325C413E3227
:107060005A31462E5841462C583142255541315D02
:10707000504125594E213A2148315E243B41595512
:1070800036412D44492139605431422D5221356019
:1070900055413A2556512A2653412E234F5142211C
:1070A0004F21395E52513A25524132294E414225F3
:1070B000474141584521495845213D584B51562794
:1070C0004F513E29502136244E31295F4E21355EE5
:1070D0004D21395F4C5139604D5132224F313224AC
:1070E000502132255021322550313E254F51462422
:1070F0004F51562651315E26515232285052362772
:107100005042562C4F442E3B4B36364C592D24388A
:107110004128385D2121246021212460212124601F
:107120002121246021212460212124602121246047
:107130002121246021212460212124602121246037
:107140002121246021212460212124602121246027
:107150002121246021212460212124602121246017
:107160002121246021212460212124602121246007
:1071700021212460212124602121246021212460F7
:1071800021212460212124602121246021212460E7
:1071900021212460212124602121246021212460D7
:1071A00021212460212124602121246021212460C7
:1071B00021212460212124602121246021212460B7
:1071C00021212460212124602121246021212460A7
:1071D0002121246021212460212124602121246097
:1071E0002121246021212460212124602121246087
:1071F0002121246021212460212124602121246077
:107200002121246021212460212124602121246066
:107210002121246021212460212124602121246056
:107220002121246021212460212124602121246046
:107230002121246021212460212124602121246036
:107240002121246021212460212124602121246026
:107250002121246021212460212124602121246016
:107260002121246021212460212124602121246006
:1072700021212460212124602121246021212460F6
:1072800021212460212124602121246021212460E6
:1072900021212460212124602121246021212460D6
:1072A00021212460212124602121246021212460C6
:1072B00021212460212124602121246021212460B6
:1072C00021212460212124602121246021212460A6
:1072D0002121246021212460212124602121246096
:1072E0002121246021212460212124602121246086
:1072F0002121246021212460212124602121246076
:107300002121246021212460235158605B4D243BBE
:107310004D333A2956415E295351362150512D5B48
:107320004E5135594C412D554B212D534B212D524A
:107330004B4131534D2131544F2139554F31355542
:107340004F4131554F4135565021395850313559FB
:10735000504135595121355A512139585021355311
:1073600050413954503139545031355250513551C2
:1073700051313551515131515231315251313554D0
:107380004D5131524B3139524B413D554C313551B4
:107390004B513D52485121484C51254E56223A2CD2
:1073A0005F4336485D313A2E5E3136325D213E38DC
:1073B0005E21563C5B5136295B5142285C313E2DA3
:1073C0005C51322A5C513A245B313A285851316081
:1073D00058513D5A5951395D5B5132295D21322E48
:1073E0005D412E295D212E2E5D3132345E21463DD8
:1073F0005E4156455D3142435D213E405D213E3D4B
:107400005D513E3B5E31463D5C41423C5E21524017
:107410005D41563E5B213E365C415A3C5851262F19
:10742000585132335A31423758312A2F573142316D
:1074300052214A2E472222283A215D5A3A41254FAD
:107440004B514E2F523152345A214E3A58513E2907
:107450005B414E2E5A21322C58213A2D5551362956
:1074600057212E2B58213E3154313E2F4D515E2B4A
:10747000444145574821395B4C313A234E4132272C
:107480005031362A5051322951213A2850313E2765
:107490004D313A214C5139604D5132214F21362323
:1074A00050213A2550213A2550213E244F413E2279
:1074B0005031562551315E245222262552224A2A25
:1074C0004D23362C5549533C5C4E504B372640607B
:1074D0002131286021212460212124602121246080
:1074E0002121246021212460212124602121246084
:1074F0002121246021212460212124602121246074
:107500002121246021212460212124602121246063
:107510002121246021212460212124602121246053
:107520002121246021212460212124602121246043
:107530002121246021212460212124602121246033
:107540002121246021212460212124602121246023
:107550002121246021212460212124602121246013
:107560002121246021212460212124602121246003
:1075700021212460212124602121246021212460F3
:1075800021212460212124602121246021212460E3
:1075900021212460212124602121246021212460D3
:1075A00021212460212124602121246021212460C3
:1075B00021212460212124602121246021212460B3
:1075C00021212460212124602121246021212460A3
:1075D0002121246021212460212124602121246093
:1075E0002121246021212460212124602121246083
:1075F0002121246021212460212124602121246073
:107600002121246021212460212124602121246062
:107610002121246021212460212124602121246052
:107620002121246021212460212124602121246042
:107630002121246021212460212124602121246032
:107640002121246021212460212124602121246022
:107650002121246021212460212124602121246012
:107660002121246021212460212124602121246002
:1076700021212460212124602121246021212460F2
:1076800021212460212124602121246021212460E2
:1076900021212460212124602121246021212460D2
:1076A00021212460212124602121246021212460C2
:1076B00021212460212124602121246021212460B2
:1076C0002121246021212460212124604C4B405E33
:1076D00055595B444E513224534132235151355D4B
:1076E000512135595231355A5141395B5031315957
:1076F0004D513D585141455C4F2131544E51355407
:107700004F41315550213155505131575121315749
:107710005131315751413558513139595041355610
:10772000503139564F3139554E3131544D4135551F
:107730004C4131534B412D504B312D524C4139541A
:107740004A21354F4451254D46412D524B41315030
:1077500049512D4947412147505129575C522E3FED
:107760005D214E325D2136295D413A2B5C512A273D
:107770005E51522F5D213E285E22223059512A212E
:107780005A2126225C2142295A4142235721315550
:1077900058313953575139565A412D605B312E2A91
:1077A0005C5136315E213E3A5E213A3D5D212E3EEE
:1077B0005E4146425E214A3A5C31322E5D313A30BA
:1077C0005D2136335D313E375C413A355D413A35B6
:1077D0005B513A3358313A31592142355931563992
:1077E0005541522E573132265751323453215E3F84
:1077F00046323A2E382221543A31314C4C513E29EE
:107800005341422F52214A2954213A264F412A23DB
:1078100055413E2E56214E3052213A275521362BC6
:1078200057214A344F314A2C4832262C43414D5D72
:10783000453135544A313D5C4E513A255051362937
:107840005051322950413A2A5021322850213628AD
:107850004D31295F4E3131604E41315F4D313D5EDA
:107860004C314D5F4C41515F4E213D5E5051522590
:1078700052322E2B52323A24524252294D342A3659
:10788000562B3B5545394C5C212124602131286021
:1078900021212460212124602121246021212460D0
:1078A00021212460212124602121246021212460C0
:1078B00021212460212124602121246021212460B0
:1078C00021212460212124602121246021212460A0
:1078D0002121246021212460212124602121246090
:1078E0002121246021212460212124602121246080
:1078F0002121246021212460212124602121246070
:10790000212124602121246021212460212124605F
:10791000212124602121246021212460212124604F
:10792000212124602121246021212460212124603F
:10793000212124602121246021212460212124602F
:10794000212124602121246021212460212124601F
:10795000212124602121246021212460212124600F
:1079600021212460212124602121246021212460FF
:1079700021212460212124602121246021212460EF
:1079800021212460212124602121246021212460DF
:1079900021212460212124602121246021212460CF
:1079A00021212460212124602121246021212460BF
:1079B00021212460212124602121246021212460AF
:1079C000212124602121246021212460212124609F
:1079D000212124602121246021212460212124608F
:1079E000212124602121246021212460212124607F
:1079F000212124602121246021212460212124606F
:107A0000212124602121246021212460212124605E
:107A1000212124602121246021212460212124604E
:107A2000212124602121246021212460212124603E
:107A3000212124602121246021212460212124602E
:107A4000212124602121246021212460212124601E
:107A5000212124602121246021212460212124600E
:107A600021212460212124602121246021212460FE
:107A700021212460212124602121246021212460EE
:107A800021212460212124602C443C5F29534C6037
:107A9000523C305A512823264D5146214F21395A04
:107AA0005221355A53412D5A513135595241355D84
:107AB0005121395C5231415C50413957504139575D
:107AC00051213557513131575121315751213157BA
:107AD0005051355750513957503139574F5139540A
:107AE0004F5139574F2139554E2135534D2135547A
:107AF0004C2135524B4131534B21315347212549BC
:107B00004631314A465139524C413D5B5251415CFC
:107B100050413553505135565A214A2C6032364324
:107B20005D2136285C412E245C5136245C312D6069
:107B30005C2131605B4135605C214A255B213E223E
:107B40005A413A225C315A2A5751255856513555D7
:107B500058313556574135575B2136235B212E2846
:107B60005C3136305D313A335D3136375D31363A2E
:107B70005E414A3F5F21563C5D2136305D21363300
:107B80005C5132385D213E3C5C3142375C313234ED
:107B90005B212E3255212A2654212A2353513A247F
:107BA0004E3136224F313E2848412E223D51415C14
:107BB00038213D4E404131524E514E2A53214E30D4
:107BC0004F412A244C3121574A4129564C41355FB7
:107BD0004741255645212D534941315A4D413E23B8
:107BE0004931315D4331455A40213556433129559C
:107BF000464139544A2135594D5131604F51322552
:107C000050213A274F413E264E5132244F213224F3
:107C10004D312D5F4C41395E4E214A234F21462282
:107C20004F41355E4F51416051215A2650214A2221
:107C300054323E315343322F52355A4D525B2B5101
:107C40002C43445F212124602121246021212460D0
:107C5000212124602121246021212460212124600C
:107C600021212460212124602121246021212460FC
:107C700021212460212124602121246021212460EC
:107C800021212460212124602121246021212460DC
:107C900021212460212124602121246021212460CC
:107CA00021212460212124602121246021212460BC
:107CB00021212460212124602121246021212460AC
:107CC000212124602121246021212460212124609C
:107CD000212124602121246021212460212124608C
:107CE000212124602121246021212460212124607C
:107CF000212124602121246021212460212124606C
:107D0000212124602121246021212460212124605B
:107D1000212124602121246021212460212124604B
:107D2000212124602121246021212460212124603B
:107D3000212124602121246021212460212124602B
:107D4000212124602121246021212460212124601B
:107D5000212124602121246021212460212124600B
:107D600021212460212124602121246021212460FB
:107D700021212460212124602121246021212460EB
:107D800021212460212124602121246021212460DB
:107D900021212460212124602121246021212460CB
:107DA00021212460212124602121246021212460BB
:107DB00021212460212124602121246021212460AB
:107DC000212124602121246021212460212124609B
:107DD000212124602121246021212460212124608B
:107DE000212124602121246021212460212124607B
:107DF000212124602121246021212460212124606B
:107E0000212124602121246021212460212124605A
:107E1000212124602121246021212460212124604A
:107E2000212124602121246021212460212124603A
:107E3000212124602121246021212460212124602A
:107E400021212460212124602241446027532460A1
:107E50002D24445F562C284D4A353A3E503151600E
:107E600050412D5651212D564F4135575321395FE1
:107E70005441295E5251395C5251355A5251355A4A
:107E80005241395A523135595221315851213557C1
:107E90005041395750213957502139564F51395493
:107EA0004F4139544F2139534E4135544E31355499
:107EB0004D5135534D5135544D5135554A51354D30
:107EC0004B313D534F21415C53513A2255413621AC
:107ED0005331395854512D575E214E325D21463170
:107EE0005D313A235C51395F5C21395E5B21315A47
:107EF0005A3135595A21355959412D5A5A513D5EF9
:107F00005A313D5D58312D5757513157562135540F
:107F1000574135585751355A5B2132245C213E2C4C
:107F20005C513A305C51362D5C41322D5C4132312E
:107F30005D313A335E314A385B512A2F5E415A3FF8
:107F40005C513E3F5B212A3B5B214A3859413E3719
:107F50005B313E38564136295151255951212D5B0F
:107F60004831315D3B51315A3221554E3841514DE6
:107F70004851456052314E2D51412E2552412E26F9
:107F800054413A2952213E244E41355C4E41395CE0
:107F900046512D51475139574821315843212D52CF
:107FA0003E5145523F51314F4731455F46512D5863
:107FB0004821355449512D564C21315C4D51396081
:107FC0004E213E224E313E234D41315F4E313E2205
:107FD0004B412D5D4D4146234F3142244E51355F7B
:107FE0004F213D5F4F21315C51413A22543246329C
:107FF00051432E334C453E42532B3B552E24385F84
:1080000023515C60212124602121246021212460EE
:108010002121246021212460212124602121246048
:108020002121246021212460212124602121246038
:108030002121246021212460212124602121246028
:108040002121246021212460212124602121246018
:108050002121246021212460212124602121246008
:1080600021212460212124602121246021212460F8
:1080700021212460212124602121246021212460E8
:1080800021212460212124602121246021212460D8
:1080900021212460212124602121246021212460C8
:1080A00021212460212124602121246021212460B8
:1080B00021212460212124602121246021212460A8
:1080C0002121246021212460212124602121246098
:1080D0002121246021212460212124602121246088
:1080E0002121246021212460212124602121246078
:1080F0002121246021212460212124602121246068
:108100002121246021212460212124602121246057
:108110002121246021212460212124602121246047
:108120002121246021212460212124602121246037
:108130002121246021212460212124602121246027
:108140002121246021212460212124602121246017
:108150002121246021212460212124602121246007
:1081600021212460212124602121246021212460F7
:1081700021212460212124602121246021212460E7
:1081800021212460212124602121246021212460D7
:1081900021212460212124602121246021212460C7
:1081A00021212460212124602121246021212460B7
:1081B00021212460212124602121246021212460A7
:1081C0002121246021212460212124602121246097
:1081D0002121246021212460212124602121246087
:1081E0002121246021212460212124602121246077
:1081F0002121246021212460212124602121246067
:108200002121246021212460212124602A23386037
:10821000212124602D4428605E4D343447514D5255
:108220005352322650214D5C4D413D575251315DE4
:108230005321315B54412D5B5331315A5331315A03
:108240005331355B5321395B5241395A52213559EB
:108250005131355850413D585041395750213552D0
:108260004F5139544F5139544F413553503139558D
:1082700050413557512139585131355853214156C4
:108280005351395F5531396055312D5E5141395E59
:108290004D512550545129575D313A305A513226AB
:1082A0005D21395E5C51395C5B3135595941355638
:1082B0005921355659313D58594135585951315A3E
:1082C0005831295557313151564131525621355681
:1082D0005741315A583131605C213A295C31422E84
:1082E0005D213A305C51462C5B312A275B412E2AB6
:1082F0005C312E2F5D3142345C212E315C413E39A0
:108300005B312E3A5A312E385741322F58413A3488
:1083100058313E3452412A225021295D4B5141604F
:108320003C513D56322155563531594E4421515319
:108330004F31396052313A255351562C5741462C12
:108340005831422C56313A2758313A2B5321295C67
:1083500055214E2751414A27494149604232215D0A
:108360004131355449213D604A51395F49513D5AA7
:1083700049313556495135574A5139594B3135599B
:108380004B513D5D4C31395D4B51295A4D21315D89
:108390004C51315D4C51315D4C21295A4C51415E5B
:1083A0004F31562452415E2951415A2750333A35B4
:1083B00048545A39542C582A2D53585F25423C6052
:1083C00022213C602121246021212460212124607C
:1083D0002121246021212460212124602121246085
:1083E0002121246021212460212124602121246075
:1083F0002121246021212460212124602121246065
:108400002121246021212460212124602121246054
:108410002121246021212460212124602121246044
:108420002121246021212460212124602121246034
:108430002121246021212460212124602121246024
:108440002121246021212460212124602121246014
:108450002121246021212460212124602121246004
:1084600021212460212124602121246021212460F4
:1084700021212460212124602121246021212460E4
:1084800021212460212124602121246021212460D4
:1084900021212460212124602121246021212460C4
:1084A00021212460212124602121246021212460B4
:1084B00021212460212124602121246021212460A4
:1084C0002121246021212460212124602121246094
:1084D0002121246021212460212124602121246084
:1084E0002121246021212460212124602121246074
:1084F0002121246021212460212124602121246064
:108500002121246021212460212124602121246053
:108510002121246021212460212124602121246043
:108520002121246021212460212124602121246033
:108530002121246021212460212124602121246023
:108540002121246021212460212124602121246013
:108550002121246021212460212124602121246003
:1085600021212460212124602121246021212460F3
:1085700021212460212124602121246021212460E3
:1085800021212460212124602121246021212460D3
:1085900021212460212124602121246021212460C3
:1085A00021212460212124602121246021212460B3
:1085B00021212460212124602121246021212460A3
:1085C0002121246021212460212124602E2438606F
:1085D00021212460212124603424605E575B57569A
:1085E0004951455253315A244D313D594F5131591A
:1085F0005131395B5451295C525131595241395AE8
:108600005241395A5251355A5321395B5321395B02
:108610005251395B52413D5B5221395A51313555E6
:10862000513135565121315551313155515129551D
:1086300053213158535135595441395B54213155E7
:1086400053212D5B5351315B512135574A313956F6
:108650004831294758414E225F4136305C2132244F
:108660005C51315E5C31395C5A3135585851355660
:1086700058313D5858213957584131595931315B9A
:10868000582135575641314E555131515541395682
:108690005841355F584136235D21422E5B412A2BDC
:1086A0005C41322E5C21422D5C21462E5B41322AF8
:1086B0005C31362E5D3146345C413A335B212A31E0
:1086C0005A4132315A413E3458414A335441362797
:1086D00051312E224951295A4331295B3B212D56D4
:1086E00034312D4D3F22322148415D5D4E214959A3
:1086F0004F21295A4D5121594F31215B53412D6052
:108700005631422756213A265751362957213A27C2
:1087100057413A2A4D414E263F5139554531415E28
:108720004D514E2C4C31422648212D5949413D5A3C
:108730004A213958495135574951315649413156E5
:108740004A413D594A51315A4A512D594B51315B99
:108750004A512D584B4131594C213D5D4C515E23BE
:108760004E415E26535232305032422E4635263824
:108770004358384121212460212124602121246093
:1087800021212460212124602121246021212460D1
:1087900021212460212124602121246021212460C1
:1087A00021212460212124602121246021212460B1
:1087B00021212460212124602121246021212460A1
:1087C0002121246021212460212124602121246091
:1087D0002121246021212460212124602121246081
:1087E0002121246021212460212124602121246071
:1087F0002121246021212460212124602121246061
:108800002121246021212460212124602121246050
:108810002121246021212460212124602121246040
:108820002121246021212460212124602121246030
:108830002121246021212460212124602121246020
:108840002121246021212460212124602121246010
:108850002121246021212460212124602121246000
:1088600021212460212124602121246021212460F0
:1088700021212460212124602121246021212460E0
:1088800021212460212124602121246021212460D0
:1088900021212460212124602121246021212460C0
:1088A00021212460212124602121246021212460B0
:1088B00021212460212124602121246021212460A0
:1088C0002121246021212460212124602121246090
:1088D0002121246021212460212124602121246080
:1088E0002121246021212460212124602121246070
:1088F0002121246021212460212124602121246060
:10890000212124602121246021212460212124604F
:10891000212124602121246021212460212124603F
:10892000212124602121246021212460212124602F
:10893000212124602121246021212460212124601F
:10894000212124602121246021212460212124600F
:1089500021212460212124602121246021212460FF
:1089600021212460212124602121246021212460EF
:1089700021212460212124602121246021212460DF
:1089800021212460212124602121246021212460CF
:1089900021212460212124603A382C5C4659505A08
:1089A0005238532B51514A21515146224F51355C77
:1089B0005141355C5151395A5131395851513D5A13
:1089C000522135595251355A5341355B5351355B1C
:1089D0005421355B5421315B5341355A525135583E
:1089E00052413157523131575241315753412D572E
:1089F000544131595541315B5621355C5231315327
:108A00004F3135564E5135544B21355044512D4D33
:108A10004921294E593142255F21322C5C213622D1
:108A20005B41315C5B31315A5951355858313557BA
:108A30005821415A5821395A5821315B58512D5EDD
:108A4000575131585621314F5551315156213958CE
:108A50005851322158512E235D4142315C412E2E16
:108A60005D413A335B213A2E5A313A2A5A41322833
:108A70005B51322B5C31362F5D414E355C214633E4
:108A800059512E2A5A515A3154413A264C412954AF
:108A90004B313958404139563431415734214D5EBC
:108AA000415222284F314A255351415D53413D5C8B
:108AB0005241316050412D605031315F5041355D40
:108AC0005031415C5041315C5451362655213A2990
:108AD0004F215228424231603B5135524A514E2A71
:108AE0005051322E4B413A244731355C4A41395D71
:108AF0004A212D56493135564851355548512D5644
:108B0000493131574A41355C4B31415F4B41462237
:108B10004C41455E4C21455B4D522A254D515A230F
:108B20004F4222284D22462B45544E35595E24474C
:108B3000212124602121246021212460212124601D
:108B4000212124602121246021212460212124600D
:108B500021212460212124602121246021212460FD
:108B600021212460212124602121246021212460ED
:108B700021212460212124602121246021212460DD
:108B800021212460212124602121246021212460CD
:108B900021212460212124602121246021212460BD
:108BA00021212460212124602121246021212460AD
:108BB000212124602121246021212460212124609D
:108BC000212124602121246021212460212124608D
:108BD000212124602121246021212460212124607D
:108BE000212124602121246021212460212124606D
:108BF000212124602121246021212460212124605D
:108C0000212124602121246021212460212124604C
:108C1000212124602121246021212460212124603C
:108C2000212124602121246021212460212124602C
:108C3000212124602121246021212460212124601C
:108C4000212124602121246021212460212124600C
:108C500021212460212124602121246021212460FC
:108C600021212460212124602121246021212460EC
:108C700021212460212124602121246021212460DC
:108C800021212460212124602121246021212460CC
:108C900021212460212124602121246021212460BC
:108CA00021212460212124602121246021212460AC
:108CB000212124602121246021212460212124609C
:108CC000212124602121246021212460212124608C
:108CD000212124602121246021212460212124607C
:108CE000212124602121246021212460212124606C
:108CF000212124602121246021212460212124605C
:108D0000212124602121246021212460212124604B
:108D1000212124602121246021212460212124603B
:108D2000212124602121246021212460212124602B
:108D3000212124602121246021212460212124601B
:108D4000212124602121246021212460212124600B
:108D50002121246021212460212124603B28345AD0
:108D60005F4E54434E43523055313E2754313624E2
:108D70004F31295A4F313D5950413D5851313D599C
:108D800052213559524131595341355B5421315BA0
:108D90005431315B5431315B5431315B5351395B68
:108DA0005341355A5341355A533131595351315941
:108DB00054412D5A55312D5B55512D5B515135552F
:108DC0004E2139524B5131504651314B42212547AA
:108DD0004B51315959413A285B5136255931395E49
:108DE000595131595951315859213157582131561A
:108DF00058313D5B5821395B5821315E5821315F34
:108E00005651315A562131525631355556413959FC
:108E10005931322159412E255E213E325C51323387
:108E20005D513A385941322C582126235A21322596
:108E30005B2132275C21362D5B412E2E5B21362EA5
:108E40005A51462D565132214E5131584941254FE4
:108E500047214957375151512E3159563B415627D9
:108E60004E214A325721322758412D5D5741355EF8
:108E700056313E2853313E2852213E2551313D5D29
:108E80004F5139584E51295753313A2651414A2BA7
:108E90004331555D3B4155534251455B4B514A2A45
:108EA0004C212A234B5132224B5136214B41395E02
:108EB00049513158492139584841395748512D585D
:108EC0004A21355C4B4142224B5146254A213E24E2
:108ED0004B413D5D4D41555E4E21455D50515626FD
:108EE0004D32322850375F28552C444C242158608D
:108EF0002131286021212460212124602121246046
:108F00002121246021212460212124602121246049
:108F10002121246021212460212124602121246039
:108F20002121246021212460212124602121246029
:108F30002121246021212460212124602121246019
:108F40002121246021212460212124602121246009
:108F500021212460212124602121246021212460F9
:108F600021212460212124602121246021212460E9
:108F700021212460212124602121246021212460D9
:108F800021212460212124602121246021212460C9
:108F900021212460212124602121246021212460B9
:108FA00021212460212124602121246021212460A9
:108FB0002121246021212460212124602121246099
:108FC0002121246021212460212124602121246089
:108FD0002121246021212460212124602121246079
:108FE0002121246021212460212124602121246069
:108FF0002121246021212460212124602121246059
:109000002121246021212460212124602121246048
:109010002121246021212460212124602121246038
:1090200021212460000000006D616C6C6F63000002
:10903000433A2F55736572732F646F6D696E2F44B9
:1090400065736B746F702F436F6D707574657261AB
:109050007263686974656B7475722F4C61626F72AC
:10906000325F54656D706C6174652F6C6162326340
:109070002F7372632F636C6F636B5F6775692E6309
:1090800000000000253264003A0000002573000053
:109090000A2A2A2A2050414E4943202A2A2A0A0015
:1090A0000A0000004E6F207370696E6C6F636B7303
:1090B0002061726520617661696C61626C65000097
:1090C0004E6F20757365722049525173206172652D
:1090D00020617661696C61626C6500004861726450
:1090E0007761726520616C61726D20256420616C0E
:1090F000726561647920636C61696D65640000006C
:109100004861726420617373657274004F757420D6
:109110006F66206D656D6F727900000052656C6539
:1091200061736500626F6F74325F7732357130380A
:1091300030000000322E322E30000000776176655C
:1091400073686172655F7270323335305F6C63646F
:109150005F312E32380000006C6162326100000025
:109160004A756E202031203230323600666E692B0F
:1091700000000000666E69006E616E00666E692D0B
:10918000000000002C2066756E6374696F6E3A20D3
:1091900000000000617373657274696F6E20222590
:1091A0007322206661696C65643A2066696C65208B
:1091B000222573222C206C696E6520256425732579
:1091C000730A00005541525420737464696E0000A4
:1091D00055415254207374646F7574005541525454
:1091E00020737464696E202F207374646F7574002B
:1091F00055534220737464696E202F207374646F1A
:1092000075740000526173706265727279205069E2
:10921000000000005069636F00000000426F61723F
:1092200064204344430000005265736574000000ED
:10923000556E68616E646C656420495251203078C7
:1092400025780A0065702025303258207761732018
:10925000616C726561647920617661696C61626CD0
:109260006500000043616E277420636F6E74696E41
:1092700075652078666572206F6E20696E61637413
:109280006976652065702025303258004445565F68
:109290005345545F50574D204572726F72200D0038
:1092A0004445565F4D6F64756C655F496E69742007
:1092B0004F4B200D00000000494E4600696E6600CD
:1092C0004E414E00303132333435363738396162F1
:1092D0006364656600000000303132333435363760
:1092E000383941424344454600000000286E756C01
:1092F0006C290000504F5349580000002E00000018
:10930000496E66696E697479000000004E614E0016
:1093100042616C6C6F63207375636365656465643B
:1093200000000000503A2F6275696C642F726973F7
:1093300063762D676E752D746F6F6C636861696EEF
:109340002F6E65776C69622F6E65776C69622F6C22
:109350006962632F7374646C69622F6764746F61F0
:109360002D646D6973632E6300000000503A2F6214
:1093700075696C642F72697363762D676E752D74D1
:109380006F6F6C636861696E2F6E65776C69622FB1
:109390006E65776C69622F6C6962632F7374646C9D
:1093A00069622F6D707265632E6300000600525073
:1093B000D3F075421C91041006005250E182887F60
:1093C0002491041006005250ABB360533491041042
:1093D00006005250BBFF3CB63C91041006005250B0
:1093E000861C030258910410060052505422A29D7C
:1093F0006091041005005250DE65F4687432051067
:109400003A3E0010E23D0010E23D0010323E0010F6
:10941000E23D0010E23D0010E23D0010E23D001090
:10942000E23D0010E23D0010E23D00102A3E001037
:10943000E23D0010223E0010E23D0010E23D00102F
:109440001A3E0010764000104C3E00106A4000109A
:109450004C3E0010504000104C3E00104C3E00109E
:109460004C3E00104C3E00104C3E00104C3E001094
:109470004C3E0010423E00104C3E00104C3E00108E
:109480004C3E00104C3E00104C3E0010423E00107E
:10949000FE400010AC3D0010AC3D0010AC3D001093
:1094A000AC3D0010AC3D0010AC3D0010AC3D0010D8
:1094B000AC3D0010AC3D0010AC3D0010AC3D0010C8
:1094C000AC3D0010AC3D0010AC3D0010AC3D0010B8
:1094D000AC3D0010AC3D0010AC3D0010AC3D0010A8
:1094E000AC3D0010AC3D0010AC3D0010AC3D001098
:1094F000AC3D0010AC3D0010AC3D0010AC3D001088
:10950000AC3D0010AC3D0010AC3D0010AC3D001077
:109510008A400010D24000108A400010AC3D00107C
:10952000AC3D0010AC3D0010AC3D0010AC3D001057
:10953000AC3D0010AC3D0010AC3D0010AC3D001047
:10954000AC3D0010AC3D0010AC3D0010AC3D001037
:10955000AC3D0010AC3D0010AC3D00109842001036
:10956000AC3D0010AC3D0010AC3D0010AC3D001017
:10957000AC3D0010AC3D0010AC3D0010AC3D001007
:10958000AC3D0010984200100E41001098420010AF
:109590008A400010D24000108A40001000000000F5
:1095A000000000000000F03F000000000000244028
:1095B00000000000000059400000000000408F4003
:1095C000000000000088C34000000000006AF8406E
:1095D0000000000080842E4100000000D012634192
:1095E0000000000084D797410000000065CDCD4108
:1095F0000600525053B4F4A1DC91041000000000A6
:10960000C84E001000000000CA4E0010D04E0010DE
:10961000064F0010024F0010000000000A0000007A
:1096200000000306A6000800020002009C001400CF
:10963000030057494E55534200000000000000004F
:10964000000080000400010028004400650076004E
:1096500069006300650049006E00740065007200D7
:109660006600610063006500470055004900440042
:1096700000004E007B0062006300370033003900B9
:109680003800630031002D003700330063006400B0
:109690002D0034006300620037002D0039003800CF
:1096A000620038002D0039003100330061003800BD
:1096B00066006300610037006200660036007D00CE
:1096C00000000000050F2100011C100500DF60DD17
:1096D000D88945C74C9CD2659D9E648A9F00000333
:1096E00006A60001000000000600525053B4F4A189
:1096F000F091041000000000049204101492041071
:10970000888100201C920410289204100902540041
:10971000030100807D080B00020202000009040022
:1097200000010202000405240020010524010001BB
:109730000424020605240600010705810308001021
:1097400009040100020A00000007050202400000AF
:10975000070582024000000904020000FF00010525
:1097600012011002EF0201408A2E090000010102DD
:1097700003010000AA5E00105A5E0010805E001017
:109780006E5E0010925E00104A5E0010A65D001032
:10979000545D00104A5D0010DA600010BC600010DB
:1097A0002E5E0010FE6000102E5E00109E60001005
:1097B0007C6000102E5E00106460001022600010BB
:1097C000305E0010CE630010BC630010AE6300106A
:1097D000305E0010305E001092630010BC63001019
:1097E000305E0010305E0010305E0010305E001001
:1097F000305E0010305E0010305E00101862001005
:10980000360C0020360C0020A20C0020CE0C0020CC
:10981000380D0020540D00202C0C0020000000000A
:109820002C6C0010D46C00100C6D0010726D0010C8
:10983000706E00109E6F001000000000000000001D
:10984000CE70001038710010587100109271001025
:10985000844F00100673001000000000000000009C
:1098600000000000000000000000000000000000F8
:1098700000000000000000000000000000000C00DC
:109880000C000C000C000C000C000C000C00000084
:109890000C000000000000000000000000000000BC
:1098A0001DC01DC008800880088000000000000066
:1098B00000000000000000000000000000000D801B
:1098C0000D800D800D803FC01B003FC01B001B00A2
:1098D0001B001B00000000000000000004001F80AF
:1098E0003180318038001E000F00038031803180CC
:1098F0003F00040004000000000000000000180009
:109900002400240018C007801E003180024002405D
:1099100001800000000000000000000000000000C6
:109920000F001800180018000C001D8037003300CD
:109930001D8000000000000000000000000000008A
:109940000700070002000200020000000000000003
:109950000000000000000000000000000000030004
:10996000030006000E000C000C000C000C000E00A2
:1099700006000300030000000000000000001800C3
:1099800018000C000600060006000600060006008F
:109990000C001C0018000000000000000000060081
:1099A00006003FC03FC00F001F801980000000006C
:1099B00000000000000000000000000000000000A7
:1099C00000000400040004003F80040004000400C0
:1099D0000000000000000000000000000000000087
:1099E0000000000000000000000000000000060071
:1099F00004000C0008000800000000000000000047
:109A000000000000000000003F8000000000000097
:109A10000000000000000000000000000000000046
:109A200000000000000000000000000000000C002A
:109A30000C000000000000000000000000C000C09A
:109A4000018001800300030006000C000C001800D8
:109A500018003000300000000000000000000E0080
:109A60001B003180318031803180318031801B009A
:109A70000E000000000000000000000000000600D2
:109A80003E0006000600060006000600060006006E
:109A90003FC00000000000000000000000000F00B8
:109AA000198031803180030006000C00180030005E
:109AB0003F800000000000000000000000003F00A8
:109AC0006180018003001F000380018001806180AC
:109AD0003F00000000000000000000000000070040
:109AE00007000F000B001B00130033003F80030032
:109AF0000F800000000000000000000000001F8038
:109B00001800180018001F001180018001802180BA
:109B10001F0000000000000000000000000007809F
:109B20001C001800300037003980318031801980E6
:109B30000F000000000000000000000000007F0097
:109B40004300030006000600060006000C000C009F
:109B50000C000000000000000000000000001F00DA
:109B60003180318031801F003180318031803180FF
:109B70001F000000000000000000000000001E00A8
:109B800033003180318033801D8001800300070065
:109B90003C00000000000000000000000000000089
:109BA000000000000C000C000000000000000C0091
:109BB0000C00000000000000000000000000000099
:109BC0000000000003000300000000000000060089
:109BD0000400080008000000000000000000000071
:109BE00000C0030004001800600018000400030017
:109BF00000C00000000000000000000000000000A5
:109C00000000000000007FC000007FC000000000D6
:109C10000000000000000000000000000000000044
:109C2000600018000400030000C0030004001800D6
:109C300060000000000000000000000000000000C4
:109C40001F0031803180018007000C000C000000F3
:109C50000C000000000000000000000000000E00EA
:109C600011002100210027002900290027002000E1
:109C700011000E00000000000000000000000000C5
:109C80003F000F000900198019801F8030C030C0CC
:109C900079E000000000000000000000000000006B
:109CA0007F003180318031803F00318031803180D0
:109CB0007F00000000000000000000000000000025
:109CC0001F4030C060406000600060006040308035
:109CD0001F00000000000000000000000000000065
:109CE0007F00318030C030C030C030C030C03180E3
:109CF0007F000000000000000000000000000000E5
:109D00007F803080308032003E00320030803080F2
:109D10007F80000000000000000000000000000044
:109D20007FC03040304032003E0032003000300012
:109D30007C000000000000000000000000000000A7
:109D40001E80318060806000600067C0618031806B
:109D50001F000000000000000000000000000000E4
:109D60007BC03180318031803F80318031803180D3
:109D70007BC00000000000000000000000000000A8
:109D80003FC00600060006000600060006000600AA
:109D90003FC00000000000000000000000000000C4
:109DA0001FC003000300030003006300630063009F
:109DB0003E00000000000000000000000000000065
:109DC0007BC03180330036003C003E0033003180E0
:109DD00079C000000000000000000000000000004A
:109DE0007E0018001800180018001840184018408D
:109DF0007FC0000000000000000000000000000024
:109E0000E0E060C071C07BC06AC06EC064C060C06A
:109E1000FBE0000000000000000000000000000067
:109E200073C0318039803D80358037803380318008
:109E30007980000000000000000000000000000029
:109E40001F00318060C060C060C060C060C03180F1
:109E50001F000000000000000000000000000000E3
:109E60007F0031803180318031803F003000300010
:109E70007E00000000000000000000000000000064
:109E80001F00318060C060C060C060C060C03180B1
:109E90001F000CC01F800000000000000000000038
:109EA0007F003180318031803E003300318031804D
:109EB0007CE0000000000000000000000000000046
:109EC0001F803180318038001F0003803180318055
:109ED0003F00000000000000000000000000000043
:109EE0007F804C804C804C800C000C000C000C00DF
:109EF0003F00000000000000000000000000000023
:109F00007BC031803180318031803180318031803F
:109F10001F00000000000000000000000000000022
:109F20007BC0318031801B001B001B000A000E002B
:109F30000E00000000000000000000000000000013
:109F4000FBE060C064C06EC06EC02A803B803B8076
:109F50003180000000000000000000000000000050
:109F60007BC031801B000E000E000E001B003180F4
:109F70007BC00000000000000000000000000000A6
:109F800079E030C019800F000600060006000600C8
:109F90001F80000000000000000000000000000022
:109FA0003F8021802300060004000C0018803080D0
:109FB0003F8000000000000000000000000007805B
:109FC0000600060006000600060006000600060061
:109FD000060006000780000000000000300030008E
:109FE000180018000C000C0006000300030001809C
:109FF000018000C000C000000000000000001E0042
:10A000000600060006000600060006000600060020
:10A01000060006001E0000000000000004000A0008
:10A020000A001100208020800000000000000000D5
:10A030000000000000000000000000000000000020
:10A040000000000000000000000000000000000010
:10A0500000000000000000000000FFE00800040015
:10A0600002000000000000000000000000000000EE
:10A0700000000000000000000000000000000000E0
:10A08000000000001F00018001801F8031803380AC
:10A090001DC0000000000000000000000000700073
:10A0A000300030003700398030C030C030C03980D7
:10A0B0007700000000000000000000000000000029
:10A0C000000000001E803180608060006080318070
:10A0D0001F000000000000000000000000000380DE
:10A0E000018001801D8033806180618061803380C8
:10A0F0001DC0000000000000000000000000000083
:10A10000000000001F00318060C07FC0600030C0D0
:10A110001F8000000000000000000000000007E0B9
:10A120000C000C003F800C000C000C000C000C001C
:10A130003F80000000000000000000000000000060
:10A14000000000001DC03380618061806180338029
:10A150001D80018001801F000000000000007000D1
:10A1600030003000370039803180318031803180DB
:10A170007BC000000000000000000000000006009E
:10A18000060000001E00060006000600060006008D
:10A190003FC00000000000000000000000000600BA
:10A1A000060000003F00030003000300030003005B
:10A1B0000300030003003E000000000000007000E8
:10A1C00030003000378036003C003C003600330061
:10A1D00077C00000000000000000000000001E002A
:10A1E000060006000600060006000600060006003F
:10A1F0003FC0000000000000000000000000000060
:10A20000000000007F8036C036C036C036C036C081
:10A2100076E00000000000000000000000000000E8
:10A22000000000007700398031803180318031803A
:10A230007BC00000000000000000000000000000E3
:10A24000000000001F00318060C060C060C031802D
:10A250001F000000000000000000000000000000DF
:10A26000000000007700398030C030C030C0398035
:10A270003700300030007C000000000000000000CB
:10A28000000000001DC033806180618061803380E8
:10A290001D800180018007C0000000000000000058
:10A2A000000000007B801CC0180018001800180077
:10A2B0007F0000000000000000000000000000001F
:10A2C000000000001F8031803C001F0003803180AF
:10A2D0003F00000000000000000000000000180027
:10A2E000180018007F0018001800180018001880C7
:10A2F0000F0000000000000000000000000000004F
:10A3000000000000738031803180318031803380E3
:10A310001DC0000000000000000000000000000060
:10A32000000000007BC0318031801B001B000E004C
:10A330000E0000000000000000000000000000000F
:10A3400000000000F1E060C064C06EC03B803B8054
:10A35000318000000000000000000000000000004C
:10A36000000000007BC01B000E000E000E001B0052
:10A370007BC00000000000000000000000000000A2
:10A380000000000079E030C0198019800B000F0038
:10A39000060006000C003E00000000000000000067
:10A3A000000000003F80218003000E001800308074
:10A3B0003F800000000000000000000000000600D8
:10A3C0000C000C000C000C000C0018000C000C0021
:10A3D0000C000C0006000000000000000000060059
:10A3E000060006000600060006000600060006003D
:10A3F00006000600060000000000000000000C003F
:10A40000060006000600060006000300060006001F
:10A41000060006000C000000000000000000000024
:10A42000000000000000180024800300000000006D
:10A43000000000000000000000000000000000001C
:10A44000000000000000000000000000000000000C
:10A4500000000000000000000000000000000000FC
:10A4600000000000000000000000000000000000EC
:10A4700000000000000000000000000000000000DC
:10A4800000000000000000000000038000038000C6
:10A49000038000038000038000038000038000032A
:10A4A00080000380000100000100000000000000A7
:10A4B0000003800003800000000000000000000096
:10A4C000000000000000000000000000000000008C
:10A4D00000000000000E70000E70000E70000420DE
:10A4E0000004200004200004200000000000000000
:10A4F000000000000000000000000000000000005C
:10A50000000000000000000000000000000000004B
:10A51000000000000000000000000660000660006F
:10A520000660000660000660003FF8003FF8000685
:10A5300060000CC0003FF8003FF8000CC0000CC0E9
:10A54000000CC0000CC0000CC000000000000000A7
:10A5500000000000000000000000000000000001FA
:10A56000800001800007B0000FF000187000187024
:10A57000001C00000F800007E00000F00018300011
:10A580001C30001C70001FE0001BC0000180000197
:10A590008000018000018000000000000000000039
:10A5A000000000000000000000000780000FC00055
:10A5B0001CE0001860001860001CE0000FF80007A5
:10A5C000E0001FF0000738000618000618000738E2
:10A5D0000003F00001E000000000000000000000A7
:10A5E000000000000000000000000000000000006B
:10A5F000000000000000000003F00007F0000C6005
:10A60000000C00000C00000600000700000F9C007A
:10A610001DFC0018F0001870000FFC0007DC0000A3
:10A62000000000000000000000000000000000002A
:10A630000000000000000000000000000003800097
:10A640000380000380000100000100000100000100
:10A6500000000000000000000000000000000000FA
:10A6600000000000000000000000000000000000EA
:10A6700000000000000000000000000000000000DA
:10A68000000000180000380000700000F00000E03A
:10A690000000E00001C00001C00001C00001C000D6
:10A6A00001C00001C00000E00000E00000700000F8
:10A6B00070000038000018000000000000000000DA
:10A6C000000000000000000000001800001C000056
:10A6D0000E00000E000007000007000003800003CA
:10A6E00080000380000380000380000380000700D7
:10A6F000000700000F00000E00001C000018000002
:10A700000000000000000000000000000000000049
:10A7100000000180000180000180001DB8001FF8CA
:10A720000007E00003C00003C000066000066000F0
:10A730000000000000000000000000000000000019
:10A740000000000000000000000000000000000009
:10A7500000000000000000000000000000000000F9
:10A760000180000180000180000180000180003F25
:10A77000FC003FFC0001800001800001800001809E
:10A780000001800000000000000000000000000048
:10A7900000000000000000000000000000000000B9
:10A7A00000000000000000000000000000000000A9
:10A7B0000000000000000000000000000000000099
:10A7C00000000000000000E00000C00001C0000127
:10A7D0008000018000030000030000000000000072
:10A7E0000000000000000000000000000000000069
:10A7F0000000000000000000000000000000001F3A
:10A80000F8001FF800000000000000000000000039
:10A810000000000000000000000000000000000038
:10A820000000000000000000000000000000000028
:10A830000000000000000000000000000000000018
:10A840000000000000000000000000000000000008
:10A8500000000000000003C00003C00003C00000AF
:10A8600000000000000000000000000000000000E8
:10A870000000000000180000180000380000300040
:10A8800000700000600000600000C00000C0000117
:10A8900080000180000300000300000600000600A5
:10A8A000000E00000C00001C000018000018000042
:10A8B0000000000000000000000000000000000098
:10A8C000000003C00007E0000C30000C3000181836
:10A8D0000018180018180018180018180018180088
:10A8E0001818000C30000C300007E00003C0000016
:10A8F0000000000000000000000000000000000058
:10A900000000000000000000000000800007800040
:10A910001F80001D80000180000180000180000177
:10A920008000018000018000018000018000018022
:10A93000001FF8001FF800000000000000000000E9
:10A940000000000000000000000000000000000007
:10A95000000007C0001FF000383000301800301829
:10A960000000180000300000600001C000038000FB
:10A970000600000C00001800003FF8003FF800003F
:10A9800000000000000000000000000000000000C7
:10A990000000000000000000000003C0000FE00005
:10A9A0000C700000300000300000600003C00003A5
:10A9B000E0000070000018000018000018001838AF
:10A9C000001FF0000FC000000000000000000000A9
:10A9D0000000000000000000000000000000000077
:10A9E000000000E00001E00001E0000360000660FC
:10A9F000000660000C60000C600018600030600011
:10AA00003FF8003FF80000600003F80003F8000082
:10AA10000000000000000000000000000000000036
:10AA2000000000000000000000001FF0001FF00008
:10AA30001800001800001800001BC0001FF0001CC8
:10AA40003000001800001800001800001800303016
:10AA5000003FF0000FC000000000000000000000F8
:10AA600000000000000000000000000000000000E6
:10AA7000000000F80003F8000700000E00000C00C2
:10AA8000001800001BC0001FF0001C300018180048
:10AA90001818001818000C38000FF00003E0000030
:10AAA00000000000000000000000000000000000A6
:10AAB000000000000000000000001FF8001FF80068
:10AAC0001818001838000030000030000070000036
:10AAD000600000600000E00000C00000C00001C095
:10AAE0000001800001800000000000000000000064
:10AAF0000000000000000000000000000000000056
:10AB0000000007E0000FF0001C38001818001818AB
:10AB1000000C300007E00007E0000C3000181800BF
:10AB20001818001818001C38000FF00007E000008B
:10AB30000000000000000000000000000000000015
:10AB40000000000000000000000007C0000FF0003F
:10AB50001C30001818001818001818000C38000FC6
:10AB6000F80003D80000180000300000700000E07A
:10AB7000001FC0001F0000000000000000000000D7
:10AB800000000000000000000000000000000000C5
:10AB9000000000000000000000000000000003C0F2
:10ABA0000003C00003C0000000000000000000001F
:10ABB00000000000000003C00003C00003C000004C
:10ABC0000000000000000000000000000000000085
:10ABD0000000000000000000000000000000000075
:10ABE00000000000000000F00000F00000F0000095
:10ABF000000000000000000000000000E00001C0B4
:10AC0000000180000180000300000200000000003D
:10AC10000000000000000000000000000000000034
:10AC20000000000000000000001C00003C0000F0DC
:10AC30000003C0000F00003C0000F000003C0000DA
:10AC40000F000003C00000F000003C00001C0000EA
:10AC500000000000000000000000000000000000F4
:10AC600000000000000000000000000000000000E4
:10AC70000000000000000000007FFC007FFC0000DE
:10AC800000000000007FFC007FFC000000000000CE
:10AC900000000000000000000000000000000000B4
:10ACA00000000000000000000000000000000000A4
:10ACB00000000000000000007000007800001E008E
:10ACC0000007800001E000007800001E000078000E
:10ACD00001E0000780001E00007800007000000006
:10ACE0000000000000000000000000000000000064
:10ACF0000000000000000000000000000007C0008D
:10AD00000FE00018700018300018300000700000CC
:10AD1000E00003C00003800003000000000000000A
:10AD20000007000007000000000000000000000015
:10AD30000000000000000000000000000000000013
:10AD4000000003E00007F0000E38000C180018782F
:10AD50000018F80019D800199800199800199800DF
:10AD600018F8001878001800000C00000E180007F2
:10AD7000F80003E0000000000000000000000000F8
:10AD8000000000000000000000000000001F800024
:10AD90001FC00001C0000360000360000630000611
:10ADA00030000C30000FF8001FF800180C00300CB9
:10ADB00000FC7F00FC7F000000000000000000009D
:10ADC0000000000000000000000000000000000083
:10ADD00000000000007FE0007FF000183800181825
:10ADE000001818001838001FF0001FF800181C0089
:10ADF000180C00180C00180C007FF8007FF0000001
:10AE00000000000000000000000000000000000042
:10AE10000000000000000000000000000003EC0043
:10AE20000FFC001C1C00180C00300C00300000301F
:10AE30000000300000300000300000180C001C1C26
:10AE4000000FF80003F00000000000000000000008
:10AE500000000000000000000000000000000000F2
:10AE600000000000007FC0007FF0001838001818B4
:10AE700000180C00180C00180C00180C00180C001E
:10AE8000180C001818001838007FF0007FE0000050
:10AE900000000000000000000000000000000000B2
:10AEA000000000000000000000000000007FF8002B
:10AEB0007FF8001818001818001998001980001F52
:10AEC00080001F80001980001998001818001818B9
:10AED000007FF8007FF80000000000000000000084
:10AEE0000000000000000000000000000000000062
:10AEF00000000000003FFC003FFC000C0C000C0CAC
:10AF0000000CCC000CC0000FC0000FC0000CC00033
:10AF10000CC0000C00000C00003FC0003FC000004F
:10AF20000000000000000000000000000000000021
:10AF30000000000000000000000000000003EC0022
:10AF40000FFC001C1C00180C00300C0030000030FE
:10AF5000000030FE0030FE00300C00380C001C1CDD
:10AF6000000FFC0003F000000000000000000000E3
:10AF700000000000000000000000000000000000D1
:10AF800000000000007E7E007E7E00181800181869
:10AF9000001818001818001FF8001FF800181800F3
:10AFA0001818001818001818007E7E007E7E000019
:10AFB0000000000000000000000000000000000091
:10AFC000000000000000000000000000001FF8006A
:10AFD0001FF8000180000180000180000180000155
:10AFE000800001800001800001800001800001805C
:10AFF000001FF8001FF80000000000000000000023
:10B000000000000000000000000000000000000040
:10B01000000000000007FE0007FE000030000030C6
:10B0200000003000003000003000303000303000D0
:10B030003030003030003060003FE0000F80000012
:10B040000000000000000000000000000000000000
:10B05000000000000000000000000000007F3E0033
:10B060007F3E0018300018600018C0001980001BD7
:10B0700080001FC0001CE000187000183000183855
:10B08000007F1F007F1F0000000000000000000084
:10B0900000000000000000000000000000000000B0
:10B0A00000000000007F80007F80000C00000C008A
:10B0B000000C00000C00000C00000C00000C0C0048
:10B0C0000C0C000C0C000C0C007FFC007FFC000042
:10B0D0000000000000000000000000000000000070
:10B0E00000000000000000000000000000F00F0061
:10B0F000F81F00381C003C3C003C3C00366C00361D
:10B100006C0033CC0033CC00318C00300C00300CA0
:10B1100000FE7F00FE7F0000000000000000000035
:10B12000000000000000000000000000000000001F
:10B13000000000000078FE0078FE001C18001E18B9
:10B14000001F18001B18001B980019D80018D80001
:10B1500018F8001878001838007F18007F180000D1
:10B1600000000000000000000000000000000000DF
:10B170000000000000000000000000000003C0000C
:10B180000FF0001C3800181800381C00300C00307C
:10B190000C00300C00300C00381C001818001C3853
:10B1A000000FF00003C000000000000000000000DD
:10B1B000000000000000000000000000000000008F
:10B1C00000000000003FF0003FF8000C1C000C0CD9
:10B1D000000C0C000C0C000C18000FF8000FE00025
:10B1E0000C00000C00000C00003FC0003FC000003D
:10B1F000000000000000000000000000000000004F
:10B200000000000000000000000000000003C0007B
:10B210000FF0001C3800181800381C00300C0030EB
:10B220000C00300C00300C00381C001818001C38C2
:10B23000000FF00007C00007CC000FFC000C380026
:10B2400000000000000000000000000000000000FE
:10B2500000000000007FE0007FF0001838001818A0
:10B26000001818001838001FF0001FC00018E00078
:10B270001870001830001838007F1E007F0E000084
:10B2800000000000000000000000000000000000BE
:10B290000000000000000000000000000007D800CF
:10B2A0000FF8001C38001818001818001E00000FB6
:10B2B000C00003F0000078001818001818001C38AF
:10B2C000001FF0001BE00000000000000000000074
:10B2D000000000000000000000000000000000006E
:10B2E00000000000003FFC003FFC00318C00318C6E
:10B2F00000318C00318C0001800001800001800051
:10B300000180000180000180000FF0000FF00000BC
:10B31000000000000000000000000000000000002D
:10B32000000000000000000000000000007E7E0021
:10B330007E7E001818001818001818001818001839
:10B3400018001818001818001818001818000C30E9
:10B35000000FF00003C0000000000000000000002B
:10B3600000000000000000000000000000000000DD
:10B3700000000000007F7F007F7F00180C000C1889
:10B38000000C18000C1800063000063000036000A6
:10B3900003600003600001C00001C00000800000E5
:10B3A000000000000000000000000000000000009D
:10B3B00000000000000000000000000000FE3F80D0
:10B3C000FE3F8030060030060030860019CC0019A0
:10B3D000CC001B6C001B6C001E7C000E38000E386D
:10B3E000000C18000C180000000000000000000015
:10B3F000000000000000000000000000000000004D
:10B4000000000000007E7E007E7E001818000C30D8
:10B410000006600003C00001800001800003C0003E
:10B420000660000C30001818007E7E007E7E000052
:10B43000000000000000000000000000000000000C
:10B44000000000000000000000000000007C7E0002
:10B450007C7E001818000C300006600006600003B7
:10B46000C000018000018000018000018000018097
:10B47000000FF0000FF000000000000000000000CE
:10B4800000000000000000000000000000000000BC
:10B4900000000000001FF8001FF800181800183006
:10B4A0000018600018C000018000030000061800AA
:10B4B0000C18001818003018003FF8003FF8000082
:10B4C000000000000000000000000000000000007C
:10B4D0000000000000000000000001F00001F0008A
:10B4E00001800001800001800001800001800001D6
:10B4F0008000018000018000018000018000018047
:10B500000001800001800001800001F00001F000D6
:10B5100000000000000000000000000018000018FB
:10B5200000001C00000C00000E00000600000600D9
:10B530000003000003000001800001800000C00043
:10B5400000C00000600000600000700000300000DB
:10B550003800001800001800000000000000000083
:10B56000000000000000000000000F80000F8000BD
:10B570000180000180000180000180000180000145
:10B5800080000180000180000180000180000180B6
:10B59000000180000180000180000F80000F80000A
:10B5A000000000000000000000000000000000009B
:10B5B000800001C00003E0000770000630000C1896
:10B5C00000180C0010040000000000000000000043
:10B5D000000000000000000000000000000000006B
:10B5E000000000000000000000000000000000005B
:10B5F000000000000000000000000000000000004B
:10B60000000000000000000000000000000000003A
:10B61000000000000000000000000000000000002A
:10B62000000000000000000000000000000000001A
:10B63000000000000000FFFF00FFFF00000000030B
:10B64000000003800000E000006000000000000037
:10B6500000000000000000000000000000000000EA
:10B6600000000000000000000000000000000000DA
:10B6700000000000000000000000000000000000CA
:10B6800000000000000000000000000000000000BA
:10B690000000000000000FC0001FE00000300000AC
:10B6A000300007F0001FF0003830003030003070FC
:10B6B000001FFC000FBC00000000000000000000A4
:10B6C000000000000000000000000000000000007A
:10B6D00000007800007800001800001800001BE04F
:10B6E000001FF8001C1800180C00180C00180C00A3
:10B6F000180C00180C001C18007FF8007BE00000FC
:10B700000000000000000000000000000000000039
:10B710000000000000000000000000000000000029
:10B7200000000000000003EC000FFC001C1C0038AF
:10B730000C00300C00300000300000380C001C1CE5
:10B74000000FF80003F000000000000000000000FF
:10B7500000000000000000000000000000000000E9
:10B76000000000780000780000180000180007D8DA
:10B77000001FF8001838003018003018003018008A
:10B780003018003018001838001FFE0007DE0000D7
:10B7900000000000000000000000000000000000A9
:10B7A0000000000000000000000000000000000099
:10B7B00000000000000007E0001FF800181800302B
:10B7C0000C003FFC003FFC00300000300000180C73
:10B7D000001FFC0007F00000000000000000000057
:10B7E0000000000000000000000000000000000059
:10B7F000000001FC0003FC000600000600003FF80A
:10B80000003FF800060000060000060000060000E9
:10B810000600000600000600003FF0003FF00000B8
:10B820000000000000000000000000000000000018
:10B830000000000000000000000000000000000008
:10B8400000000000000007DE001FFE001838003076
:10B850001800301800301800301800301800183860
:10B86000001FF80007D8000018000018000038007A
:10B870000FF0000FC00000000000000000000000FA
:10B8800000007800007800001800001800001BE09D
:10B89000001FF0001C3800181800181800181800B5
:10B8A0001818001818001818007E7E007E7E000010
:10B8B0000000000000000000000000000000000088
:10B8C0000000000000000000000001800001800076
:10B8D0000000000000001F80001F800001800001A8
:10B8E0008000018000018000018000018000018053
:10B8F000003FFC003FFC00000000000000000000D2
:10B900000000000000000000000000000000000037
:10B91000000000C00000C0000000000000001FF098
:10B92000001FF00000300000300000300000300048
:10B930000030000030000030000030000030000017
:10B9400030000030000070001FE0001F8000000089
:10B95000000000000000000000003C00003C00006F
:10B960000C00000C00000CF8000CF8000CC0000DDE
:10B9700080000F80000F00000F80000DC0000CE061
:10B98000003C7C003C7C0000000000000000000047
:10B9900000000000000000000000000000000000A7
:10B9A00000001F80001F80000180000180000180D6
:10B9B0000001800001800001800001800001800002
:10B9C0000180000180000180003FFC003FFC00007E
:10B9D0000000000000000000000000000000000067
:10B9E0000000000000000000000000000000000057
:10B9F000000000000000F77800FFFC0039CC0031A7
:10BA00008C00318C00318C00318C00318C00318CF9
:10BA100000FDEF00FDEF000000000000000000004E
:10BA20000000000000000000000000000000000016
:10BA300000000000000000000000000000007BE0AB
:10BA4000007FF0001C3800181800181800181800A3
:10BA50001818001818001818007E7E007E7E00005E
:10BA600000000000000000000000000000000000D6
:10BA700000000000000000000000000000000000C6
:10BA800000000000000003C0000FF0001C38003868
:10BA90001C00300C00300C00300C00381C001C382E
:10BAA000000FF00003C000000000000000000000D4
:10BAB0000000000000000000000000000000000086
:10BAC00000000000000000000000000000007BE01B
:10BAD000007FF8001C1800180C00180C00180C004F
:10BAE000180C00180C001C18001FF8001BE00018B0
:10BAF00000001800001800007F00007F0000000018
:10BB00000000000000000000000000000000000035
:10BB100000000000000007DE001FFE0018380030A3
:10BB2000180030180030180030180030180018388D
:10BB3000001FF80007D800001800001800001800C7
:10BB400000FE0000FE0000000000000000000000F9
:10BB500000000000000000000000000000003E782F
:10BB6000003EFC0007CC00070000060000060000B5
:10BB70000600000600000600003FF0003FF0000055
:10BB800000000000000000000000000000000000B5
:10BB900000000000000000000000000000000000A5
:10BBA00000000000000007F8000FF8001818001847
:10BBB00018001F80000FF00000F800181800183857
:10BBC000001FF0001FE00000000000000000000067
:10BBD0000000000000000000000000000000000065
:10BBE00000000C00000C00000C00000C00003FF0F6
:10BBF000003FF0000C00000C00000C00000C0000E6
:10BC00000C00000C00000C1C0007FC0003F00000FE
:10BC10000000000000000000000000000000000024
:10BC20000000000000000000000000000000000014
:10BC300000000000000078780078780018180018DC
:10BC400018001818001818001818001818001838CC
:10BC5000000FFE0007DE00000000000000000000F2
:10BC600000000000000000000000000000000000D4
:10BC700000000000000000000000000000007C3E0A
:10BC8000007C3E001818001818000C30000C300022
:10BC900006600006600007E00003C00003C000006B
:10BCA0000000000000000000000000000000000094
:10BCB0000000000000000000000000000000000084
:10BCC000000000000000783C00783C003118003390
:10BCD00098003398001AB0001EF0001EF0001C609F
:10BCE000000C60000C60000000000000000000007C
:10BCF0000000000000000000000000000000000044
:10BD000000000000000000000000000000003E7C79
:10BD1000003E7C000C300006600003C00001800083
:10BD200003C0000660000C30003E7C003E7C00003A
:10BD30000000000000000000000000000000000003
:10BD400000000000000000000000000000000000F3
:10BD50000000000000007E1F007E1F00180C000C79
:10BD600018000C180006300006300003600003E0E5
:10BD70000001C00000C0000180000180000300003D
:10BD80003FC0003FC00000000000000000000000B5
:10BD900000000000000000000000000000001FF88C
:10BDA000001FF80018300018600000C0000180007B
:10BDB0000300000618000C18001FF8001FF8000010
:10BDC0000000000000000000000000000000000073
:10BDD0000000000000000000000000E00001E000A2
:10BDE00001800001800001800001800001800001CD
:10BDF00080000380000700000380000180000180B4
:10BE00000001800001800001800001E00000E000EE
:10BE10000000000000000000000000000000000022
:10BE2000000001800001800001800001800001808D
:10BE3000000180000180000180000180000180007D
:10BE4000018000018000018000018000018000016C
:10BE50008000018000018000000000000000000060
:10BE60000000000000000000000007000007800044
:10BE7000018000018000018000018000018000013C
:10BE8000800001C00000E00001C0000180000180CE
:10BE90000001800001800001800007800007000091
:10BEA0000000000000000000000000000000000092
:10BEB0000000000000000000000000000000000082
:10BEC000000000000E00001F18003BB80031F00019
:10BED00000E0000000000000000000000000000082
:10BEE0000000000000000000000000000000000052
:10BEF00000000000002020202020202020202828D2
:10BF00002828282020202020202020202020202019
:10BF10002020202020881010101010101010101059
:10BF20001010101010040404040404040404041089
:10BF30001010101010104141414141410101010117
:10BF400001010101010101010101010101010101E1
:10BF500010101010101042424242424202020202ED
:10BF600002020202020202020202020202020202B1
:10BF70001010101020000000000000000000000061
:10BF800000000000000000000000000000000000B1
:10BF900000000000000000000000000000000000A1
:10BFA0000000000000000000000000000000000091
:10BFB0000000000000000000000000000000000081
:10BFC0000000000000000000000000000000000071
:10BFD0000000000000000000000000000000000061
:10BFE0000000000000000000000000000000000051
:10BFF0000000000000000000A4C2001076BB00108A
:10C0000076BB00109AC2001076BB001076BB001001
:10C0100076BB00105EC2001076BB001076BB00102D
:10C02000E0C1001002C2001076BB0010F8C1001081
:10C030001AC2001076BB001010C200104CBB0010DA
:10C040004CBB00104CBB00104CBB00104CBB001094
:10C050004CBB00104CBB00104CBB00104CBB001084
:10C0600076BB001076BB001076BB001076BB0010CC
:10C0700076BB001076BB001076BB0010B2BC00107F
:10C0800076BB001056C100106CC10010B2BC00108D
:10C09000B2BC0010B2BC001076BB001076BB001022
:10C0A00076BB001076BB0010E6C6001076BB001011
:10C0B00076BB0010BAC2001076BB001076BB001031
:10C0C00076BB00108EC0001076BB001084C6001036
:10C0D00076BB001076BB001004CC001076BB0010BD
:10C0E00076BB001076BB001076BB001076BB00104C
:10C0F00076BB001076BB001076BB0010B2BC0010FF
:10C1000076BB001056C10010D4C00010B2BC0010A5
:10C11000B2BC0010B2BC0010AAC40010D4C0001001
:10C1200086BC001076BB001070C6001076BB0010F5
:10C130003CC600100EC60010CAC5001086BC001018
:10C1400076BB00108EC0001080BC0010BEC4001072
:10C1500076BB001076BB00104CCC001076BB0010F4
:10C1600080BC001030303030303030303030303043
:10C17000303030302020202020202020202020207F
:10C18000202020207100000092BFFFFF8F3F0000A1
:10C190000100000000000000050000001900000080
:10C1A0007D00000000000000000000000000F03FE3
:10C1B0000000000000002440000000000000594082
:10C1C0000000000000408F40000000000088C340D5
:10C1D00000000000006AF8400000000080842E414A
:10C1E00000000000D01263410000000084D7974196
:10C1F0000000000065CDCD41000000205FA002429C
:10C20000000000E876483742000000A2941A6D4210
:10C21000000040E59C30A2420000901EC4BCD64203
:10C2200000003426F56B0C430080E03779C34143AE
:10C2300000A0D8855734764300C84E676DC1AB4324
:10C24000003D9160E458E143408CB5781DAF154442
:10C2500050EFE2D6E41A4B4492D54D06CFF080441D
:10C26000F64AE1C7022DB544B49DD9794378EA4432
:10C270000000000000005E400000000000005B4085
:10C280000000000000003E40182D4454FB210940EE
:10C290000000000000806640000000000000184020
:10C2A0000000000000805B4000000000008056405D
:10C2B0000000000000000E4000000000008051401F
:10C2C0000000000065CDCD410000000080842E41BB
:10C2D000FFFFFFFFFFFFEFFFFFFFFFFFFFFFEF7F0E
:10C2E0000000000065CDCDC1000000000000E03F6F
:10C2F000FB799F501344D33FB3C8608B288AC63F55
:10C30000000000000000F83F61436F63A787D23F41
:10C3100071A379094F930A401655B5BBB16B024022
:10C32000EF39FAFE422EE63F0000000000002C40EC
:10C330000000000000002440000000000000004059
:10C34000000000000000F03F2D431CEBE2361A3FD6
:10C35000000000000000E73F000000000000D23FA6
:10C36000D43888BEE9FAA8BDC4B1B4BD9EEE213E62
:10C37000AD529C804F7E923E9015CB19A001FA3EA3
:10C380007751C1166CC1563F4C5555555555A53F73
:10C390007CD5CF5A3AD9E53DEB9C2B8AE6E55A3E4F
:10C3A0007DFEB157E31DC73ED561C119A0012A3FEB
:10C3B000A6F810111111813F495555555555C53FE6
:10C3C00000004054FB21F93F3163621A61B4D03D53
:10C3D0000000601A61B4D03D7370032E8A19A33B2C
:10C3E00083C8C96D305FE43F0000002E8A19A33B6B
:10C3F000C14920259A837B3900000000000070416C
:10C40000000000000000703E000000000000C03F7F
:10C41000000000000000204000000000000000803C
:10C420009C7500883CE4377E00000000000050430B
:10C4300059F3F8C21F6EA5019C7500883CE437FED5
:10C4400059F3F8C21F6EA581000000000000903C67
:10C4500004FA7D9D162D943C325A47551344D33F20
:10C4600000000000000008400000000000001C4028
:10C470000000000000001440FFFFFFFFFFFFFF7FF0
:10C480000D0A00000800525012000000080052502F
:04C490009210000006
:10C49400AC930410B8930410C4930410D093041004
:10C4A400DC930410E8930410F49304108CC4041077
:0CC4B40084C40410F0950410E8960410F5
:10C4C0001C412A87F3760430139637003316C028B0
:10C4D000F19B2FA5C744718D6DFD0F0030038307BD
:10C4E000470063CE070091C19CC101451C430F006A
:10C4F000300323800700A18A73A006308280B7072B
:10C5000000D09C4305452302F7001C430F00300375
:10C5100023800700A18A73A006308280B70700D06D
:10C520009C43011122CC26CA4AC84EC606CEBE8400
:10C530002A842E89B28931A80F0030032300070016
:10C5400073A007304A85CE85972000F0E780006B06
:10C5500031E51C407377043093963700B316D0282A
:10C56000F19B2FA6D744758E6DFE0F003003830616
:10C570004400937787001840E3D006FC2302940020
:10C580000F0030032300070073A00730F24062441D
:10C59000D2444249B249054505618280F240624475
:10C5A000D2444249B2490145056182801C417377FA
:10C5B000043093963700B316D028F19B2FA8D744A8
:10C5C0003378D800E31C08FE0F00300383064500D3
:10C5D00093778700184163C206020F0030032300DF
:10C5E000070073A00730B70700D003870700814713
:10C5F0006314D7003E85828015B7B70600D09442F9
:10C600002302D5000F0030032300070073A007307A
:10C6100085473E858280411122C426C22E8406C6EB
:10C62000AA84972000F0E780A0721307803E3306AB
:10C63000E402B7070080FD173334E4023295333645
:10C64000C5002E94229663F4C7003E867D55224491
:10C65000B240AA85268592444101C9B51C41737731
:10C66000043093963700B316D028F19B2FA6D744F9
:10C67000758E6DFE0F003003FD572302F5001C413F
:10C680000F00300323800700218B732007303320F5
:10C6900010008280411106C6B707105023A407007E
:10C6A00023A6070023A8070023AA070023AC07003E
:10C6B00023AE070023A0070223A2070223A4070238
:10C6C00023A6070223A8070223AA070223AC070216
:10C6D00023AE070223A0070423A2070423A4070410
:10C6E00023A6070423A8070423AA070423AC0704EE
:10C6F00023AE070423A0070623A2070623A40706E8
:10C7000023A6070623A8070623AA070623AC0706C5
:10C710003785002023AE0706130585D91306003C94
:10C72000814597B000F0E780602CB240B707105009
:10C730009387071823A4F18C410182807971B70790
:10C7400011505AC803AB870506D6630D0B0652CCB1
:10C75000378A002022D426D256CA4AD04ECE01446F
:10C760008544130A8AD5B73A115011A805041374E9
:10C77000F40F930704FE8604A1C3638F0902B37705
:10C780009B008549E5D70547B37787401379E40FC8
:10C790003E991609529923AC9A044A85EF00100D70
:10C7A00015E505041374F40F337B9B40930704FED7
:10C7B000B33960018604F1F3225492540259F249CC
:10C7C000624AD24AB250424B456182808346290078
:10C7D00003576901930700704800CE85A304010048
:10C7E0002304D1003AC62312F100EF00D00D4A8590
:10C7F000EF00E07A7DB77971B707115026D283A494
:10C80000870922D43704020006D6658CC14765C863
:10C8100037070B40B78700201057938787D583C60B
:10C82000B70323A6C18C094701446387E63083C65A
:10C83000B70709476386E61E83C6B70B0947638BB4
:10C84000E61E83C6B70F0947638AE62083C6B7137F
:10C850000947638DE62483C6B71709476384E62238
:10C8600083C6B71B09476383E62883C6B71F0947FA
:10C87000638CE61C83C6B72309476383E62883C617
:10C88000B7270947638AE62083C6B72B0947638B1E
:10C89000E62883C6B72F0947638CE61C83C6B733E7
:10C8A00009476388E62683C6B7370947638AE620C7
:10C8B00083C6B73B0947638DE62C83C6B73F09475C
:10C8C0006388E62A11E883C7418C99E7B73711508E
:10C8D0003707020023A8E708B7071150BC47130722
:10C8E0000030854593F7F77F48083ECC231AE100D6
:10C8F000EF00607DB7070200C1073704020013F79D
:10C900000401631B07109397F40063D6070437856F
:10C910000020130585D58347A50113140429094771
:10C920000548ADE3A30105011305050263180705DA
:10C9300093070060231AF100B70710509443BA859B
:10C94000480836CCDC433ECEEF00E077B7371150D5
:10C9500037070200B8CB9397340163CA070893974F
:10C96000140163C807069397040163C50704631D98
:10C97000943CB25022549254456182808347A50171
:10C980000547CDD3B7271150B8D3B7061150FC5285
:10C99000F98FE39EE7FE0D6681453AC62AC4392524
:10C9A0002245F52B3247B73711502245F8D3B8D37B
:10C9B00005488DBF9307005085454808231AF100AC
:10C9C0001927B73711501317B0281314F428B8CB10
:10C9D00079BF9307004085454808231AF100E525F3
:10C9E000B737115041471314E428B8CBADBFB70790
:10C9F000115023A007007939930700104808854596
:10CA0000231AF10002CCC125B737115037070800AF
:10CA10001314C428B8CBA1B73EC40D332244E5B5E6
:10CA200003C7A707E30A07E083C6C7076395062C79
:10CA30003A8419B503C7A70BE30507E083C6C70B04
:10CA4000639C06283A84F5BB03C7A71FE30407E2EB
:10CA500083C6C71F639406243A8429BD03C7A70F62
:10CA6000E30607DE83C6C70F639B06203A84F9BB43
:10CA700003C7A72FE30407E283C6C72F6392061EEE
:10CA80003A8429BD03C7A717E30C07DC83C6C71781
:10CA90006399061A3A84E9B303C7A727E30607DEBA
:10CAA00083C6C727639006183A84F9BB03C7A71348
:10CAB000E30307DA83C6C713639706143A8461BB9E
:10CAC00003C7A737E30607DE83C6C7376394062488
:10CAD00003C6B73B89466305D60803C7B73FE31DC6
:10CAE000D7DE03C7A73FE30907DE79A003C7A71B6B
:10CAF000E30D07D683C6C71B6398060E3A84B5B309
:10CB000003C7A723E30D07D683C6C723DDEE3A8408
:10CB1000BDB303C7A733E30807D883C6C733D9E635
:10CB20003A8451B303C7A72BE30507D683C6C72BA7
:10CB3000639506183A84B1BB03C4A703E30904CE86
:10CB400003C7C703E30507CE37850020130585D744
:10CB5000238E07027521B7870020938787D5C1B937
:10CB600083C6A73B95EA83C6B73FE397C6D63A8408
:10CB700003C7A73FE30807D403C7C73FE30E07D4A3
:10CB80003785002013058513238E073E9529A9B309
:10CB900003C7A73BE30307D203C7C73B631A0718C2
:10CBA00083C6B73F0947E399E6D225BF3785002002
:10CBB000130585073AC4238E073299212247B78788
:10CBC0000020938787D53A84F9B93785002013056B
:10CBD00085F73AC4238E072225212247B7870020F4
:10CBE000938787D53A8461B937850020130585EF8F
:10CBF0003AC4238E071A29212247B787002093873A
:10CC000087D53A849DB137850020130585E73AC45E
:10CC1000238E0712F5262247B7870020938787D5F2
:10CC20003A8415B937850020130585FB3AC4238E55
:10CC30000726F9262247B7870020938787D53A84AD
:10CC4000A1B137850020130585EB3AC4238E071662
:10CC5000452E2247B7870020938787D53A8409B1AC
:10CC600037850020130585033AC4238E072E492EED
:10CC70002247B7870020938787D53A8405B1378547
:10CC80000020130585E33AC4238E070E952E224714
:10CC9000B7870020938787D53A844DBE378500201B
:10CCA000130585F33AC4238E071E992E2247B787B2
:10CCB0000020938787D53A8475BE378500201305F9
:10CCC00085FF3AC4238E072A252E2247B7870020E6
:10CCD000938787D53A8475BE37850020130585DF95
:10CCE0003AC4238E070A292E2247B787002093874C
:10CCF00087D53A84B9B637850020130585DB3AC459
:10CD0000238E0706F52C2247B7870020938787D507
:10CD10003A841DB6378500201305850B3AC4238E4F
:10CD20000736F92CB78700202247938787D54DB364
:10CD3000378500201305850F238E073AD124B78746
:10CD40000020938787D5A9BD37950410B34594007B
:10CD500013050523971000F0E78020A283574501B3
:10CD60000356850103473500034815003356F60A7C
:10CD7000918FAA86B3C70708134517003337E00021
:10CD8000A381A600360713650640239AF600598D45
:10CD9000631B080803A8060151C283A8C600939725
:10CDA0006500930EF6FF1947BE986374D70933E305
:10CDB000080113733300C2874687631C030633835D
:10CDC00008417D1313333300631503061353260004
:10CDD000131E23003343032103A807009107110703
:10CDE000232E07FFE31AF3FE6306C60383470300FF
:10CDF000F2983387CE412380F800638DCE0103483B
:10CE000013008547A38008016306F70083472300CA
:10CE10002381F80003A8060183D74601329823A88E
:10CE200006011315F52899E31315E52891C142056C
:10CE300082803307C8008347080005088508A38F50
:10CE4000F8FEE31AE8FEF9B71C452A889C4391C115
:10CE5000C1830347180013F5F73F09EF83576801B3
:10CE6000AA97231BF800835788016374F500231ADF
:10CE700008008280832608013DC90327C8009A055F
:10CE80001303F5FF1946B307B700637B66068505F4
:10CE90003306B7003386C6401336360036872DE298
:10CEA00033E6F6000D8A29EE9378C53FB385170166
:10CEB000904391071107232EC7FEE39BF5FE6306FF
:10CEC000150383C70500C696330713412380F60078
:10CED000630D130103C615008547A380C6006306D2
:10CEE000F70083C725002381F600832608018357B6
:10CEF0006801AA962328D800AA97231BF800A5B793
:10CF00003386A70003C7070085078506A38FE6FEC3
:10CF1000E39AC7FE83260801D9BF1C45411181450C
:10CF20009C4322C406C62A8405375C409C43139761
:10CF3000170063560700835784016386A700B24039
:10CF400022444101828022852244B240854541012C
:10CF5000E5BDB7071150BC43898B99E7034725000E
:10CF60001D8311E73E85828081473E85828083470D
:10CF7000B501F91793B717003E858280411106C6A7
:10CF8000C93F19C9B7070B40885783A7C18C130540
:10CF900005CE1D8D1335750CB24041018280230DE5
:10CFA0000500232A05002328050082801C4599C11D
:10CFB0009843F98D1DC613770640D18D1DC3984344
:10CFC000137707400DE313F7F5BF98C337071150E8
:10CFD0003843098B19E7B1479387E7FFE3DE07FE84
:10CFE0001C458CC38280411106C6834525003795B8
:10CFF000041013054524970000F0E7800078010035
:10D000005C410111814522CC26CA8043AA8406CE08
:10D01000B133B7071150B8431316C52883C724008E
:10D02000098B1DC393F7F70795C31314C449131451
:10D03000E4491314D429DC40F240268580C36244BD
:10D04000D244814505619DB79D83E5D383D74401D3
:10D05000E9DF8545268532C6113332461314D4499B
:10D060001314C4291314E429498EF1B7411126C2BF
:10D070008344A50122C406C62A8485CC793D835702
:10D08000440199E7B24022442685924441018280BE
:10D090002285ED3519C98547230EF4008144B2403D
:10D0A000224426859244410182802285913F814419
:10D0B000FDB78345250037950410130545269700D5
:10D0C00000F0E780806B797122D426D206D68347A0
:10D0D000150019472A84AE84636FF70037A7041040
:10D0E00013070780B3C7E7209C43828783C7818EDD
:10D0F00085072384F18E03A7C18D5C4BF376043042
:10D10000139637003316C028F19BAFA5C744F18DA5
:10D11000EDFD0F00300314CFA2853A853AC6977013
:10D1200000F0E780C0E93247544B1C4F0F0030033A
:10D1300023800600A18B73A0073019E50290B2503E
:10D1400022549254456182808345140003450400B3
:10D150002254B250268692544561175300F067005E
:10D1600083EDB77700209387872503C70700799B56
:10D170002380E70003C70700759B2380E700A38097
:10D18000070003C707006D9B2380E700ADB7B7A773
:10D19000041003C6018E4AD001471389C781814715
:10D1A00063F7C70803A7418E93965700369719CBAC
:10D1B000584F09CB4C40034504003EC6029703C6B6
:10D1C000018EB247850793F7F70F930616003E8747
:10D1D000E3D8F6FCB7770020938787259843135749
:10D1E00027485DE783C73700858BB1E7B2502254EB
:10D1F0000259925445618280B77700209387872532
:10D200009843058B0DDF03C7070013674700238092
:10D21000E700D5B5B7770020938787259843058B1E
:10D2200019DF03C707006D9B2380E700E9B5118F65
:10D2300016074A97B5BF834604005C4003A4C18D1E
:10D240000D47230AD100A30AE1003ECC5C48737766
:10D25000043093963700B316D028F19B2FA6D744FD
:10D26000758E6DFE0F00300318CC4C082285977028
:10D2700000F0E780C0D458481C4C0F003003230056
:10D280000700A18B73A0073025ED0290025945BD20
:10D2900003C7070083A6C18D6D9B2380E70003466B
:10D2A0000400154702CA230AC100A30AE100D84AB4
:10D2B00002CC02CE7376043093153700B315B02834
:10D2C000719B2F25B7446D8D6DFD0F00300390CEFF
:10D2D0004C08368536C6977000F0E78040CEB246DF
:10D2E000D04A984E0F00300323000600218B732094
:10D2F0000730B77700209387872511ED0290DDB5C1
:10D3000083455101034541012686975000F0E7808F
:10D3100080D202592DB5834551010345410126862E
:10D32000975000F0E78020D1B777002093878725BA
:10D3300055BD2A8705C2B386C5005C47898BF5DFDA
:10D3400083C7050085051CC7E399D5FE5C47918B13
:10D3500089C71C475C47918BEDFF5C47C18B91C728
:10D360005C47C18BFDFB11A01C475C47918BEDFF17
:10D37000854732851CD382803727E93F1396F549CC
:10D380001307B71F6373C704011106CE3707F07F79
:10D39000636BE6002A86AE86EF20B050AA87F24083
:10D3A0003E85056182800A86E92B93773500054723
:10D3B000024592452246B2466381E70209486389E5
:10D3C000070195E3912AAA87D9BF01468146A9A200
:10D3D000A1229395F569AA87D9B73E871121939524
:10D3E000F569AA876DBFED2EAA8755BF3727E93F9C
:10D3F0001396F5491307B71F6373C704011106CECF
:10D400003707F07F636BE6002A86AE86EF2070490F
:10D41000AA87F2403E85056182800A869D23937724
:10D4200035000547024592452246B2466382E7022F
:10D430000948638A070185E36526AA87D9BF0146A3
:10D440008146014771AE692E9395F569AA87D1B7D8
:10D45000E120AA877DBFC9209395F569AA8755BFAA
:10D4600013D745411377F77F130617C04D48AE8693
:10D47000AA886349C802634E0606B7071000FD1765
:10D48000B3D7C74033F7B700498F41C73707080004
:10D490003357C7402E97B377F74001473E883A8508
:10D4A000C2858280130330036350C3029307004098
:10D4B0002A872E88E315F6FE41112A8606C6EF104C
:10D4C000903BB240410182801307D7BEAE87FD5525
:10D4D000B3D5E5006D8D4687368871D13303C340DF
:10D4E0003313602833071301636067023377B74053
:10D4F00075B7B7070080FD56ED8F0147E310D6FAE8
:10D50000B706F03FD58F59BF938716003377B740E2
:10D5100071B72A872E8861B75D71CAC04EDE5AD8AE
:10D520005ED686C6A2C4A6C262D466D29397F549D7
:10D530003707403E2E89328BB68BAA8963FBE710F2
:10D54000EF308012630705284E86CA864E85CA854D
:10D5500052DC56DAEF20E072B7C7041003A6073694
:10D5600083A64736AA842E84EF20A071B7C7041083
:10D5700003A6873683A6C736EF10F02F2686A2862D
:10D58000EF202070B7C7041003A6073783A64737DC
:10D59000EF2030312686A286EF20A06EB7C7041098
:10D5A00003A6873783A6C737EF10F02C2686A286FE
:10D5B000EF20206DB7C7041003A6073883A64738AD
:10D5C000EF20302E2686A286EF20A06BB7C704106E
:10D5D00003A6873883A6C738EF10F0292686A286CF
:10D5E000EF20206A2A8CAE8CB7C7041003A6872EC2
:10D5F00083A6C72E2685A285EF20A0682A8AAE8A38
:10D6000062862685E686A285EF20A0672A84AE84FE
:10D610005A86DE864E85CA85EF20A0662A86AE86AB
:10D620002285A685EF20F0272A86AE865285D685EC
:10D63000EF203027B7C704102A86AE8603A507342B
:10D6400083A54734EF20F0252A87625AD25AAE8745
:10D65000A9A22A86AE863EC652DC56DAEF20606268
:10D6600037C704100326073683264736AA842E843C
:10D67000EF20206137C70410032687368326C7367C
:10D68000EF10701F2686A286EF20A05F37C7041018
:10D690000326073783264737EF20B0202686A28649
:10D6A000EF20205E37C70410032687378326C7374D
:10D6B000EF10701C2686A286EF20A05C37C70410EE
:10D6C0000326073883264738EF20B01D2686A2861A
:10D6D000EF20205B37C70410032687388326C7381E
:10D6E000EF1070192686A286EF20A059B24737376F
:10D6F000D33F130727332A8CAE8CE377F7EE6AD03B
:10D700006ECE3707E93F6367F70AB7C5041003A574
:10D710000534B706E0FF83A54534B69701480146B6
:10D72000BE86428ABE8AEF20D0172A8DAE8DB7C73B
:10D73000041003A6872E83A6C72E2685A285EF2078
:10D7400040545286D686EF20D0152A8AAE8A628649
:10D750002685E686A285EF20C0522A84AE845A86AA
:10D76000DE864E85CA85EF20C0512A86AE86228588
:10D77000A685EF2010132A86AE865285D685EF2027
:10D7800050122A86AE866A85EE85EF209011625A85
:10D79000D25A025DF24D2A87AE87B640264496449F
:10D7A0000649F259425BB25B225C925C3A85BE85C7
:10D7B00061618280B7C7041037C7041003AD073515
:10D7C00083AD47350328C73583278735C28A3E8A0C
:10D7D000B9BFB7C7041003A7073483A7473475BF81
:10D7E00039714AD84ED65AD05ECE62CC06DE139836
:10D7F000F549B707403E2E89B28B368C3A8BAA8901
:10D800006378F800EF2050664E87CA87630A050CDC
:10D810004E86CA864E85CA8522DC26DA52D456D276
:10D82000EF2020462A84AE842A86AE864E85CA859D
:10D83000EF202045B7C7041003A6073983A6473950
:10D840002A8AAE8A2285A685EF20A043B7C7041096
:10D8500003A6873983A6C739EF20B0042286A6869F
:10D86000EF202042B7C7041003A6073A83A6473A21
:10D87000EF1070002286A686EF20A040B7C70410E4
:10D8800003A6873A83A6C73AEF20B0012286A68670
:10D89000EF20203FB7C7041003A6073B83A6473BF2
:10D8A000EF10607D63180B042A86AE862285A6855C
:10D8B000EF20203DB7C7041003A6873B83A6C73BD4
:10D8C000EF20207E5286D686EF20A03B4E86CA8669
:10D8D000EF10607A6254D254225A925A2A87AE8745
:10D8E000F2504259B259025BF24B624C3A85BE8506
:10D8F00021618280B7C6041003A6862E83A6C62E99
:10D900005E8B2AC42EC65A85E28566CAEF20603730
:10D910002247B247AE8C3A86BE86E28BD6852A8CE9
:10D920005285EF2000362A86AE866285E685EF2096
:10D9300040772286A686EF20C0345A86DE86EF2006
:10D940004076B7C7041003A6873B83A6C73B2A844B
:10D95000AE845285D685EF20C0322A86AE862285D7
:10D96000A685EF1040712A86AE864E85CA85EF20C7
:10D9700040732A876254D254225A925AD24CAE87AC
:10D9800085B7B726E93F1397F5499386B61F63FA23
:10D99000E6161D71B7E60240A2CC62DC86CE938605
:10D9A000B69732842E8C63EFE606CAC8CEC63AC25A
:10D9B0006353B042B7C7041003A6073C83A6473C95
:10D9C000EF20206E1247B727F93F9387B71F2A89A8
:10D9D000AE89630BF71437C804100326883C8326EE
:10D9E000C83CEF20006C2A86AE862AC42EC24A8527
:10D9F000CE85EF20006B37C804100326883C8326B1
:10DA0000C83CEF20006A924722474649B6495CC0AD
:10DA100018C008C44CC48547F6406644625C3E8525
:10DA200025618280B72639419386B61F63F3E614D9
:10DA3000B706F07F6370D70E935747419387A7BE11
:10DA4000D2C43E8AD2071D8FBA853AC2CAC8CEC692
:10DA5000A6CA2AC4EF205041EF20F04C2A83AE839F
:10DA6000224592451A869E861ACC1ECEEF20606310
:10DA7000B7C7041003A6873F83A6C73FEF206020E7
:10DA8000AE892A89EF20503EEF20F0492A88AE88DF
:10DA90004286C6864A85CE8542D046D2EF20606057
:10DAA000B7C7041003A6873F83A6C73FEF20601DBA
:10DAB00038082AD42ED68D47084B4C4B01466117A7
:10DAC0008146BE84FD173AC43EC2EF10507E924795
:10DAD00022477DD1B76700209387870FA68652869D
:10DAE00028080947A2856526AA8763450C24F640C5
:10DAF0006644D6444649B649264A625C3E8525615D
:10DB00008280814708C24CC22324060023260600D7
:10DB10003E8582802A86AE86EF20A05808C44CC479
:10DB200008C04CC08147CDBDB7C7041003A6073D50
:10DB300083A6473DEF20E05637C804100326883DF2
:10DB40008326C83D2A89AE89EF20A0552A86AE8655
:10DB50002AC42EC24A85CE85EF20A05437C80410AF
:10DB60000326883D8326C83DEF20A05322479247D5
:10DB700069BD3AC4A6CACAC8CEC6D2C4D6C25EDE81
:10DB800066DA6AD80926B7C7041003A6073E83A63B
:10DB9000473E2A8AAE8AEF20C00EB7C7041003A6FC
:10DBA000872E83A6C72EEF10004DEF20F02B2AC240
:10DBB000EF207037B7C6041003A6063C83A6463C88
:10DBC000AA892E89AA8BAE84EF20A00B2A86AE8666
:10DBD0005285D685EF20E04CB7C6041003A6863CDC
:10DBE00083A6C63CAA882E884E85CA85C6894289E6
:10DBF000C68C428DEF20E008AE862A862A8AAE8A3D
:10DC00004E85CA85EF20E0499247FD462247AA8803
:10DC10002E8863CFF600B766002093868607B3C6CA
:10DC2000D72083A6C6FF6385E60008C04CC075A058
:10DC300093D64501518793F6F67FB306D740414608
:10DC4000E355D6FEB7C6041003A6063D83A6463D9F
:10DC50005E85A6853EC43AC2DAC0EF208002AA8A59
:10DC60002A86AE862E8B6685EA85EF2080432A863B
:10DC7000AE862A89AE896685EA85EF20804256867F
:10DC8000DA86EF200042B7C6041003A6863D83A6BD
:10DC9000C63D2A8AAE8A5E85A685EF10907E5286A2
:10DCA000D686EF200040AE862A862A8AAE8A4A852A
:10DCB000CE85EF20003F124793D6450193F6F67FBD
:10DCC000158F93061003A247AA882E8863C3E6081F
:10DCD000064B08C04CC0CA8C4E8D4686C2866685EF
:10DCE000EA853EC246C642C4EF20A03B5286D68695
:10DCF000EF20203B08C44CC49247635F0C002248CD
:10DD0000B2489395F5691318F869232204014CC4AD
:10DD100023201401B307F040F6406644D644464938
:10DD2000B649264A964AF25BD25C425D625C3E8509
:10DD30002561828054405844D6449396F66913175F
:10DD4000F7694649B649264AB307A04054C058C4AB
:10DD5000E1B137C704100326873E8326C73EA68558
:10DD60005E853EC2EF10F0712A8AAE8A2A86AE86A0
:10DD70004A85CE85EF20E0324A88268B2A86AE86F9
:10DD80002A89AE84AA8C2E8D4285CE85EF20603103
:10DD90005286D686EF20E03037C704100326073FAF
:10DDA0008326473F2E8AAA89DA855E85EF10706D3B
:10DDB000D2864E86EF20E02E2A86AE862A8AAE8A4A
:10DDC0004A85A685EF20E02D9247064B08C0AA8819
:10DDD0004CC02E8819B7B7C7041003A6073C83A60A
:10DDE000473CEF1040291247B727F93F9387B71FE9
:10DDF0002A89AE896304F70437C804100326883CD7
:10DE00008326C83CEF1020272A86AE862AC42EC25D
:10DE10004A85CE85EF20E02837C804100326883CC9
:10DE20008326C83CEF102025924722475CC0464914
:10DE3000B64918C008C44CC4FD57F9BEB7C7041092
:10DE400003A6073D83A6473DEF10E02237C8041024
:10DE50000326883D8326C83D2A89AE89EF10A0217C
:10DE60002A86AE862AC42EC24A85CE85EF2060233C
:10DE700037C804100326883D8326C83DEF10A01F35
:10DE80002247924765B79397F549BE8582803768E8
:10DE90000020130101D4130808243348072123224A
:10DEA000512B232E7129BAC2232E112A232C812A09
:10DEB000232A912A2328212B2326312B2324412B6B
:10DEC0002320612B232C8129232A91292328A1296E
:10DED0002326B12931572ACE2ED43ED0832A0800DA
:10DEE000938BF6FF6345E668B7B7AA2A1307D6FFF8
:10DEF0009387B7AAB317F7027D878987998F3ED694
:10DF0000850713972700998F8E0733877A01B29779
:10DF1000634F070232560507041133047641B309F3
:10DF2000870002573E8A368B3349E42001458145FC
:10DF30006346040003250900EF20E07E88C0CCC0C2
:10DF40000504A1041109E31334FFD287DA86130A0A
:10DF5000011E9399360063C70A02130D8109D28D01
:10DF600033EDA621939936005E84B388DA0063DE30
:10DF70000B5423A00D0023A20D000504A10D210DBB
:10DF8000E31714FF37C80410032488408324C840D3
:10DF900037C50410B7C5041022D826DA032405417A
:10DFA0008324454103A5054083A5454037C6041099
:10DFB00037C704102EC28325863F0326C63F22DCC6
:10DFC0002EC432C68325872E0326C72E724726DE2F
:10DFD000724C330437018254980833CBEA205AD26A
:10DFE0002AC0AEC4B2C656CC3ECA568BB6C0931732
:10DFF0003B0033634B213ECE832D0300032D4300B2
:10E00000635F600522D0930C01051A840246924694
:10E010006E85EA85EF10F046EF200065EF20A070D6
:10E020002246B2462A89AE89EF10B0452A86AE86CE
:10E030006E85EA85EF20E006EF200063032684FF6B
:10E040008326C4FF23A0AC00CE854A85EF10A00232
:10E050006114910CAA8D2E8DE31A8AFA0254D24AC9
:10E060006E85EA855686EF00700A4256D2562A8996
:10E07000AE89EF101041EF0040726256F256EF1079
:10E0800050402A86AE864A85CE85EF208001AE8933
:10E090002A89EF20605DAA8CEF20E0682A86AE8690
:10E0A0004A85CE85EF10F07FAA89AE8D635150135B
:10E0B0009C089305FBFFB3C5F520D2479441614608
:10E0C0001D8E33D5C6403316C5005D49918E330988
:10E0D000F94094C133D92641AA9C6349203D4E851D
:10E0E000EE8501468146EF10901C631F0518E2473C
:10E0F00063D167039C08B346FB20925713182B008B
:10E10000014603A7C6FFF116598EE39CF6FE631382
:10E110000642E24793091B00B3C62720F4466394E6
:10E12000063A12568546032786FF7116850665DF77
:10E13000330DDB00B257101126D0338967018647B3
:10E140003349992033876701F247B364C72052CE21
:10E15000B30CFA0003254900EF20E05C88C0CCC076
:10E1600063CA0B04A68D628A014B814A03A60D0087
:10E1700083A64D0003250A0083254A00210AE11DDC
:10E18000EF1030302A86AE865A85D685EF00B06E05
:10E190002A8BAE8AE31C8AFC23A46C0123A65C01B3
:10E1A00085091109A104A10CE3563DFB724A825472
:10E1B0006A8B35BD014B814A23A46C0123A65C0107
:10E1C00085091109A104A10CE3563DF9C5B7D24751
:10E1D0006383072A2646B6460149EF10D013E34071
:10E1E00005F0850C09496356602B464D9408368628
:10E1F0008145630A0D2637050001B308A541232098
:10E2000016017D1529A098423307E54098C285057F
:10E210009106E3CA65FF054DD247635EF00085466F
:10E220006380D73489466398D70033462B207446E1
:10E23000AA06A98274C68946E313D9EAB7C70410AF
:10E2400003A5073483A547344E86EE86EF1070652C
:10E25000AA89AE8DE3050DE8B7C7041003A50734FE
:10E2600083A5473452465D252A86AE864E85EE85C7
:10E27000EF103063AA89AE8D4E85EE85014681464A
:10E28000EF10F002E30505E6D2474E85EE85330632
:10E29000F0404AC0E24A3EC4952DB7C6041003A917
:10E2A000863F83A9C63FDA844A86CE862A8DAE8D04
:10E2B000EF10700663410542B7C6041003A606407E
:10E2C00083A646406A85EE85EF10B01BEF20C0396B
:10E2D0002A8BEF2040454A86CE86EF10901A2A8678
:10E2E000AE866A85EE85EF10D05BEF20E037A2475F
:10E2F000B3CB2420138D140023A8AB0433472D2067
:10E30000E1072328670537C7041003250734832551
:10E3100047343E86E52B2A89AE89634A0D40B7C64D
:10E32000041003A4064083A44640336A4D219C0890
:10E33000528B334CFD20930BC104931D3D000325EC
:10E340000C00711C611BEF20003E4A86CE86EF1048
:10E3500050132A87AE874A85CE852324EB002326D7
:10E36000FB002286A686EF10D0112A89AE89E39899
:10E370008BFD9309011466C46ECA4E898144376BC4
:10E38000002063CC0A04930D0B20D28C814B0144F6
:10E39000014C63C9840303A60C0083A64C0003A5AB
:10E3A0000D0083A54D00050CA10DEF10900D2A86E0
:10E3B000AE865E85A285EF00104CA10CAA8B2E8440
:10E3C000E3D98AFD2320790123228900611A2109DA
:10E3D000638FA4018504E3D80AFA814B014423200A
:10E3E000790123228900611A2109E395A4FF1647C8
:10E3F0008947A24CD24D63CBE71E634DE0160DE773
:10E40000CE9D138989FF0145814503A60D0083A692
:10E410004D00E11DEF003046E319B9FF82476397D5
:10E42000072EA25788C3CCC38320C12B0324812B82
:10E430008324412B0329012B8329C12A032A812A02
:10E44000832A412A032B012A832BC129032C8129EA
:10E45000032D0129832DC12813F57C00832C41292C
:10E460001301012C828085059106E3D765DB03AD9E
:10E4700006003686BDBBB3462B2003A9C60413593C
:10E480007941E35E20C5850CE34160D78946E318F6
:10E49000D9C4B7C7041003A5073483A547344E86F3
:10E4A000EE86EF101040AA89AE8D15B9850CE34EAB
:10E4B00060D3D2470546638FC72809466385C728BE
:10E4C000E31FC9C0F9B74E8DB5B1724756C03E8C37
:10E4D00033093701C68452C45ECA4ECC3A8BB68C1F
:10E4E000EA8BDA8A014A814903A60B0083A64B0016
:10E4F00003A50A0083A54A00A10AE11BEF1060787A
:10E500002A86AE865285CE85EF00F0362A8AAE89FD
:10E51000E39C2AFD23A0AD0023A2BD000504A10DAC
:10E52000210DE31F94FA824A224AD24BE249E28744
:10E53000E68689BC130DFBFF33472D20D247384BAD
:10E540004AC0E24AA117E31007DC130708053308A5
:10E550002700032788FF71187D1DA1177DDB65B398
:10E5600033462B207446A606A58274C6E9B1A1578E
:10E5700002D661BA0324011483244114CE9D81463E
:10E580008147138989FF03A60D00368583A64D00B8
:10E59000BE85E11DEF00302EAA86AE87E315B9FFD8
:10E5A00002472A8A631307142E892A86AE8622859B
:10E5B000A685EF10102FA25723A0470123A2270101
:10E5C00063020D02A109054403A6090083A64900C0
:10E5D0000504A109EF00302AE3588DFE824799C354
:10E5E0009395F569A25788C7CCC73DBD16478D479F
:10E5F000E31CF7E263080D163384B9010329040014
:10E600004440A28B228B032A8BFF832ACBFF4A85AF
:10E61000A6855286D686EF0010262A86AE86CA8D3B
:10E62000268C2A89AE845285D685EF1090276E8677
:10E63000E286EF0050242320AB00232C2BFF232E57
:10E640009BFE2322BB00611BE39F69FB8547630B95
:10E65000FD10032904004440A109032A84FF832AF2
:10E66000C4FF4A85A6855286D686EF00D0202A862A
:10E67000AE864A8C268B2A89AE845285D685EF10C9
:10E6800050226286DA86EF00101F08C0232C24FF78
:10E69000232E94FE4CC06114E39189FC0145814511
:10E6A00003A60B0083A64B00E11BEF00D01CE399EF
:10E6B00079FF0244032601140327411483268114A1
:10E6C0008327C11439E4225410C058C014C45CC458
:10E6D00008C84CC891BB6A85EE85EF10F0783344CA
:10E6E0002B20A2475A8D28C839B922579397F7692A
:10E6F0002A86AE862285A6855CC323204701EF10BB
:10E70000501AE3110DEC9395F569E9BD9395F56900
:10E7100009BB22541317F7699397F7699395F56925
:10E7200058C05CC44CC810C014C408C8F5B916471A
:10E73000894763C5E702634AE00296470145814580
:10E74000E38E07CCD5B1AA06D247A98294C1E318BB
:10E75000F99881B3A606A58294C10DBB16478D47D3
:10E76000E314F7CC01458145A9B78247032501147D
:10E770008325411489CFB7C7041003A78741A25648
:10E7800083A7C7419395F56998C2DCC2A1BDA25782
:10E7900023A0070023A20700B1B513D74541797123
:10E7A0001377F77F06D6930817C0CD4663CC1607BC
:10E7B00063C4080EB70F1000938EFFFFB3DE1E4137
:10E7C00033F6BE00498EAA862E8721CA37C70410A9
:10E7D000032607428326474276C646CC2ECA2EC25F
:10E7E0002AC42EC8EF00300901468146EF10A0323E
:10E7F000124E22436351A002424FB24E635A0F00A1
:10E80000E248D247B70F1000B3DF1F41338FFF003C
:10E81000337EDF4101439A867287B2503685BA85CE
:10E82000456182809306300363DF160113060040C2
:10E83000AA862E87E393C8FEAE862A86EF00B00331
:10E84000AA862E87D9BF1307D7BEFD5EB3DEEE00C2
:10E8500033F6AE00AA862E8769D237C70410032686
:10E8600007428326474276C846CC2ECA2AC62EC205
:10E870002AC42ACEEF00300001468146EF10A029BD
:10E88000124E2243E359A0F83248C24E4283634EEF
:10E890000E023373D34141B737C704100326074232
:10E8A000832647422EC82AC62AC42EC2EF00A07C67
:10E8B00001468146EF102026124E2243E35DA0F46C
:10E8C00063490E020143014EB9B7E2485147D247AE
:10E8D000F24F638BE80013034003330313413313F8
:10E8E00060284293E377F3FB138E17003373D34111
:10E8F0001DB732481313FE49370E008033630301FE
:10E90000E30B03F00143370EF0BF31B7011193D68B
:10E91000454106CE93F6F67FAE872A873288C1E658
:10E920009396F549C98EA5CEB7C7041083A6C742F2
:10E9300003A6874242C6EF10C0343248D176938690
:10E9400006CB2A87AE876348D80C93D6454193F609
:10E95000F67F9386A6FC31661306063563410607EB
:10E9600036989306E07F63CC0605634B0009930657
:10E97000B0FC634FD80AB7071080FD17FD8D130850
:10E980006803B7C7041003A6874483A6C744520888
:10E990003368B8003A85C285EF10A02E2A87F2406E
:10E9A0003A85056182801306F07FE396C6FA2A86CF
:10E9B000AE86D125F2402A873A850561828037C725
:10E9C0000410032507428325474263CD0700032631
:10E9D000074283264742EF10C02A2A87F2403A8531
:10E9E00005618280B7C70410032607428326474289
:10E9F00003A5874383A5C743EF10A0282A87F9BF43
:10EA0000F240B7071080FD175208FD8DB3E50501F0
:10EA10003A8505618280B7C6041003A6064383A623
:10EA20004643EF100026F2402A873A85056182802E
:10EA300037C70410032507438325474363CA0700EC
:10EA40000326074383264743EF10A0232A8781BF6D
:10EA5000B7C7041003A5074483A54744D5B7328739
:10EA60003688AA882E836398061AB7670020938792
:10EA7000C72863F6C50AC1666379D60893360610BF
:10EA800093B616008E06335ED600F29783C7070052
:10EA9000B69793060002638DD7009D8E3393D50001
:10EAA000B357F5003317D60033E36700B318D5002A
:10EAB00013550701B357A302B345070893D60801BE
:10EAC0003373A3023386F5024203B3E6660063F8AC
:10EAD000C600BA9663F4C60063F0E604FD17918E93
:10EAE00033D6A602B3F6A602B385C502B3C6D808CC
:10EAF00063F8B600BA9663F4B60063FCE6107D16C0
:10EB0000C207D18F3E85C2858280370E0001E14663
:10EB1000E37BC6F7C14685BFF917BA96C9B78146E8
:10EB200009CAC166637DD6049336061093B61600F3
:10EB30008E063358D600C29783C707001308000219
:10EB4000B697639507053386C540054813550701F9
:10EB5000B357A602B345070893D608013376A60239
:10EB60003383F5024206D18E63F86600BA9663F4E9
:10EB7000660063FDE608FD17B386664095B7370863
:10EB80000001E146E37706FBC14665B73308F8406C
:10EB900033170601B3D6F500B3180501B357F500D6
:10EBA00013550701B395050133D8A602CD8FB345A0
:10EBB000070813D60701B3F6A60233830503C2067E
:10EBC000558E637866003A9663746600637AE6024F
:10EBD0007D1833066640B356A6023376A602B38587
:10EBE000D50233C6C7086378B6003A966374B60098
:10EBF000637BE600FD1642080D8E3368D800B9B776
:10EC000079183A96F9B7F9163A96F5B7F917BA9608
:10EC1000A5B77916F5B563E4D512C16763FEF602B0
:10EC200013B70610133717000E07B767002033D845
:10EC3000E6009387C728C29783C70700930800029E
:10EC4000BA9763921703B337C50093B71700B3B6EB
:10EC5000B600D58F01487DB5B70700016147E3F6DF
:10EC6000F6FC4147D9B7B388F8403358F600B3965D
:10EC700016013368D80033D7F500135E0801B35787
:10EC8000F500B3951501DD8DB357C703334308086D
:10EC9000331616013377C703B30EF3029316070139
:10ECA00013D70501558F6378D70142976374D70155
:10ECB00063710709FD173307D741B356C70333778D
:10ECC000C7033303D30233C7E5086378670042976D
:10ECD0006374670063720707FD16C207D58F334858
:10ECE0000608B3C60608418293D50701330767407B
:10ECF0003383060333880503B386C602B385C50292
:10ED0000C29613560301B29663F406014166B295AA
:10ED100013D606012E96636CC700C2063343030860
:10ED2000331515019A96E377D5F2E315C7F2FD176F
:10ED300015B7F917429741B7F916429779BF0148BD
:10ED40008147C9B3B288AA872E886395061C3767A6
:10ED500000201307C72863FEC50AC1666374D60A7C
:10ED60009336061093B616008E063353D6001A97C4
:10ED7000034707003697930600023383E640630C8F
:10ED8000D700339865003357E500B3186600336841
:10ED90000701B317650013D50801B356A80233CE97
:10EDA000080813D707013378A802B386C6034208C0
:10EDB00033670701637DD7004697B33517013336B4
:10EDC000D70093B515006D8E330616033297158F55
:10EDD000B356A7023377A702B386C60333C5E70845
:10EDE000637DD500469533371501B337D50013370A
:10EDF0001700F98FB38717033E95158D33556500BE
:10EE00008145828037030001E146E37066F6C14622
:10EE1000A9BF814609CAC1666378D6069336061033
:10EE200093B616008E063358D60042970347070064
:10EE30003697930600023383E640631ED704338778
:10EE4000C54093D508013356B70233C8080893D696
:10EE500007013377B702330606034207558F637DF8
:10EE6000C700469733351701B336C7001335150071
:10EE7000E98EB38616033697118FB356B7023377F0
:10EE8000B702B386060399BF37080001E146E37C69
:10EE900006F9C14649BFB3186600B3D6E500B317FB
:10EEA00065003357E50013D5080133D6A60233CEEB
:10EEB0000808B3956500D98D13D70501B3F6A602EE
:10EEC0003306C603C206558F637EC70046973338A4
:10EED0001701B336C70013381800B3F60601B3861E
:10EEE00016033697118FB356A7023377A702B3865E
:10EEF000C60333C7E508637DD7004697B3351701CE
:10EF00003336D70093B515006D8E3306160332974E
:10EF1000158F05BF63EAD514416763F5E60413B79F
:10EF20000610133717000E07B768002033D3E6002A
:10EF30009388C8289A9883C8080013030002BA98D7
:10EF4000639968026374C50063FBB6003308C5406B
:10EF5000C287B386D54033380501338806413E85E4
:10EF6000C2858280B70800016147E3FF16FB414775
:10EF700065BF33031341B3966600335E1601336EEB
:10EF8000DE00B3D71501935E0E01B3D6D703B39558
:10EF90006500335815013368B800B3450E083317C0
:10EFA000660033156500B3F7D703338FD502139688
:10EFB000070193570801D18F63F8E701F29763F4D3
:10EFC000E70163F4C70BFD16B387E74133D6D703D8
:10EFD000B3F7D703B385C502B347F80863F8B700A2
:10EFE000F29763F4B70063F5C7097D16C206D18EA8
:10EFF000C1823346060833480708B385B7409357A4
:10F000000701B30E0603338806033306F602B38600
:10F01000F602429693D70E01B29763F40701416658
:10F02000B29613D60701B3CE0E08C207B296F69772
:10F0300063E6D500637CF500639AD5003387E7402B
:10F0400033B6E700BA873307C601998EB307F54098
:10F050003335F500958D898DB3981501B3D76700C9
:10F0600033E5F800B3D565008280F916F297A9BFA1
:10F070007916F297A5BF370810007D18B377B8004E
:10F0800013D745013378D80013DE46019358D501D4
:10F090000E081353D6011377F77F8E07137EFE7F7A
:10F0A000FD81FD82B3E7F800336303010E050E0610
:10F0B0003308C7419308F07F6392D5246358000D4D
:10F0C00063140E02B366C30091CE1308F7FF6319F1
:10F0D00008002A969A973335A600AA97054789A86B
:10F0E000631817012A86B5AAE30E17FF13137329B5
:10F0F0009306800363C70609FD46130E000263CD25
:10F100000605330E0E41B316C301B3580601331E74
:10F11000C601B3E61601333EC001B3E6C60133585B
:10F1200003013386A6003E98B336D600B307D80055
:10F130009396870063D8061805079306F07F630C43
:10F14000D71A93561600058A13957749558EFE07F0
:10F150005D8E93571500BDA2930608FEB356D300EB
:10F1600081486308C80193080004B3880841B318B4
:10F170001301B3E8C800B3381001B3E61601014823
:10F180004DB7B366C300B336D000D5BF6300080ADD
:10F190003308EE4001EF33E7A70011C79306F8FFED
:10F1A0008DDA631A18019A87428765A8630E1E4399
:10F1B00093977729C286130780036344D7067D4758
:10F1C00093080002634AD702B388D84033971701E7
:10F1D0003358D500B318150133670701B338100150
:10F1E00033671701B3D6D7003A963337E6009A96BD
:10F1F000B387E60072872DBF138706FE33D7E7007B
:10F20000014863881601130800043308D840339876
:10F2100007013368A80033380001336707018146CE
:10F22000E1B733E7A7003337E000D5BF93061700F7
:10F2300013F8E67F631B0806B3E6A70039EF638B7C
:10F2400006383367C300630907382A969A9733351F
:10F25000A600AA9713978700635A072693977749C2
:10F2600005470D829396D701D18E1306F07F8D83CB
:10F270006319C700DD8E814789C6B707080081463C
:10F2800081451377F77FB207B18352075D8FFE0583
:10F29000B367B7003685BE858280638106343363E9
:10F2A000C300631703242A861DAE638C16332A9687
:10F2B0003335A6009A97AA971397F7010582598EBE
:10F2C000858336879376760081CE9376F600114556
:10F2D0006388A600B306A60033B5C600AA97368693
:10F2E00093968700E3DF06F605079306F07F939772
:10F2F0007749E318D7F681470146A5B76352000D59
:10F3000063110E08B366C300E38E06DC1308F7FF33
:10F31000631B08003306C540B38767403335C5001B
:10F32000898F0547A1A0E30F17DB9306800363C411
:10F330000609FD46130E000263CA0605330E0E4190
:10F34000B316C301B3580601331EC601B3E6160156
:10F35000333EC001B3E6C601335803013306D5403E
:10F36000338807413335C500B307A840939687001B
:10F37000E3DA06F4B7088000FD18B3F81701328805
:10F3800075A2E30117D71313732945B7930608FE37
:10F39000B356D30081486308C80193080004B388BA
:10F3A0000841B3181301B3E8C800B3381001B3E63D
:10F3B0001601014865B7B366C300B336D000D5BFA8
:10F3C000630D080A3308EE400DE733E7A70005C3D5
:10F3D0001307F8FF19EB3305A6403337A600B30730
:10F3E000F3402A86998FB6852DBF63191801B6851B
:10F3F0005DBB630A1E1F939777294287930580039D
:10F4000063C8E506FD459308000263CEE502B388B4
:10F41000E840B39517013358E500B3181501B3E57B
:10F420000501B3381001B3E5150133D7E700B30583
:10F43000B640B337B6003307E3402E86B307F74034
:10F44000B685728725B7930507FEB3D5B700014887
:10F4500063081701130800043308E84033980701D4
:10F460003368A80033380001B3E505010147C1B78F
:10F47000B3E5A700B335B000D5BF13081700137864
:10F48000E87F631F080633EEA7003368C30021EF4F
:10F4900063170E009A87631A08028145A9BD630DA0
:10F4A0000812B308C540333E15013388674033085E
:10F4B000C841131E880063510E023305A64033373E
:10F4C000A600B307F3402A86998FB6853367F60006
:10F4D000E30307E20147FDB333E6080163090610C1
:10F4E000C2874686E5B7631A0E00B6856318080E14
:10F4F0008145B70740000146DDA0E30608DACDBF2D
:10F50000330EC540B33EC501B3886740B388D841C8
:10F51000939E8800728863D50E063308A640B30810
:10F52000F34033360601B388C840B68563810806C8
:10F5300093960860E11693070002958FB398D80060
:10F54000B357F800B3E717013316D80063C0E608D5
:10F55000998E138816007D47130500026345070541
:10F56000330505413397A700B35606013315A600AE
:10F57000558F3335A0003366A700B3D70701B9B75D
:10F5800033661E0145F6814581470147D9B9931776
:10F590000860938687017D46E35FD6F8E117B317CD
:10F5A000F800014665B78516B3D6D7000147630852
:10F5B000A80013070004330707413397E700518F72
:10F5C0003337E00033E6E600814709B7158F93979C
:10F5D0007749CDB99A87DDBD2A86CDBD9A87468702
:10F5E00049B1368709BBB6859A8772879DB981452F
:10F5F000814785B9411193D845019397C50022C62B
:10F6000026C493F8F87FB183FD81638E0806130743
:10F61000F07F6383E80C1358D5018E073368F80038
:10F6200013187829131F3500938818C0014E13D77B
:10F6300046019397C6001377F77FB183FD8245CFCC
:10F640001305F07F6301A7101355D6018E07C98FEC
:10F650009397772913153600130717C00143B38812
:10F66000E84013172E00336767007D17B94E33C685
:10F67000D50063E7EE0EB76E0020938E0E2533475C
:10F68000D7211843028733E8A700630E080485CB0F
:10F6900013970760930857FF7548130387FF3308D4
:10F6A0001841B3976700335805013368F800B31762
:10F6B00065009308D0C0B388E8403E8F85BF13181B
:10F6C000056093085801714313070802E35613FDC0
:10F6D000611833180501F1BF33E8A700631908006A
:10F6E000014F094EA9B7014F8148054E89B72A8FAE
:10F6F0003E880D4E2DBF33E5C70021CD85CB139538
:10F700000760930E55FF7543130785FF3303D341FD
:10F71000B397E700335366003363F300B317E60093
:10F720001307D0C0098F3E859A870DBF1317066057
:10F73000930E5701714313050702E356D3FD61177A
:10F740003313E600F1BF33E5C70001E98147094300
:10F7500039B781470147054319B732850D4301B7D2
:10F7600063E607016318F8246366AF249315F80174
:10F7700013571F009316FF011358180033EFE500CD
:10F78000139E870093558501B3E5C501135E0E01F5
:10F79000131385003355C803B3CE050893570F01E3
:10F7A0003378C8033387AE024208B3E7070163F832
:10F7B000E700AE9763E4B70063E1E7207D15998F1A
:10F7C00033D8C70333F7C703B38F0E033347EF08AC
:10F7D0006378F7012E976374F7016373B71E7D1882
:10F7E0004205B362050193D702011358030133C5E3
:10F7F0000208334F0308B303E5033307F7413384AB
:10F80000E7033305A802B30F850013D503017E95E6
:10F81000B387070363748500C16FFE97935F05018B
:10F82000B3C303084205BE9F1E956366F701631CC0
:10F83000F71963FAA618B383660033B4D300B30490
:10F84000B40026979387F2FF9E8663E5E5000DE0FE
:10F850006390E5026366F701639CEF0063FAA3001F
:10F86000B30673009387E2FFB3B26600AE921697B9
:10F87000B382A6403307F741B3B65600158F7D55C6
:10F88000638CE50C3355C7033377C703B38FAE02E0
:10F890009316070113D70201558F6378F7012E974E
:10F8A0006364B7006363F7137D153307F741B35FF4
:10F8B000C7033377C703B38EFE0333C7E208637809
:10F8C000D7012E976374D7016374B710FD1F931689
:10F8D0000501B3E6F60133C506083307D74193DEC9
:10F8E0000601B30FAF02338FEE03B30ED803330814
:10F8F000A8023305E80113D80F012A986374E801C0
:10F900004165AA9E135E0801B3CF0F084208769E98
:10F910007E986366C701631FC703630E080AB38E30
:10F92000E5001385F6FF768763E1BE0263E6CE014C
:10F930006391CE03637B03011385E6FF93161300E7
:10F9400033B766002E9776973683631403016305F9
:10F95000C701AA8613E516001387F83F6352E00A31
:10F960009376750081CE9376F50091456388B60055
:10F97000B306B500B3B5A600AE973685939677006B
:10F9800063D6060093978749138708409306E07F64
:10F9900063C6E6109396D7010D81558D8D83324451
:10F9A000B2075207B1835D8F7E06A244B365C700DC
:10F9B00041018280FD188146E1B37915AE9701B50A
:10F9C00079182E9731BD968765B579152E97F1BDBB
:10F9D000F91F2E97EDBD0143368585BF36861A8EF9
:10F9E0000947630DEE0A0D476303EE0A0547E31569
:10F9F000EEF681470145ADA02E86C2877A85CDB748
:10FA000035C3930690FCE346D7FE8956634ED70470
:10FA10008546998E9388E8413357D50033151501F3
:10FA20003335A000B398170133651501498FB3D75B
:10FA3000D7009376770081CE9376F700914563885F
:10FA4000B600B306B700B3B5E600AE973687939617
:10FA5000870063CA06041395D7010D83598D8D83E2
:10FA6000014735BF85467DB70558B306E840B3D694
:10FA7000D7008145630607019388E843B3951701D2
:10FA8000C98DB335B00033E7B60081475DB7B7071E
:10FA9000080001451307F07F014611B78147014572
:10FAA0001307F07FEDBD814701450547CDBDB70781
:10FAB000100013D84501FD1713D346011378F87FC2
:10FAC000930EF07F33F7B700AA8893DFF501F58F27
:10FAD0001373F37F13DFF6016317D801336EA700AA
:10FAE000054563190E026315D301D18F05459DE3CA
:10FAF000AD8E9397160091EF631D16010145638B40
:10FB0000EF01054563180800336717013335E0003E
:10FB100082800545828093D84501370710007D1704
:10FB200013D8460193F8F87F9307F07F3373B7003B
:10FB30001378F87F758FFD81FD82638DF800130EB9
:10FB4000F07FC287631FC801336EC700630B0E00CE
:10FB5000F95731A0336EA300F957E3020EFE3E853C
:10FB60008280014E63960800336EA300133E1E0090
:10FB700063130804B36EC70063080E00E3810EFE32
:10FB800093971600FD17E1BF63990E02B305B040CD
:10FB900093E71500E9B7E3C508FFE36967FE6374FF
:10FBA000A600E305E3FE6365C5008147E379E3FA58
:10FBB00093971500C1BFE3150EFCE399B6FCE35C17
:10FBC00018FDB306D04093E7160051BF93D8450106
:10FBD000370710007D1713D8460193F8F87F930775
:10FBE000F07F3373B7001378F87F758FFD81FD8246
:10FBF000638DF800130EF07FC287631FC801336E58
:10FC0000C700630B0E00894731A0336EA3008947FC
:10FC1000E3020EFE3E858280014E63960800336E3D
:10FC2000A300133E1E0063130804B36EC7006308ED
:10FC30000E00E3810EFE93971600FD17E1BF639956
:10FC40000E02B305B04093E71500E9B7E3C508FF1E
:10FC5000E36967FE6374A600E305E3FE6365C50020
:10FC60008147E379E3FA93971500C1BFE3150EFCD2
:10FC7000E399B6FCE35C18FDB306D04093E71600A9
:10FC800051BF411193D745011398C50022C626C420
:10FC90004AC293F7F77F1358C800FD81C9CB1307F9
:10FCA000F07F6381E70E1357D5010E083368070113
:10FCB00013187829931E3500138317C0014F13D5ED
:10FCC00046019397C6001375F57FB183FD8279C90C
:10FCD0001307F07F6301E5121357D6018E07D98F02
:10FCE0009397772913173600130515C0014E330675
:10FCF000A30013152F003365C501A948130316008F
:10FD000063C7A8128948B58D63C4A8107D158546C0
:10FD100063E8A612728F8946630CDF368D46630551
:10FD2000DF3685466310DF268147814815A6B36E0E
:10FD3000A80063810E06630A08021317086093087F
:10FD400057FFF547130387FFB38717413318680040
:10FD5000B357F500B3E70701331865001303D0C0AC
:10FD6000C28E3303E3403E8891BF931705609388AA
:10FD70005701714313870702E35513FDE117B317CA
:10FD8000F500E9BFB36EA800639A0E0001483E83F8
:10FD9000094F35B701480143054F15B7AA8E3E8379
:10FDA0000D4F31BF33E7C70029CF8DCB139E0760BE
:10FDB00013055EFFF54813078EFFB388A840B3977D
:10FDC000E700B3581601B3E8F800B317E6001305CF
:10FDD000D0C03E873305C541C68709BF13170660EB
:10FDE00013055701F148130E0702E3D5A8FC61176C
:10FDF000B318E600E9BF33E7C70001EB8147094EBE
:10FE0000FDB581470145054EDDB532870D4EC5B5BF
:10FE10003315A0289378055363910802137F0524B6
:10FE2000631E0F241375850801CDB685E5B53D46E3
:10FE3000630CC5242D46E30AC5FEC2877687E1BD63
:10FE400013DE0E0193560701B3CE0E08B343070825
:10FE500033877E02B30F7E0293580701338FD60398
:10FE60007E9FFA983305DE0263F4F801416F7A95BC
:10FE70003347070813D40801C208B3CF0708BA985C
:10FE800013D70701B382FE03B307FE0313DF02019A
:10FE9000B30ED703BE9E769F330EEE026374FF004F
:10FEA000C1673E9EB3440808935E0F0193170F018C
:10FEB000135F0801B3C20208969733897402F29E59
:10FEC0003E94B3037F02935209013388E603B3865D
:10FED00096029E96969663F47600416E7298B3826F
:10FEE000F40313DE0601429E139806013349090804
:10FEF0004A98B30FFF0393D60201330FE70333078A
:10FF000097027E97BA9663F4F60141673A9F13977A
:10FF10000601B3C2020822951697BA9EB337F500C0
:10FF2000F6972A983E9E33B7EE003335A800B3BE4D
:10FF3000D7017295C1823367D7013697B336FE0079
:10FF4000333EC501B3E6C601BA961317980033676E
:10FF50001701FA963337E00013587801A606935735
:10FF60007501336707012605498F13957600D58FF4
:10FF7000635C050693561700058BD98E1397F7011E
:10FF8000558F85839306F33F6352D006137677002F
:10FF900001CE1376F70011456308A6003306A700CB
:10FFA0003335E600AA97328713967700635606002A
:10FFB00093978749930603401306E07F634AD60C64
:10FFC0009398D7010D83B3E8E8008D83B2073244DC
:10FFD000B183D206FE05DD8EB3E7B600A244124916
:10FFE0004685BE8541018280328369BFA5C613065E
:10FFF00090FCE3CBC6D2095663C0C6060546B306DD
:020000041005E5
:10000000D6401303E3413356D70033176700333725
:10001000E0003393670033676700518FB3D7D70091
:100020009376770081CE9376F70011466388C600F9
:10003000B306C70033B6E600B297368793968700BB
:1000400063CD06049398D7010D83B3E8E8008D8350
:100050008146ADBF854675B705583306D84033D6BF
:10006000C7000145638606011303E3433395670028
:10007000498F3337E000518F81475DB7B7070800DC
:100080009306F07F814599B7B70708008148CDBF37
:10009000814781489306F07F15BF81478148854697
:1000A00035B7370810007D18B377B8003378D8001B
:1000B00013DE46010E081353D60113D7450193589A
:1000C000D5018E0733630301137EFE7F1308F07F93
:1000D0001377F77FFD81B3E7F8000E05FD820E066A
:1000E00063160E013368C3006314080093C616003C
:1000F0003308C7419308F07F6392B6246358000D1C
:1001000063140E02B366C30091CE1308F7FF6319A0
:1001100008002A969A973335A600AA97054789A81A
:10012000631817012A86B5AAE30E17FF1313732964
:100130009306800363C70609FD46130E000263CDD4
:100140000605330E0E41B316C301B3580601331E24
:10015000C601B3E61601333EC001B3E6C60133580B
:1001600003013386A6003E98B336D600B307D80005
:100170009396870063D8061805079306F07F630CF3
:10018000D71A93561600058A13957749558EFE07A0
:100190005D8E93571500BDA2930608FEB356D3009B
:1001A00081486308C80193080004B3880841B31864
:1001B0001301B3E8C800B3381001B3E616010148D3
:1001C0004DB7B366C300B336D000D5BF6300080A8D
:1001D0003308EE4001EF33E7A70011C79306F8FF9D
:1001E0008DDA631A18019A87428765A8630E1E4349
:1001F00093977729C286130780036344D7067D4708
:1002000093080002634AD702B388D8403397170196
:100210003358D500B318150133670701B3381001FF
:1002200033671701B3D6D7003A963337E6009A966C
:10023000B387E60072872DBF138706FE33D7E7002A
:10024000014863881601130800043308D840339826
:1002500007013368A800333800013367070181467E
:10026000E1B733E7A7003337E000D5BF93061700A7
:1002700013F8E67F631B0806B3E6A70039EF638B2C
:1002800006383367C300630907382A969A973335CF
:10029000A600AA9713978700635A07269397774972
:1002A00005470D829396D701D18E1306F07F8D837B
:1002B0006319C700DD8E814789C6B70708008146EC
:1002C00081451377F77FB207B18352075D8FFE0533
:1002D000B367B7003685BE85828063810634336399
:1002E000C300631703242A861DAE638C16332A9637
:1002F0003335A6009A97AA971397F7010582598E6E
:10030000858336879376760081CE9376F600114505
:100310006388A600B306A60033B5C600AA97368642
:1003200093968700E3DF06F605079306F07F939721
:100330007749E318D7F681470146A5B76352000D08
:1003400063110E08B366C300E38E06DC1308F7FFE3
:10035000631B08003306C540B38767403335C500CB
:10036000898F0547A1A0E30F17DB9306800363C4C1
:100370000609FD46130E000263CA0605330E0E4140
:10038000B316C301B3580601331EC601B3E6160106
:10039000333EC001B3E6C601335803013306D540EE
:1003A000338807413335C500B307A84093968700CB
:1003B000E3DA06F4B7088000FD18B3F817013288B5
:1003C00075A2E30117D71313732945B7930608FEE7
:1003D000B356D30081486308C80193080004B3886A
:1003E0000841B3181301B3E8C800B3381001B3E6ED
:1003F0001601014865B7B366C300B336D000D5BF58
:10040000630D080A3308EE400DE733E7A70005C384
:100410001307F8FF19EB3305A6403337A600B307DF
:10042000F3402A86998FB6852DBF63191801B685CA
:100430005DBB630A1E1F939777294287930580034C
:1004400063C8E506FD459308000263CEE502B38864
:10045000E840B39517013358E500B3181501B3E52B
:100460000501B3381001B3E5150133D7E700B30533
:10047000B640B337B6003307E3402E86B307F740E4
:10048000B685728725B7930507FEB3D5B700014837
:1004900063081701130800043308E8403398070184
:1004A0003368A80033380001B3E505010147C1B73F
:1004B000B3E5A700B335B000D5BF13081700137814
:1004C000E87F631F08063368C30033EEA70021EFFF
:1004D00063170E009A87631A08028145A9BD630D50
:1004E0000812B308C540333E15013388674033080E
:1004F000C841131E880063510E023305A6403337EE
:10050000A600B307F3402A86998FB6853367F600B5
:10051000E30307E20147FDB333E608016309061070
:10052000C2874686E5B7631A0E00B6856318080EC3
:100530008145B70740000146DDA0E30608DACDBFDC
:10054000330EC540B33EC501B3886740B388D84178
:10055000939E8800728863D50E063308A640B308C0
:10056000F34033360601B388C840B6856381080678
:1005700093960860E11693070002958FB398D80010
:10058000B357F800B3E717013316D80063C0E60885
:10059000998E138816007D471305000263450705F1
:1005A000330505413397A700B35606013315A6005E
:1005B000558F3335A0003366A700B3D70701B9B70D
:1005C00033661E0145F6814581470147D9B9931726
:1005D0000860938687017D46E35FD6F8E117B3177D
:1005E000F800014665B78516B3D6D7000147630802
:1005F000A80013070004330707413397E700518F22
:100600003337E00033E6E600814709B7158F93974B
:100610007749CDB99A87DDBD2A86CDBD9A874687B1
:1006200049B1368709BBB6859A8772879DB98145DE
:10063000814785B9B7071000FD1733F7B700D1819F
:10064000F58F93F5F57FD1821308F07F93F6F67F4F
:1006500063950501498F054519E701456395060135
:10066000D18F3335F000828013D745019397C500B1
:100670001377F77F9306E03FB183FD8163D4E604EF
:100680009306D04163D7E600370500807D152E958F
:100690008280930630419397472963D1E6029306FF
:1006A000D7BEB397D700930630433387E640335520
:1006B000E5005D8D89C93305A0408280998E33D5D0
:1006C000D700CDBF0145828013D745019397C50060
:1006D0001377F77F9306E03F2A86B183FD8163D2CB
:1006E000E6049306F0418D8E1385F5FF635CD70217
:1006F00001458DE9930630419397472963DFE60072
:100700009306D7BEB397D700930630433387E640AE
:100710003356E60033E5C7008280998E33D5D70083
:1007200082800145828029C53307A0403367E50AEE
:100730001356F501931607601305E041A947158D7F
:1007400063C3D702AD47958FD506B357F70033176C
:10075000D700B207B18352055D8D7E06B367C50031
:10076000BE853A858280D516B317D7000147D5B725
:1007700001468147E5BF1DC9131705609306E04197
:10078000A947998E63CFE700AD47998F5507B357B7
:10079000F5003315E500B207D206B183B3E5F600E4
:1007A00082805517B317E5000145F5B781478146AB
:1007B000DDB78328C50003A3C5009441D041984507
:1007C000A16513D80801FD15935703013378B800CC
:1007D00033CE0808B3420308832E0500832F45005B
:1007E000032F8500411193D8F801ED8F1353F301C6
:1007F000631DB800B3E5DF01B3E5E501B3E5C5016D
:100800000545ADE16390070719A06399B700B3E50B
:10081000C600D98DB3E555000545A9E5B386D64197
:100820003386CF40B336D0003336C000B38707419C
:10083000D18EB337F0003307EF40D58F3337E00068
:100840005D8F1DE363125E020145638D68000545FF
:10085000631A080033E5DF013365E5013365C5013F
:100860003335A000410182800545EDBF5C45D4458C
:1008700021677D1783A2050003A3450083A385009C
:1008800093D5070113D60601F98D33CE0708032F40
:10089000050083284500832F85004111FD83798E53
:1008A00093DEF601639AE50033E7E8013367F70169
:1008B0003367C701795521EF21677D17B3C6060855
:1008C00032856318E6003367530033677700558F2E
:1008D00029E3014789E933E7E8013367F701336723
:1008E000C7011337170015EA3368530033687800DF
:1008F0003368D80019C7630C080013951E007D15D6
:1009000039A0631D08003305F0401365150041014F
:1009100082807955EDBF0145DDBF65F3E395FEFEAD
:100920003305D041E343B6FEE3C9C5FCE3EDC6FDA4
:100930006312DE02E3E9F3FD639EF301E36513FD59
:100940003307134163F3E2015DDF63E56800E3749D
:100950005FFC71F3139517005DB75C45D4452167C3
:100960007D1783A2050003A3450083A3850093D5CB
:10097000070113D60601F98D33CE0708032F0500B2
:1009800083284500832F85004111FD83798E93DEF6
:10099000F601639AE50033E7E8013367F70133674F
:1009A000C701094521EF21677D17B3C606083285C7
:1009B0006318E6003367530033677700558F29E3E8
:1009C000014789E933E7E8013367F7013367C70176
:1009D0001337170015EA336853003368780033681B
:1009E000D80019C7630C080013951E007D1539A0A7
:1009F000631D08003305F040136515004101828036
:100A00000945EDBF0145DDBF65F3E395FEFE330506
:100A1000D041E343B6FEE3C9C5FCE3EDC6FD631276
:100A2000DE02E3E9F3FD639EF301E36513FD3307A3
:100A3000134163F3E2015DDF63E56800E3745FFC8B
:100A400071F3139517005DB703AFC50083AF0500C1
:100A5000DC4103A88500A168357133470F08935620
:100A60000F01FD1822CF26CD4ACB4EC952C756C51D
:100A70005AC35EC1E2DEE6DCEADAEED8FEC8BECAE0
:100A8000C2CCFACE7ED03ED242D43AD6B3F61601CC
:100A9000032306004C42032E8600832EC600135605
:100AA000FF0163830668638B1675131707293AD60F
:100AB0001C1093084101D84703A88700F1170E07BF
:100AC0001358D8013367070198CBE396F8FEF17706
:100AD0008E0F85077ED0BE968148216F33C70E08E2
:100AE00093D70E017D1F9AC8AECAF2CCF6CE1AD8A3
:100AF0002EDA72DC3ADEB3F7E70113D8FE01638920
:100B00000770638FE77D131707293ADE930E4102C2
:100B100018184C47032E870071178E05135EDE01EF
:100B2000B3E5C5010CCBE396EEFE71770E03050726
:100B30001AD8BA970147B6973EC685073EC4939721
:100B40002800D98FA94663CDF67C8946B34D0601AE
:100B500063C4F67AFD17854663FCF67C8258C25E54
:100B600093D9080193D60E01B3C80808B3CE0E0876
:100B700033861E03B385D9039357060133871603C3
:100B80002E97BA97338CD90263F4B70041673A9C29
:100B9000525E3346060813D70701C207B297935433
:100BA0000E01334E0E08B385C9033EC8BEC8338656
:100BB0001403B3071E032E9693DF0701B29FB38B76
:100BC000990263F4BF004166B29B1258B3C707088D
:100BD00013D60F0113590801C20F33480808BE9FEE
:100BE000B302D9037E97B307D8033383060313DF19
:100BF000070116931A9FB385260363745F00416350
:100C00009A95935A0F01AE9AB3C70708420F3E9FB9
:100C1000B3050E033303C90393D70501B38304035C
:100C20009A939E97B382240363F4670041639A9278
:100C300013D30701330453006253B3C50508C20739
:100C4000AE979353030133430308B305130322CA3A
:100C50003ECC3384690213DA0501B3871303A297EC
:100C6000D297B382790263F487004164A29213DAC7
:100C70000701B3C50508C207AE97A255169A3ECE26
:100C800013D40501B3C50508B382D503330DD403CE
:100C900093D70201338BB6026A9B3E9BB38C8602CC
:100CA0006374AB01416DEA9C6297B33FF7017E9696
:100CB0005E96E2473A9FB29A3337EF005697135D3C
:100CC0000B01B3C20208420BDA9233BBCA00B33A3B
:100CD00057013336F601B30FF700D247336B5B0190
:100CE0005A96B30AF600F24733B7EF005697FE97CD
:100CF0003A9AB3BFF701D29F33B6CA00B33A57014D
:100D00003337EA0033BA4F0133674701725A33660B
:100D100056013A96935A0A01334A0A0833071A03CE
:100D2000BE92EA9CFE9CB3B7F200E697B3BFFC010B
:100D3000B3BC9701B3EF9F01B29F338B49031356A6
:100D40000701FACA96CCB3881A03DA984696B38993
:100D5000590363746601C168C699325B93580601F2
:100D600033470708C699420693580B01334B0B08CB
:100D7000B38B16033A96B38666033307DB03B38E51
:100D8000D803135C0701F696E29663F4D601C16EB0
:100D9000F69B93DE060133470708C206DE9E3697B0
:100DA00076CAB30668023ACCB30E690213DC0601B8
:100DB0003387030376976297B30B79026374D70185
:100DC000C16EF69B935E0701B3C606084207DE9E1E
:100DD0003697330CC403B306BE02B38BB40213DDE3
:100DE0000601E29BEA9BB38C840263F48B01416CA5
:100DF000E29C13DC0B01B3C60608C20BDE96E24B85
:100E00003E96669CD24CFE99B337F600CE97B29BC5
:100E1000BE9C33B6CB0066965E97B29EB33B77011D
:100E2000F69BBA965E9CB3BFF90133B7E600B3B93F
:100E30003701B3B7FC00B33C9601B3E93F0133B6C9
:100E4000CE00B3E79701B3BEDB016297CE9733665E
:100E5000D601B33E7C01333C87013E96B3EE8E0152
:100E6000B30F6402B29EB6CE3306B302B38BB302A5
:100E700093570601FE9BDE97B389830263F4F70163
:100E8000C16FFE9993DF070133460608C207B29788
:100E9000CE9F33060A03B30B4903935906013388E7
:100EA0000A035E98C2993309590363F479014168D2
:100EB000429913D8090133460608C209B2994299EA
:100EC0003306CB03B38B140313580601338EC803C8
:100ED000B3846403F29426986374C801416EF29B54
:100EE000135E0801334606084208B30444033298EF
:100EF0005E9E3306BA02B385BA02935B0601A695DD
:100F0000DE953304540363F49500C164269493D4AE
:100F10000501269433460608C205B295B3046B0258
:100F2000B38B130313D6040133836802B3836303C3
:100F30009A931E966374660041639A9BBA97F69FD4
:100F400033B7E7007E97BE993A99B3B7F900B30378
:100F5000F900B387090133086A031E9EBED0B3B7F8
:100F60003701F297B3BEDF01B33FF7013337E90032
:100F700033B9230133672701338A4803B3337E0033
:100F8000B3EEFE0133BEC701BA9EB3E3C301BE9503
:100F900013530601F6934206B3881A03B3C4040838
:100FA0001E942696B3B7F500A2972E965E933E93B5
:100FB000B2D2B38A6A033336B6001A9613570801C1
:100FC000B333740033B48700B337F30033336600B0
:100FD000B3E38300B3E76700D29A5697637447017F
:100FE000C165AE98935507013348080842074297F8
:100FF0009E953297AE973336C7003E96C2474696C7
:10100000B606B3E7E701B3E2F200B2D6BAD4B3E66C
:1010100056009C088C10D847904B4D833606518F54
:1010200098C39107E399F5FEC647B336D0007647DB
:10103000DD8EE647BAC6B6C0BEC4D647BEC2931759
:10104000B70063D60732FE069C001308C104904324
:10105000CC430582FE054D8E90C39107E319F8FE3F
:101060008647FD820583D58FBAC6BEC022479167E9
:10107000FD17BA976350F03006479376770095CA0C
:101080009376F70011466386C602B306C70013378E
:10109000C7FFB6C09336170016473697BAC2333724
:1010A000D700A6463697BAC43337D700B646369728
:1010B000BAC636479316B70063D80600A246131780
:1010C00047499167BAC6B69794001308C104904285
:1010D000CC420D82F6054D8E90C29106E319D8FEE2
:1010E000A166F91663CCF63C0D83BAC63647864531
:1010F0001646231EE1041397FD00D98F231FF10428
:10110000A646F6477A440CC150C114C55CC5EA44F2
:101110005A49CA493A4AAA4A1A4B8A4B765CE65C53
:10112000565DC65D0D618280B3E6F701B3E6060148
:10113000D98E8548E383069A29C3131707601308DD
:1011400047FF935658401378F8017C106309080450
:1011500093020002939F2600B3820241130F010203
:10116000B387F7416316FF069387F6FF82567E9F8B
:10117000B39606012320DF0099A063070800131827
:1011800008601307080265BF91C79397076013872C
:10119000070475B7939F0F6013870F064DB7F1587B
:1011A000B38816030D48338F1701032F0F007D18E6
:1011B000F11723A2E701E358D8FE9387F6FFFD5607
:1011C000130801026396D702F176C506998E29B2FB
:1011D00083A8070083A3C7FF3384F701B3980801EE
:1011E000B3D35300B3E8780023201401F1179DBF57
:1011F000B3C8072123A00800FD17E9B7B3E7F7013B
:10120000B3E70701D98F8948E389078C8D48F1B08E
:10121000B3E76500B3E7C701D98FF9CB29C313172B
:101220000760130347FF935553401373F3017C1872
:1012300063090304930F0002139F2500B38F6F40CF
:10124000930E0103B387E7416396FE069387F5FF8C
:10125000C255FA9EB395650023A0BE0099A063070E
:101260000E0013170E601307070265BF91C5139791
:1012700005601307070475B7131703601307070604
:101280004DB7715E338EC5030D43B38EC70183AE78
:101290000E007D13F11723A2D701E358B3FE938705
:1012A000F5FFFD55130301036396B702F177C507F8
:1012B000998F49B003AE070083A2C7FFB383E7014C
:1012C000331E6E00B3D2F201336E5E0023A0C30161
:1012D000F1179DBF33CE672023200E00FD17E9B71D
:1012E000B3E56500B3E5C5014D8F09E70947A1B036
:1012F000054791B00D4781B0B317F02893F6075317
:10130000A1E293F6870885E693F70724E38807842C
:10131000A167BEC682C482C282C0FD17814DF9B3E7
:10132000BD46E387D7FEAD46B28D639BD700C28D25
:10133000C257BEC0D257BEC2E257BEC4F25709A8B8
:1013400082574687BEC09257BEC2A257BEC4B2578C
:10135000BEC689476304F7168D47E30BF7FA854746
:10136000E316F7D082C682C482C282C02DAAB247D9
:101370003EC4EDB9B1C71307D0F863C8E71285467C
:101380009D8E13D656409800FD8A931E2600334842
:10139000E620BA8581476317B8020D483308C84074
:1013A00085EABA85B388D50183A80800850623A0FD
:1013B00015019105E358D8FE91463386C64091A0A9
:1013C0008546C1B783A805009105B3E71701E1B7CA
:1013D000B308D70183A80800130300023303D340E6
:1013E000B3986800B3E71701014E634E0E019145B3
:1013F0003386C540B6453348E820B3D6D500232010
:10140000D80091463DA083A8050003AF4500B38FE7
:10141000D541B3D8D800331F6F00B3E8E80123A04B
:101420001F01050E9105D1B7B345E62023A00500A5
:101430000506E31BD6FE8646B337F000D58FBEC047
:1014400093F677008DCA93F6F7006386C6029386FB
:101450004700B6C0964693B7C7FF93B71700B69735
:10146000BEC2B3B7D700A646B697BEC4B3B7D700BF
:10147000B646B697BEC6B6469397C60063D8070071
:1014800082C682C482C282C085478DB19305C700DF
:101490001C4350438D837606D18F1CC31107E399FB
:1014A000E5FE8D82B6C6814791B116478647D98F32
:1014B0002647D98F3647D98FFDD76DB5A16782C62C
:1014C00082C482C282C0FD1715B11D719845A6CC99
:1014D000C445D44183A805003ADC3ACC33C704089C
:1014E00036DA26DE36CA3ACE140813971400FD8089
:1014F0001C42032E460003238600832FC600CACA5F
:10150000935E1701A2CECEC8D2C6D6C446D846C86E
:101510002686130F4100368736890328C7000C47FB
:1015200071170E08F5813368B80023280701E31608
:10153000EFFE33C70F0893030102939538003AD6A4
:1015400013971F001ADC7EDE1AD4935217012EC89F
:101550003ED872DA3ED072D293DFFF01130341010D
:101560001E871E840328C7008328870071170E0872
:1015700093D8D8013368180123280701E314E3FE48
:101580008E0721673ED07D17639BE20022581257D9
:10159000336707013258336707015D8F19E393CF33
:1015A0001F0033885E40639F9F546353002552435E
:1015B000624E724F63920206925FA256B25233E7B6
:1015C000DF00336757005D8F19E32ED8B9A41307E6
:1015D000F8FF0DEFB388F5007E93B3B5B8009A9588
:1015E0002EDAB33FF301B3B56500369EB3EFBF000B
:1015F000F29F7EDCB336DE00B3BFCF0146D8B3E640
:10160000F601B387E201BE960548E9AAA167FD1776
:10161000E31FF83E2ED8B9A4A167FD176398FE0C0E
:101620002ED81ADA72DC7ADE7688C25713F7770082
:1016300015CB13F7F70091466306D7023387D7001F
:101640003AD8525793B7C7FF93B71700BA973EDA05
:10165000B3B7E7006257BA973EDCB3B7E7007257FB
:10166000BA973EDEF2571397C700635A0700216707
:1016700005087D17E306E838939737493EDE1818CA
:101680009308C10314434C438D82F605CD8E14C3D9
:101690001107E399E8FEA1661387F6FF8D83631EA9
:1016A000E800D25542574D8FE2554D8FD98F91C7E3
:1016B00002DC02DA02D8B68701462316F10093173E
:1016C0001801C5833E065D8E2317C100C255D25650
:1016D0006257B24776440CC154C118C55CC5E64494
:1016E0005649C649364AA64A25618280B257939721
:1016F00037293ED693074007E3CF073142879357F8
:1017000057401379F70193992700B3C677201E87B6
:1017100081486393E6028D469D8E631509023387E7
:10172000330118430509910323AEE3FEE3D926FFF5
:101730001147B307F7403DA8032807001107B3E896
:101740000801C1BF3388330103280800930F00024A
:10175000B38F2F413318F801B3E80801814263CDFC
:10176000D2001147B307F7403257B3C6762033573C
:10177000270198C2114735A0032807004443330AC4
:10178000374133582801B394F4013368980023207B
:101790000A0185021107E1B7B3C6872023A006001E
:1017A0008507E39BE7FE8257B3381001B3E8F800E2
:1017B0009257AE98A2563E93B3B5B8009A952EDADA
:1017C000B337F300B3B56500369ECD8FF2973EDC9C
:1017D000B336DE00B3B7C701DD8EB25746D8768880
:1017E000FA97BE969397C60063C0072E36DE35BDC6
:1017F0001253225E325F630908183388D241639C1A
:101800000E065247E24FF24EB368F701B3E8D80133
:10181000B3E8B800639708003ED81ADA72DC7ADEC3
:1018200029B59303F8FF639A0302B388F5003A934E
:10183000B3B5B8009A952EDA3337E300B3B5650037
:101840007E9E4D8F72973ADCB336FE013337C70167
:1018500046D8D98EB387EE017DB321677D17E31299
:10186000E81C3ED81ADA72DC7ADEA1671388F7FF2B
:101870006DBBAE87FDB721677D17E384E2FE72473B
:10188000131737293ACE13074007E340071BC283DB
:101890001307000233C7E30236888148814563C5D8
:1018A000E5028D4413F4F301998C9319270005E4A4
:1018B000B38536018C4105048CC29106E3DA84FEBF
:1018C00091463387E640B1A0832E080085051108B4
:1018D000B3E8D801E9B793050002B3E3B302336874
:1018E000070A3348D82003280800814FB385754084
:1018F0003318B800B3E808013388360163CD9F0080
:1019000091453387E540F245B3C6D420B3D5850071
:101910008CC28D463DA0832E080083234800330AE5
:101920003841B3DE8E00B393B300B3EE7E002320C4
:10193000DA01850F1108D9B7B345272123A0050087
:101940000507E3DBE6FE4247B3381001B3E8E800E1
:101950005247BE98E2463A93B3B7F800B305F30096
:101960002EDAB337E300B3B56500369ECD8FF2971C
:101970003EDCB336DE00B3B7C701DD8EF24746D892
:101980001688FA97BE96B9BD13881E0093161801E3
:10199000C9825247E24FF248E9EA3368F7013368F7
:1019A00018013368B80063990E06631608003ED824
:1019B0001ADA72DC29A83368C3013368E801336896
:1019C000F800631908002ED83ADA7EDC468F7ADEFA
:1019D0000148A1B9B386F5003A9336D8B3B6B6003C
:1019E0009A963337E30036DAB3B666007E9ED98E18
:1019F000F29636DCB337FE01B3B6C601D58F338716
:101A0000E801338FE7009317CF00E3D207FC131FE1
:101A10003F497ADE054811B9630F08003363C301FB
:101A20003363E3013363F300631C03002ED83ADA17
:101A30007EDC46DE1DBDBE851A87F28FFA88FDB7B3
:101A4000A1673EDE02DC02DA02D81C185010D8472B
:101A50009447F1170E07F582558F98CBE319F6FEE0
:101A6000A1671388F7FF0146C9B6B386F5003A931C
:101A700036D8B3B6B6009A9636DA3337E300B3B643
:101A800066007E9E558F72973ADCB337FE0133377E
:101A9000C701D98F3387E801BA973EDE181893083B
:101AA000C10314434C438582FE05CD8E14C3110738
:101AB000E399E8FE21677D1785836310E87402DEF1
:101AC00002DC02DA02D895B69396364936DE05086E
:101AD000FE081C181303C1039843CC430583FE057D
:101AE0004D8F98C39107E319F3FEC25793D8F801BD
:101AF0008582B3E717013ED8A16736DEFD17E316EE
:101B0000F8B275BF6354001D5243624E724F639129
:101B100002089258A25F3257B3E6F801D98EDD8EE3
:101B2000E38506AA9306F8FFB9E6B386F540B30746
:101B30001341B388684033B8D50093B81800B38513
:101B4000074133781801B337F300B3E7070133884F
:101B5000CF41B308FE41133818003383F840B3F780
:101B60000701B3381E013307EF40B3E8F80033072D
:101B7000174105482DAAA167FD17E308F8A49307AC
:101B8000400763D4D70202D602D402D28546C1A848
:101B9000A167FD17E38FFECCB257939737293ED646
:101BA00093074007E3C107FFC28693D7564093F4DB
:101BB000F6019399270033C777201E898146631366
:101BC00027030D471D8F8DE4338833010328080058
:101BD0008504910323AE03FFE35897FE1147B30733
:101BE000F74081A0032809001109B3E60601C1BF2F
:101BF000338833010328080093080002B388984013
:101C000033181801B3E60601814F63CEEF00114887
:101C1000B307F840325833477720335898002320D1
:101C2000070111473DA00328090083224900330A18
:101C3000394133589800B392120133685800232079
:101C40000A01850F1109D1B733C887202320080066
:101C50008507E39BE7FE8257B336D000DD8E12572F
:101C6000A258B386D540B307E3403307674033B883
:101C7000D50013371700B38507413378E800B33731
:101C8000F300B3E70701325733081E41B388C84158
:101C900093B818003303F840B3F7170133380E0137
:101CA0003368F8003307EF403307074176883ADEA0
:101CB0001ADC2EDA36D89317C700E3D80796B70791
:101CC0000800FD177D8F3ADEC28E51AE9253A258A6
:101CD0003254630B081A3388D24163950E0852437D
:101CE000E24E7247336ED301336EEE00336EBE00A8
:101CF00063180E003ED81EDA46DC22DE7E8635B240
:101D0000130FF8FF63160F0433866340B386B740A2
:101D100033037340B3B7D70013331300B305F64052
:101D2000B3F7670033B6C300D18F33861E413388C3
:101D3000D841133616003303F840F18F33B8080149
:101D40003307E4403368F800330707417E8615B552
:101D500021677D176311E84E3ED81EDA46DC22DE8D
:101D60007E8621B621677D17E388E2FE724713174E
:101D700037293ACE130740076343074D428F1306B6
:101D800000023346CF02B685014E01476345C702C4
:101D90000D479374FF01118F9319260085E4B385D5
:101DA00036018C4185048CC29106E35A97FE114797
:101DB0003306C740B1A003A8050005079105336E9F
:101DC0000E01E9B793050002336FBF023368060ABC
:101DD0003348D82003280800814EB385E5413318E5
:101DE000B800336E0E013388360163CDEE00334701
:101DF000D720F24691453386C540B3D6960014C32A
:101E00000D473DA003230800032F4800330A384143
:101E100033539300331FBF003363E30123206A0071
:101E2000850E1108D9B7B346262123A00600050662
:101E3000E35BC7FE4247B336C001D98E52466248C3
:101E4000B386D7403387C34033067640B3B7D70055
:101E500013361600B305F740F18F33B7E300D98F7F
:101E6000338608417247330818411338180033038A
:101E7000F640B3F7070133B6C8005D8E3307E44080
:101E8000118F16887E8625B513871E0093161701BD
:101E9000C9825243624E724FA162639A061233E7BF
:101EA0001301B366C301418FB3E6E6015D8FCD8EAA
:101EB00063920E0C99EA3337E0003ED81EDA46DC16
:101EC00022DE3376F7016FF04FF619E32ED8CDB44A
:101ED000330773403386F540B3B6C5001339170096
:101EE000B309D740B30E1E41B3F626013337E300E2
:101EF000558F93B21E00338AEE4033F7E200B33EB3
:101F0000DE01B3EEEE0033078F403307D7413ADEF0
:101F100052DC4EDA32D89316C70063D30604B38579
:101F2000B740B3B7B700338363403307F34033B3ED
:101F30006300B3F727013363F300338EC841B3B8AE
:101F4000C801B3F262003304E441B3E8580033043B
:101F50001441330E6E4022DE72DC3ADA2ED879BBA1
:101F60003366360133664601598E3336C000658EBE
:101F70006FF0AFEB9DEA0DE316DE02DC02DA02D869
:101F80001C185010D8479447F1170E07F582558F4B
:101F900098CBE319F6FEE9B43ED81EDA46DC22DE21
:101FA0007E861388F2FF6FF04FE8630507E616DEC2
:101FB00002DC02DA02D81C185010D8479447F117F7
:101FC0000E07F582558F98CBE319F6FE51BC330707
:101FD0007340B384F540B3B6950093391700330AC4
:101FE000D740B3021E413337E300B3F63601D98E32
:101FF00013B91200B38AD240B376D900B3325E006F
:10200000B3E2D20033078F40330757403ADE56DC45
:1020100052DA26D89316C70063D80608B385B740AE
:10202000B3B7B70033836340B306F340B3F7370168
:1020300033B363003363F300338EC841B3B8C801D0
:10204000337923013307E441B3E82801330717410B
:10205000330E6E403ADE72DC36DA2ED87E8629CF19
:10206000131707605117930500021373F701B34666
:10207000B7027C1863060306139E2600930801032B
:10208000B387C7413368B702B3850541639BF80640
:102090009387F6FFC256F298B396660023A0D80045
:1020A000FD561303010359A0B3E74401B3E75701F9
:1020B000D98FE38A079A65B7625711C7131707606C
:1020C0001307070245B7525711C7131707601307C5
:1020D000070449BF4257131707601307070659B78C
:1020E0007158338806038D45B388070183A808001B
:1020F000FD15F11723A21701E3D8D5FE9387F6FF4C
:1021000045B703A8070003AFC7FFB38FC701331854
:102110006800335FBF003368E80123A00F01F117A7
:10212000B5B7B3C5672023A00500FD17E39BD7FE15
:102130006340D70DB307D741850713D757401A8897
:10214000FD8B931E2700B34567209A86814F6392CB
:10215000D5028D45998D85E7B306D8019442850750
:102160001108232ED8FEE3D9F5FE91473387E740C7
:102170003DA883A806009106B3EF1F01C9BF33082D
:10218000D3010328080093080002B388F8403318ED
:102190001801B3EF0F01014E634DBE009146338726
:1021A000E640F256B3C56520B3D6F60094C1914718
:1021B0003DA003A8060003AF4600B382D6413358C2
:1021C000F800331F1F013368E80123A00201050E48
:1021D0009106D9B7B346672023A006000507E31B85
:1021E000F7FE4257B337F001D98F3ED86FF04FFE5C
:1021F000F2573388EE40939737493EDE6FF0EFC2D7
:1022000002DE02DC02DA02D881476FF04FC7930783
:10221000400763D6E7CE02D602D402D285486FF0DB
:102220002FD913074007635577E602CE02CC02CAC6
:1022300085486FF0EFF113074007E352E7B502CE90
:1022400002CC02CA8546DDBE1841832E4500032E0E
:1022500085004845D045A166FD16135805019C41EF
:1022600003A3450083A885003378D8009355060161
:102270004111F58D631BD8003367D701334505083D
:102280003367C701498F054519EF21677D17014560
:10229000639BE50033E567003365150133460608A7
:1022A000518D3335A0004101828018415C45544175
:1022B000011110453AC03AC81397170036C2935619
:1022C0001701116732C43EC632CC79170145635CF1
:1022D000D7001167750713D8F7016358D700370582
:1022E00000807D154295056182801167B3C707089C
:1022F0001307F706158F93970729935557403ECE3E
:102300007D8B080819EBB3C5A5209C413EC842450A
:10231000E30B08FC3305A040F9B789488146639C6C
:10232000150193060002998EB396D7003356E60046
:10233000D18E36C88546B3C6A620B3D7E7009CC267
:10234000F9B70111DDC1B307B040B3E7F50A93D87F
:10235000F501916513970760F905998D1307170526
:10236000935657403EC802CA02CC02CE7D8B13085A
:10237000010115C309466398C60613060002198EAB
:1023800033D6C70032CE1386F6FFB397E700B3C645
:1023900006219CC229A80D47158F334707211843F2
:1023A0003ACE09473A866394E6003ECC05460A06D3
:1023B0002320080023220800711691476363F6006A
:1023C00002CCF2474246D2462316F1009397F8001A
:1023D000CD8F2317F1006247B24710C154C118C511
:1023E0005CC5056182808D4679BF02CE02CC02CAEF
:1023F00002C88148F9B7135746019317C6001377EF
:10240000F77F0111B183930617002EC83ECA02CE92
:1024100002CC93F6E67F7D82B1C29166938606C0B8
:10242000369793D6470036CEF20793D64500D58F20
:10243000F2053ECC2ECA02C8F2473E06598E23163C
:10244000F1002317C1004248D245E246B24723209B
:1024500005014CC114C55CC505618280B3E6B700B7
:102460005DEBF9DA9DCF93970760138817039356B6
:1024700058401378F8017808630A0802130E000226
:1024800013932600330E0E41130F010133076740EB
:102490006313E7071A9733980501FD1623200701F8
:1024A0002DA09396066093870602C1B771583388B2
:1024B00006038D45B308070183A80800FD157117B1
:1024C00023221701E3D8D5FEFD1685068A06A1450D
:1024D000180863E8B6002320070023220700E1164E
:1024E0003808914563E4B6002320070011671307FD
:1024F000C7C01D8F91B783280700832EC7FFB30F76
:102500006700B3980801B3DECE01B3E8D80123A079
:102510001F017117B5BF91CE1397C70193D6450020
:102520009183558FF2059397F7283ACC2ECA02C8AB
:102530003ECE21677D1709B7FB21F93FFB210940FA
:102540007CD91240FB2119407A6A1F407CD9224075
:10255000BBFD2540FB2129403A462C407A6A2F409A
:102560005C4731407CD932409C6B3440BBFD3540E8
:10257000DB8F3740FB2139401BB43A403A463C40A0
:102580005AD83D407A6A3F404C7E40405C474140CB
:102590006C1042407CD942408CA243409C6B44402A
:1025A000AC344540BBFD4540CBC64640DB8F474081
:1025B000EB584840FB21494083F9A200444E6E008D
:1025C000FC291500D1572700DD34F50062DBC0007F
:1025D0003C999500419043006351FE00BBDEAB0087
:1025E000B761C5003A6E2400D24D42004906E000B2
:1025F00009EA2E001C92D100EB1DFE0029B11C003F
:10260000E83EA700F535820044BB2E009CE984001B
:10261000B4267000417E5F00D691390053833900A3
:102620009CF439008B5F840028F9BD00F81F3B0043
:10263000DEFF97000F980500112FEF000A5A8B005C
:102640006D1F6D00CF7E360009CB2700464FB700C7
:102650009E663F002DEA5F00BA277500E5EBC700D4
:102660003D7BF100F739070092528A00FB6BEA00CC
:102670001FB15F00085D8D00300356007BFC4600F3
:10268000F0AB6B0020BCCF0036F49A00E3A91D002C
:102690005E619100081BE60085996500A0145F004B
:1026A0008D40680080D8FF0027734D00060631007A
:1026B000CA561500C9A873007BE260006B8CC0008D
:1026C00000000040FB21F93F000000002D44743E53
:1026D000000000809846F83C0000006051CC783B38
:1026E00000000080831BF0390000004020257A386C
:1026F000000000802282E336000000001DF36935EF
:1027000002000000030000000400000006000000BA
:10271000DC350020323500201C3500203235002009
:10272000CE350020323500201C350020DC3500205D
:10273000DC350020CE3500201C3500203835002047
:102740003835002038350020CE3500200001020247
:102750000303030304040404040404040505050539
:102760000505050505050505050505050606060615
:1027700006060606060606060606060606060606F9
:1027800006060606060606060606060607070707E5
:1027900007070707070707070707070707070707C9
:1027A00007070707070707070707070707070707B9
:1027B00007070707070707070707070707070707A9
:1027C0000707070707070707070707070808080895
:1027D0000808080808080808080808080808080879
:1027E0000808080808080808080808080808080869
:1027F0000808080808080808080808080808080859
:102800000808080808080808080808080808080848
:102810000808080808080808080808080808080838
:102820000808080808080808080808080808080828
:102830000808080808080808080808080808080818
:10284000080808080808080808080808555443003C
:1028500000000000436F6F7264696E6174656420EC
:10286000556E6976657273616C2054696D65000000
:102870000000000000000000574554000000000068
:102880005765737465726E204575726F7065616E01
:102890002054696D65000000000000000000000089
:1028A0000000000057455354000000005765737442
:1028B00065726E204575726F7065616E2053756D1F
:1028C0006D65722054696D65000000000100000014
:1028D00045535400000000004561737465726E201A
:1028E0005374616E646172642054696D6500000008
:1028F0000000000000000000FBFFFFFF00000000E0
:1029000000000000000001000000000000000000C6
:1029100000000200000000000000000000000300B2
:1029200000000000000000000000FF0042B893809B
:10293000420083A202008282138560FF97C0FFEFEE
:10294000E780408542BE000000000000000000005B
:10295000000000000000000000000000A06D00204A
:102960000000000000000000000000000000000067
:102970000000000000000000000000000000000057
:102980006F00001A00000000000000006F006019D6
:102990000000000000000000000000006F00401870
:1029A0000000000000000000000000005D7106C093
:1029B00016C21AC41EC62AC82ECA32CC36CE3AD087
:1029C0003ED242D446D672D876DA7ADC7EDE7325E1
:1029D0001034F3250030AAC0AEC2736651BEB2C433
:1029E00073E540BE6341050273600430B7650020A3
:1029F000AA9583A50559E78005007370043073E537
:102A000040BEE35305FE0645964526467310153431
:102A100073900530731056BE824092422243B243F7
:102A2000D2456246F246025792572258B258425E49
:102A3000D25E625FF25F732540BEE35005FA424505
:102A40006161730020300000000000000000000001
:102A500064660020646600206466002064660020CE
:102A600064660020646600206466002064660020BE
:102A700064660020646600206466002064660020AE
:102A8000646600206466002064660020646600209E
:102A9000646600206466002064660020646600208E
:102AA000646600206466002064660020646600207E
:102AB000646600206466002064660020646600206E
:102AC000646600206466002064660020646600205E
:102AD000646600206466002064660020646600204E
:102AE000646600206466002064660020646600203E
:102AF000646600206466002064660020646600202E
:102B0000646600206466002064660020646600201D
:102B1000646600206466002064660020646600200D
:102B20000290029009810290E84C0010D44D0010F0
:102B3000324D0010E04D00100000000000010000C8
:102B40009A510010385100109C500010065000108F
:102B50000000000000010000AC72002010000C001A
:102B60000000000000000000000000000000000065
:102B7000000000000000000000000000B46600201B
:102B8000B4660020BC660020BC660020C46600203D
:102B9000C4660020CC660020CC660020D4660020ED
:102BA000D4660020DC660020DC660020E46600209D
:102BB000E4660020EC660020EC660020F46600204D
:102BC000F4660020FC660020FC66002004670020FC
:102BD000046700200C6700200C67002014670020A9
:102BE000146700201C6700201C6700202467002059
:102BF000246700202C6700202C6700203467002009
:102C0000346700203C6700203C67002044670020B8
:102C1000446700204C6700204C6700205467002068
:102C2000546700205C6700205C6700206467002018
:102C3000646700206C6700206C67002074670020C8
:102C4000746700207C6700207C6700208467002078
:102C5000846700208C6700208C6700209467002028
:102C6000946700209C6700209C670020A4670020D8
:102C7000A4670020AC670020AC670020B467002088
:102C8000B4670020BC670020BC670020C467002038
:102C9000C4670020CC670020CC670020D4670020E8
:102CA000D4670020DC670020DC670020E467002098
:102CB000E4670020EC670020EC670020F467002048
:102CC000F4670020FC670020FC67002004680020F7
:102CD000046800200C6800200C68002014680020A4
:102CE000146800201C6800201C6800202468002054
:102CF000246800202C6800202C6800203468002004
:102D0000346800203C6800203C68002044680020B3
:102D1000446800204C6800204C6800205468002063
:102D2000546800205C6800205C6800206468002013
:102D3000646800206C6800206C68002074680020C3
:102D4000746800207C6800207C6800208468002073
:102D5000846800208C6800208C6800209468002023
:102D6000946800209C6800209C680020A4680020D3
:102D7000A4680020AC680020AC680020B468002083
:102D8000B4680020BC680020BC680020C468002033
:102D9000C4680020CC680020CC680020D4680020E3
:102DA000D4680020DC680020DC680020E468002093
:102DB000E4680020EC680020EC680020F468002043
:102DC000F4680020FC680020FC68002004690020F2
:102DD000046900200C6900200C690020146900209F
:102DE000146900201C6900201C690020246900204F
:102DF000246900202C6900202C69002034690020FF
:102E0000346900203C6900203C69002044690020AE
:102E1000446900204C6900204C690020546900205E
:102E2000546900205C6900205C690020646900200E
:102E3000646900206C6900206C69002074690020BE
:102E4000746900207C6900207C690020846900206E
:102E5000846900208C6900208C690020946900201E
:102E6000946900209C6900209C690020A4690020CE
:102E7000A4690020AC690020AC690020B46900207E
:102E8000B4690020BC690020BC690020C46900202E
:102E9000C4690020CC690020CC690020D4690020DE
:102EA000D4690020DC690020DC690020E46900208E
:102EB000E4690020EC690020EC690020F46900203E
:102EC000F4690020FC690020FC690020046A0020ED
:102ED000046A00200C6A00200C6A0020146A00209A
:102EE000146A00201C6A00201C6A0020246A00204A
:102EF000246A00202C6A00202C6A0020346A0020FA
:102F0000346A00203C6A00203C6A0020446A0020A9
:102F1000446A00204C6A00204C6A0020546A002059
:102F2000546A00205C6A00205C6A0020646A002009
:102F3000646A00206C6A00206C6A0020746A0020B9
:102F4000746A00207C6A00207C6A0020846A002069
:102F5000846A00208C6A00208C6A0020946A002019
:102F6000946A00209C6A00209C6A0020A46A0020C9
:102F7000A46A0020AC6A0020AC6A002000000000B7
:102F800000000000646F0020CC6F0020347000202F
:102F90000000000000000000000000000000000031
:102FA0000000000000000000000000000000000021
:102FB0000000000000000000000000000000000011
:102FC0000000000000000000000000000000000001
:102FD00000000000000000000000000000000000F1
:102FE00000000000000000000000000000000000E1
:102FF00000000000000000000000000000000000D1
:1030000000000000000000000000000000000000C0
:1030100000000000000000000100000000000000AF
:103020000E33CDAB34126DE6ECDE05000B00000074
:103030000000000000000000000000000000000090
:103040000000000000000000000000000000000080
:103050000000000000000000000000000000000070
:103060000000000000000000000000000000000060
:103070000000000000000000000000000000000050
:103080000000000000000000000000000000000040
:103090000000000000000000000000000000000030
:1030A0000000000003000000646F002043000000E7
:1030B0000000000000000000000000000000000010
:1030C00000000000000000000000000043000000BD
:1030D00000000000000000000000000000000000F0
:1030E000000000000000000000000000430000009D
:1030F00000000000000000000000000000000000D0
:10310000000000000000000000000000430000007C
:1031100000000000000000000000000000000000AF
:10312000000000000000000000000000430000005C
:10313000000000000000000000000000000000008F
:10314000000000000000000000000000430000003C
:10315000000000000000000000000000000000006F
:10316000000000000000000000000000430000001C
:10317000000000000000000000000000000000004F
:103180000000000000000000000000003E090110E7
:103190000C00011000000000F4BE0410FC920410AA
:1031A000B4920410B4920410B4920410B4920410B7
:1031B000B4920410B4920410B4920410B4920410A7
:1031C000B4920410FFFFFFFFFFFFFFFFFFFFFFFFB1
:1031D000FFFF000001004153434949000000000087
:1031E00000000000000000000000000000000000DF
:1031F0000000000000004153434949000000000066
:1032000000000000000000000000000000000000BE
:1032100000000000000000007800000078000000BE
:10322000030000000F00000010FF000000800940B4
:103230000000000000000940000000005C9804103D
:103240000B0010003CA4041011001800FFFFFFFF4A
:1032500000000200C06A0020000000000000000022
:10326000D3DEFFFFFE010000FF010000B4CDFAFF36
:04327000793512ABEF
:0400000510000034B3
:00000001FF
