
C:/Users/domin/Desktop/Computerarchitektur/Labor2_Template/lab2b/build/src/lab2b.elf:     file format elf32-littleriscv

Sections:
Idx Name          Size      VMA       LMA       File off  Algn
  0 .text         000077ac  10000000  10000000  00001000  2**2
                  CONTENTS, ALLOC, LOAD, READONLY, CODE
  1 .rodata       00000630  100077b0  100077b0  000087b0  2**3
                  CONTENTS, ALLOC, LOAD, READONLY, DATA
  2 .binary_info  0000001c  10007de0  10007de0  00008de0  2**2
                  CONTENTS, ALLOC, LOAD, READONLY, DATA
  3 .uninitialized_data 00000000  20000000  20000000  0000dbe8  2**0
                  CONTENTS
  4 .data         00003dd8  20000000  10007dfc  00009000  2**6
                  CONTENTS, ALLOC, LOAD, CODE
  5 .tdata        00000000  20003dd8  20003dd8  0000dbe8  2**0
                  CONTENTS, ALLOC, LOAD, DATA, THREAD_LOCAL
  6 .tbss         00000000  20003dd8  20003dd8  00000000  2**0
                  ALLOC, THREAD_LOCAL
  7 .bss          00000388  20003dd8  1000bbd4  0000ddd8  2**3
                  ALLOC
  8 .heap         00000800  20004160  20004160  0000dbe8  2**2
                  CONTENTS, READONLY
  9 .scratch_x    00000000  20080000  20080000  0000e3e8  2**0
                  CONTENTS
 10 .scratch_y    00000000  20081000  20081000  0000e3e8  2**0
                  CONTENTS
 11 .stack_dummy  00000800  20081000  20081000  0000e400  2**5
                  CONTENTS, READONLY
 12 .flash_end    00000014  1000bbd4  1000bbd4  0000dbd4  2**2
                  CONTENTS, ALLOC, LOAD, READONLY, DATA
 13 .comment      00000021  00000000  00000000  0000ec00  2**0
                  CONTENTS, READONLY
 14 .riscv.attributes 00000098  00000000  00000000  0000ec21  2**0
                  CONTENTS, READONLY
 15 .debug_info   00020935  00000000  00000000  0000ecb9  2**0
                  CONTENTS, READONLY, DEBUGGING, OCTETS
 16 .debug_abbrev 000068c6  00000000  00000000  0002f5ee  2**0
                  CONTENTS, READONLY, DEBUGGING, OCTETS
 17 .debug_loclists 0001b142  00000000  00000000  00035eb4  2**0
                  CONTENTS, READONLY, DEBUGGING, OCTETS
 18 .debug_aranges 00000c10  00000000  00000000  00050ff8  2**3
                  CONTENTS, READONLY, DEBUGGING, OCTETS
 19 .debug_rnglists 0000396b  00000000  00000000  00051c08  2**0
                  CONTENTS, READONLY, DEBUGGING, OCTETS
 20 .debug_line   0002841c  00000000  00000000  00055573  2**0
                  CONTENTS, READONLY, DEBUGGING, OCTETS
 21 .debug_str    0000476b  00000000  00000000  0007d98f  2**0
                  CONTENTS, READONLY, DEBUGGING, OCTETS
 22 .debug_line_str 00002fb0  00000000  00000000  000820fa  2**0
                  CONTENTS, READONLY, DEBUGGING, OCTETS
 23 .debug_frame  00001c04  00000000  00000000  000850ac  2**2
                  CONTENTS, READONLY, DEBUGGING, OCTETS

C:/Users/domin/Desktop/Computerarchitektur/Labor2_Template/lab2b/build/src/lab2b.elf:     file format elf32-littleriscv


Disassembly of section .text:

10000000 <__flash_binary_start>:
10000000:	ebf2                	.insn	2, 0xebf2
10000002:	7188                	.insn	2, 0x7188
10000004:	7de0                	.insn	2, 0x7de0
10000006:	1000                	addi	s0,sp,32
10000008:	7dfc                	.insn	2, 0x7dfc
1000000a:	1000                	addi	s0,sp,32
1000000c:	00a8                	addi	a0,sp,72
1000000e:	1000                	addi	s0,sp,32
10000010:	a390                	.insn	2, 0xa390
10000012:	e71a                	.insn	2, 0xe71a

10000014 <__binary_info_header_end>:
10000014:	ffffded3          	.insn	4, 0xffffded3
10000018:	0142                	slli	sp,sp,0x10
1000001a:	1101                	addi	sp,sp,-32
1000001c:	0344                	addi	s1,sp,388
1000001e:	0000                	unimp
10000020:	0036                	c.slli	zero,0xd
10000022:	1000                	addi	s0,sp,32
10000024:	2000                	.insn	2, 0x2000
10000026:	2008                	.insn	2, 0x2008
10000028:	04ff 0000 bbc0 0000 	.insn	10, 0x35790000bbc0000004ff
10000030:	3579 
10000032:	ab12                	.insn	2, 0xab12

10000034 <__embedded_block_end>:
10000034:	a879                	j	100000d2 <reenter_bootrom>

10000036 <_reset_handler>:
10000036:	10005197          	auipc	gp,0x10005
1000003a:	90618193          	addi	gp,gp,-1786 # 2000493c <__global_pointer$>
1000003e:	10082117          	auipc	sp,0x10082
10000042:	fc210113          	addi	sp,sp,-62 # 20082000 <__StackTop>
10000046:	10003517          	auipc	a0,0x10003
1000004a:	53b50513          	addi	a0,a0,1339 # 20003581 <__VECTOR_TABLE+0x1>
1000004e:	30551073          	csrw	mtvec,a0
10000052:	f1402573          	csrr	a0,mhartid
10000056:	ed35                	bnez	a0,100000d2 <reenter_bootrom>
10000058:	00000717          	auipc	a4,0x0
1000005c:	05070713          	addi	a4,a4,80 # 100000a8 <data_cpy_table>
10000060:	430c                	lw	a1,0(a4)
10000062:	c591                	beqz	a1,1000006e <_reset_handler+0x38>
10000064:	4350                	lw	a2,4(a4)
10000066:	4714                	lw	a3,8(a4)
10000068:	0731                	addi	a4,a4,12
1000006a:	281d                	jal	100000a0 <data_cpy>
1000006c:	bfd5                	j	10000060 <_reset_handler+0x2a>
1000006e:	10004597          	auipc	a1,0x10004
10000072:	d6a58593          	addi	a1,a1,-662 # 20003dd8 <default_alarm_pool_entries>
10000076:	10004617          	auipc	a2,0x10004
1000007a:	0ea60613          	addi	a2,a2,234 # 20004160 <__bss_end__>
1000007e:	a021                	j	10000086 <bss_fill_test>

10000080 <bss_fill_loop>:
10000080:	0005a023          	sw	zero,0(a1)
10000084:	0591                	addi	a1,a1,4

10000086 <bss_fill_test>:
10000086:	fec59de3          	bne	a1,a2,10000080 <bss_fill_loop>

1000008a <platform_entry>:
1000008a:	224010ef          	jal	100012ae <runtime_init>
1000008e:	285d                	jal	10000144 <main>
10000090:	1e6010ef          	jal	10001276 <exit>
10000094:	9002                	ebreak
10000096:	bffd                	j	10000094 <platform_entry+0xa>

10000098 <data_cpy_loop>:
10000098:	4188                	lw	a0,0(a1)
1000009a:	c208                	sw	a0,0(a2)
1000009c:	0591                	addi	a1,a1,4
1000009e:	0611                	addi	a2,a2,4

100000a0 <data_cpy>:
100000a0:	fed66ce3          	bltu	a2,a3,10000098 <data_cpy_loop>
100000a4:	8082                	ret
100000a6:	0001                	nop

100000a8 <data_cpy_table>:
100000a8:	10007dfc          	.word	0x10007dfc
100000ac:	20000000          	.word	0x20000000
100000b0:	20003dd8          	.word	0x20003dd8
100000b4:	1000bbd4          	.word	0x1000bbd4
100000b8:	20080000          	.word	0x20080000
100000bc:	20080000          	.word	0x20080000
100000c0:	1000bbd4          	.word	0x1000bbd4
100000c4:	20081000          	.word	0x20081000
100000c8:	20081000          	.word	0x20081000
100000cc:	00000000          	.word	0x00000000
100000d0:	8082                	ret

100000d2 <reenter_bootrom>:
100000d2:	6521                	lui	a0,0x8
100000d4:	dfc50513          	addi	a0,a0,-516 # 7dfc <HeapSize+0x75fc>
100000d8:	8502                	jr	a0

100000da <__do_global_dtors_aux>:
100000da:	b852                	cm.push	{ra,s0},-16
100000dc:	20004437          	lui	s0,0x20004
100000e0:	f5844783          	lbu	a5,-168(s0) # 20003f58 <completed.1>
100000e4:	ef99                	bnez	a5,10000102 <__do_global_dtors_aux+0x28>
100000e6:	00000793          	li	a5,0
100000ea:	cb89                	beqz	a5,100000fc <__do_global_dtors_aux+0x22>
100000ec:	10007537          	lui	a0,0x10007
100000f0:	7ac50513          	addi	a0,a0,1964 # 100077ac <__EH_FRAME_BEGIN__>
100000f4:	00000097          	auipc	ra,0x0
100000f8:	000000e7          	jalr	zero # 0 <IRQN-0x34>
100000fc:	4785                	li	a5,1
100000fe:	f4f40c23          	sb	a5,-168(s0)
10000102:	be52                	cm.popret	{ra,s0},16

10000104 <frame_dummy>:
10000104:	00000793          	li	a5,0
10000108:	cf89                	beqz	a5,10000122 <frame_dummy+0x1e>
1000010a:	200045b7          	lui	a1,0x20004
1000010e:	10007537          	lui	a0,0x10007
10000112:	f5c58593          	addi	a1,a1,-164 # 20003f5c <object.0>
10000116:	7ac50513          	addi	a0,a0,1964 # 100077ac <__EH_FRAME_BEGIN__>
1000011a:	00000317          	auipc	t1,0x0
1000011e:	00000067          	jr	zero # 0 <IRQN-0x34>
10000122:	8082                	ret

10000124 <adc_gpio_init>:
10000124:	1141                	addi	sp,sp,-16
10000126:	45fd                	li	a1,31
10000128:	c606                	sw	ra,12(sp)
1000012a:	c422                	sw	s0,8(sp)
1000012c:	842a                	mv	s0,a0
1000012e:	2b25                	jal	10000666 <gpio_set_function>
10000130:	8522                	mv	a0,s0
10000132:	4581                	li	a1,0
10000134:	4601                	li	a2,0
10000136:	2385                	jal	10000696 <gpio_set_pulls>
10000138:	8522                	mv	a0,s0
1000013a:	4422                	lw	s0,8(sp)
1000013c:	40b2                	lw	ra,12(sp)
1000013e:	4581                	li	a1,0
10000140:	0141                	addi	sp,sp,16
10000142:	ab8d                	j	100006b4 <gpio_set_input_enabled>

10000144 <main>:
10000144:	715d                	addi	sp,sp,-80
10000146:	c686                	sw	ra,76(sp)
10000148:	c4a2                	sw	s0,72(sp)
1000014a:	c2a6                	sw	s1,68(sp)
1000014c:	d266                	sw	s9,36(sp)
1000014e:	c0ca                	sw	s2,64(sp)
10000150:	de4e                	sw	s3,60(sp)
10000152:	dc52                	sw	s4,56(sp)
10000154:	da56                	sw	s5,52(sp)
10000156:	d85a                	sw	s6,48(sp)
10000158:	d65e                	sw	s7,44(sp)
1000015a:	d462                	sw	s8,40(sp)
1000015c:	d06a                	sw	s10,32(sp)
1000015e:	ce6e                	sw	s11,28(sp)
10000160:	182010ef          	jal	100012e2 <adc_init>
10000164:	4569                	li	a0,26
10000166:	3f7d                	jal	10000124 <adc_gpio_init>
10000168:	456d                	li	a0,27
1000016a:	3f6d                	jal	10000124 <adc_gpio_init>
1000016c:	400a0cb7          	lui	s9,0x400a0
10000170:	000ca783          	lw	a5,0(s9) # 400a0000 <__StackTop+0x2001e000>
10000174:	66bd                	lui	a3,0xf
10000176:	400a1737          	lui	a4,0x400a1
1000017a:	8ff5                	and	a5,a5,a3
1000017c:	c31c                	sw	a5,0(a4)
1000017e:	4515                	li	a0,5
10000180:	2ba1                	jal	100006d8 <gpio_init>
10000182:	02000793          	li	a5,32
10000186:	d0000437          	lui	s0,0xd0000
1000018a:	dc1c                	sw	a5,56(s0)
1000018c:	4511                	li	a0,4
1000018e:	23a9                	jal	100006d8 <gpio_init>
10000190:	100087b7          	lui	a5,0x10008
10000194:	d787a783          	lw	a5,-648(a5) # 10007d78 <__mprec_tens+0xc8>
10000198:	44c1                	li	s1,16
1000019a:	c63e                	sw	a5,12(sp)
1000019c:	dc04                	sw	s1,56(s0)
1000019e:	400a27b7          	lui	a5,0x400a2
100001a2:	4711                	li	a4,4
100001a4:	c398                	sw	a4,0(a5)
100001a6:	000ca783          	lw	a5,0(s9)
100001aa:	1007f793          	andi	a5,a5,256
100001ae:	dfe5                	beqz	a5,100001a6 <main+0x62>
100001b0:	004cac03          	lw	s8,4(s9)
100001b4:	80080437          	lui	s0,0x80080
100001b8:	08140413          	addi	s0,s0,129 # 80080081 <__StackTop+0x5fffe081>
100001bc:	080c4c33          	zext.h	s8,s8
100001c0:	008c1713          	slli	a4,s8,0x8
100001c4:	41870733          	sub	a4,a4,s8
100001c8:	02871433          	mulh	s0,a4,s0
100001cc:	41f75693          	srai	a3,a4,0x1f
100001d0:	4b85                	li	s7,1
100001d2:	7d000b13          	li	s6,2000
100001d6:	d0000d37          	lui	s10,0xd0000
100001da:	4921                	li	s2,8
100001dc:	943a                	add	s0,s0,a4
100001de:	842d                	srai	s0,s0,0xb
100001e0:	8c15                	sub	s0,s0,a3
100001e2:	0ff47993          	zext.b	s3,s0
100001e6:	01303733          	snez	a4,s3
100001ea:	40e00733          	neg	a4,a4
100001ee:	0b79ebb3          	max	s7,s3,s7
100001f2:	0ff00693          	li	a3,255
100001f6:	4086f433          	andn	s0,a3,s0
100001fa:	00ebfbb3          	and	s7,s7,a4
100001fe:	02098863          	beqz	s3,1000022e <main+0xea>
10000202:	02000a13          	li	s4,32
10000206:	4a81                	li	s5,0
10000208:	034d2023          	sw	s4,32(s10) # d0000020 <__StackTop+0xaff7e020>
1000020c:	4505                	li	a0,1
1000020e:	4581                	li	a1,0
10000210:	068acc63          	blt	s5,s0,10000288 <main+0x144>
10000214:	009d2c23          	sw	s1,24(s10)
10000218:	012d2c23          	sw	s2,24(s10)
1000021c:	0a85                	addi	s5,s5,1
1000021e:	413000ef          	jal	10000e30 <sleep_us>
10000222:	ff3ac3e3          	blt	s5,s3,10000208 <main+0xc4>
10000226:	0ff00713          	li	a4,255
1000022a:	06e98e63          	beq	s3,a4,100002a6 <main+0x162>
1000022e:	8dde                	mv	s11,s7
10000230:	02000a93          	li	s5,32
10000234:	0ff00a13          	li	s4,255
10000238:	015d2c23          	sw	s5,24(s10)
1000023c:	4505                	li	a0,1
1000023e:	4581                	li	a1,0
10000240:	068dc763          	blt	s11,s0,100002ae <main+0x16a>
10000244:	009d2c23          	sw	s1,24(s10)
10000248:	012d2c23          	sw	s2,24(s10)
1000024c:	0d85                	addi	s11,s11,1
1000024e:	3e3000ef          	jal	10000e30 <sleep_us>
10000252:	ff4d93e3          	bne	s11,s4,10000238 <main+0xf4>
10000256:	1b7d                	addi	s6,s6,-1
10000258:	fa0b13e3          	bnez	s6,100001fe <main+0xba>
1000025c:	8562                	mv	a0,s8
1000025e:	10001097          	auipc	ra,0x10001
10000262:	3a8080e7          	jalr	936(ra) # 20001606 <__floatsisf>
10000266:	45b2                	lw	a1,12(sp)
10000268:	63d000ef          	jal	100010a4 <__mulsf3>
1000026c:	10001097          	auipc	ra,0x10001
10000270:	434080e7          	jalr	1076(ra) # 200016a0 <__extendsfdf2>
10000274:	100077b7          	lui	a5,0x10007
10000278:	862a                	mv	a2,a0
1000027a:	86ae                	mv	a3,a1
1000027c:	7b078513          	addi	a0,a5,1968 # 100077b0 <__EH_FRAME_BEGIN__+0x4>
10000280:	85e2                	mv	a1,s8
10000282:	385010ef          	jal	10001e06 <printf>
10000286:	bf21                	j	1000019e <main+0x5a>
10000288:	029d2023          	sw	s1,32(s10)
1000028c:	012d2c23          	sw	s2,24(s10)
10000290:	4505                	li	a0,1
10000292:	4581                	li	a1,0
10000294:	0a85                	addi	s5,s5,1
10000296:	39b000ef          	jal	10000e30 <sleep_us>
1000029a:	f73ac7e3          	blt	s5,s3,10000208 <main+0xc4>
1000029e:	0ff00713          	li	a4,255
100002a2:	f8e996e3          	bne	s3,a4,1000022e <main+0xea>
100002a6:	1b7d                	addi	s6,s6,-1
100002a8:	f40b1fe3          	bnez	s6,10000206 <main+0xc2>
100002ac:	bf45                	j	1000025c <main+0x118>
100002ae:	029d2023          	sw	s1,32(s10)
100002b2:	012d2c23          	sw	s2,24(s10)
100002b6:	4505                	li	a0,1
100002b8:	4581                	li	a1,0
100002ba:	0d85                	addi	s11,s11,1
100002bc:	375000ef          	jal	10000e30 <sleep_us>
100002c0:	f74d9ce3          	bne	s11,s4,10000238 <main+0xf4>
100002c4:	1b7d                	addi	s6,s6,-1
100002c6:	f20b1ce3          	bnez	s6,100001fe <main+0xba>
100002ca:	bf49                	j	1000025c <main+0x118>

100002cc <first_per_core_initializer>:
100002cc:	8082                	ret

100002ce <hard_assertion_failure>:
100002ce:	10007537          	lui	a0,0x10007
100002d2:	1141                	addi	sp,sp,-16
100002d4:	7d850513          	addi	a0,a0,2008 # 100077d8 <__EH_FRAME_BEGIN__+0x2c>
100002d8:	c606                	sw	ra,12(sp)
100002da:	245d                	jal	10000580 <panic>

100002dc <runtime_run_initializers>:
100002dc:	1141                	addi	sp,sp,-16
100002de:	c422                	sw	s0,8(sp)
100002e0:	c226                	sw	s1,4(sp)
100002e2:	10007437          	lui	s0,0x10007
100002e6:	100074b7          	lui	s1,0x10007
100002ea:	c606                	sw	ra,12(sp)
100002ec:	77040413          	addi	s0,s0,1904 # 10007770 <__pre_init_runtime_init_bootrom_reset>
100002f0:	7a848493          	addi	s1,s1,1960 # 100077a8 <__frame_dummy_init_array_entry>
100002f4:	00947763          	bgeu	s0,s1,10000302 <runtime_run_initializers+0x26>
100002f8:	401c                	lw	a5,0(s0)
100002fa:	0411                	addi	s0,s0,4
100002fc:	9782                	jalr	a5
100002fe:	fe946de3          	bltu	s0,s1,100002f8 <runtime_run_initializers+0x1c>
10000302:	40b2                	lw	ra,12(sp)
10000304:	4422                	lw	s0,8(sp)
10000306:	4492                	lw	s1,4(sp)
10000308:	0141                	addi	sp,sp,16
1000030a:	8082                	ret

1000030c <runtime_init_early_resets>:
1000030c:	efef47b7          	lui	a5,0xefef4
10000310:	b7f78793          	addi	a5,a5,-1153 # efef3b7f <__StackTop+0xcfe71b7f>
10000314:	400226b7          	lui	a3,0x40022
10000318:	03f40737          	lui	a4,0x3f40
1000031c:	c29c                	sw	a5,0(a3)
1000031e:	1759                	addi	a4,a4,-10 # 3f3fff6 <HeapSize+0x3f3f7f6>
10000320:	400237b7          	lui	a5,0x40023
10000324:	400206b7          	lui	a3,0x40020
10000328:	c398                	sw	a4,0(a5)
1000032a:	06a1                	addi	a3,a3,8 # 40020008 <__StackTop+0x1ff9e008>
1000032c:	429c                	lw	a5,0(a3)
1000032e:	40f777b3          	andn	a5,a4,a5
10000332:	ffed                	bnez	a5,1000032c <runtime_init_early_resets+0x20>
10000334:	8082                	ret

10000336 <runtime_init_usb_power_down>:
10000336:	501107b7          	lui	a5,0x50110
1000033a:	47f8                	lw	a4,76(a5)
1000033c:	67a1                	lui	a5,0x8
1000033e:	00f70363          	beq	a4,a5,10000344 <runtime_init_usb_power_down+0xe>
10000342:	8082                	ret
10000344:	501127b7          	lui	a5,0x50112
10000348:	00040737          	lui	a4,0x40
1000034c:	c7f8                	sw	a4,76(a5)
1000034e:	8082                	ret

10000350 <runtime_init_post_clock_resets>:
10000350:	20000737          	lui	a4,0x20000
10000354:	177d                	addi	a4,a4,-1 # 1fffffff <__flash_binary_end+0xfff4417>
10000356:	400237b7          	lui	a5,0x40023
1000035a:	400206b7          	lui	a3,0x40020
1000035e:	c398                	sw	a4,0(a5)
10000360:	06a1                	addi	a3,a3,8 # 40020008 <__StackTop+0x1ff9e008>
10000362:	429c                	lw	a5,0(a3)
10000364:	40f777b3          	andn	a5,a4,a5
10000368:	ffed                	bnez	a5,10000362 <runtime_init_post_clock_resets+0x12>
1000036a:	8082                	ret

1000036c <runtime_init_bootrom_reset>:
1000036c:	6515                	lui	a0,0x5
1000036e:	1141                	addi	sp,sp,-16
10000370:	25350513          	addi	a0,a0,595 # 5253 <HeapSize+0x4a53>
10000374:	c606                	sw	ra,12(sp)
10000376:	4c9000ef          	jal	1000103e <rom_func_lookup>
1000037a:	40b2                	lw	ra,12(sp)
1000037c:	87aa                	mv	a5,a0
1000037e:	4511                	li	a0,4
10000380:	0141                	addi	sp,sp,16
10000382:	8782                	jr	a5

10000384 <runtime_init_per_core_bootrom_reset>:
10000384:	6515                	lui	a0,0x5
10000386:	1141                	addi	sp,sp,-16
10000388:	25350513          	addi	a0,a0,595 # 5253 <HeapSize+0x4a53>
1000038c:	c606                	sw	ra,12(sp)
1000038e:	4b1000ef          	jal	1000103e <rom_func_lookup>
10000392:	40b2                	lw	ra,12(sp)
10000394:	87aa                	mv	a5,a0
10000396:	4505                	li	a0,1
10000398:	0141                	addi	sp,sp,16
1000039a:	8782                	jr	a5

1000039c <runtime_init_spin_locks_reset>:
1000039c:	a465                	j	10000644 <spin_locks_reset>

1000039e <runtime_init_clocks>:
1000039e:	1141                	addi	sp,sp,-16
100003a0:	c422                	sw	s0,8(sp)
100003a2:	c606                	sw	ra,12(sp)
100003a4:	c226                	sw	s1,4(sp)
100003a6:	c04a                	sw	s2,0(sp)
100003a8:	40010437          	lui	s0,0x40010
100003ac:	08042223          	sw	zero,132(s0) # 40010084 <__StackTop+0x1ff8e084>
100003b0:	4cf000ef          	jal	1000107e <xosc_init>
100003b4:	400137b7          	lui	a5,0x40013
100003b8:	4705                	li	a4,1
100003ba:	dfd8                	sw	a4,60(a5)
100003bc:	407c                	lw	a5,68(s0)
100003be:	fee79fe3          	bne	a5,a4,100003bc <runtime_init_clocks+0x1e>
100003c2:	470d                	li	a4,3
100003c4:	400137b7          	lui	a5,0x40013
100003c8:	db98                	sw	a4,48(a5)
100003ca:	4405                	li	s0,1
100003cc:	40010737          	lui	a4,0x40010
100003d0:	5f1c                	lw	a5,56(a4)
100003d2:	fe879fe3          	bne	a5,s0,100003d0 <runtime_init_clocks+0x32>
100003d6:	59683637          	lui	a2,0x59683
100003da:	85a2                	mv	a1,s0
100003dc:	f0060613          	addi	a2,a2,-256 # 59682f00 <__StackTop+0x39600f00>
100003e0:	4709                	li	a4,2
100003e2:	4695                	li	a3,5
100003e4:	40050537          	lui	a0,0x40050
100003e8:	3b9000ef          	jal	10000fa0 <pll_init>
100003ec:	4715                	li	a4,5
100003ee:	47869637          	lui	a2,0x47869
100003f2:	86ba                	mv	a3,a4
100003f4:	85a2                	mv	a1,s0
100003f6:	c0060613          	addi	a2,a2,-1024 # 47868c00 <__StackTop+0x277e6c00>
100003fa:	40058537          	lui	a0,0x40058
100003fe:	3a3000ef          	jal	10000fa0 <pll_init>
10000402:	00b726b7          	lui	a3,0xb72
10000406:	b0068693          	addi	a3,a3,-1280 # b71b00 <HeapSize+0xb71300>
1000040a:	4601                	li	a2,0
1000040c:	4589                	li	a1,2
1000040e:	4511                	li	a0,4
10000410:	2051                	jal	10000494 <clock_configure_undivided>
10000412:	08f0d6b7          	lui	a3,0x8f0d
10000416:	85a2                	mv	a1,s0
10000418:	18068693          	addi	a3,a3,384 # 8f0d180 <HeapSize+0x8f0c980>
1000041c:	4601                	li	a2,0
1000041e:	4515                	li	a0,5
10000420:	2895                	jal	10000494 <clock_configure_undivided>
10000422:	02dc76b7          	lui	a3,0x2dc7
10000426:	c0068693          	addi	a3,a3,-1024 # 2dc6c00 <HeapSize+0x2dc6400>
1000042a:	4601                	li	a2,0
1000042c:	4581                	li	a1,0
1000042e:	4521                	li	a0,8
10000430:	2095                	jal	10000494 <clock_configure_undivided>
10000432:	02dc76b7          	lui	a3,0x2dc7
10000436:	c0068693          	addi	a3,a3,-1024 # 2dc6c00 <HeapSize+0x2dc6400>
1000043a:	4601                	li	a2,0
1000043c:	4581                	li	a1,0
1000043e:	4525                	li	a0,9
10000440:	2891                	jal	10000494 <clock_configure_undivided>
10000442:	08f0d6b7          	lui	a3,0x8f0d
10000446:	18068693          	addi	a3,a3,384 # 8f0d180 <HeapSize+0x8f0c980>
1000044a:	4601                	li	a2,0
1000044c:	4581                	li	a1,0
1000044e:	4519                	li	a0,6
10000450:	2091                	jal	10000494 <clock_configure_undivided>
10000452:	08f0d6b7          	lui	a3,0x8f0d
10000456:	18068693          	addi	a3,a3,384 # 8f0d180 <HeapSize+0x8f0c980>
1000045a:	4601                	li	a2,0
1000045c:	4581                	li	a1,0
1000045e:	451d                	li	a0,7
10000460:	2815                	jal	10000494 <clock_configure_undivided>
10000462:	4511                	li	a0,4
10000464:	2231                	jal	10000570 <clock_get_hz>
10000466:	431be7b7          	lui	a5,0x431be
1000046a:	e8378793          	addi	a5,a5,-381 # 431bde83 <__StackTop+0x2313be83>
1000046e:	02f534b3          	mulhu	s1,a0,a5
10000472:	4401                	li	s0,0
10000474:	4919                	li	s2,6
10000476:	80c9                	srli	s1,s1,0x12
10000478:	8522                	mv	a0,s0
1000047a:	85a6                	mv	a1,s1
1000047c:	0405                	addi	s0,s0,1
1000047e:	3ad000ef          	jal	1000102a <tick_start>
10000482:	ff241be3          	bne	s0,s2,10000478 <runtime_init_clocks+0xda>
10000486:	40b2                	lw	ra,12(sp)
10000488:	4422                	lw	s0,8(sp)
1000048a:	4492                	lw	s1,4(sp)
1000048c:	4902                	lw	s2,0(sp)
1000048e:	0141                	addi	sp,sp,16
10000490:	8082                	ret
	...

10000494 <clock_configure_undivided>:
10000494:	400107b7          	lui	a5,0x40010
10000498:	20a52733          	sh1add	a4,a0,a0
1000049c:	20f74733          	sh2add	a4,a4,a5
100004a0:	00472803          	lw	a6,4(a4) # 40010004 <__StackTop+0x1ff8e004>
100004a4:	67c1                	lui	a5,0x10
100004a6:	00f87363          	bgeu	a6,a5,100004ac <clock_configure_undivided+0x18>
100004aa:	c35c                	sw	a5,4(a4)
100004ac:	fff58793          	addi	a5,a1,-1
100004b0:	ffc50893          	addi	a7,a0,-4 # 40057ffc <__StackTop+0x1ffd5ffc>
100004b4:	e781                	bnez	a5,100004bc <clock_configure_undivided+0x28>
100004b6:	0028b793          	sltiu	a5,a7,2
100004ba:	e7b5                	bnez	a5,10000526 <clock_configure_undivided+0x92>
100004bc:	20004837          	lui	a6,0x20004
100004c0:	0f480813          	addi	a6,a6,244 # 200040f4 <configured_freq>
100004c4:	210547b3          	sh2add	a5,a0,a6
100004c8:	0007a303          	lw	t1,0(a5) # 10000 <HeapSize+0xf800>
100004cc:	678d                	lui	a5,0x3
100004ce:	97ba                	add	a5,a5,a4
100004d0:	28b01e13          	bseti	t3,zero,0xb
100004d4:	01c7a023          	sw	t3,0(a5) # 3000 <HeapSize+0x2800>
100004d8:	050a                	slli	a0,a0,0x2
100004da:	02031963          	bnez	t1,1000050c <clock_configure_undivided+0x78>
100004de:	00072303          	lw	t1,0(a4)
100004e2:	0616                	slli	a2,a2,0x5
100004e4:	6785                	lui	a5,0x1
100004e6:	00664633          	xor	a2,a2,t1
100004ea:	0e067613          	andi	a2,a2,224
100004ee:	97ba                	add	a5,a5,a4
100004f0:	c390                	sw	a2,0(a5)
100004f2:	4605                	li	a2,1
100004f4:	07167063          	bgeu	a2,a7,10000554 <clock_configure_undivided+0xc0>
100004f8:	6789                	lui	a5,0x2
100004fa:	97ba                	add	a5,a5,a4
100004fc:	28b01613          	bseti	a2,zero,0xb
10000500:	c390                	sw	a2,0(a5)
10000502:	9542                	add	a0,a0,a6
10000504:	67c1                	lui	a5,0x10
10000506:	c114                	sw	a3,0(a0)
10000508:	c35c                	sw	a5,4(a4)
1000050a:	8082                	ret
1000050c:	01482783          	lw	a5,20(a6)
10000510:	0267d7b3          	divu	a5,a5,t1
10000514:	0785                	addi	a5,a5,1 # 10001 <HeapSize+0xf801>
10000516:	20f7a7b3          	sh1add	a5,a5,a5
1000051a:	0001                	nop
1000051c:	ffe78793          	addi	a5,a5,-2
10000520:	fe07dee3          	bgez	a5,1000051c <clock_configure_undivided+0x88>
10000524:	bf6d                	j	100004de <clock_configure_undivided+0x4a>
10000526:	678d                	lui	a5,0x3
10000528:	97ba                	add	a5,a5,a4
1000052a:	480d                	li	a6,3
1000052c:	0107a023          	sw	a6,0(a5) # 3000 <HeapSize+0x2800>
10000530:	471c                	lw	a5,8(a4)
10000532:	8b85                	andi	a5,a5,1
10000534:	dff5                	beqz	a5,10000530 <clock_configure_undivided+0x9c>
10000536:	00072803          	lw	a6,0(a4)
1000053a:	0616                	slli	a2,a2,0x5
1000053c:	6785                	lui	a5,0x1
1000053e:	01064633          	xor	a2,a2,a6
10000542:	0e067613          	andi	a2,a2,224
10000546:	97ba                	add	a5,a5,a4
10000548:	20004837          	lui	a6,0x20004
1000054c:	050a                	slli	a0,a0,0x2
1000054e:	c390                	sw	a2,0(a5)
10000550:	0f480813          	addi	a6,a6,244 # 200040f4 <configured_freq>
10000554:	00072883          	lw	a7,0(a4)
10000558:	28b01633          	bset	a2,zero,a1
1000055c:	0115c8b3          	xor	a7,a1,a7
10000560:	0038f893          	andi	a7,a7,3
10000564:	0117a023          	sw	a7,0(a5) # 1000 <HeapSize+0x800>
10000568:	471c                	lw	a5,8(a4)
1000056a:	8ff1                	and	a5,a5,a2
1000056c:	dff5                	beqz	a5,10000568 <clock_configure_undivided+0xd4>
1000056e:	b769                	j	100004f8 <clock_configure_undivided+0x64>

10000570 <clock_get_hz>:
10000570:	200047b7          	lui	a5,0x20004
10000574:	0f478793          	addi	a5,a5,244 # 200040f4 <configured_freq>
10000578:	20f54533          	sh2add	a0,a0,a5
1000057c:	4108                	lw	a0,0(a0)
1000057e:	8082                	ret

10000580 <panic>:
10000580:	7139                	addi	sp,sp,-64
10000582:	10007337          	lui	t1,0x10007
10000586:	cc22                	sw	s0,24(sp)
10000588:	842a                	mv	s0,a0
1000058a:	7e430513          	addi	a0,t1,2020 # 100077e4 <__EH_FRAME_BEGIN__+0x38>
1000058e:	ce06                	sw	ra,28(sp)
10000590:	d22e                	sw	a1,36(sp)
10000592:	d432                	sw	a2,40(sp)
10000594:	d636                	sw	a3,44(sp)
10000596:	d83a                	sw	a4,48(sp)
10000598:	da3e                	sw	a5,52(sp)
1000059a:	dc42                	sw	a6,56(sp)
1000059c:	de46                	sw	a7,60(sp)
1000059e:	127010ef          	jal	10001ec4 <puts>
100005a2:	cc01                	beqz	s0,100005ba <panic+0x3a>
100005a4:	104c                	addi	a1,sp,36
100005a6:	8522                	mv	a0,s0
100005a8:	c62e                	sw	a1,12(sp)
100005aa:	423000ef          	jal	100011cc <weak_raw_vprintf>
100005ae:	10007537          	lui	a0,0x10007
100005b2:	7f450513          	addi	a0,a0,2036 # 100077f4 <__EH_FRAME_BEGIN__+0x48>
100005b6:	10f010ef          	jal	10001ec4 <puts>
100005ba:	4505                	li	a0,1
100005bc:	465000ef          	jal	10001220 <_exit>

100005c0 <hw_claim_or_assert>:
100005c0:	300476f3          	csrrci	a3,mstatus,8
100005c4:	200047b7          	lui	a5,0x20004
100005c8:	0df78793          	addi	a5,a5,223 # 200040df <_sw_spin_locks+0xb>
100005cc:	00379713          	slli	a4,a5,0x3
100005d0:	28e01733          	bset	a4,zero,a4
100005d4:	9bf1                	andi	a5,a5,-4
100005d6:	44e7a82f          	amoor.w.aq	a6,a4,(a5)
100005da:	00e87833          	and	a6,a6,a4
100005de:	fe081ce3          	bnez	a6,100005d6 <hw_claim_or_assert+0x16>
100005e2:	0330000f          	fence	rw,rw
100005e6:	0035d793          	srli	a5,a1,0x3
100005ea:	953e                	add	a0,a0,a5
100005ec:	00054703          	lbu	a4,0(a0)
100005f0:	0075f793          	andi	a5,a1,7
100005f4:	28f017b3          	bset	a5,zero,a5
100005f8:	00f77833          	and	a6,a4,a5
100005fc:	02081163          	bnez	a6,1000061e <hw_claim_or_assert+0x5e>
10000600:	8f5d                	or	a4,a4,a5
10000602:	00e50023          	sb	a4,0(a0)
10000606:	0330000f          	fence	rw,rw
1000060a:	200047b7          	lui	a5,0x20004
1000060e:	0d478793          	addi	a5,a5,212 # 200040d4 <_sw_spin_locks>
10000612:	000785a3          	sb	zero,11(a5)
10000616:	8aa1                	andi	a3,a3,8
10000618:	3006a073          	csrs	mstatus,a3
1000061c:	8082                	ret
1000061e:	1141                	addi	sp,sp,-16
10000620:	8532                	mv	a0,a2
10000622:	c606                	sw	ra,12(sp)
10000624:	3fb1                	jal	10000580 <panic>

10000626 <next_striped_spin_lock_num>:
10000626:	20004737          	lui	a4,0x20004
1000062a:	dc874503          	lbu	a0,-568(a4) # 20003dc8 <striped_spin_lock_num>
1000062e:	46dd                	li	a3,23
10000630:	00150793          	addi	a5,a0,1
10000634:	0ff7f793          	zext.b	a5,a5
10000638:	00f6f363          	bgeu	a3,a5,1000063e <next_striped_spin_lock_num+0x18>
1000063c:	47c1                	li	a5,16
1000063e:	dcf70423          	sb	a5,-568(a4)
10000642:	8082                	ret

10000644 <spin_locks_reset>:
10000644:	200046b7          	lui	a3,0x20004
10000648:	0d468693          	addi	a3,a3,212 # 200040d4 <_sw_spin_locks>
1000064c:	4781                	li	a5,0
1000064e:	02000613          	li	a2,32
10000652:	0330000f          	fence	rw,rw
10000656:	00f68733          	add	a4,a3,a5
1000065a:	00070023          	sb	zero,0(a4)
1000065e:	0785                	addi	a5,a5,1
10000660:	fec799e3          	bne	a5,a2,10000652 <spin_locks_reset+0xe>
10000664:	8082                	ret

10000666 <gpio_set_function>:
10000666:	400387b7          	lui	a5,0x40038
1000066a:	0791                	addi	a5,a5,4 # 40038004 <__StackTop+0x1ffb6004>
1000066c:	20f547b3          	sh2add	a5,a0,a5
10000670:	4398                	lw	a4,0(a5)
10000672:	6685                	lui	a3,0x1
10000674:	96be                	add	a3,a3,a5
10000676:	04074713          	xori	a4,a4,64
1000067a:	0c077713          	andi	a4,a4,192
1000067e:	40028637          	lui	a2,0x40028
10000682:	c298                	sw	a4,0(a3)
10000684:	20c56533          	sh3add	a0,a0,a2
10000688:	670d                	lui	a4,0x3
1000068a:	97ba                	add	a5,a5,a4
1000068c:	c14c                	sw	a1,4(a0)
1000068e:	10000713          	li	a4,256
10000692:	c398                	sw	a4,0(a5)
10000694:	8082                	ret

10000696 <gpio_set_pulls>:
10000696:	400387b7          	lui	a5,0x40038
1000069a:	0791                	addi	a5,a5,4 # 40038004 <__StackTop+0x1ffb6004>
1000069c:	20f54533          	sh2add	a0,a0,a5
100006a0:	411c                	lw	a5,0(a0)
100006a2:	058e                	slli	a1,a1,0x3
100006a4:	060a                	slli	a2,a2,0x2
100006a6:	8e4d                	or	a2,a2,a1
100006a8:	8e3d                	xor	a2,a2,a5
100006aa:	6785                	lui	a5,0x1
100006ac:	8a31                	andi	a2,a2,12
100006ae:	953e                	add	a0,a0,a5
100006b0:	c110                	sw	a2,0(a0)
100006b2:	8082                	ret

100006b4 <gpio_set_input_enabled>:
100006b4:	400387b7          	lui	a5,0x40038
100006b8:	0791                	addi	a5,a5,4 # 40038004 <__StackTop+0x1ffb6004>
100006ba:	20f54533          	sh2add	a0,a0,a5
100006be:	c599                	beqz	a1,100006cc <gpio_set_input_enabled+0x18>
100006c0:	6789                	lui	a5,0x2
100006c2:	953e                	add	a0,a0,a5
100006c4:	04000793          	li	a5,64
100006c8:	c11c                	sw	a5,0(a0)
100006ca:	8082                	ret
100006cc:	678d                	lui	a5,0x3
100006ce:	953e                	add	a0,a0,a5
100006d0:	04000793          	li	a5,64
100006d4:	c11c                	sw	a5,0(a0)
100006d6:	8082                	ret

100006d8 <gpio_init>:
100006d8:	28a016b3          	bset	a3,zero,a0
100006dc:	d0000737          	lui	a4,0xd0000
100006e0:	400387b7          	lui	a5,0x40038
100006e4:	c334                	sw	a3,64(a4)
100006e6:	0791                	addi	a5,a5,4 # 40038004 <__StackTop+0x1ffb6004>
100006e8:	d314                	sw	a3,32(a4)
100006ea:	20f547b3          	sh2add	a5,a0,a5
100006ee:	4398                	lw	a4,0(a5)
100006f0:	6685                	lui	a3,0x1
100006f2:	96be                	add	a3,a3,a5
100006f4:	04074713          	xori	a4,a4,64
100006f8:	0c077713          	andi	a4,a4,192
100006fc:	40028637          	lui	a2,0x40028
10000700:	c298                	sw	a4,0(a3)
10000702:	20c56533          	sh3add	a0,a0,a2
10000706:	4715                	li	a4,5
10000708:	668d                	lui	a3,0x3
1000070a:	c158                	sw	a4,4(a0)
1000070c:	97b6                	add	a5,a5,a3
1000070e:	10000713          	li	a4,256
10000712:	c398                	sw	a4,0(a5)
10000714:	8082                	ret

10000716 <runtime_init_per_core_irq_priorities>:
10000716:	4681                	li	a3,0
10000718:	483d                	li	a6,15
1000071a:	451d                	li	a0,7
1000071c:	03400593          	li	a1,52
10000720:	0036f793          	andi	a5,a3,3
10000724:	078a                	slli	a5,a5,0x2
10000726:	00f81733          	sll	a4,a6,a5
1000072a:	0026d613          	srli	a2,a3,0x2
1000072e:	0742                	slli	a4,a4,0x10
10000730:	8f51                	or	a4,a4,a2
10000732:	be373073          	csrc	0xbe3,a4
10000736:	00f517b3          	sll	a5,a0,a5
1000073a:	07c2                	slli	a5,a5,0x10
1000073c:	8fd1                	or	a5,a5,a2
1000073e:	be37a073          	csrs	0xbe3,a5
10000742:	0685                	addi	a3,a3,1 # 3001 <HeapSize+0x2801>
10000744:	fcb69ee3          	bne	a3,a1,10000720 <runtime_init_per_core_irq_priorities+0xa>
10000748:	30046073          	csrsi	mstatus,8
1000074c:	8082                	ret

1000074e <irq_set_enabled>:
1000074e:	00555793          	srli	a5,a0,0x5
10000752:	0786                	slli	a5,a5,0x1
10000754:	28a01533          	bset	a0,zero,a0
10000758:	76c1                	lui	a3,0xffff0
1000075a:	8ee9                	and	a3,a3,a0
1000075c:	00178713          	addi	a4,a5,1
10000760:	0542                	slli	a0,a0,0x10
10000762:	8f55                	or	a4,a4,a3
10000764:	8d5d                	or	a0,a0,a5
10000766:	c991                	beqz	a1,1000077a <irq_set_enabled+0x2c>
10000768:	be253073          	csrc	0xbe2,a0
1000076c:	be273073          	csrc	0xbe2,a4
10000770:	be052073          	csrs	0xbe0,a0
10000774:	be072073          	csrs	0xbe0,a4
10000778:	8082                	ret
1000077a:	be053073          	csrc	0xbe0,a0
1000077e:	be073073          	csrc	0xbe0,a4
10000782:	8082                	ret

10000784 <irq_set_exclusive_handler>:
10000784:	1101                	addi	sp,sp,-32
10000786:	ce06                	sw	ra,28(sp)
10000788:	30047773          	csrrci	a4,mstatus,8
1000078c:	200047b7          	lui	a5,0x20004
10000790:	0dd78793          	addi	a5,a5,221 # 200040dd <_sw_spin_locks+0x9>
10000794:	00379693          	slli	a3,a5,0x3
10000798:	28d016b3          	bset	a3,zero,a3
1000079c:	9bf1                	andi	a5,a5,-4
1000079e:	44d7a62f          	amoor.w.aq	a2,a3,(a5)
100007a2:	8e75                	and	a2,a2,a3
100007a4:	fe6d                	bnez	a2,1000079e <irq_set_exclusive_handler+0x1a>
100007a6:	0330000f          	fence	rw,rw
100007aa:	305027f3          	csrr	a5,mtvec
100007ae:	03450513          	addi	a0,a0,52
100007b2:	9bf1                	andi	a5,a5,-4
100007b4:	20f547b3          	sh2add	a5,a0,a5
100007b8:	4394                	lw	a3,0(a5)
100007ba:	00d58f63          	beq	a1,a3,100007d8 <irq_set_exclusive_handler+0x54>
100007be:	200037b7          	lui	a5,0x20003
100007c2:	72478793          	addi	a5,a5,1828 # 20003724 <__unhandled_user_irq>
100007c6:	00f68963          	beq	a3,a5,100007d8 <irq_set_exclusive_handler+0x54>
100007ca:	c62e                	sw	a1,12(sp)
100007cc:	c42a                	sw	a0,8(sp)
100007ce:	c23a                	sw	a4,4(sp)
100007d0:	3cfd                	jal	100002ce <hard_assertion_failure>
100007d2:	45b2                	lw	a1,12(sp)
100007d4:	4522                	lw	a0,8(sp)
100007d6:	4712                	lw	a4,4(sp)
100007d8:	305027f3          	csrr	a5,mtvec
100007dc:	9bf1                	andi	a5,a5,-4
100007de:	20f54533          	sh2add	a0,a0,a5
100007e2:	c10c                	sw	a1,0(a0)
100007e4:	0330000f          	fence	rw,rw
100007e8:	0330000f          	fence	rw,rw
100007ec:	200047b7          	lui	a5,0x20004
100007f0:	0d478793          	addi	a5,a5,212 # 200040d4 <_sw_spin_locks>
100007f4:	000784a3          	sb	zero,9(a5)
100007f8:	8b21                	andi	a4,a4,8
100007fa:	30072073          	csrs	mstatus,a4
100007fe:	40f2                	lw	ra,28(sp)
10000800:	6105                	addi	sp,sp,32
10000802:	8082                	ret

10000804 <lock_init>:
10000804:	200047b7          	lui	a5,0x20004
10000808:	0d478793          	addi	a5,a5,212 # 200040d4 <_sw_spin_locks>
1000080c:	97ae                	add	a5,a5,a1
1000080e:	c11c                	sw	a5,0(a0)
10000810:	8082                	ret

10000812 <runtime_init_mutex>:
10000812:	1101                	addi	sp,sp,-32
10000814:	cc22                	sw	s0,24(sp)
10000816:	ca26                	sw	s1,20(sp)
10000818:	20004437          	lui	s0,0x20004
1000081c:	200044b7          	lui	s1,0x20004
10000820:	ce06                	sw	ra,28(sp)
10000822:	dd840413          	addi	s0,s0,-552 # 20003dd8 <default_alarm_pool_entries>
10000826:	dd848493          	addi	s1,s1,-552 # 20003dd8 <default_alarm_pool_entries>
1000082a:	02947663          	bgeu	s0,s1,10000856 <runtime_init_mutex+0x44>
1000082e:	c84a                	sw	s2,16(sp)
10000830:	c64e                	sw	s3,12(sp)
10000832:	0ff00913          	li	s2,255
10000836:	59fd                	li	s3,-1
10000838:	401c                	lw	a5,0(s0)
1000083a:	c39d                	beqz	a5,10000860 <runtime_init_mutex+0x4e>
1000083c:	33ed                	jal	10000626 <next_striped_spin_lock_num>
1000083e:	85aa                	mv	a1,a0
10000840:	8522                	mv	a0,s0
10000842:	37c9                	jal	10000804 <lock_init>
10000844:	01241223          	sh	s2,4(s0)
10000848:	0330000f          	fence	rw,rw
1000084c:	0421                	addi	s0,s0,8
1000084e:	fe9465e3          	bltu	s0,s1,10000838 <runtime_init_mutex+0x26>
10000852:	4942                	lw	s2,16(sp)
10000854:	49b2                	lw	s3,12(sp)
10000856:	40f2                	lw	ra,28(sp)
10000858:	4462                	lw	s0,24(sp)
1000085a:	44d2                	lw	s1,20(sp)
1000085c:	6105                	addi	sp,sp,32
1000085e:	8082                	ret
10000860:	33d9                	jal	10000626 <next_striped_spin_lock_num>
10000862:	85aa                	mv	a1,a0
10000864:	8522                	mv	a0,s0
10000866:	3f79                	jal	10000804 <lock_init>
10000868:	01340223          	sb	s3,4(s0)
1000086c:	0330000f          	fence	rw,rw
10000870:	0421                	addi	s0,s0,8
10000872:	fc9463e3          	bltu	s0,s1,10000838 <runtime_init_mutex+0x26>
10000876:	bff1                	j	10000852 <runtime_init_mutex+0x40>

10000878 <sleep_until_callback>:
10000878:	200046b7          	lui	a3,0x20004
1000087c:	13c6a783          	lw	a5,316(a3) # 2000413c <sleep_notifier>
10000880:	30047773          	csrrci	a4,mstatus,8
10000884:	00379613          	slli	a2,a5,0x3
10000888:	28c01633          	bset	a2,zero,a2
1000088c:	9bf1                	andi	a5,a5,-4
1000088e:	44c7a5af          	amoor.w.aq	a1,a2,(a5)
10000892:	8df1                	and	a1,a1,a2
10000894:	fded                	bnez	a1,1000088e <sleep_until_callback+0x16>
10000896:	0330000f          	fence	rw,rw
1000089a:	13c6a783          	lw	a5,316(a3)
1000089e:	0330000f          	fence	rw,rw
100008a2:	00078023          	sb	zero,0(a5)
100008a6:	00877793          	andi	a5,a4,8
100008aa:	3007a073          	csrs	mstatus,a5
100008ae:	00102033          	sgtz	zero,ra
100008b2:	4501                	li	a0,0
100008b4:	4581                	li	a1,0
100008b6:	8082                	ret

100008b8 <alarm_pool_irq_handler>:
100008b8:	7139                	addi	sp,sp,-64
100008ba:	de06                	sw	ra,60(sp)
100008bc:	dc22                	sw	s0,56(sp)
100008be:	da26                	sw	s1,52(sp)
100008c0:	d84a                	sw	s2,48(sp)
100008c2:	d64e                	sw	s3,44(sp)
100008c4:	d452                	sw	s4,40(sp)
100008c6:	d256                	sw	s5,36(sp)
100008c8:	d05a                	sw	s6,32(sp)
100008ca:	ce5e                	sw	s7,28(sp)
100008cc:	cc62                	sw	s8,24(sp)
100008ce:	ca66                	sw	s9,20(sp)
100008d0:	c86a                	sw	s10,16(sp)
100008d2:	be5027f3          	csrr	a5,0xbe5
100008d6:	01079713          	slli	a4,a5,0x10
100008da:	32074763          	bltz	a4,10000c08 <alarm_pool_irq_handler+0x350>
100008de:	0047d913          	srli	s2,a5,0x4
100008e2:	1fc97793          	andi	a5,s2,508
100008e6:	00397913          	andi	s2,s2,3
100008ea:	292019b3          	bset	s3,zero,s2
100008ee:	400b0bb7          	lui	s7,0x400b0
100008f2:	34079763          	bnez	a5,10000c40 <alarm_pool_irq_handler+0x388>
100008f6:	20004737          	lui	a4,0x20004
100008fa:	2127c7b3          	sh2add	a5,a5,s2
100008fe:	11c70713          	addi	a4,a4,284 # 2000411c <pools>
10000902:	20e7c7b3          	sh2add	a5,a5,a4
10000906:	0007aa83          	lw	s5,0(a5)
1000090a:	678d                	lui	a5,0x3
1000090c:	04478793          	addi	a5,a5,68 # 3044 <HeapSize+0x2844>
10000910:	97de                	add	a5,a5,s7
10000912:	10001a37          	lui	s4,0x10001
10000916:	0137a023          	sw	s3,0(a5)
1000091a:	8b8a0a13          	addi	s4,s4,-1864 # 100008b8 <alarm_pool_irq_handler>
1000091e:	547d                	li	s0,-1
10000920:	54fd                	li	s1,-1
10000922:	008a9b03          	lh	s6,8(s5)
10000926:	033bae23          	sw	s3,60(s7) # 400b003c <__StackTop+0x2002e03c>
1000092a:	080b5763          	bgez	s6,100009b8 <alarm_pool_irq_handler+0x100>
1000092e:	004ad783          	lhu	a5,4(s5)
10000932:	60579793          	sext.h	a5,a5
10000936:	1407dc63          	bgez	a5,10000a8e <alarm_pool_irq_handler+0x1d6>
1000093a:	006ac783          	lbu	a5,6(s5)
1000093e:	1e079563          	bnez	a5,10000b28 <alarm_pool_irq_handler+0x270>
10000942:	008a9b03          	lh	s6,8(s5)
10000946:	040b4663          	bltz	s6,10000992 <alarm_pool_irq_handler+0xda>
1000094a:	014aa703          	lw	a4,20(s5)
1000094e:	216b2b33          	sh1add	s6,s6,s6
10000952:	57fd                	li	a5,-1
10000954:	20eb6b33          	sh3add	s6,s6,a4
10000958:	008b2c03          	lw	s8,8(s6)
1000095c:	00cb2b03          	lw	s6,12(s6)
10000960:	2afc0163          	beq	s8,a5,10000c02 <alarm_pool_irq_handler+0x34a>
10000964:	217946b3          	sh2add	a3,s2,s7
10000968:	028ba703          	lw	a4,40(s7)
1000096c:	4a9c                	lw	a5,16(a3)
1000096e:	40ec0633          	sub	a2,s8,a4
10000972:	8f99                	sub	a5,a5,a4
10000974:	02f66f63          	bltu	a2,a5,100009b2 <alarm_pool_irq_handler+0xfa>
10000978:	020ba783          	lw	a5,32(s7)
1000097c:	4927d7b3          	bext	a5,a5,s2
10000980:	cb8d                	beqz	a5,100009b2 <alarm_pool_irq_handler+0xfa>
10000982:	855e                	mv	a0,s7
10000984:	2be1                	jal	10000f5c <timer_time_us_64>
10000986:	0165c663          	blt	a1,s6,10000992 <alarm_pool_irq_handler+0xda>
1000098a:	f8bb1ce3          	bne	s6,a1,10000922 <alarm_pool_irq_handler+0x6a>
1000098e:	f9857ae3          	bgeu	a0,s8,10000922 <alarm_pool_irq_handler+0x6a>
10000992:	00102033          	sgtz	zero,ra
10000996:	50f2                	lw	ra,60(sp)
10000998:	5462                	lw	s0,56(sp)
1000099a:	54d2                	lw	s1,52(sp)
1000099c:	5942                	lw	s2,48(sp)
1000099e:	59b2                	lw	s3,44(sp)
100009a0:	5a22                	lw	s4,40(sp)
100009a2:	5a92                	lw	s5,36(sp)
100009a4:	5b02                	lw	s6,32(sp)
100009a6:	4bf2                	lw	s7,28(sp)
100009a8:	4c62                	lw	s8,24(sp)
100009aa:	4cd2                	lw	s9,20(sp)
100009ac:	4d42                	lw	s10,16(sp)
100009ae:	6121                	addi	sp,sp,64
100009b0:	8082                	ret
100009b2:	0186a823          	sw	s8,16(a3)
100009b6:	b7f1                	j	10000982 <alarm_pool_irq_handler+0xca>
100009b8:	014aa783          	lw	a5,20(s5)
100009bc:	216b2c33          	sh1add	s8,s6,s6
100009c0:	855e                	mv	a0,s7
100009c2:	20fc6c33          	sh3add	s8,s8,a5
100009c6:	00cc2c83          	lw	s9,12(s8)
100009ca:	008c2d03          	lw	s10,8(s8)
100009ce:	2379                	jal	10000f5c <timer_time_us_64>
100009d0:	f595cfe3          	blt	a1,s9,1000092e <alarm_pool_irq_handler+0x76>
100009d4:	1cbc8363          	beq	s9,a1,10000b9a <alarm_pool_irq_handler+0x2e2>
100009d8:	1c0cc563          	bltz	s9,10000ba2 <alarm_pool_irq_handler+0x2ea>
100009dc:	010c2783          	lw	a5,16(s8)
100009e0:	014c2583          	lw	a1,20(s8)
100009e4:	25478563          	beq	a5,s4,10000c2e <alarm_pool_irq_handler+0x376>
100009e8:	008a9703          	lh	a4,8(s5)
100009ec:	002c5503          	lhu	a0,2(s8)
100009f0:	0742                	slli	a4,a4,0x10
100009f2:	8d59                	or	a0,a0,a4
100009f4:	9782                	jalr	a5
100009f6:	872e                	mv	a4,a1
100009f8:	87aa                	mv	a5,a0
100009fa:	00e7e6b3          	or	a3,a5,a4
100009fe:	1a068263          	beqz	a3,10000ba2 <alarm_pool_irq_handler+0x2ea>
10000a02:	20075963          	bgez	a4,10000c14 <alarm_pool_irq_handler+0x35c>
10000a06:	40fd06b3          	sub	a3,s10,a5
10000a0a:	00dd3d33          	sltu	s10,s10,a3
10000a0e:	40ec87b3          	sub	a5,s9,a4
10000a12:	41a787b3          	sub	a5,a5,s10
10000a16:	000c1703          	lh	a4,0(s8)
10000a1a:	00dc2423          	sw	a3,8(s8)
10000a1e:	00fc2623          	sw	a5,12(s8)
10000a22:	f00746e3          	bltz	a4,1000092e <alarm_pool_irq_handler+0x76>
10000a26:	014aa803          	lw	a6,20(s5)
10000a2a:	20e72533          	sh1add	a0,a4,a4
10000a2e:	00171613          	slli	a2,a4,0x1
10000a32:	21056533          	sh3add	a0,a0,a6
10000a36:	454c                	lw	a1,12(a0)
10000a38:	00852883          	lw	a7,8(a0)
10000a3c:	eeb7c9e3          	blt	a5,a1,1000092e <alarm_pool_irq_handler+0x76>
10000a40:	00f59463          	bne	a1,a5,10000a48 <alarm_pool_irq_handler+0x190>
10000a44:	ef16e5e3          	bltu	a3,a7,1000092e <alarm_pool_irq_handler+0x76>
10000a48:	00ea9423          	sh	a4,8(s5)
10000a4c:	008a8513          	addi	a0,s5,8
10000a50:	a031                	j	10000a5c <alarm_pool_irq_handler+0x1a4>
10000a52:	00862883          	lw	a7,8(a2) # 40028008 <__StackTop+0x1ffa6008>
10000a56:	464c                	lw	a1,12(a2)
10000a58:	00171613          	slli	a2,a4,0x1
10000a5c:	963a                	add	a2,a2,a4
10000a5e:	00b7ce63          	blt	a5,a1,10000a7a <alarm_pool_irq_handler+0x1c2>
10000a62:	1ef58363          	beq	a1,a5,10000c48 <alarm_pool_irq_handler+0x390>
10000a66:	21066533          	sh3add	a0,a2,a6
10000a6a:	00051703          	lh	a4,0(a0)
10000a6e:	20e72633          	sh1add	a2,a4,a4
10000a72:	21066633          	sh3add	a2,a2,a6
10000a76:	fc075ee3          	bgez	a4,10000a52 <alarm_pool_irq_handler+0x19a>
10000a7a:	00ec1023          	sh	a4,0(s8)
10000a7e:	01651023          	sh	s6,0(a0)
10000a82:	004ad783          	lhu	a5,4(s5)
10000a86:	60579793          	sext.h	a5,a5
10000a8a:	ea07c8e3          	bltz	a5,1000093a <alarm_pool_irq_handler+0x82>
10000a8e:	010aa783          	lw	a5,16(s5)
10000a92:	30047773          	csrrci	a4,mstatus,8
10000a96:	00379693          	slli	a3,a5,0x3
10000a9a:	28d016b3          	bset	a3,zero,a3
10000a9e:	9bf1                	andi	a5,a5,-4
10000aa0:	44d7a62f          	amoor.w.aq	a2,a3,(a5)
10000aa4:	8e75                	and	a2,a2,a3
10000aa6:	fe6d                	bnez	a2,10000aa0 <alarm_pool_irq_handler+0x1e8>
10000aa8:	0330000f          	fence	rw,rw
10000aac:	004ad883          	lhu	a7,4(s5)
10000ab0:	57fd                	li	a5,-1
10000ab2:	00fa9223          	sh	a5,4(s5)
10000ab6:	60589893          	sext.h	a7,a7
10000aba:	010aa783          	lw	a5,16(s5)
10000abe:	0330000f          	fence	rw,rw
10000ac2:	00078023          	sb	zero,0(a5)
10000ac6:	00877793          	andi	a5,a4,8
10000aca:	3007a073          	csrs	mstatus,a5
10000ace:	e608c6e3          	bltz	a7,1000093a <alarm_pool_irq_handler+0x82>
10000ad2:	014aa503          	lw	a0,20(s5)
10000ad6:	008a9703          	lh	a4,8(s5)
10000ada:	2118a833          	sh1add	a6,a7,a7
10000ade:	20a86833          	sh3add	a6,a6,a0
10000ae2:	008a8593          	addi	a1,s5,8
10000ae6:	02074563          	bltz	a4,10000b10 <alarm_pool_irq_handler+0x258>
10000aea:	00882303          	lw	t1,8(a6)
10000aee:	00c82603          	lw	a2,12(a6)
10000af2:	a801                	j	10000b02 <alarm_pool_irq_handler+0x24a>
10000af4:	0ec68b63          	beq	a3,a2,10000bea <alarm_pool_irq_handler+0x332>
10000af8:	00079703          	lh	a4,0(a5)
10000afc:	85be                	mv	a1,a5
10000afe:	00074963          	bltz	a4,10000b10 <alarm_pool_irq_handler+0x258>
10000b02:	20e727b3          	sh1add	a5,a4,a4
10000b06:	20a7e7b3          	sh3add	a5,a5,a0
10000b0a:	47d4                	lw	a3,12(a5)
10000b0c:	fed654e3          	bge	a2,a3,10000af4 <alarm_pool_irq_handler+0x23c>
10000b10:	01159023          	sh	a7,0(a1)
10000b14:	00081883          	lh	a7,0(a6)
10000b18:	00e81023          	sh	a4,0(a6)
10000b1c:	fa08dde3          	bgez	a7,10000ad6 <alarm_pool_irq_handler+0x21e>
10000b20:	006ac783          	lbu	a5,6(s5)
10000b24:	e0078fe3          	beqz	a5,10000942 <alarm_pool_irq_handler+0x8a>
10000b28:	000a8323          	sb	zero,6(s5)
10000b2c:	008a9b03          	lh	s6,8(s5)
10000b30:	55fd                	li	a1,-1
10000b32:	875a                	mv	a4,s6
10000b34:	e4bb0fe3          	beq	s6,a1,10000992 <alarm_pool_irq_handler+0xda>
10000b38:	014aa503          	lw	a0,20(s5)
10000b3c:	20e727b3          	sh1add	a5,a4,a4
10000b40:	863a                	mv	a2,a4
10000b42:	20a7e7b3          	sh3add	a5,a5,a0
10000b46:	0027d683          	lhu	a3,2(a5)
10000b4a:	00079703          	lh	a4,0(a5)
10000b4e:	008a8813          	addi	a6,s5,8
10000b52:	60569693          	sext.h	a3,a3
10000b56:	0206c263          	bltz	a3,10000b7a <alarm_pool_irq_handler+0x2c2>
10000b5a:	883e                	mv	a6,a5
10000b5c:	deb705e3          	beq	a4,a1,10000946 <alarm_pool_irq_handler+0x8e>
10000b60:	20e727b3          	sh1add	a5,a4,a4
10000b64:	20a7e7b3          	sh3add	a5,a5,a0
10000b68:	0027d683          	lhu	a3,2(a5)
10000b6c:	863a                	mv	a2,a4
10000b6e:	00079703          	lh	a4,0(a5)
10000b72:	60569693          	sext.h	a3,a3
10000b76:	fe06d2e3          	bgez	a3,10000b5a <alarm_pool_irq_handler+0x2a2>
10000b7a:	c780                	sw	s0,8(a5)
10000b7c:	c7c4                	sw	s1,12(a5)
10000b7e:	fccb0fe3          	beq	s6,a2,10000b5c <alarm_pool_irq_handler+0x2a4>
10000b82:	00e81023          	sh	a4,0(a6)
10000b86:	008ad683          	lhu	a3,8(s5)
10000b8a:	8b32                	mv	s6,a2
10000b8c:	00d79023          	sh	a3,0(a5)
10000b90:	00ca9423          	sh	a2,8(s5)
10000b94:	fcb716e3          	bne	a4,a1,10000b60 <alarm_pool_irq_handler+0x2a8>
10000b98:	b37d                	j	10000946 <alarm_pool_irq_handler+0x8e>
10000b9a:	d9a56ae3          	bltu	a0,s10,1000092e <alarm_pool_irq_handler+0x76>
10000b9e:	e20cdfe3          	bgez	s9,100009dc <alarm_pool_irq_handler+0x124>
10000ba2:	000c5703          	lhu	a4,0(s8)
10000ba6:	010aa783          	lw	a5,16(s5)
10000baa:	00ea9423          	sh	a4,8(s5)
10000bae:	30047773          	csrrci	a4,mstatus,8
10000bb2:	00379693          	slli	a3,a5,0x3
10000bb6:	28d016b3          	bset	a3,zero,a3
10000bba:	9bf1                	andi	a5,a5,-4
10000bbc:	44d7a62f          	amoor.w.aq	a2,a3,(a5)
10000bc0:	8e75                	and	a2,a2,a3
10000bc2:	fe6d                	bnez	a2,10000bbc <alarm_pool_irq_handler+0x304>
10000bc4:	0330000f          	fence	rw,rw
10000bc8:	002ad683          	lhu	a3,2(s5)
10000bcc:	010aa783          	lw	a5,16(s5)
10000bd0:	00dc1023          	sh	a3,0(s8)
10000bd4:	016a9123          	sh	s6,2(s5)
10000bd8:	0330000f          	fence	rw,rw
10000bdc:	00078023          	sb	zero,0(a5)
10000be0:	00877793          	andi	a5,a4,8
10000be4:	3007a073          	csrs	mstatus,a5
10000be8:	b399                	j	1000092e <alarm_pool_irq_handler+0x76>
10000bea:	4794                	lw	a3,8(a5)
10000bec:	f0d376e3          	bgeu	t1,a3,10000af8 <alarm_pool_irq_handler+0x240>
10000bf0:	01159023          	sh	a7,0(a1)
10000bf4:	00081883          	lh	a7,0(a6)
10000bf8:	00e81023          	sh	a4,0(a6)
10000bfc:	ec08dde3          	bgez	a7,10000ad6 <alarm_pool_irq_handler+0x21e>
10000c00:	b705                	j	10000b20 <alarm_pool_irq_handler+0x268>
10000c02:	d78b11e3          	bne	s6,s8,10000964 <alarm_pool_irq_handler+0xac>
10000c06:	bbb5                	j	10000982 <alarm_pool_irq_handler+0xca>
10000c08:	4985                	li	s3,1
10000c0a:	87ce                	mv	a5,s3
10000c0c:	4901                	li	s2,0
10000c0e:	400b8bb7          	lui	s7,0x400b8
10000c12:	b1d5                	j	100008f6 <alarm_pool_irq_handler+0x3e>
10000c14:	855e                	mv	a0,s7
10000c16:	c63a                	sw	a4,12(sp)
10000c18:	c43e                	sw	a5,8(sp)
10000c1a:	2689                	jal	10000f5c <timer_time_us_64>
10000c1c:	47a2                	lw	a5,8(sp)
10000c1e:	4732                	lw	a4,12(sp)
10000c20:	00f506b3          	add	a3,a0,a5
10000c24:	00a6b7b3          	sltu	a5,a3,a0
10000c28:	95ba                	add	a1,a1,a4
10000c2a:	97ae                	add	a5,a5,a1
10000c2c:	b3ed                	j	10000a16 <alarm_pool_irq_handler+0x15e>
10000c2e:	499c                	lw	a5,16(a1)
10000c30:	852e                	mv	a0,a1
10000c32:	c42e                	sw	a1,8(sp)
10000c34:	9782                	jalr	a5
10000c36:	d535                	beqz	a0,10000ba2 <alarm_pool_irq_handler+0x2ea>
10000c38:	45a2                	lw	a1,8(sp)
10000c3a:	419c                	lw	a5,0(a1)
10000c3c:	41d8                	lw	a4,4(a1)
10000c3e:	bb75                	j	100009fa <alarm_pool_irq_handler+0x142>
10000c40:	4785                	li	a5,1
10000c42:	400b8bb7          	lui	s7,0x400b8
10000c46:	b945                	j	100008f6 <alarm_pool_irq_handler+0x3e>
10000c48:	e116ffe3          	bgeu	a3,a7,10000a66 <alarm_pool_irq_handler+0x1ae>
10000c4c:	b53d                	j	10000a7a <alarm_pool_irq_handler+0x1c2>

10000c4e <runtime_init_default_alarm_pool>:
10000c4e:	200037b7          	lui	a5,0x20003
10000c52:	54878793          	addi	a5,a5,1352 # 20003548 <default_alarm_pool>
10000c56:	4b98                	lw	a4,16(a5)
10000c58:	c719                	beqz	a4,10000c66 <runtime_init_default_alarm_pool+0x18>
10000c5a:	20004537          	lui	a0,0x20004
10000c5e:	13c50513          	addi	a0,a0,316 # 2000413c <sleep_notifier>
10000c62:	45a9                	li	a1,10
10000c64:	b645                	j	10000804 <lock_init>
10000c66:	1141                	addi	sp,sp,-16
10000c68:	458d                	li	a1,3
10000c6a:	400b0537          	lui	a0,0x400b0
10000c6e:	c606                	sw	ra,12(sp)
10000c70:	c422                	sw	s0,8(sp)
10000c72:	24e9                	jal	10000f3c <timer_hardware_alarm_claim>
10000c74:	20003437          	lui	s0,0x20003
10000c78:	54840793          	addi	a5,s0,1352 # 20003548 <default_alarm_pool>
10000c7c:	400b0837          	lui	a6,0x400b0
10000c80:	0107a623          	sw	a6,12(a5)
10000c84:	324d                	jal	10000626 <next_striped_spin_lock_num>
10000c86:	54840793          	addi	a5,s0,1352
10000c8a:	85aa                	mv	a1,a0
10000c8c:	450d                	li	a0,3
10000c8e:	00a78023          	sb	a0,0(a5)
10000c92:	d0000737          	lui	a4,0xd0000
10000c96:	00072303          	lw	t1,0(a4) # d0000000 <__StackTop+0xaff7e000>
10000c9a:	200046b7          	lui	a3,0x20004
10000c9e:	4bd8                	lw	a4,20(a5)
10000ca0:	0d468693          	addi	a3,a3,212 # 200040d4 <_sw_spin_locks>
10000ca4:	00110637          	lui	a2,0x110
10000ca8:	96ae                	add	a3,a3,a1
10000caa:	167d                	addi	a2,a2,-1 # 10ffff <HeapSize+0x10f7ff>
10000cac:	48bd                	li	a7,15
10000cae:	cb94                	sw	a3,16(a5)
10000cb0:	006780a3          	sb	t1,1(a5)
10000cb4:	c790                	sw	a2,8(a5)
10000cb6:	01179123          	sh	a7,2(a5)
10000cba:	55fd                	li	a1,-1
10000cbc:	4309                	li	t1,2
10000cbe:	4891                	li	a7,4
10000cc0:	4615                	li	a2,5
10000cc2:	4699                	li	a3,6
10000cc4:	00b79223          	sh	a1,4(a5)
10000cc8:	04671423          	sh	t1,72(a4)
10000ccc:	07171c23          	sh	a7,120(a4)
10000cd0:	08c71823          	sh	a2,144(a4)
10000cd4:	0ad71423          	sh	a3,168(a4)
10000cd8:	429d                	li	t0,7
10000cda:	46a1                	li	a3,8
10000cdc:	4fa5                	li	t6,9
10000cde:	4f29                	li	t5,10
10000ce0:	4ead                	li	t4,11
10000ce2:	4e31                	li	t3,12
10000ce4:	4335                	li	t1,13
10000ce6:	48b9                	li	a7,14
10000ce8:	4605                	li	a2,1
10000cea:	0cd71c23          	sh	a3,216(a4)
10000cee:	06a71023          	sh	a0,96(a4)
10000cf2:	0c571023          	sh	t0,192(a4)
10000cf6:	0ff71823          	sh	t6,240(a4)
10000cfa:	11e71423          	sh	t5,264(a4)
10000cfe:	13d71023          	sh	t4,288(a4)
10000d02:	13c71c23          	sh	t3,312(a4)
10000d06:	14671823          	sh	t1,336(a4)
10000d0a:	17171423          	sh	a7,360(a4)
10000d0e:	00b71023          	sh	a1,0(a4)
10000d12:	02c71823          	sh	a2,48(a4)
10000d16:	00071c23          	sh	zero,24(a4)
10000d1a:	400b0837          	lui	a6,0x400b0
10000d1e:	100015b7          	lui	a1,0x10001
10000d22:	02d82023          	sw	a3,32(a6) # 400b0020 <__StackTop+0x2002e020>
10000d26:	20004737          	lui	a4,0x20004
10000d2a:	8b858593          	addi	a1,a1,-1864 # 100008b8 <alarm_pool_irq_handler>
10000d2e:	12f72423          	sw	a5,296(a4) # 20004128 <pools+0xc>
10000d32:	3c89                	jal	10000784 <irq_set_exclusive_handler>
10000d34:	4585                	li	a1,1
10000d36:	450d                	li	a0,3
10000d38:	3c19                	jal	1000074e <irq_set_enabled>
10000d3a:	4422                	lw	s0,8(sp)
10000d3c:	40b2                	lw	ra,12(sp)
10000d3e:	400b27b7          	lui	a5,0x400b2
10000d42:	46a1                	li	a3,8
10000d44:	c3b4                	sw	a3,64(a5)
10000d46:	20004537          	lui	a0,0x20004
10000d4a:	13c50513          	addi	a0,a0,316 # 2000413c <sleep_notifier>
10000d4e:	45a9                	li	a1,10
10000d50:	0141                	addi	sp,sp,16
10000d52:	bc4d                	j	10000804 <lock_init>

10000d54 <alarm_pool_add_alarm_at_force_in_context>:
10000d54:	83b2                	mv	t2,a2
10000d56:	87aa                	mv	a5,a0
10000d58:	4910                	lw	a2,16(a0)
10000d5a:	832e                	mv	t1,a1
10000d5c:	300475f3          	csrrci	a1,mstatus,8
10000d60:	00361513          	slli	a0,a2,0x3
10000d64:	28a01533          	bset	a0,zero,a0
10000d68:	9a71                	andi	a2,a2,-4
10000d6a:	44a6282f          	amoor.w.aq	a6,a0,(a2)
10000d6e:	00a87833          	and	a6,a6,a0
10000d72:	fe081ce3          	bnez	a6,10000d6a <alarm_pool_add_alarm_at_force_in_context+0x16>
10000d76:	0330000f          	fence	rw,rw
10000d7a:	00279883          	lh	a7,2(a5) # 400b2002 <__StackTop+0x20030002>
10000d7e:	0085f613          	andi	a2,a1,8
10000d82:	4b8c                	lw	a1,16(a5)
10000d84:	0808ce63          	bltz	a7,10000e20 <alarm_pool_add_alarm_at_force_in_context+0xcc>
10000d88:	4bc8                	lw	a0,20(a5)
10000d8a:	2118a833          	sh1add	a6,a7,a7
10000d8e:	20a86833          	sh3add	a6,a6,a0
10000d92:	00085503          	lhu	a0,0(a6)
10000d96:	00a79123          	sh	a0,2(a5)
10000d9a:	0330000f          	fence	rw,rw
10000d9e:	00058023          	sb	zero,0(a1)
10000da2:	30062073          	csrs	mstatus,a2
10000da6:	00285603          	lhu	a2,2(a6)
10000daa:	4585                	li	a1,1
10000dac:	01089513          	slli	a0,a7,0x10
10000db0:	962e                	add	a2,a2,a1
10000db2:	0646                	slli	a2,a2,0x11
10000db4:	8245                	srli	a2,a2,0x11
10000db6:	0ab67633          	maxu	a2,a2,a1
10000dba:	00e82a23          	sw	a4,20(a6)
10000dbe:	00d82823          	sw	a3,16(a6)
10000dc2:	00682423          	sw	t1,8(a6)
10000dc6:	00782623          	sw	t2,12(a6)
10000dca:	00c81123          	sh	a2,2(a6)
10000dce:	8d51                	or	a0,a0,a2
10000dd0:	4b98                	lw	a4,16(a5)
10000dd2:	300476f3          	csrrci	a3,mstatus,8
10000dd6:	00371613          	slli	a2,a4,0x3
10000dda:	28c01633          	bset	a2,zero,a2
10000dde:	9b71                	andi	a4,a4,-4
10000de0:	44c725af          	amoor.w.aq	a1,a2,(a4)
10000de4:	8df1                	and	a1,a1,a2
10000de6:	fded                	bnez	a1,10000de0 <alarm_pool_add_alarm_at_force_in_context+0x8c>
10000de8:	0330000f          	fence	rw,rw
10000dec:	0047d603          	lhu	a2,4(a5)
10000df0:	4b98                	lw	a4,16(a5)
10000df2:	00c81023          	sh	a2,0(a6)
10000df6:	01179223          	sh	a7,4(a5)
10000dfa:	0330000f          	fence	rw,rw
10000dfe:	00070023          	sb	zero,0(a4)
10000e02:	0086f713          	andi	a4,a3,8
10000e06:	30072073          	csrs	mstatus,a4
10000e0a:	0007c703          	lbu	a4,0(a5)
10000e0e:	47dc                	lw	a5,12(a5)
10000e10:	6689                	lui	a3,0x2
10000e12:	04468693          	addi	a3,a3,68 # 2044 <HeapSize+0x1844>
10000e16:	28e01733          	bset	a4,zero,a4
10000e1a:	97b6                	add	a5,a5,a3
10000e1c:	c398                	sw	a4,0(a5)
10000e1e:	8082                	ret
10000e20:	0330000f          	fence	rw,rw
10000e24:	00058023          	sb	zero,0(a1)
10000e28:	30062073          	csrs	mstatus,a2
10000e2c:	557d                	li	a0,-1
10000e2e:	8082                	ret

10000e30 <sleep_us>:
10000e30:	1101                	addi	sp,sp,-32
10000e32:	cc22                	sw	s0,24(sp)
10000e34:	ca26                	sw	s1,20(sp)
10000e36:	842a                	mv	s0,a0
10000e38:	c84a                	sw	s2,16(sp)
10000e3a:	ce06                	sw	ra,28(sp)
10000e3c:	892e                	mv	s2,a1
10000e3e:	c64e                	sw	s3,12(sp)
10000e40:	2235                	jal	10000f6c <time_us_64>
10000e42:	00a404b3          	add	s1,s0,a0
10000e46:	0084b433          	sltu	s0,s1,s0
10000e4a:	992e                	add	s2,s2,a1
10000e4c:	800007b7          	lui	a5,0x80000
10000e50:	944a                	add	s0,s0,s2
10000e52:	17fd                	addi	a5,a5,-1 # 7fffffff <__StackTop+0x5ff7dfff>
10000e54:	0087f463          	bgeu	a5,s0,10000e5c <sleep_us+0x2c>
10000e58:	843e                	mv	s0,a5
10000e5a:	54fd                	li	s1,-1
10000e5c:	ffa48913          	addi	s2,s1,-6
10000e60:	009939b3          	sltu	s3,s2,s1
10000e64:	fff40793          	addi	a5,s0,-1
10000e68:	99be                	add	s3,s3,a5
10000e6a:	03346a63          	bltu	s0,s3,10000e9e <sleep_us+0x6e>
10000e6e:	02898663          	beq	s3,s0,10000e9a <sleep_us+0x6a>
10000e72:	28ed                	jal	10000f6c <time_us_64>
10000e74:	40a90533          	sub	a0,s2,a0
10000e78:	40b985b3          	sub	a1,s3,a1
10000e7c:	00a937b3          	sltu	a5,s2,a0
10000e80:	8d9d                	sub	a1,a1,a5
10000e82:	02b04a63          	bgtz	a1,10000eb6 <sleep_us+0x86>
10000e86:	c9cd                	beqz	a1,10000f38 <sleep_us+0x108>
10000e88:	85a2                	mv	a1,s0
10000e8a:	4462                	lw	s0,24(sp)
10000e8c:	40f2                	lw	ra,28(sp)
10000e8e:	4942                	lw	s2,16(sp)
10000e90:	49b2                	lw	s3,12(sp)
10000e92:	8526                	mv	a0,s1
10000e94:	44d2                	lw	s1,20(sp)
10000e96:	6105                	addi	sp,sp,32
10000e98:	a0dd                	j	10000f7e <busy_wait_until>
10000e9a:	fd24fce3          	bgeu	s1,s2,10000e72 <sleep_us+0x42>
10000e9e:	20f9                	jal	10000f6c <time_us_64>
10000ea0:	4901                	li	s2,0
10000ea2:	4981                	li	s3,0
10000ea4:	40a90533          	sub	a0,s2,a0
10000ea8:	40b985b3          	sub	a1,s3,a1
10000eac:	00a937b3          	sltu	a5,s2,a0
10000eb0:	8d9d                	sub	a1,a1,a5
10000eb2:	fcb05ae3          	blez	a1,10000e86 <sleep_us+0x56>
10000eb6:	285d                	jal	10000f6c <time_us_64>
10000eb8:	40a90533          	sub	a0,s2,a0
10000ebc:	00a93533          	sltu	a0,s2,a0
10000ec0:	40b985b3          	sub	a1,s3,a1
10000ec4:	8d89                	sub	a1,a1,a0
10000ec6:	0205c163          	bltz	a1,10000ee8 <sleep_us+0xb8>
10000eca:	100016b7          	lui	a3,0x10001
10000ece:	20003537          	lui	a0,0x20003
10000ed2:	87868693          	addi	a3,a3,-1928 # 10000878 <sleep_until_callback>
10000ed6:	54850513          	addi	a0,a0,1352 # 20003548 <default_alarm_pool>
10000eda:	4701                	li	a4,0
10000edc:	85ca                	mv	a1,s2
10000ede:	864e                	mv	a2,s3
10000ee0:	3d95                	jal	10000d54 <alarm_pool_add_alarm_at_force_in_context>
10000ee2:	57fd                	li	a5,-1
10000ee4:	faf502e3          	beq	a0,a5,10000e88 <sleep_us+0x58>
10000ee8:	400b06b7          	lui	a3,0x400b0
10000eec:	20004637          	lui	a2,0x20004
10000ef0:	52dc                	lw	a5,36(a3)
10000ef2:	0137e763          	bltu	a5,s3,10000f00 <sleep_us+0xd0>
10000ef6:	5698                	lw	a4,40(a3)
10000ef8:	f8f998e3          	bne	s3,a5,10000e88 <sleep_us+0x58>
10000efc:	f92776e3          	bgeu	a4,s2,10000e88 <sleep_us+0x58>
10000f00:	13c62783          	lw	a5,316(a2) # 2000413c <sleep_notifier>
10000f04:	30047773          	csrrci	a4,mstatus,8
10000f08:	00379593          	slli	a1,a5,0x3
10000f0c:	28b015b3          	bset	a1,zero,a1
10000f10:	9bf1                	andi	a5,a5,-4
10000f12:	44b7a52f          	amoor.w.aq	a0,a1,(a5)
10000f16:	8d6d                	and	a0,a0,a1
10000f18:	fd6d                	bnez	a0,10000f12 <sleep_us+0xe2>
10000f1a:	0330000f          	fence	rw,rw
10000f1e:	13c62783          	lw	a5,316(a2)
10000f22:	0330000f          	fence	rw,rw
10000f26:	00078023          	sb	zero,0(a5)
10000f2a:	00877793          	andi	a5,a4,8
10000f2e:	3007a073          	csrs	mstatus,a5
10000f32:	00002033          	sltz	zero,zero
10000f36:	bf6d                	j	10000ef0 <sleep_us+0xc0>
10000f38:	d921                	beqz	a0,10000e88 <sleep_us+0x58>
10000f3a:	bfb5                	j	10000eb6 <sleep_us+0x86>

10000f3c <timer_hardware_alarm_claim>:
10000f3c:	bff487b7          	lui	a5,0xbff48
10000f40:	97aa                	add	a5,a5,a0
10000f42:	20004537          	lui	a0,0x20004
10000f46:	0017b793          	seqz	a5,a5
10000f4a:	14050513          	addi	a0,a0,320 # 20004140 <claimed>
10000f4e:	10007637          	lui	a2,0x10007
10000f52:	953e                	add	a0,a0,a5
10000f54:	7f860613          	addi	a2,a2,2040 # 100077f8 <__EH_FRAME_BEGIN__+0x4c>
10000f58:	e68ff06f          	j	100005c0 <hw_claim_or_assert>

10000f5c <timer_time_us_64>:
10000f5c:	514c                	lw	a1,36(a0)
10000f5e:	87aa                	mv	a5,a0
10000f60:	5788                	lw	a0,40(a5)
10000f62:	872e                	mv	a4,a1
10000f64:	53cc                	lw	a1,36(a5)
10000f66:	feb71de3          	bne	a4,a1,10000f60 <timer_time_us_64+0x4>
10000f6a:	8082                	ret

10000f6c <time_us_64>:
10000f6c:	400b07b7          	lui	a5,0x400b0
10000f70:	53cc                	lw	a1,36(a5)
10000f72:	5788                	lw	a0,40(a5)
10000f74:	872e                	mv	a4,a1
10000f76:	53cc                	lw	a1,36(a5)
10000f78:	fee59de3          	bne	a1,a4,10000f72 <time_us_64+0x6>
10000f7c:	8082                	ret

10000f7e <busy_wait_until>:
10000f7e:	400b0737          	lui	a4,0x400b0
10000f82:	535c                	lw	a5,36(a4)
10000f84:	feb7efe3          	bltu	a5,a1,10000f82 <busy_wait_until+0x4>
10000f88:	00f59b63          	bne	a1,a5,10000f9e <busy_wait_until+0x20>
10000f8c:	400b07b7          	lui	a5,0x400b0
10000f90:	a021                	j	10000f98 <busy_wait_until+0x1a>
10000f92:	53d8                	lw	a4,36(a5)
10000f94:	00e59563          	bne	a1,a4,10000f9e <busy_wait_until+0x20>
10000f98:	5798                	lw	a4,40(a5)
10000f9a:	fea76ce3          	bltu	a4,a0,10000f92 <busy_wait_until+0x14>
10000f9e:	8082                	ret

10000fa0 <pll_init>:
10000fa0:	00b727b7          	lui	a5,0xb72
10000fa4:	b0078793          	addi	a5,a5,-1280 # b71b00 <HeapSize+0xb71300>
10000fa8:	02b7d7b3          	divu	a5,a5,a1
10000fac:	00052883          	lw	a7,0(a0)
10000fb0:	06c2                	slli	a3,a3,0x10
10000fb2:	0732                	slli	a4,a4,0xc
10000fb4:	00e6e833          	or	a6,a3,a4
10000fb8:	02f65633          	divu	a2,a2,a5
10000fbc:	0408c463          	bltz	a7,10001004 <pll_init+0x64>
10000fc0:	400587b7          	lui	a5,0x40058
10000fc4:	6711                	lui	a4,0x4
10000fc6:	06f50063          	beq	a0,a5,10001026 <pll_init+0x86>
10000fca:	400227b7          	lui	a5,0x40022
10000fce:	c398                	sw	a4,0(a5)
10000fd0:	400206b7          	lui	a3,0x40020
10000fd4:	400237b7          	lui	a5,0x40023
10000fd8:	c398                	sw	a4,0(a5)
10000fda:	06a1                	addi	a3,a3,8 # 40020008 <__StackTop+0x1ff9e008>
10000fdc:	429c                	lw	a5,0(a3)
10000fde:	40f777b3          	andn	a5,a4,a5
10000fe2:	ffed                	bnez	a5,10000fdc <pll_init+0x3c>
10000fe4:	670d                	lui	a4,0x3
10000fe6:	c10c                	sw	a1,0(a0)
10000fe8:	0711                	addi	a4,a4,4 # 3004 <HeapSize+0x2804>
10000fea:	c510                	sw	a2,8(a0)
10000fec:	972a                	add	a4,a4,a0
10000fee:	02100793          	li	a5,33
10000ff2:	c31c                	sw	a5,0(a4)
10000ff4:	411c                	lw	a5,0(a0)
10000ff6:	fe07dfe3          	bgez	a5,10000ff4 <pll_init+0x54>
10000ffa:	01052623          	sw	a6,12(a0)
10000ffe:	47a1                	li	a5,8
10001000:	c31c                	sw	a5,0(a4)
10001002:	8082                	ret
10001004:	411c                	lw	a5,0(a0)
10001006:	03f7f793          	andi	a5,a5,63
1000100a:	fab79be3          	bne	a5,a1,10000fc0 <pll_init+0x20>
1000100e:	451c                	lw	a5,8(a0)
10001010:	07d2                	slli	a5,a5,0x14
10001012:	83d1                	srli	a5,a5,0x14
10001014:	fac796e3          	bne	a5,a2,10000fc0 <pll_init+0x20>
10001018:	455c                	lw	a5,12(a0)
1000101a:	00077737          	lui	a4,0x77
1000101e:	8ff9                	and	a5,a5,a4
10001020:	fb0790e3          	bne	a5,a6,10000fc0 <pll_init+0x20>
10001024:	8082                	ret
10001026:	6721                	lui	a4,0x8
10001028:	b74d                	j	10000fca <pll_init+0x2a>

1000102a <tick_start>:
1000102a:	401087b7          	lui	a5,0x40108
1000102e:	20a52533          	sh1add	a0,a0,a0
10001032:	20f54533          	sh2add	a0,a0,a5
10001036:	c14c                	sw	a1,4(a0)
10001038:	4785                	li	a5,1
1000103a:	c11c                	sw	a5,0(a0)
1000103c:	8082                	ret

1000103e <rom_func_lookup>:
1000103e:	67a1                	lui	a5,0x8
10001040:	dfa78793          	addi	a5,a5,-518 # 7dfa <HeapSize+0x75fa>
10001044:	0007d783          	lhu	a5,0(a5)
10001048:	4585                	li	a1,1
1000104a:	8782                	jr	a5

1000104c <runtime_init_bootrom_locking_enable>:
1000104c:	400e17b7          	lui	a5,0x400e1
10001050:	82878793          	addi	a5,a5,-2008 # 400e0828 <__StackTop+0x2005e828>
10001054:	4398                	lw	a4,0(a5)
10001056:	df7d                	beqz	a4,10001054 <runtime_init_bootrom_locking_enable+0x8>
10001058:	0330000f          	fence	rw,rw
1000105c:	8082                	ret

1000105e <runtime_init_boot_locks_reset>:
1000105e:	400e17b7          	lui	a5,0x400e1
10001062:	400e1737          	lui	a4,0x400e1
10001066:	80c78793          	addi	a5,a5,-2036 # 400e080c <__StackTop+0x2005e80c>
1000106a:	82c70713          	addi	a4,a4,-2004 # 400e082c <__StackTop+0x2005e82c>
1000106e:	0330000f          	fence	rw,rw
10001072:	0007a023          	sw	zero,0(a5)
10001076:	0791                	addi	a5,a5,4
10001078:	fee79be3          	bne	a5,a4,1000106e <runtime_init_boot_locks_reset+0x10>
1000107c:	8082                	ret

1000107e <xosc_init>:
1000107e:	6785                	lui	a5,0x1
10001080:	aa078793          	addi	a5,a5,-1376 # aa0 <HeapSize+0x2a0>
10001084:	40048737          	lui	a4,0x40048
10001088:	c31c                	sw	a5,0(a4)
1000108a:	11a00793          	li	a5,282
1000108e:	c75c                	sw	a5,12(a4)
10001090:	00fab6b7          	lui	a3,0xfab
10001094:	4004a7b7          	lui	a5,0x4004a
10001098:	c394                	sw	a3,0(a5)
1000109a:	435c                	lw	a5,4(a4)
1000109c:	fe07dfe3          	bgez	a5,1000109a <xosc_init+0x1c>
100010a0:	8082                	ret
	...

100010a4 <__mulsf3>:
100010a4:	0005d463          	bgez	a1,100010ac <__mulsf3+0x8>
100010a8:	69f51513          	binvi	a0,a0,0x1f
100010ac:	1d75460b          	.insn	4, 0x1d75460b
100010b0:	1d75c68b          	.insn	4, 0x1d75c68b
100010b4:	0ff00293          	li	t0,255
100010b8:	ce25                	beqz	a2,10001130 <__mulsf_x_0>
100010ba:	c6c1                	beqz	a3,10001142 <__mulsf_y_0>
100010bc:	08560d63          	beq	a2,t0,10001156 <__mulsf_x_nan_inf>
100010c0:	0a568463          	beq	a3,t0,10001168 <__mulsf_y_nan_inf>
100010c4:	41f55813          	srai	a6,a0,0x1f
100010c8:	00851713          	slli	a4,a0,0x8
100010cc:	00859793          	slli	a5,a1,0x8
100010d0:	29f71713          	bseti	a4,a4,0x1f
100010d4:	29f79793          	bseti	a5,a5,0x1f
100010d8:	02f705b3          	mul	a1,a4,a5
100010dc:	02f73733          	mulhu	a4,a4,a5
100010e0:	60071513          	clz	a0,a4
100010e4:	00a71733          	sll	a4,a4,a0
100010e8:	8e09                	sub	a2,a2,a0
100010ea:	9636                	add	a2,a2,a3
100010ec:	f8260613          	addi	a2,a2,-126
100010f0:	02c05963          	blez	a2,10001122 <__mulsf_underflow>
100010f4:	00b035b3          	snez	a1,a1
100010f8:	8f4d                	or	a4,a4,a1
100010fa:	48875593          	bexti	a1,a4,0x8
100010fe:	972e                	add	a4,a4,a1
10001100:	07f70713          	addi	a4,a4,127 # 4004807f <__StackTop+0x1ffc607f>
10001104:	00075c63          	bgez	a4,1000111c <__mulsf3+0x78>
10001108:	02565063          	bge	a2,t0,10001128 <__mulsf_overflow>
1000110c:	09067633          	packh	a2,a2,a6
10001110:	065e                	slli	a2,a2,0x17
10001112:	0706                	slli	a4,a4,0x1
10001114:	8325                	srli	a4,a4,0x9
10001116:	00c70533          	add	a0,a4,a2
1000111a:	8082                	ret
1000111c:	8305                	srli	a4,a4,0x1
1000111e:	0605                	addi	a2,a2,1
10001120:	b7e5                	j	10001108 <__mulsf3+0x64>

10001122 <__mulsf_underflow>:
10001122:	01f81513          	slli	a0,a6,0x1f
10001126:	8082                	ret

10001128 <__mulsf_overflow>:
10001128:	0902f533          	packh	a0,t0,a6
1000112c:	055e                	slli	a0,a0,0x17
1000112e:	8082                	ret

10001130 <__mulsf_x_0>:
10001130:	02569063          	bne	a3,t0,10001150 <__mulsf_return_flushed_x>
10001134:	00959793          	slli	a5,a1,0x9
10001138:	c399                	beqz	a5,1000113e <__mulsf_return_y+0x4>

1000113a <__mulsf_return_y>:
1000113a:	852e                	mv	a0,a1
1000113c:	8082                	ret
1000113e:	557d                	li	a0,-1
10001140:	8082                	ret

10001142 <__mulsf_y_0>:
10001142:	00561763          	bne	a2,t0,10001150 <__mulsf_return_flushed_x>
10001146:	00951593          	slli	a1,a0,0x9
1000114a:	e191                	bnez	a1,1000114e <__mulsf_y_0+0xc>
1000114c:	557d                	li	a0,-1
1000114e:	8082                	ret

10001150 <__mulsf_return_flushed_x>:
10001150:	817d                	srli	a0,a0,0x1f
10001152:	057e                	slli	a0,a0,0x1f

10001154 <__mulsf_return_x>:
10001154:	8082                	ret

10001156 <__mulsf_x_nan_inf>:
10001156:	00951713          	slli	a4,a0,0x9
1000115a:	ff6d                	bnez	a4,10001154 <__mulsf_return_x>
1000115c:	fe569ce3          	bne	a3,t0,10001154 <__mulsf_return_x>
10001160:	00959793          	slli	a5,a1,0x9
10001164:	fbf9                	bnez	a5,1000113a <__mulsf_return_y>
10001166:	8082                	ret

10001168 <__mulsf_y_nan_inf>:
10001168:	00959793          	slli	a5,a1,0x9
1000116c:	f7f9                	bnez	a5,1000113a <__mulsf_return_y>
1000116e:	857d                	srai	a0,a0,0x1f
10001170:	08a2f533          	packh	a0,t0,a0
10001174:	055e                	slli	a0,a0,0x17
10001176:	8082                	ret
10001178:	0001                	nop

1000117a <_out_char>:
1000117a:	e111                	bnez	a0,1000117e <_out_char+0x4>
1000117c:	8082                	ret
1000117e:	4b70006f          	j	10001e34 <putchar>

10001182 <weak_raw_printf>:
10001182:	20004337          	lui	t1,0x20004
10001186:	7139                	addi	sp,sp,-64
10001188:	14432303          	lw	t1,324(t1) # 20004144 <lazy_vsnprintf>
1000118c:	02410e13          	addi	t3,sp,36
10001190:	ce06                	sw	ra,28(sp)
10001192:	d22e                	sw	a1,36(sp)
10001194:	d432                	sw	a2,40(sp)
10001196:	d636                	sw	a3,44(sp)
10001198:	d83a                	sw	a4,48(sp)
1000119a:	da3e                	sw	a5,52(sp)
1000119c:	dc42                	sw	a6,56(sp)
1000119e:	de46                	sw	a7,60(sp)
100011a0:	c672                	sw	t3,12(sp)
100011a2:	00030f63          	beqz	t1,100011c0 <weak_raw_printf+0x3e>
100011a6:	86aa                	mv	a3,a0
100011a8:	10001537          	lui	a0,0x10001
100011ac:	002c                	addi	a1,sp,8
100011ae:	8772                	mv	a4,t3
100011b0:	17a50513          	addi	a0,a0,378 # 1000117a <_out_char>
100011b4:	567d                	li	a2,-1
100011b6:	9302                	jalr	t1
100011b8:	40f2                	lw	ra,28(sp)
100011ba:	4505                	li	a0,1
100011bc:	6121                	addi	sp,sp,64
100011be:	8082                	ret
100011c0:	505000ef          	jal	10001ec4 <puts>
100011c4:	40f2                	lw	ra,28(sp)
100011c6:	4501                	li	a0,0
100011c8:	6121                	addi	sp,sp,64
100011ca:	8082                	ret

100011cc <weak_raw_vprintf>:
100011cc:	200047b7          	lui	a5,0x20004
100011d0:	1447a783          	lw	a5,324(a5) # 20004144 <lazy_vsnprintf>
100011d4:	1101                	addi	sp,sp,-32
100011d6:	ce06                	sw	ra,28(sp)
100011d8:	cf91                	beqz	a5,100011f4 <weak_raw_vprintf+0x28>
100011da:	86aa                	mv	a3,a0
100011dc:	10001537          	lui	a0,0x10001
100011e0:	872e                	mv	a4,a1
100011e2:	17a50513          	addi	a0,a0,378 # 1000117a <_out_char>
100011e6:	006c                	addi	a1,sp,12
100011e8:	567d                	li	a2,-1
100011ea:	9782                	jalr	a5
100011ec:	40f2                	lw	ra,28(sp)
100011ee:	4505                	li	a0,1
100011f0:	6105                	addi	sp,sp,32
100011f2:	8082                	ret
100011f4:	4d1000ef          	jal	10001ec4 <puts>
100011f8:	40f2                	lw	ra,28(sp)
100011fa:	4501                	li	a0,0
100011fc:	6105                	addi	sp,sp,32
100011fe:	8082                	ret

10001200 <runtime_init_per_core_h3_irq_registers>:
10001200:	450d                	li	a0,3
10001202:	be251073          	csrw	0xbe2,a0
10001206:	157d                	addi	a0,a0,-1
10001208:	fe055de3          	bgez	a0,10001202 <runtime_init_per_core_h3_irq_registers+0x2>
1000120c:	6505                	lui	a0,0x1
1000120e:	80050513          	addi	a0,a0,-2048 # 800 <HeapSize>
10001212:	30451073          	csrw	mie,a0
10001216:	30046073          	csrsi	mstatus,8
1000121a:	34001073          	csrw	mscratch,zero
1000121e:	8082                	ret

10001220 <_exit>:
10001220:	9002                	ebreak
10001222:	bffd                	j	10001220 <_exit>

10001224 <_sbrk>:
10001224:	80c1a783          	lw	a5,-2036(gp) # 20004148 <heap_end.0>
10001228:	cf81                	beqz	a5,10001240 <_sbrk+0x1c>
1000122a:	20080737          	lui	a4,0x20080
1000122e:	953e                	add	a0,a0,a5
10001230:	00070713          	mv	a4,a4
10001234:	02a76163          	bltu	a4,a0,10001256 <_sbrk+0x32>
10001238:	80a1a623          	sw	a0,-2036(gp) # 20004148 <heap_end.0>
1000123c:	853e                	mv	a0,a5
1000123e:	8082                	ret
10001240:	82418793          	addi	a5,gp,-2012 # 20004160 <__bss_end__>
10001244:	20080737          	lui	a4,0x20080
10001248:	80f1a623          	sw	a5,-2036(gp) # 20004148 <heap_end.0>
1000124c:	953e                	add	a0,a0,a5
1000124e:	00070713          	mv	a4,a4
10001252:	fea773e3          	bgeu	a4,a0,10001238 <_sbrk+0x14>
10001256:	57fd                	li	a5,-1
10001258:	853e                	mv	a0,a5
1000125a:	8082                	ret

1000125c <_read>:
1000125c:	557d                	li	a0,-1
1000125e:	8082                	ret

10001260 <_write>:
10001260:	557d                	li	a0,-1
10001262:	8082                	ret

10001264 <_close>:
10001264:	557d                	li	a0,-1
10001266:	8082                	ret

10001268 <_lseek>:
10001268:	557d                	li	a0,-1
1000126a:	8082                	ret

1000126c <_fstat>:
1000126c:	557d                	li	a0,-1
1000126e:	8082                	ret

10001270 <_isatty>:
10001270:	00353513          	sltiu	a0,a0,3
10001274:	8082                	ret

10001276 <exit>:
10001276:	1141                	addi	sp,sp,-16
10001278:	c606                	sw	ra,12(sp)
1000127a:	375d                	jal	10001220 <_exit>

1000127c <__assert_func>:
1000127c:	1141                	addi	sp,sp,-16
1000127e:	87b2                	mv	a5,a2
10001280:	c606                	sw	ra,12(sp)
10001282:	862a                	mv	a2,a0
10001284:	852e                	mv	a0,a1
10001286:	85b6                	mv	a1,a3
10001288:	cf89                	beqz	a5,100012a2 <__assert_func+0x26>
1000128a:	10008737          	lui	a4,0x10008
1000128e:	86c70713          	addi	a4,a4,-1940 # 1000786c <__EH_FRAME_BEGIN__+0xc0>
10001292:	10008837          	lui	a6,0x10008
10001296:	86aa                	mv	a3,a0
10001298:	87c80513          	addi	a0,a6,-1924 # 1000787c <__EH_FRAME_BEGIN__+0xd0>
1000129c:	35dd                	jal	10001182 <weak_raw_printf>
1000129e:	4505                	li	a0,1
100012a0:	3741                	jal	10001220 <_exit>
100012a2:	10007737          	lui	a4,0x10007
100012a6:	7d470713          	addi	a4,a4,2004 # 100077d4 <__EH_FRAME_BEGIN__+0x28>
100012aa:	87ba                	mv	a5,a4
100012ac:	b7dd                	j	10001292 <__assert_func+0x16>

100012ae <runtime_init>:
100012ae:	1141                	addi	sp,sp,-16
100012b0:	c422                	sw	s0,8(sp)
100012b2:	c226                	sw	s1,4(sp)
100012b4:	10007437          	lui	s0,0x10007
100012b8:	100074b7          	lui	s1,0x10007
100012bc:	7a840413          	addi	s0,s0,1960 # 100077a8 <__frame_dummy_init_array_entry>
100012c0:	7ac48493          	addi	s1,s1,1964 # 100077ac <__EH_FRAME_BEGIN__>
100012c4:	c606                	sw	ra,12(sp)
100012c6:	816ff0ef          	jal	100002dc <runtime_run_initializers>
100012ca:	00947763          	bgeu	s0,s1,100012d8 <runtime_init+0x2a>
100012ce:	401c                	lw	a5,0(s0)
100012d0:	0411                	addi	s0,s0,4
100012d2:	9782                	jalr	a5
100012d4:	fe946de3          	bltu	s0,s1,100012ce <runtime_init+0x20>
100012d8:	40b2                	lw	ra,12(sp)
100012da:	4422                	lw	s0,8(sp)
100012dc:	4492                	lw	s1,4(sp)
100012de:	0141                	addi	sp,sp,16
100012e0:	8082                	ret

100012e2 <adc_init>:
100012e2:	40022737          	lui	a4,0x40022
100012e6:	4785                	li	a5,1
100012e8:	c31c                	sw	a5,0(a4)
100012ea:	400236b7          	lui	a3,0x40023
100012ee:	40020737          	lui	a4,0x40020
100012f2:	c29c                	sw	a5,0(a3)
100012f4:	0721                	addi	a4,a4,8 # 40020008 <__StackTop+0x1ff9e008>
100012f6:	431c                	lw	a5,0(a4)
100012f8:	4685                	li	a3,1
100012fa:	40f6f7b3          	andn	a5,a3,a5
100012fe:	ffe5                	bnez	a5,100012f6 <adc_init+0x14>
10001300:	400a0737          	lui	a4,0x400a0
10001304:	4785                	li	a5,1
10001306:	c31c                	sw	a5,0(a4)
10001308:	431c                	lw	a5,0(a4)
1000130a:	1007f793          	andi	a5,a5,256
1000130e:	dfed                	beqz	a5,10001308 <adc_init+0x26>
10001310:	8082                	ret

10001312 <_calloc_r>:
10001312:	02c5b7b3          	mulhu	a5,a1,a2
10001316:	1101                	addi	sp,sp,-32
10001318:	ce06                	sw	ra,28(sp)
1000131a:	02c585b3          	mul	a1,a1,a2
1000131e:	ebbd                	bnez	a5,10001394 <_calloc_r+0x82>
10001320:	2851                	jal	100013b4 <_malloc_r>
10001322:	87aa                	mv	a5,a0
10001324:	cd25                	beqz	a0,1000139c <_calloc_r+0x8a>
10001326:	ffc52603          	lw	a2,-4(a0)
1000132a:	02400693          	li	a3,36
1000132e:	9a71                	andi	a2,a2,-4
10001330:	1671                	addi	a2,a2,-4
10001332:	02c6ef63          	bltu	a3,a2,10001370 <_calloc_r+0x5e>
10001336:	45cd                	li	a1,19
10001338:	872a                	mv	a4,a0
1000133a:	02c5f163          	bgeu	a1,a2,1000135c <_calloc_r+0x4a>
1000133e:	00052023          	sw	zero,0(a0)
10001342:	00052223          	sw	zero,4(a0)
10001346:	476d                	li	a4,27
10001348:	02c77d63          	bgeu	a4,a2,10001382 <_calloc_r+0x70>
1000134c:	00052423          	sw	zero,8(a0)
10001350:	00052623          	sw	zero,12(a0)
10001354:	01050713          	addi	a4,a0,16
10001358:	04d60763          	beq	a2,a3,100013a6 <_calloc_r+0x94>
1000135c:	00072023          	sw	zero,0(a4) # 400a0000 <__StackTop+0x2001e000>
10001360:	00072223          	sw	zero,4(a4)
10001364:	00072423          	sw	zero,8(a4)
10001368:	40f2                	lw	ra,28(sp)
1000136a:	853e                	mv	a0,a5
1000136c:	6105                	addi	sp,sp,32
1000136e:	8082                	ret
10001370:	4581                	li	a1,0
10001372:	c62a                	sw	a0,12(sp)
10001374:	477000ef          	jal	10001fea <memset>
10001378:	47b2                	lw	a5,12(sp)
1000137a:	40f2                	lw	ra,28(sp)
1000137c:	853e                	mv	a0,a5
1000137e:	6105                	addi	sp,sp,32
10001380:	8082                	ret
10001382:	00850713          	addi	a4,a0,8
10001386:	00072023          	sw	zero,0(a4)
1000138a:	00072223          	sw	zero,4(a4)
1000138e:	00072423          	sw	zero,8(a4)
10001392:	bfd9                	j	10001368 <_calloc_r+0x56>
10001394:	373000ef          	jal	10001f06 <__errno>
10001398:	47b1                	li	a5,12
1000139a:	c11c                	sw	a5,0(a0)
1000139c:	40f2                	lw	ra,28(sp)
1000139e:	4781                	li	a5,0
100013a0:	853e                	mv	a0,a5
100013a2:	6105                	addi	sp,sp,32
100013a4:	8082                	ret
100013a6:	00052823          	sw	zero,16(a0)
100013aa:	00052a23          	sw	zero,20(a0)
100013ae:	01850713          	addi	a4,a0,24
100013b2:	b76d                	j	1000135c <_calloc_r+0x4a>

100013b4 <_malloc_r>:
100013b4:	7139                	addi	sp,sp,-64
100013b6:	dc22                	sw	s0,56(sp)
100013b8:	de06                	sw	ra,60(sp)
100013ba:	00b58793          	addi	a5,a1,11
100013be:	4759                	li	a4,22
100013c0:	842a                	mv	s0,a0
100013c2:	04f76f63          	bltu	a4,a5,10001420 <_malloc_r+0x6c>
100013c6:	46c1                	li	a3,16
100013c8:	04b6e563          	bltu	a3,a1,10001412 <_malloc_r+0x5e>
100013cc:	2be5                	jal	100019c4 <__malloc_lock>
100013ce:	46c1                	li	a3,16
100013d0:	4761                	li	a4,24
100013d2:	4889                	li	a7,2
100013d4:	20003837          	lui	a6,0x20003
100013d8:	72880813          	addi	a6,a6,1832 # 20003728 <__malloc_av_>
100013dc:	9742                	add	a4,a4,a6
100013de:	435c                	lw	a5,4(a4)
100013e0:	ff870613          	addi	a2,a4,-8
100013e4:	30c78963          	beq	a5,a2,100016f6 <_malloc_r+0x342>
100013e8:	43d8                	lw	a4,4(a5)
100013ea:	47d0                	lw	a2,12(a5)
100013ec:	478c                	lw	a1,8(a5)
100013ee:	9b71                	andi	a4,a4,-4
100013f0:	973e                	add	a4,a4,a5
100013f2:	4354                	lw	a3,4(a4)
100013f4:	c5d0                	sw	a2,12(a1)
100013f6:	c63e                	sw	a5,12(sp)
100013f8:	c60c                	sw	a1,8(a2)
100013fa:	0016e693          	ori	a3,a3,1
100013fe:	8522                	mv	a0,s0
10001400:	c354                	sw	a3,4(a4)
10001402:	23d1                	jal	100019c6 <__malloc_unlock>
10001404:	47b2                	lw	a5,12(sp)
10001406:	50f2                	lw	ra,60(sp)
10001408:	5462                	lw	s0,56(sp)
1000140a:	00878513          	addi	a0,a5,8
1000140e:	6121                	addi	sp,sp,64
10001410:	8082                	ret
10001412:	47b1                	li	a5,12
10001414:	c01c                	sw	a5,0(s0)
10001416:	4501                	li	a0,0
10001418:	50f2                	lw	ra,60(sp)
1000141a:	5462                	lw	s0,56(sp)
1000141c:	6121                	addi	sp,sp,64
1000141e:	8082                	ret
10001420:	ff87f693          	andi	a3,a5,-8
10001424:	fe07c7e3          	bltz	a5,10001412 <_malloc_r+0x5e>
10001428:	feb6e5e3          	bltu	a3,a1,10001412 <_malloc_r+0x5e>
1000142c:	c636                	sw	a3,12(sp)
1000142e:	2b59                	jal	100019c4 <__malloc_lock>
10001430:	46b2                	lw	a3,12(sp)
10001432:	1f700793          	li	a5,503
10001436:	36d7f963          	bgeu	a5,a3,100017a8 <_malloc_r+0x3f4>
1000143a:	0096d793          	srli	a5,a3,0x9
1000143e:	10078763          	beqz	a5,1000154c <_malloc_r+0x198>
10001442:	4711                	li	a4,4
10001444:	2ef76e63          	bltu	a4,a5,10001740 <_malloc_r+0x38c>
10001448:	0066d793          	srli	a5,a3,0x6
1000144c:	03978893          	addi	a7,a5,57
10001450:	03878e13          	addi	t3,a5,56
10001454:	00389513          	slli	a0,a7,0x3
10001458:	20003837          	lui	a6,0x20003
1000145c:	72880813          	addi	a6,a6,1832 # 20003728 <__malloc_av_>
10001460:	9542                	add	a0,a0,a6
10001462:	415c                	lw	a5,4(a0)
10001464:	1561                	addi	a0,a0,-8
10001466:	02f50163          	beq	a0,a5,10001488 <_malloc_r+0xd4>
1000146a:	433d                	li	t1,15
1000146c:	a039                	j	1000147a <_malloc_r+0xc6>
1000146e:	47cc                	lw	a1,12(a5)
10001470:	26065163          	bgez	a2,100016d2 <_malloc_r+0x31e>
10001474:	00b50a63          	beq	a0,a1,10001488 <_malloc_r+0xd4>
10001478:	87ae                	mv	a5,a1
1000147a:	43d8                	lw	a4,4(a5)
1000147c:	9b71                	andi	a4,a4,-4
1000147e:	40d70633          	sub	a2,a4,a3
10001482:	fec356e3          	bge	t1,a2,1000146e <_malloc_r+0xba>
10001486:	88f2                	mv	a7,t3
10001488:	01082783          	lw	a5,16(a6)
1000148c:	20003e37          	lui	t3,0x20003
10001490:	730e0e13          	addi	t3,t3,1840 # 20003730 <__malloc_av_+0x8>
10001494:	21c78963          	beq	a5,t3,100016a6 <_malloc_r+0x2f2>
10001498:	43d8                	lw	a4,4(a5)
1000149a:	45bd                	li	a1,15
1000149c:	9b71                	andi	a4,a4,-4
1000149e:	40d70633          	sub	a2,a4,a3
100014a2:	32c5c463          	blt	a1,a2,100017ca <_malloc_r+0x416>
100014a6:	01c82a23          	sw	t3,20(a6)
100014aa:	01c82823          	sw	t3,16(a6)
100014ae:	30065263          	bgez	a2,100017b2 <_malloc_r+0x3fe>
100014b2:	1ff00613          	li	a2,511
100014b6:	00482303          	lw	t1,4(a6)
100014ba:	24e66363          	bltu	a2,a4,10001700 <_malloc_r+0x34c>
100014be:	ff877613          	andi	a2,a4,-8
100014c2:	0621                	addi	a2,a2,8
100014c4:	9642                	add	a2,a2,a6
100014c6:	420c                	lw	a1,0(a2)
100014c8:	8315                	srli	a4,a4,0x5
100014ca:	28e31333          	bset	t1,t1,a4
100014ce:	ff860713          	addi	a4,a2,-8
100014d2:	c78c                	sw	a1,8(a5)
100014d4:	c7d8                	sw	a4,12(a5)
100014d6:	00682223          	sw	t1,4(a6)
100014da:	c21c                	sw	a5,0(a2)
100014dc:	c5dc                	sw	a5,12(a1)
100014de:	4028d513          	srai	a0,a7,0x2
100014e2:	28a01533          	bset	a0,zero,a0
100014e6:	06a36a63          	bltu	t1,a0,1000155a <_malloc_r+0x1a6>
100014ea:	006577b3          	and	a5,a0,t1
100014ee:	ef89                	bnez	a5,10001508 <_malloc_r+0x154>
100014f0:	0506                	slli	a0,a0,0x1
100014f2:	ffc8f893          	andi	a7,a7,-4
100014f6:	006577b3          	and	a5,a0,t1
100014fa:	0891                	addi	a7,a7,4
100014fc:	e791                	bnez	a5,10001508 <_malloc_r+0x154>
100014fe:	0506                	slli	a0,a0,0x1
10001500:	006577b3          	and	a5,a0,t1
10001504:	0891                	addi	a7,a7,4
10001506:	dfe5                	beqz	a5,100014fe <_malloc_r+0x14a>
10001508:	4ebd                	li	t4,15
1000150a:	2108efb3          	sh3add	t6,a7,a6
1000150e:	837e                	mv	t1,t6
10001510:	00c32703          	lw	a4,12(t1)
10001514:	8f46                	mv	t5,a7
10001516:	24e30563          	beq	t1,a4,10001760 <_malloc_r+0x3ac>
1000151a:	4350                	lw	a2,4(a4)
1000151c:	87ba                	mv	a5,a4
1000151e:	4758                	lw	a4,12(a4)
10001520:	9a71                	andi	a2,a2,-4
10001522:	40d605b3          	sub	a1,a2,a3
10001526:	24bec563          	blt	t4,a1,10001770 <_malloc_r+0x3bc>
1000152a:	fe05c6e3          	bltz	a1,10001516 <_malloc_r+0x162>
1000152e:	963e                	add	a2,a2,a5
10001530:	4254                	lw	a3,4(a2)
10001532:	478c                	lw	a1,8(a5)
10001534:	8522                	mv	a0,s0
10001536:	0016e693          	ori	a3,a3,1
1000153a:	c254                	sw	a3,4(a2)
1000153c:	c5d8                	sw	a4,12(a1)
1000153e:	c70c                	sw	a1,8(a4)
10001540:	c63e                	sw	a5,12(sp)
10001542:	2151                	jal	100019c6 <__malloc_unlock>
10001544:	47b2                	lw	a5,12(sp)
10001546:	00878513          	addi	a0,a5,8
1000154a:	b5f9                	j	10001418 <_malloc_r+0x64>
1000154c:	20000513          	li	a0,512
10001550:	04000893          	li	a7,64
10001554:	03f00e13          	li	t3,63
10001558:	b701                	j	10001458 <_malloc_r+0xa4>
1000155a:	00882783          	lw	a5,8(a6)
1000155e:	43d8                	lw	a4,4(a5)
10001560:	9b71                	andi	a4,a4,-4
10001562:	40d70633          	sub	a2,a4,a3
10001566:	00d76663          	bltu	a4,a3,10001572 <_malloc_r+0x1be>
1000156a:	01062593          	slti	a1,a2,16
1000156e:	12058f63          	beqz	a1,100016ac <_malloc_r+0x2f8>
10001572:	20004337          	lui	t1,0x20004
10001576:	8181a583          	lw	a1,-2024(gp) # 20004154 <__malloc_top_pad>
1000157a:	dcc32503          	lw	a0,-564(t1) # 20003dcc <__malloc_sbrk_base>
1000157e:	567d                	li	a2,-1
10001580:	95b6                	add	a1,a1,a3
10001582:	2ec50a63          	beq	a0,a2,10001876 <_malloc_r+0x4c2>
10001586:	6605                	lui	a2,0x1
10001588:	063d                	addi	a2,a2,15 # 100f <HeapSize+0x80f>
1000158a:	95b2                	add	a1,a1,a2
1000158c:	8005f593          	andi	a1,a1,-2048
10001590:	48b59593          	bclri	a1,a1,0xb
10001594:	8522                	mv	a0,s0
10001596:	ce42                	sw	a6,28(sp)
10001598:	cc3e                	sw	a5,24(sp)
1000159a:	ca36                	sw	a3,20(sp)
1000159c:	c83a                	sw	a4,16(sp)
1000159e:	c62e                	sw	a1,12(sp)
100015a0:	131000ef          	jal	10001ed0 <_sbrk_r>
100015a4:	567d                	li	a2,-1
100015a6:	45b2                	lw	a1,12(sp)
100015a8:	4742                	lw	a4,16(sp)
100015aa:	46d2                	lw	a3,20(sp)
100015ac:	47e2                	lw	a5,24(sp)
100015ae:	4872                	lw	a6,28(sp)
100015b0:	88aa                	mv	a7,a0
100015b2:	20004337          	lui	t1,0x20004
100015b6:	24c50c63          	beq	a0,a2,1000180e <_malloc_r+0x45a>
100015ba:	00e78533          	add	a0,a5,a4
100015be:	24a8e663          	bltu	a7,a0,1000180a <_malloc_r+0x456>
100015c2:	20004e37          	lui	t3,0x20004
100015c6:	f74e0e13          	addi	t3,t3,-140 # 20003f74 <__malloc_current_mallinfo>
100015ca:	000e2603          	lw	a2,0(t3)
100015ce:	962e                	add	a2,a2,a1
100015d0:	00ce2023          	sw	a2,0(t3)
100015d4:	8eb2                	mv	t4,a2
100015d6:	33150963          	beq	a0,a7,10001908 <_malloc_r+0x554>
100015da:	dcc32f03          	lw	t5,-564(t1) # 20003dcc <__malloc_sbrk_base>
100015de:	567d                	li	a2,-1
100015e0:	34cf0063          	beq	t5,a2,10001920 <_malloc_r+0x56c>
100015e4:	40a88633          	sub	a2,a7,a0
100015e8:	9676                	add	a2,a2,t4
100015ea:	00ce2023          	sw	a2,0(t3)
100015ee:	0078fe93          	andi	t4,a7,7
100015f2:	280e8a63          	beqz	t4,10001886 <_malloc_r+0x4d2>
100015f6:	ff88f893          	andi	a7,a7,-8
100015fa:	6605                	lui	a2,0x1
100015fc:	08a1                	addi	a7,a7,8
100015fe:	0621                	addi	a2,a2,8 # 1008 <HeapSize+0x808>
10001600:	00b88333          	add	t1,a7,a1
10001604:	41d60633          	sub	a2,a2,t4
10001608:	40660633          	sub	a2,a2,t1
1000160c:	0652                	slli	a2,a2,0x14
1000160e:	01465593          	srli	a1,a2,0x14
10001612:	8522                	mv	a0,s0
10001614:	d642                	sw	a6,44(sp)
10001616:	d472                	sw	t3,40(sp)
10001618:	d23e                	sw	a5,36(sp)
1000161a:	d036                	sw	a3,32(sp)
1000161c:	ce3a                	sw	a4,28(sp)
1000161e:	cc46                	sw	a7,24(sp)
10001620:	ca76                	sw	t4,20(sp)
10001622:	c81a                	sw	t1,16(sp)
10001624:	c62e                	sw	a1,12(sp)
10001626:	0ab000ef          	jal	10001ed0 <_sbrk_r>
1000162a:	567d                	li	a2,-1
1000162c:	45b2                	lw	a1,12(sp)
1000162e:	4342                	lw	t1,16(sp)
10001630:	4ed2                	lw	t4,20(sp)
10001632:	48e2                	lw	a7,24(sp)
10001634:	4772                	lw	a4,28(sp)
10001636:	5682                	lw	a3,32(sp)
10001638:	5792                	lw	a5,36(sp)
1000163a:	5e22                	lw	t3,40(sp)
1000163c:	5832                	lw	a6,44(sp)
1000163e:	32c50163          	beq	a0,a2,10001960 <_malloc_r+0x5ac>
10001642:	000e2603          	lw	a2,0(t3)
10001646:	41150533          	sub	a0,a0,a7
1000164a:	952e                	add	a0,a0,a1
1000164c:	00156513          	ori	a0,a0,1
10001650:	01182423          	sw	a7,8(a6)
10001654:	962e                	add	a2,a2,a1
10001656:	00a8a223          	sw	a0,4(a7)
1000165a:	00ce2023          	sw	a2,0(t3)
1000165e:	03078663          	beq	a5,a6,1000168a <_malloc_r+0x2d6>
10001662:	453d                	li	a0,15
10001664:	2ce57163          	bgeu	a0,a4,10001926 <_malloc_r+0x572>
10001668:	43cc                	lw	a1,4(a5)
1000166a:	1751                	addi	a4,a4,-12
1000166c:	9b61                	andi	a4,a4,-8
1000166e:	8985                	andi	a1,a1,1
10001670:	8dd9                	or	a1,a1,a4
10001672:	c3cc                	sw	a1,4(a5)
10001674:	4315                	li	t1,5
10001676:	00e785b3          	add	a1,a5,a4
1000167a:	0065a223          	sw	t1,4(a1)
1000167e:	0065a423          	sw	t1,8(a1)
10001682:	2ee56463          	bltu	a0,a4,1000196a <_malloc_r+0x5b6>
10001686:	0048a503          	lw	a0,4(a7)
1000168a:	8141a703          	lw	a4,-2028(gp) # 20004150 <__malloc_max_sbrked_mem>
1000168e:	00c77463          	bgeu	a4,a2,10001696 <_malloc_r+0x2e2>
10001692:	80c1aa23          	sw	a2,-2028(gp) # 20004150 <__malloc_max_sbrked_mem>
10001696:	8101a703          	lw	a4,-2032(gp) # 2000414c <__malloc_max_total_mem>
1000169a:	00c77463          	bgeu	a4,a2,100016a2 <_malloc_r+0x2ee>
1000169e:	80c1a823          	sw	a2,-2032(gp) # 2000414c <__malloc_max_total_mem>
100016a2:	87c6                	mv	a5,a7
100016a4:	aa85                	j	10001814 <_malloc_r+0x460>
100016a6:	00482303          	lw	t1,4(a6)
100016aa:	bd15                	j	100014de <_malloc_r+0x12a>
100016ac:	0016e713          	ori	a4,a3,1
100016b0:	c3d8                	sw	a4,4(a5)
100016b2:	96be                	add	a3,a3,a5
100016b4:	00166613          	ori	a2,a2,1
100016b8:	00d82423          	sw	a3,8(a6)
100016bc:	8522                	mv	a0,s0
100016be:	c2d0                	sw	a2,4(a3)
100016c0:	c63e                	sw	a5,12(sp)
100016c2:	2611                	jal	100019c6 <__malloc_unlock>
100016c4:	47b2                	lw	a5,12(sp)
100016c6:	50f2                	lw	ra,60(sp)
100016c8:	5462                	lw	s0,56(sp)
100016ca:	00878513          	addi	a0,a5,8
100016ce:	6121                	addi	sp,sp,64
100016d0:	8082                	ret
100016d2:	4790                	lw	a2,8(a5)
100016d4:	973e                	add	a4,a4,a5
100016d6:	4354                	lw	a3,4(a4)
100016d8:	c64c                	sw	a1,12(a2)
100016da:	c63e                	sw	a5,12(sp)
100016dc:	0016e693          	ori	a3,a3,1
100016e0:	c590                	sw	a2,8(a1)
100016e2:	8522                	mv	a0,s0
100016e4:	c354                	sw	a3,4(a4)
100016e6:	24c5                	jal	100019c6 <__malloc_unlock>
100016e8:	47b2                	lw	a5,12(sp)
100016ea:	50f2                	lw	ra,60(sp)
100016ec:	5462                	lw	s0,56(sp)
100016ee:	00878513          	addi	a0,a5,8
100016f2:	6121                	addi	sp,sp,64
100016f4:	8082                	ret
100016f6:	475c                	lw	a5,12(a4)
100016f8:	0889                	addi	a7,a7,2
100016fa:	d8f707e3          	beq	a4,a5,10001488 <_malloc_r+0xd4>
100016fe:	b1ed                	j	100013e8 <_malloc_r+0x34>
10001700:	00975613          	srli	a2,a4,0x9
10001704:	4591                	li	a1,4
10001706:	0ec5fa63          	bgeu	a1,a2,100017fa <_malloc_r+0x446>
1000170a:	45d1                	li	a1,20
1000170c:	1ac5eb63          	bltu	a1,a2,100018c2 <_malloc_r+0x50e>
10001710:	05c60513          	addi	a0,a2,92
10001714:	050e                	slli	a0,a0,0x3
10001716:	05b60593          	addi	a1,a2,91
1000171a:	9542                	add	a0,a0,a6
1000171c:	4110                	lw	a2,0(a0)
1000171e:	1561                	addi	a0,a0,-8
10001720:	00c51663          	bne	a0,a2,1000172c <_malloc_r+0x378>
10001724:	aa99                	j	1000187a <_malloc_r+0x4c6>
10001726:	4610                	lw	a2,8(a2)
10001728:	00c50663          	beq	a0,a2,10001734 <_malloc_r+0x380>
1000172c:	424c                	lw	a1,4(a2)
1000172e:	99f1                	andi	a1,a1,-4
10001730:	feb76be3          	bltu	a4,a1,10001726 <_malloc_r+0x372>
10001734:	4648                	lw	a0,12(a2)
10001736:	c7c8                	sw	a0,12(a5)
10001738:	c790                	sw	a2,8(a5)
1000173a:	c51c                	sw	a5,8(a0)
1000173c:	c65c                	sw	a5,12(a2)
1000173e:	b345                	j	100014de <_malloc_r+0x12a>
10001740:	4751                	li	a4,20
10001742:	0ef77563          	bgeu	a4,a5,1000182c <_malloc_r+0x478>
10001746:	05400713          	li	a4,84
1000174a:	18f76863          	bltu	a4,a5,100018da <_malloc_r+0x526>
1000174e:	00c6d793          	srli	a5,a3,0xc
10001752:	06f78893          	addi	a7,a5,111
10001756:	06e78e13          	addi	t3,a5,110
1000175a:	00389513          	slli	a0,a7,0x3
1000175e:	b9ed                	j	10001458 <_malloc_r+0xa4>
10001760:	0f05                	addi	t5,t5,1
10001762:	003f7793          	andi	a5,t5,3
10001766:	0321                	addi	t1,t1,8
10001768:	cff1                	beqz	a5,10001844 <_malloc_r+0x490>
1000176a:	00c32703          	lw	a4,12(t1)
1000176e:	b365                	j	10001516 <_malloc_r+0x162>
10001770:	4788                	lw	a0,8(a5)
10001772:	0016e893          	ori	a7,a3,1
10001776:	0117a223          	sw	a7,4(a5)
1000177a:	c558                	sw	a4,12(a0)
1000177c:	c708                	sw	a0,8(a4)
1000177e:	96be                	add	a3,a3,a5
10001780:	00d82a23          	sw	a3,20(a6)
10001784:	00d82823          	sw	a3,16(a6)
10001788:	0015e713          	ori	a4,a1,1
1000178c:	963e                	add	a2,a2,a5
1000178e:	01c6a623          	sw	t3,12(a3) # 4002300c <__StackTop+0x1ffa100c>
10001792:	01c6a423          	sw	t3,8(a3)
10001796:	c2d8                	sw	a4,4(a3)
10001798:	8522                	mv	a0,s0
1000179a:	c20c                	sw	a1,0(a2)
1000179c:	c63e                	sw	a5,12(sp)
1000179e:	2425                	jal	100019c6 <__malloc_unlock>
100017a0:	47b2                	lw	a5,12(sp)
100017a2:	00878513          	addi	a0,a5,8
100017a6:	b98d                	j	10001418 <_malloc_r+0x64>
100017a8:	0036d893          	srli	a7,a3,0x3
100017ac:	00868713          	addi	a4,a3,8
100017b0:	b115                	j	100013d4 <_malloc_r+0x20>
100017b2:	973e                	add	a4,a4,a5
100017b4:	4354                	lw	a3,4(a4)
100017b6:	c63e                	sw	a5,12(sp)
100017b8:	8522                	mv	a0,s0
100017ba:	0016e693          	ori	a3,a3,1
100017be:	c354                	sw	a3,4(a4)
100017c0:	2419                	jal	100019c6 <__malloc_unlock>
100017c2:	47b2                	lw	a5,12(sp)
100017c4:	00878513          	addi	a0,a5,8
100017c8:	b981                	j	10001418 <_malloc_r+0x64>
100017ca:	0016e593          	ori	a1,a3,1
100017ce:	c3cc                	sw	a1,4(a5)
100017d0:	96be                	add	a3,a3,a5
100017d2:	00d82a23          	sw	a3,20(a6)
100017d6:	00d82823          	sw	a3,16(a6)
100017da:	00166593          	ori	a1,a2,1
100017de:	973e                	add	a4,a4,a5
100017e0:	01c6a623          	sw	t3,12(a3)
100017e4:	01c6a423          	sw	t3,8(a3)
100017e8:	c2cc                	sw	a1,4(a3)
100017ea:	8522                	mv	a0,s0
100017ec:	c310                	sw	a2,0(a4)
100017ee:	c63e                	sw	a5,12(sp)
100017f0:	2ad9                	jal	100019c6 <__malloc_unlock>
100017f2:	47b2                	lw	a5,12(sp)
100017f4:	00878513          	addi	a0,a5,8
100017f8:	b105                	j	10001418 <_malloc_r+0x64>
100017fa:	00675613          	srli	a2,a4,0x6
100017fe:	03960513          	addi	a0,a2,57
10001802:	050e                	slli	a0,a0,0x3
10001804:	03860593          	addi	a1,a2,56
10001808:	bf09                	j	1000171a <_malloc_r+0x366>
1000180a:	0f078563          	beq	a5,a6,100018f4 <_malloc_r+0x540>
1000180e:	00882783          	lw	a5,8(a6)
10001812:	43c8                	lw	a0,4(a5)
10001814:	9971                	andi	a0,a0,-4
10001816:	40d50633          	sub	a2,a0,a3
1000181a:	00d56663          	bltu	a0,a3,10001826 <_malloc_r+0x472>
1000181e:	01062713          	slti	a4,a2,16
10001822:	e80705e3          	beqz	a4,100016ac <_malloc_r+0x2f8>
10001826:	8522                	mv	a0,s0
10001828:	2a79                	jal	100019c6 <__malloc_unlock>
1000182a:	b6f5                	j	10001416 <_malloc_r+0x62>
1000182c:	05c78893          	addi	a7,a5,92
10001830:	05b78e13          	addi	t3,a5,91
10001834:	00389513          	slli	a0,a7,0x3
10001838:	b105                	j	10001458 <_malloc_r+0xa4>
1000183a:	008fa783          	lw	a5,8(t6)
1000183e:	18fd                	addi	a7,a7,-1
10001840:	17f79f63          	bne	a5,t6,100019be <_malloc_r+0x60a>
10001844:	0038f793          	andi	a5,a7,3
10001848:	1fe1                	addi	t6,t6,-8
1000184a:	fbe5                	bnez	a5,1000183a <_malloc_r+0x486>
1000184c:	00482783          	lw	a5,4(a6)
10001850:	40a7f7b3          	andn	a5,a5,a0
10001854:	00f82223          	sw	a5,4(a6)
10001858:	0506                	slli	a0,a0,0x1
1000185a:	fff50713          	addi	a4,a0,-1
1000185e:	cef77ee3          	bgeu	a4,a5,1000155a <_malloc_r+0x1a6>
10001862:	00f57733          	and	a4,a0,a5
10001866:	e711                	bnez	a4,10001872 <_malloc_r+0x4be>
10001868:	0506                	slli	a0,a0,0x1
1000186a:	00f57733          	and	a4,a0,a5
1000186e:	0f11                	addi	t5,t5,4
10001870:	df65                	beqz	a4,10001868 <_malloc_r+0x4b4>
10001872:	88fa                	mv	a7,t5
10001874:	b959                	j	1000150a <_malloc_r+0x156>
10001876:	05c1                	addi	a1,a1,16
10001878:	bb31                	j	10001594 <_malloc_r+0x1e0>
1000187a:	8589                	srai	a1,a1,0x2
1000187c:	28b31333          	bset	t1,t1,a1
10001880:	00682223          	sw	t1,4(a6)
10001884:	bd4d                	j	10001736 <_malloc_r+0x382>
10001886:	00b88333          	add	t1,a7,a1
1000188a:	40600633          	neg	a2,t1
1000188e:	0652                	slli	a2,a2,0x14
10001890:	01465593          	srli	a1,a2,0x14
10001894:	8522                	mv	a0,s0
10001896:	d442                	sw	a6,40(sp)
10001898:	d272                	sw	t3,36(sp)
1000189a:	d03e                	sw	a5,32(sp)
1000189c:	ce36                	sw	a3,28(sp)
1000189e:	cc3a                	sw	a4,24(sp)
100018a0:	ca46                	sw	a7,20(sp)
100018a2:	c62e                	sw	a1,12(sp)
100018a4:	c81a                	sw	t1,16(sp)
100018a6:	252d                	jal	10001ed0 <_sbrk_r>
100018a8:	567d                	li	a2,-1
100018aa:	45b2                	lw	a1,12(sp)
100018ac:	48d2                	lw	a7,20(sp)
100018ae:	4762                	lw	a4,24(sp)
100018b0:	46f2                	lw	a3,28(sp)
100018b2:	5782                	lw	a5,32(sp)
100018b4:	5e12                	lw	t3,36(sp)
100018b6:	5822                	lw	a6,40(sp)
100018b8:	d8c515e3          	bne	a0,a2,10001642 <_malloc_r+0x28e>
100018bc:	4542                	lw	a0,16(sp)
100018be:	4581                	li	a1,0
100018c0:	b349                	j	10001642 <_malloc_r+0x28e>
100018c2:	05400593          	li	a1,84
100018c6:	06c5e463          	bltu	a1,a2,1000192e <_malloc_r+0x57a>
100018ca:	00c75613          	srli	a2,a4,0xc
100018ce:	06f60513          	addi	a0,a2,111
100018d2:	050e                	slli	a0,a0,0x3
100018d4:	06e60593          	addi	a1,a2,110
100018d8:	b589                	j	1000171a <_malloc_r+0x366>
100018da:	15400713          	li	a4,340
100018de:	06f76463          	bltu	a4,a5,10001946 <_malloc_r+0x592>
100018e2:	00f6d793          	srli	a5,a3,0xf
100018e6:	07878893          	addi	a7,a5,120
100018ea:	07778e13          	addi	t3,a5,119
100018ee:	00389513          	slli	a0,a7,0x3
100018f2:	b69d                	j	10001458 <_malloc_r+0xa4>
100018f4:	20004e37          	lui	t3,0x20004
100018f8:	f74e0e13          	addi	t3,t3,-140 # 20003f74 <__malloc_current_mallinfo>
100018fc:	000e2e83          	lw	t4,0(t3)
10001900:	9eae                	add	t4,t4,a1
10001902:	01de2023          	sw	t4,0(t3)
10001906:	b9d1                	j	100015da <_malloc_r+0x226>
10001908:	01489f13          	slli	t5,a7,0x14
1000190c:	cc0f17e3          	bnez	t5,100015da <_malloc_r+0x226>
10001910:	00882883          	lw	a7,8(a6)
10001914:	95ba                	add	a1,a1,a4
10001916:	0015e513          	ori	a0,a1,1
1000191a:	00a8a223          	sw	a0,4(a7)
1000191e:	b3b5                	j	1000168a <_malloc_r+0x2d6>
10001920:	dd132623          	sw	a7,-564(t1)
10001924:	b1e9                	j	100015ee <_malloc_r+0x23a>
10001926:	4785                	li	a5,1
10001928:	00f8a223          	sw	a5,4(a7)
1000192c:	bded                	j	10001826 <_malloc_r+0x472>
1000192e:	15400593          	li	a1,340
10001932:	04c5ee63          	bltu	a1,a2,1000198e <_malloc_r+0x5da>
10001936:	00f75613          	srli	a2,a4,0xf
1000193a:	07860513          	addi	a0,a2,120
1000193e:	050e                	slli	a0,a0,0x3
10001940:	07760593          	addi	a1,a2,119
10001944:	bbd9                	j	1000171a <_malloc_r+0x366>
10001946:	55400713          	li	a4,1364
1000194a:	04f76e63          	bltu	a4,a5,100019a6 <_malloc_r+0x5f2>
1000194e:	0126d793          	srli	a5,a3,0x12
10001952:	07d78893          	addi	a7,a5,125
10001956:	07c78e13          	addi	t3,a5,124
1000195a:	00389513          	slli	a0,a7,0x3
1000195e:	bced                	j	10001458 <_malloc_r+0xa4>
10001960:	1ee1                	addi	t4,t4,-8
10001962:	01d30533          	add	a0,t1,t4
10001966:	4581                	li	a1,0
10001968:	b9e9                	j	10001642 <_malloc_r+0x28e>
1000196a:	8522                	mv	a0,s0
1000196c:	00878593          	addi	a1,a5,8
10001970:	ca42                	sw	a6,20(sp)
10001972:	c872                	sw	t3,16(sp)
10001974:	c636                	sw	a3,12(sp)
10001976:	137000ef          	jal	100022ac <_free_r>
1000197a:	4852                	lw	a6,20(sp)
1000197c:	4e42                	lw	t3,16(sp)
1000197e:	46b2                	lw	a3,12(sp)
10001980:	00882883          	lw	a7,8(a6)
10001984:	000e2603          	lw	a2,0(t3)
10001988:	0048a503          	lw	a0,4(a7)
1000198c:	b9fd                	j	1000168a <_malloc_r+0x2d6>
1000198e:	55400593          	li	a1,1364
10001992:	02c5e163          	bltu	a1,a2,100019b4 <_malloc_r+0x600>
10001996:	01275613          	srli	a2,a4,0x12
1000199a:	07d60513          	addi	a0,a2,125
1000199e:	050e                	slli	a0,a0,0x3
100019a0:	07c60593          	addi	a1,a2,124
100019a4:	bb9d                	j	1000171a <_malloc_r+0x366>
100019a6:	3f800513          	li	a0,1016
100019aa:	07f00893          	li	a7,127
100019ae:	07e00e13          	li	t3,126
100019b2:	b45d                	j	10001458 <_malloc_r+0xa4>
100019b4:	3f800513          	li	a0,1016
100019b8:	07e00593          	li	a1,126
100019bc:	bbb9                	j	1000171a <_malloc_r+0x366>
100019be:	00482783          	lw	a5,4(a6)
100019c2:	bd59                	j	10001858 <_malloc_r+0x4a4>

100019c4 <__malloc_lock>:
100019c4:	8082                	ret

100019c6 <__malloc_unlock>:
100019c6:	8082                	ret

100019c8 <_realloc_r>:
100019c8:	14058e63          	beqz	a1,10001b24 <_realloc_r+0x15c>
100019cc:	1101                	addi	sp,sp,-32
100019ce:	cc22                	sw	s0,24(sp)
100019d0:	ca26                	sw	s1,20(sp)
100019d2:	842e                	mv	s0,a1
100019d4:	ce06                	sw	ra,28(sp)
100019d6:	84aa                	mv	s1,a0
100019d8:	c032                	sw	a2,0(sp)
100019da:	37ed                	jal	100019c4 <__malloc_lock>
100019dc:	4582                	lw	a1,0(sp)
100019de:	4759                	li	a4,22
100019e0:	00b58793          	addi	a5,a1,11
100019e4:	0ef77163          	bgeu	a4,a5,10001ac6 <_realloc_r+0xfe>
100019e8:	9be1                	andi	a5,a5,-8
100019ea:	86be                	mv	a3,a5
100019ec:	01f7d713          	srli	a4,a5,0x1f
100019f0:	14b7ed63          	bltu	a5,a1,10001b4a <_realloc_r+0x182>
100019f4:	14071b63          	bnez	a4,10001b4a <_realloc_r+0x182>
100019f8:	ffc42603          	lw	a2,-4(s0)
100019fc:	ff840813          	addi	a6,s0,-8
10001a00:	ffc67713          	andi	a4,a2,-4
10001a04:	0cd75c63          	bge	a4,a3,10001adc <_realloc_r+0x114>
10001a08:	20003e37          	lui	t3,0x20003
10001a0c:	728e0e13          	addi	t3,t3,1832 # 20003728 <__malloc_av_>
10001a10:	008e2883          	lw	a7,8(t3)
10001a14:	00e80333          	add	t1,a6,a4
10001a18:	00432503          	lw	a0,4(t1)
10001a1c:	14688063          	beq	a7,t1,10001b5c <_realloc_r+0x194>
10001a20:	ffe57893          	andi	a7,a0,-2
10001a24:	989a                	add	a7,a7,t1
10001a26:	0048a883          	lw	a7,4(a7)
10001a2a:	0018f893          	andi	a7,a7,1
10001a2e:	0e089163          	bnez	a7,10001b10 <_realloc_r+0x148>
10001a32:	9971                	andi	a0,a0,-4
10001a34:	00a708b3          	add	a7,a4,a0
10001a38:	08d8db63          	bge	a7,a3,10001ace <_realloc_r+0x106>
10001a3c:	8a05                	andi	a2,a2,1
10001a3e:	e20d                	bnez	a2,10001a60 <_realloc_r+0x98>
10001a40:	ff842e83          	lw	t4,-8(s0)
10001a44:	41d80eb3          	sub	t4,a6,t4
10001a48:	004ea603          	lw	a2,4(t4)
10001a4c:	9a71                	andi	a2,a2,-4
10001a4e:	9532                	add	a0,a0,a2
10001a50:	00e508b3          	add	a7,a0,a4
10001a54:	22d8d063          	bge	a7,a3,10001c74 <_realloc_r+0x2ac>
10001a58:	00c708b3          	add	a7,a4,a2
10001a5c:	1ad8df63          	bge	a7,a3,10001c1a <_realloc_r+0x252>
10001a60:	8526                	mv	a0,s1
10001a62:	c43a                	sw	a4,8(sp)
10001a64:	c242                	sw	a6,4(sp)
10001a66:	c03e                	sw	a5,0(sp)
10001a68:	94dff0ef          	jal	100013b4 <_malloc_r>
10001a6c:	4782                	lw	a5,0(sp)
10001a6e:	4812                	lw	a6,4(sp)
10001a70:	4722                	lw	a4,8(sp)
10001a72:	86aa                	mv	a3,a0
10001a74:	2e050063          	beqz	a0,10001d54 <_realloc_r+0x38c>
10001a78:	ffc42603          	lw	a2,-4(s0)
10001a7c:	ff850593          	addi	a1,a0,-8
10001a80:	9a79                	andi	a2,a2,-2
10001a82:	9642                	add	a2,a2,a6
10001a84:	16b60a63          	beq	a2,a1,10001bf8 <_realloc_r+0x230>
10001a88:	ffc70613          	addi	a2,a4,-4
10001a8c:	02400793          	li	a5,36
10001a90:	1cc7ed63          	bltu	a5,a2,10001c6a <_realloc_r+0x2a2>
10001a94:	474d                	li	a4,19
10001a96:	16c76663          	bltu	a4,a2,10001c02 <_realloc_r+0x23a>
10001a9a:	87aa                	mv	a5,a0
10001a9c:	8722                	mv	a4,s0
10001a9e:	4310                	lw	a2,0(a4)
10001aa0:	c390                	sw	a2,0(a5)
10001aa2:	4350                	lw	a2,4(a4)
10001aa4:	c3d0                	sw	a2,4(a5)
10001aa6:	4718                	lw	a4,8(a4)
10001aa8:	c798                	sw	a4,8(a5)
10001aaa:	85a2                	mv	a1,s0
10001aac:	8526                	mv	a0,s1
10001aae:	c036                	sw	a3,0(sp)
10001ab0:	7fc000ef          	jal	100022ac <_free_r>
10001ab4:	8526                	mv	a0,s1
10001ab6:	3f01                	jal	100019c6 <__malloc_unlock>
10001ab8:	4682                	lw	a3,0(sp)
10001aba:	40f2                	lw	ra,28(sp)
10001abc:	4462                	lw	s0,24(sp)
10001abe:	44d2                	lw	s1,20(sp)
10001ac0:	8536                	mv	a0,a3
10001ac2:	6105                	addi	sp,sp,32
10001ac4:	8082                	ret
10001ac6:	46c1                	li	a3,16
10001ac8:	87b6                	mv	a5,a3
10001aca:	4701                	li	a4,0
10001acc:	b715                	j	100019f0 <_realloc_r+0x28>
10001ace:	00c32683          	lw	a3,12(t1)
10001ad2:	00832603          	lw	a2,8(t1)
10001ad6:	8746                	mv	a4,a7
10001ad8:	c654                	sw	a3,12(a2)
10001ada:	c690                	sw	a2,8(a3)
10001adc:	00482683          	lw	a3,4(a6)
10001ae0:	40f70533          	sub	a0,a4,a5
10001ae4:	45bd                	li	a1,15
10001ae6:	8a85                	andi	a3,a3,1
10001ae8:	00e80633          	add	a2,a6,a4
10001aec:	02a5ef63          	bltu	a1,a0,10001b2a <_realloc_r+0x162>
10001af0:	8ed9                	or	a3,a3,a4
10001af2:	00d82223          	sw	a3,4(a6)
10001af6:	425c                	lw	a5,4(a2)
10001af8:	0017e793          	ori	a5,a5,1
10001afc:	c25c                	sw	a5,4(a2)
10001afe:	8526                	mv	a0,s1
10001b00:	35d9                	jal	100019c6 <__malloc_unlock>
10001b02:	86a2                	mv	a3,s0
10001b04:	40f2                	lw	ra,28(sp)
10001b06:	4462                	lw	s0,24(sp)
10001b08:	44d2                	lw	s1,20(sp)
10001b0a:	8536                	mv	a0,a3
10001b0c:	6105                	addi	sp,sp,32
10001b0e:	8082                	ret
10001b10:	8a05                	andi	a2,a2,1
10001b12:	f639                	bnez	a2,10001a60 <_realloc_r+0x98>
10001b14:	ff842e83          	lw	t4,-8(s0)
10001b18:	41d80eb3          	sub	t4,a6,t4
10001b1c:	004ea603          	lw	a2,4(t4)
10001b20:	9a71                	andi	a2,a2,-4
10001b22:	bf1d                	j	10001a58 <_realloc_r+0x90>
10001b24:	85b2                	mv	a1,a2
10001b26:	88fff06f          	j	100013b4 <_malloc_r>
10001b2a:	8edd                	or	a3,a3,a5
10001b2c:	00d82223          	sw	a3,4(a6)
10001b30:	00f805b3          	add	a1,a6,a5
10001b34:	00156513          	ori	a0,a0,1
10001b38:	c1c8                	sw	a0,4(a1)
10001b3a:	425c                	lw	a5,4(a2)
10001b3c:	05a1                	addi	a1,a1,8
10001b3e:	8526                	mv	a0,s1
10001b40:	0017e793          	ori	a5,a5,1
10001b44:	c25c                	sw	a5,4(a2)
10001b46:	279d                	jal	100022ac <_free_r>
10001b48:	bf5d                	j	10001afe <_realloc_r+0x136>
10001b4a:	47b1                	li	a5,12
10001b4c:	c09c                	sw	a5,0(s1)
10001b4e:	4681                	li	a3,0
10001b50:	40f2                	lw	ra,28(sp)
10001b52:	4462                	lw	s0,24(sp)
10001b54:	44d2                	lw	s1,20(sp)
10001b56:	8536                	mv	a0,a3
10001b58:	6105                	addi	sp,sp,32
10001b5a:	8082                	ret
10001b5c:	9971                	andi	a0,a0,-4
10001b5e:	00e508b3          	add	a7,a0,a4
10001b62:	01078313          	addi	t1,a5,16
10001b66:	1868dc63          	bge	a7,t1,10001cfe <_realloc_r+0x336>
10001b6a:	8a05                	andi	a2,a2,1
10001b6c:	ee061ae3          	bnez	a2,10001a60 <_realloc_r+0x98>
10001b70:	ff842e83          	lw	t4,-8(s0)
10001b74:	41d80eb3          	sub	t4,a6,t4
10001b78:	004ea603          	lw	a2,4(t4)
10001b7c:	9a71                	andi	a2,a2,-4
10001b7e:	9532                	add	a0,a0,a2
10001b80:	00e508b3          	add	a7,a0,a4
10001b84:	ec68cae3          	blt	a7,t1,10001a58 <_realloc_r+0x90>
10001b88:	00cea683          	lw	a3,12(t4)
10001b8c:	008ea583          	lw	a1,8(t4)
10001b90:	ffc70613          	addi	a2,a4,-4
10001b94:	02400713          	li	a4,36
10001b98:	c5d4                	sw	a3,12(a1)
10001b9a:	c68c                	sw	a1,8(a3)
10001b9c:	008e8693          	addi	a3,t4,8
10001ba0:	1ec76563          	bltu	a4,a2,10001d8a <_realloc_r+0x3c2>
10001ba4:	45cd                	li	a1,19
10001ba6:	8736                	mv	a4,a3
10001ba8:	00c5fe63          	bgeu	a1,a2,10001bc4 <_realloc_r+0x1fc>
10001bac:	400c                	lw	a1,0(s0)
10001bae:	476d                	li	a4,27
10001bb0:	00bea423          	sw	a1,8(t4)
10001bb4:	404c                	lw	a1,4(s0)
10001bb6:	00bea623          	sw	a1,12(t4)
10001bba:	20c76363          	bltu	a4,a2,10001dc0 <_realloc_r+0x3f8>
10001bbe:	0421                	addi	s0,s0,8
10001bc0:	010e8713          	addi	a4,t4,16
10001bc4:	4010                	lw	a2,0(s0)
10001bc6:	c310                	sw	a2,0(a4)
10001bc8:	4050                	lw	a2,4(s0)
10001bca:	c350                	sw	a2,4(a4)
10001bcc:	4410                	lw	a2,8(s0)
10001bce:	c710                	sw	a2,8(a4)
10001bd0:	00fe8633          	add	a2,t4,a5
10001bd4:	40f88733          	sub	a4,a7,a5
10001bd8:	00ce2423          	sw	a2,8(t3)
10001bdc:	00176713          	ori	a4,a4,1
10001be0:	c258                	sw	a4,4(a2)
10001be2:	004ea703          	lw	a4,4(t4)
10001be6:	8526                	mv	a0,s1
10001be8:	c036                	sw	a3,0(sp)
10001bea:	8b05                	andi	a4,a4,1
10001bec:	8fd9                	or	a5,a5,a4
10001bee:	00fea223          	sw	a5,4(t4)
10001bf2:	3bd1                	jal	100019c6 <__malloc_unlock>
10001bf4:	4682                	lw	a3,0(sp)
10001bf6:	b739                	j	10001b04 <_realloc_r+0x13c>
10001bf8:	ffc52683          	lw	a3,-4(a0)
10001bfc:	9af1                	andi	a3,a3,-4
10001bfe:	9736                	add	a4,a4,a3
10001c00:	bdf1                	j	10001adc <_realloc_r+0x114>
10001c02:	400c                	lw	a1,0(s0)
10001c04:	476d                	li	a4,27
10001c06:	c10c                	sw	a1,0(a0)
10001c08:	404c                	lw	a1,4(s0)
10001c0a:	c14c                	sw	a1,4(a0)
10001c0c:	0cc76263          	bltu	a4,a2,10001cd0 <_realloc_r+0x308>
10001c10:	00840713          	addi	a4,s0,8
10001c14:	00850793          	addi	a5,a0,8
10001c18:	b559                	j	10001a9e <_realloc_r+0xd6>
10001c1a:	00cea683          	lw	a3,12(t4)
10001c1e:	008ea583          	lw	a1,8(t4)
10001c22:	ffc70613          	addi	a2,a4,-4
10001c26:	02400513          	li	a0,36
10001c2a:	c5d4                	sw	a3,12(a1)
10001c2c:	c68c                	sw	a1,8(a3)
10001c2e:	008e8693          	addi	a3,t4,8
10001c32:	0ac56a63          	bltu	a0,a2,10001ce6 <_realloc_r+0x31e>
10001c36:	45cd                	li	a1,19
10001c38:	8736                	mv	a4,a3
10001c3a:	00c5fe63          	bgeu	a1,a2,10001c56 <_realloc_r+0x28e>
10001c3e:	400c                	lw	a1,0(s0)
10001c40:	476d                	li	a4,27
10001c42:	00bea423          	sw	a1,8(t4)
10001c46:	404c                	lw	a1,4(s0)
10001c48:	00bea623          	sw	a1,12(t4)
10001c4c:	0ec76863          	bltu	a4,a2,10001d3c <_realloc_r+0x374>
10001c50:	0421                	addi	s0,s0,8
10001c52:	010e8713          	addi	a4,t4,16
10001c56:	4010                	lw	a2,0(s0)
10001c58:	c310                	sw	a2,0(a4)
10001c5a:	4050                	lw	a2,4(s0)
10001c5c:	c350                	sw	a2,4(a4)
10001c5e:	4410                	lw	a2,8(s0)
10001c60:	c710                	sw	a2,8(a4)
10001c62:	8436                	mv	s0,a3
10001c64:	8746                	mv	a4,a7
10001c66:	8876                	mv	a6,t4
10001c68:	bd95                	j	10001adc <_realloc_r+0x114>
10001c6a:	85a2                	mv	a1,s0
10001c6c:	c02a                	sw	a0,0(sp)
10001c6e:	244d                	jal	10001f10 <memmove>
10001c70:	4682                	lw	a3,0(sp)
10001c72:	bd25                	j	10001aaa <_realloc_r+0xe2>
10001c74:	00c32683          	lw	a3,12(t1)
10001c78:	00832583          	lw	a1,8(t1)
10001c7c:	ffc70613          	addi	a2,a4,-4
10001c80:	02400513          	li	a0,36
10001c84:	c5d4                	sw	a3,12(a1)
10001c86:	c68c                	sw	a1,8(a3)
10001c88:	00cea703          	lw	a4,12(t4)
10001c8c:	008ea683          	lw	a3,8(t4)
10001c90:	008e8813          	addi	a6,t4,8
10001c94:	c6d8                	sw	a4,12(a3)
10001c96:	c714                	sw	a3,8(a4)
10001c98:	08c56663          	bltu	a0,a2,10001d24 <_realloc_r+0x35c>
10001c9c:	46cd                	li	a3,19
10001c9e:	8742                	mv	a4,a6
10001ca0:	00c6fe63          	bgeu	a3,a2,10001cbc <_realloc_r+0x2f4>
10001ca4:	4014                	lw	a3,0(s0)
10001ca6:	476d                	li	a4,27
10001ca8:	00dea423          	sw	a3,8(t4)
10001cac:	4054                	lw	a3,4(s0)
10001cae:	00dea623          	sw	a3,12(t4)
10001cb2:	0ac76e63          	bltu	a4,a2,10001d6e <_realloc_r+0x3a6>
10001cb6:	0421                	addi	s0,s0,8
10001cb8:	010e8713          	addi	a4,t4,16
10001cbc:	4014                	lw	a3,0(s0)
10001cbe:	c314                	sw	a3,0(a4)
10001cc0:	4054                	lw	a3,4(s0)
10001cc2:	c354                	sw	a3,4(a4)
10001cc4:	4414                	lw	a3,8(s0)
10001cc6:	c714                	sw	a3,8(a4)
10001cc8:	8442                	mv	s0,a6
10001cca:	8746                	mv	a4,a7
10001ccc:	8876                	mv	a6,t4
10001cce:	b539                	j	10001adc <_realloc_r+0x114>
10001cd0:	4418                	lw	a4,8(s0)
10001cd2:	c518                	sw	a4,8(a0)
10001cd4:	4458                	lw	a4,12(s0)
10001cd6:	c558                	sw	a4,12(a0)
10001cd8:	08f60263          	beq	a2,a5,10001d5c <_realloc_r+0x394>
10001cdc:	01040713          	addi	a4,s0,16
10001ce0:	01050793          	addi	a5,a0,16
10001ce4:	bb6d                	j	10001a9e <_realloc_r+0xd6>
10001ce6:	8536                	mv	a0,a3
10001ce8:	85a2                	mv	a1,s0
10001cea:	c676                	sw	t4,12(sp)
10001cec:	c43e                	sw	a5,8(sp)
10001cee:	c246                	sw	a7,4(sp)
10001cf0:	c036                	sw	a3,0(sp)
10001cf2:	2c39                	jal	10001f10 <memmove>
10001cf4:	4eb2                	lw	t4,12(sp)
10001cf6:	47a2                	lw	a5,8(sp)
10001cf8:	4892                	lw	a7,4(sp)
10001cfa:	4682                	lw	a3,0(sp)
10001cfc:	b79d                	j	10001c62 <_realloc_r+0x29a>
10001cfe:	983e                	add	a6,a6,a5
10001d00:	40f88733          	sub	a4,a7,a5
10001d04:	010e2423          	sw	a6,8(t3)
10001d08:	00176713          	ori	a4,a4,1
10001d0c:	00e82223          	sw	a4,4(a6)
10001d10:	ffc42703          	lw	a4,-4(s0)
10001d14:	8526                	mv	a0,s1
10001d16:	8b05                	andi	a4,a4,1
10001d18:	8fd9                	or	a5,a5,a4
10001d1a:	fef42e23          	sw	a5,-4(s0)
10001d1e:	3165                	jal	100019c6 <__malloc_unlock>
10001d20:	86a2                	mv	a3,s0
10001d22:	b3cd                	j	10001b04 <_realloc_r+0x13c>
10001d24:	8542                	mv	a0,a6
10001d26:	85a2                	mv	a1,s0
10001d28:	c676                	sw	t4,12(sp)
10001d2a:	c43e                	sw	a5,8(sp)
10001d2c:	c246                	sw	a7,4(sp)
10001d2e:	c042                	sw	a6,0(sp)
10001d30:	22c5                	jal	10001f10 <memmove>
10001d32:	4802                	lw	a6,0(sp)
10001d34:	4892                	lw	a7,4(sp)
10001d36:	47a2                	lw	a5,8(sp)
10001d38:	4eb2                	lw	t4,12(sp)
10001d3a:	b779                	j	10001cc8 <_realloc_r+0x300>
10001d3c:	4418                	lw	a4,8(s0)
10001d3e:	00eea823          	sw	a4,16(t4)
10001d42:	4458                	lw	a4,12(s0)
10001d44:	00eeaa23          	sw	a4,20(t4)
10001d48:	06a60163          	beq	a2,a0,10001daa <_realloc_r+0x3e2>
10001d4c:	0441                	addi	s0,s0,16
10001d4e:	018e8713          	addi	a4,t4,24
10001d52:	b711                	j	10001c56 <_realloc_r+0x28e>
10001d54:	8526                	mv	a0,s1
10001d56:	3985                	jal	100019c6 <__malloc_unlock>
10001d58:	4681                	li	a3,0
10001d5a:	bbdd                	j	10001b50 <_realloc_r+0x188>
10001d5c:	4810                	lw	a2,16(s0)
10001d5e:	01840713          	addi	a4,s0,24
10001d62:	01850793          	addi	a5,a0,24
10001d66:	c910                	sw	a2,16(a0)
10001d68:	4850                	lw	a2,20(s0)
10001d6a:	c950                	sw	a2,20(a0)
10001d6c:	bb0d                	j	10001a9e <_realloc_r+0xd6>
10001d6e:	4414                	lw	a3,8(s0)
10001d70:	02400713          	li	a4,36
10001d74:	00dea823          	sw	a3,16(t4)
10001d78:	4454                	lw	a3,12(s0)
10001d7a:	00deaa23          	sw	a3,20(t4)
10001d7e:	04e60f63          	beq	a2,a4,10001ddc <_realloc_r+0x414>
10001d82:	0441                	addi	s0,s0,16
10001d84:	018e8713          	addi	a4,t4,24
10001d88:	bf15                	j	10001cbc <_realloc_r+0x2f4>
10001d8a:	8536                	mv	a0,a3
10001d8c:	85a2                	mv	a1,s0
10001d8e:	c676                	sw	t4,12(sp)
10001d90:	c43e                	sw	a5,8(sp)
10001d92:	c246                	sw	a7,4(sp)
10001d94:	c036                	sw	a3,0(sp)
10001d96:	2aad                	jal	10001f10 <memmove>
10001d98:	200037b7          	lui	a5,0x20003
10001d9c:	72878e13          	addi	t3,a5,1832 # 20003728 <__malloc_av_>
10001da0:	4eb2                	lw	t4,12(sp)
10001da2:	47a2                	lw	a5,8(sp)
10001da4:	4892                	lw	a7,4(sp)
10001da6:	4682                	lw	a3,0(sp)
10001da8:	b525                	j	10001bd0 <_realloc_r+0x208>
10001daa:	4810                	lw	a2,16(s0)
10001dac:	020e8713          	addi	a4,t4,32
10001db0:	0461                	addi	s0,s0,24
10001db2:	00ceac23          	sw	a2,24(t4)
10001db6:	ffc42603          	lw	a2,-4(s0)
10001dba:	00ceae23          	sw	a2,28(t4)
10001dbe:	bd61                	j	10001c56 <_realloc_r+0x28e>
10001dc0:	440c                	lw	a1,8(s0)
10001dc2:	02400713          	li	a4,36
10001dc6:	00bea823          	sw	a1,16(t4)
10001dca:	444c                	lw	a1,12(s0)
10001dcc:	00beaa23          	sw	a1,20(t4)
10001dd0:	02e60163          	beq	a2,a4,10001df2 <_realloc_r+0x42a>
10001dd4:	0441                	addi	s0,s0,16
10001dd6:	018e8713          	addi	a4,t4,24
10001dda:	b3ed                	j	10001bc4 <_realloc_r+0x1fc>
10001ddc:	4814                	lw	a3,16(s0)
10001dde:	020e8713          	addi	a4,t4,32
10001de2:	0461                	addi	s0,s0,24
10001de4:	00deac23          	sw	a3,24(t4)
10001de8:	ffc42683          	lw	a3,-4(s0)
10001dec:	00deae23          	sw	a3,28(t4)
10001df0:	b5f1                	j	10001cbc <_realloc_r+0x2f4>
10001df2:	4810                	lw	a2,16(s0)
10001df4:	020e8713          	addi	a4,t4,32
10001df8:	00ceac23          	sw	a2,24(t4)
10001dfc:	4850                	lw	a2,20(s0)
10001dfe:	0461                	addi	s0,s0,24
10001e00:	00ceae23          	sw	a2,28(t4)
10001e04:	b3c1                	j	10001bc4 <_realloc_r+0x1fc>

10001e06 <printf>:
10001e06:	20004337          	lui	t1,0x20004
10001e0a:	dd432303          	lw	t1,-556(t1) # 20003dd4 <_impure_ptr>
10001e0e:	7139                	addi	sp,sp,-64
10001e10:	d432                	sw	a2,40(sp)
10001e12:	d636                	sw	a3,44(sp)
10001e14:	d22e                	sw	a1,36(sp)
10001e16:	d83a                	sw	a4,48(sp)
10001e18:	da3e                	sw	a5,52(sp)
10001e1a:	dc42                	sw	a6,56(sp)
10001e1c:	de46                	sw	a7,60(sp)
10001e1e:	00832583          	lw	a1,8(t1)
10001e22:	1054                	addi	a3,sp,36
10001e24:	862a                	mv	a2,a0
10001e26:	851a                	mv	a0,t1
10001e28:	ce06                	sw	ra,28(sp)
10001e2a:	c636                	sw	a3,12(sp)
10001e2c:	2545                	jal	100024cc <_vfprintf_r>
10001e2e:	40f2                	lw	ra,28(sp)
10001e30:	6121                	addi	sp,sp,64
10001e32:	8082                	ret

10001e34 <putchar>:
10001e34:	200047b7          	lui	a5,0x20004
10001e38:	dd47a783          	lw	a5,-556(a5) # 20003dd4 <_impure_ptr>
10001e3c:	85aa                	mv	a1,a0
10001e3e:	4790                	lw	a2,8(a5)
10001e40:	853e                	mv	a0,a5
10001e42:	7050206f          	j	10004d46 <_putc_r>

10001e46 <_puts_r>:
10001e46:	7139                	addi	sp,sp,-64
10001e48:	dc22                	sw	s0,56(sp)
10001e4a:	842a                	mv	s0,a0
10001e4c:	852e                	mv	a0,a1
10001e4e:	c62e                	sw	a1,12(sp)
10001e50:	de06                	sw	ra,60(sp)
10001e52:	2625                	jal	1000217a <strlen>
10001e54:	45b2                	lw	a1,12(sp)
10001e56:	100077b7          	lui	a5,0x10007
10001e5a:	5858                	lw	a4,52(s0)
10001e5c:	00150893          	addi	a7,a0,1
10001e60:	7f478793          	addi	a5,a5,2036 # 100077f4 <__EH_FRAME_BEGIN__+0x48>
10001e64:	4805                	li	a6,1
10001e66:	1010                	addi	a2,sp,32
10001e68:	4689                	li	a3,2
10001e6a:	d02e                	sw	a1,32(sp)
10001e6c:	d22a                	sw	a0,36(sp)
10001e6e:	ce46                	sw	a7,28(sp)
10001e70:	d43e                	sw	a5,40(sp)
10001e72:	d642                	sw	a6,44(sp)
10001e74:	ca32                	sw	a2,20(sp)
10001e76:	cc36                	sw	a3,24(sp)
10001e78:	440c                	lw	a1,8(s0)
10001e7a:	cf1d                	beqz	a4,10001eb8 <_puts_r+0x72>
10001e7c:	00c59783          	lh	a5,12(a1)
10001e80:	51f8                	lw	a4,100(a1)
10001e82:	01279693          	slli	a3,a5,0x12
10001e86:	0206c363          	bltz	a3,10001eac <_puts_r+0x66>
10001e8a:	28d79793          	bseti	a5,a5,0xd
10001e8e:	48d71713          	bclri	a4,a4,0xd
10001e92:	00f59623          	sh	a5,12(a1)
10001e96:	d1f8                	sw	a4,100(a1)
10001e98:	8522                	mv	a0,s0
10001e9a:	0850                	addi	a2,sp,20
10001e9c:	315020ef          	jal	100049b0 <__sfvwrite_r>
10001ea0:	e911                	bnez	a0,10001eb4 <_puts_r+0x6e>
10001ea2:	4529                	li	a0,10
10001ea4:	50f2                	lw	ra,60(sp)
10001ea6:	5462                	lw	s0,56(sp)
10001ea8:	6121                	addi	sp,sp,64
10001eaa:	8082                	ret
10001eac:	01271793          	slli	a5,a4,0x12
10001eb0:	fe07d4e3          	bgez	a5,10001e98 <_puts_r+0x52>
10001eb4:	557d                	li	a0,-1
10001eb6:	b7fd                	j	10001ea4 <_puts_r+0x5e>
10001eb8:	8522                	mv	a0,s0
10001eba:	c62e                	sw	a1,12(sp)
10001ebc:	2d9020ef          	jal	10004994 <__sinit>
10001ec0:	45b2                	lw	a1,12(sp)
10001ec2:	bf6d                	j	10001e7c <_puts_r+0x36>

10001ec4 <puts>:
10001ec4:	200047b7          	lui	a5,0x20004
10001ec8:	85aa                	mv	a1,a0
10001eca:	dd47a503          	lw	a0,-556(a5) # 20003dd4 <_impure_ptr>
10001ece:	bfa5                	j	10001e46 <_puts_r>

10001ed0 <_sbrk_r>:
10001ed0:	1141                	addi	sp,sp,-16
10001ed2:	c422                	sw	s0,8(sp)
10001ed4:	c226                	sw	s1,4(sp)
10001ed6:	84aa                	mv	s1,a0
10001ed8:	852e                	mv	a0,a1
10001eda:	c606                	sw	ra,12(sp)
10001edc:	8201a023          	sw	zero,-2016(gp) # 2000415c <errno>
10001ee0:	b44ff0ef          	jal	10001224 <_sbrk>
10001ee4:	57fd                	li	a5,-1
10001ee6:	00f50763          	beq	a0,a5,10001ef4 <_sbrk_r+0x24>
10001eea:	40b2                	lw	ra,12(sp)
10001eec:	4422                	lw	s0,8(sp)
10001eee:	4492                	lw	s1,4(sp)
10001ef0:	0141                	addi	sp,sp,16
10001ef2:	8082                	ret
10001ef4:	8201a783          	lw	a5,-2016(gp) # 2000415c <errno>
10001ef8:	dbed                	beqz	a5,10001eea <_sbrk_r+0x1a>
10001efa:	40b2                	lw	ra,12(sp)
10001efc:	4422                	lw	s0,8(sp)
10001efe:	c09c                	sw	a5,0(s1)
10001f00:	4492                	lw	s1,4(sp)
10001f02:	0141                	addi	sp,sp,16
10001f04:	8082                	ret

10001f06 <__errno>:
10001f06:	200047b7          	lui	a5,0x20004
10001f0a:	dd47a503          	lw	a0,-556(a5) # 20003dd4 <_impure_ptr>
10001f0e:	8082                	ret

10001f10 <memmove>:
10001f10:	02a5f163          	bgeu	a1,a0,10001f32 <memmove+0x22>
10001f14:	00c587b3          	add	a5,a1,a2
10001f18:	00f57d63          	bgeu	a0,a5,10001f32 <memmove+0x22>
10001f1c:	ce05                	beqz	a2,10001f54 <memmove+0x44>
10001f1e:	962a                	add	a2,a2,a0
10001f20:	fff7c703          	lbu	a4,-1(a5)
10001f24:	167d                	addi	a2,a2,-1
10001f26:	17fd                	addi	a5,a5,-1
10001f28:	00e60023          	sb	a4,0(a2)
10001f2c:	fec51ae3          	bne	a0,a2,10001f20 <memmove+0x10>
10001f30:	8082                	ret
10001f32:	47bd                	li	a5,15
10001f34:	02c7e163          	bltu	a5,a2,10001f56 <memmove+0x46>
10001f38:	87aa                	mv	a5,a0
10001f3a:	fff60693          	addi	a3,a2,-1
10001f3e:	c25d                	beqz	a2,10001fe4 <memmove+0xd4>
10001f40:	0685                	addi	a3,a3,1
10001f42:	96be                	add	a3,a3,a5
10001f44:	0005c703          	lbu	a4,0(a1)
10001f48:	0785                	addi	a5,a5,1
10001f4a:	0585                	addi	a1,a1,1
10001f4c:	fee78fa3          	sb	a4,-1(a5)
10001f50:	fed79ae3          	bne	a5,a3,10001f44 <memmove+0x34>
10001f54:	8082                	ret
10001f56:	00b567b3          	or	a5,a0,a1
10001f5a:	8b8d                	andi	a5,a5,3
10001f5c:	88ae                	mv	a7,a1
10001f5e:	efbd                	bnez	a5,10001fdc <memmove+0xcc>
10001f60:	00465793          	srli	a5,a2,0x4
10001f64:	00479813          	slli	a6,a5,0x4
10001f68:	982a                	add	a6,a6,a0
10001f6a:	17fd                	addi	a5,a5,-1
10001f6c:	872a                	mv	a4,a0
10001f6e:	4194                	lw	a3,0(a1)
10001f70:	05c1                	addi	a1,a1,16
10001f72:	0741                	addi	a4,a4,16
10001f74:	fed72823          	sw	a3,-16(a4)
10001f78:	ff45a683          	lw	a3,-12(a1)
10001f7c:	fed72a23          	sw	a3,-12(a4)
10001f80:	ff85a683          	lw	a3,-8(a1)
10001f84:	fed72c23          	sw	a3,-8(a4)
10001f88:	ffc5a683          	lw	a3,-4(a1)
10001f8c:	fed72e23          	sw	a3,-4(a4)
10001f90:	fd071fe3          	bne	a4,a6,10001f6e <memmove+0x5e>
10001f94:	0792                	slli	a5,a5,0x4
10001f96:	01178733          	add	a4,a5,a7
10001f9a:	01070593          	addi	a1,a4,16
10001f9e:	97aa                	add	a5,a5,a0
10001fa0:	00c67813          	andi	a6,a2,12
10001fa4:	07c1                	addi	a5,a5,16
10001fa6:	8e2e                	mv	t3,a1
10001fa8:	00f67693          	andi	a3,a2,15
10001fac:	02080d63          	beqz	a6,10001fe6 <memmove+0xd6>
10001fb0:	16f1                	addi	a3,a3,-4
10001fb2:	9af1                	andi	a3,a3,-4
10001fb4:	9736                	add	a4,a4,a3
10001fb6:	0751                	addi	a4,a4,20
10001fb8:	41150833          	sub	a6,a0,a7
10001fbc:	0005a303          	lw	t1,0(a1)
10001fc0:	010588b3          	add	a7,a1,a6
10001fc4:	0591                	addi	a1,a1,4
10001fc6:	0068a023          	sw	t1,0(a7)
10001fca:	fee599e3          	bne	a1,a4,10001fbc <memmove+0xac>
10001fce:	00468713          	addi	a4,a3,4
10001fd2:	01c705b3          	add	a1,a4,t3
10001fd6:	97ba                	add	a5,a5,a4
10001fd8:	8a0d                	andi	a2,a2,3
10001fda:	b785                	j	10001f3a <memmove+0x2a>
10001fdc:	fff60693          	addi	a3,a2,-1
10001fe0:	87aa                	mv	a5,a0
10001fe2:	bfb9                	j	10001f40 <memmove+0x30>
10001fe4:	8082                	ret
10001fe6:	8636                	mv	a2,a3
10001fe8:	bf89                	j	10001f3a <memmove+0x2a>

10001fea <memset>:
10001fea:	433d                	li	t1,15
10001fec:	872a                	mv	a4,a0
10001fee:	02c37363          	bgeu	t1,a2,10002014 <memset+0x2a>
10001ff2:	00f77793          	andi	a5,a4,15
10001ff6:	efbd                	bnez	a5,10002074 <memset+0x8a>
10001ff8:	e5ad                	bnez	a1,10002062 <memset+0x78>
10001ffa:	ff067693          	andi	a3,a2,-16
10001ffe:	8a3d                	andi	a2,a2,15
10002000:	96ba                	add	a3,a3,a4
10002002:	c30c                	sw	a1,0(a4)
10002004:	c34c                	sw	a1,4(a4)
10002006:	c70c                	sw	a1,8(a4)
10002008:	c74c                	sw	a1,12(a4)
1000200a:	0741                	addi	a4,a4,16
1000200c:	fed76be3          	bltu	a4,a3,10002002 <memset+0x18>
10002010:	e211                	bnez	a2,10002014 <memset+0x2a>
10002012:	8082                	ret
10002014:	40c306b3          	sub	a3,t1,a2
10002018:	068a                	slli	a3,a3,0x2
1000201a:	00000297          	auipc	t0,0x0
1000201e:	9696                	add	a3,a3,t0
10002020:	00a68067          	jr	10(a3)
10002024:	00b70723          	sb	a1,14(a4)
10002028:	00b706a3          	sb	a1,13(a4)
1000202c:	00b70623          	sb	a1,12(a4)
10002030:	00b705a3          	sb	a1,11(a4)
10002034:	00b70523          	sb	a1,10(a4)
10002038:	00b704a3          	sb	a1,9(a4)
1000203c:	00b70423          	sb	a1,8(a4)
10002040:	00b703a3          	sb	a1,7(a4)
10002044:	00b70323          	sb	a1,6(a4)
10002048:	00b702a3          	sb	a1,5(a4)
1000204c:	00b70223          	sb	a1,4(a4)
10002050:	00b701a3          	sb	a1,3(a4)
10002054:	00b70123          	sb	a1,2(a4)
10002058:	00b700a3          	sb	a1,1(a4)
1000205c:	00b70023          	sb	a1,0(a4)
10002060:	8082                	ret
10002062:	0ff5f593          	zext.b	a1,a1
10002066:	00859693          	slli	a3,a1,0x8
1000206a:	8dd5                	or	a1,a1,a3
1000206c:	01059693          	slli	a3,a1,0x10
10002070:	8dd5                	or	a1,a1,a3
10002072:	b761                	j	10001ffa <memset+0x10>
10002074:	00279693          	slli	a3,a5,0x2
10002078:	00000297          	auipc	t0,0x0
1000207c:	9696                	add	a3,a3,t0
1000207e:	8286                	mv	t0,ra
10002080:	fa8680e7          	jalr	-88(a3)
10002084:	8096                	mv	ra,t0
10002086:	17c1                	addi	a5,a5,-16
10002088:	8f1d                	sub	a4,a4,a5
1000208a:	963e                	add	a2,a2,a5
1000208c:	f8c374e3          	bgeu	t1,a2,10002014 <memset+0x2a>
10002090:	b7a5                	j	10001ff8 <memset+0xe>

10002092 <memcpy>:
10002092:	00a5c7b3          	xor	a5,a1,a0
10002096:	8b8d                	andi	a5,a5,3
10002098:	00c508b3          	add	a7,a0,a2
1000209c:	e7b1                	bnez	a5,100020e8 <memcpy+0x56>
1000209e:	00463613          	sltiu	a2,a2,4
100020a2:	e239                	bnez	a2,100020e8 <memcpy+0x56>
100020a4:	00357793          	andi	a5,a0,3
100020a8:	872a                	mv	a4,a0
100020aa:	e7cd                	bnez	a5,10002154 <memcpy+0xc2>
100020ac:	ffc8f613          	andi	a2,a7,-4
100020b0:	40e606b3          	sub	a3,a2,a4
100020b4:	02000793          	li	a5,32
100020b8:	04d7c463          	blt	a5,a3,10002100 <memcpy+0x6e>
100020bc:	86ae                	mv	a3,a1
100020be:	87ba                	mv	a5,a4
100020c0:	02c77163          	bgeu	a4,a2,100020e2 <memcpy+0x50>
100020c4:	0006a803          	lw	a6,0(a3)
100020c8:	0791                	addi	a5,a5,4
100020ca:	0691                	addi	a3,a3,4
100020cc:	ff07ae23          	sw	a6,-4(a5)
100020d0:	fec7eae3          	bltu	a5,a2,100020c4 <memcpy+0x32>
100020d4:	167d                	addi	a2,a2,-1
100020d6:	8e19                	sub	a2,a2,a4
100020d8:	9a71                	andi	a2,a2,-4
100020da:	0591                	addi	a1,a1,4
100020dc:	0711                	addi	a4,a4,4
100020de:	95b2                	add	a1,a1,a2
100020e0:	9732                	add	a4,a4,a2
100020e2:	01176663          	bltu	a4,a7,100020ee <memcpy+0x5c>
100020e6:	8082                	ret
100020e8:	872a                	mv	a4,a0
100020ea:	ff157ee3          	bgeu	a0,a7,100020e6 <memcpy+0x54>
100020ee:	0005c783          	lbu	a5,0(a1)
100020f2:	0705                	addi	a4,a4,1
100020f4:	0585                	addi	a1,a1,1
100020f6:	fef70fa3          	sb	a5,-1(a4)
100020fa:	fee89ae3          	bne	a7,a4,100020ee <memcpy+0x5c>
100020fe:	8082                	ret
10002100:	4194                	lw	a3,0(a1)
10002102:	0045a283          	lw	t0,4(a1)
10002106:	0085af83          	lw	t6,8(a1)
1000210a:	00c5af03          	lw	t5,12(a1)
1000210e:	0105ae83          	lw	t4,16(a1)
10002112:	0145ae03          	lw	t3,20(a1)
10002116:	0185a303          	lw	t1,24(a1)
1000211a:	01c5a803          	lw	a6,28(a1)
1000211e:	c314                	sw	a3,0(a4)
10002120:	5194                	lw	a3,32(a1)
10002122:	02470713          	addi	a4,a4,36
10002126:	fe572023          	sw	t0,-32(a4)
1000212a:	fed72e23          	sw	a3,-4(a4)
1000212e:	fff72223          	sw	t6,-28(a4)
10002132:	40e606b3          	sub	a3,a2,a4
10002136:	ffe72423          	sw	t5,-24(a4)
1000213a:	ffd72623          	sw	t4,-20(a4)
1000213e:	ffc72823          	sw	t3,-16(a4)
10002142:	fe672a23          	sw	t1,-12(a4)
10002146:	ff072c23          	sw	a6,-8(a4)
1000214a:	02458593          	addi	a1,a1,36
1000214e:	fad7c9e3          	blt	a5,a3,10002100 <memcpy+0x6e>
10002152:	b7ad                	j	100020bc <memcpy+0x2a>
10002154:	0005c683          	lbu	a3,0(a1)
10002158:	0705                	addi	a4,a4,1
1000215a:	00377793          	andi	a5,a4,3
1000215e:	fed70fa3          	sb	a3,-1(a4)
10002162:	0585                	addi	a1,a1,1
10002164:	d7a1                	beqz	a5,100020ac <memcpy+0x1a>
10002166:	0005c683          	lbu	a3,0(a1)
1000216a:	0705                	addi	a4,a4,1
1000216c:	00377793          	andi	a5,a4,3
10002170:	fed70fa3          	sb	a3,-1(a4)
10002174:	0585                	addi	a1,a1,1
10002176:	fff9                	bnez	a5,10002154 <memcpy+0xc2>
10002178:	bf15                	j	100020ac <memcpy+0x1a>

1000217a <strlen>:
1000217a:	00357793          	andi	a5,a0,3
1000217e:	872a                	mv	a4,a0
10002180:	ef9d                	bnez	a5,100021be <strlen+0x44>
10002182:	7f7f86b7          	lui	a3,0x7f7f8
10002186:	f7f68693          	addi	a3,a3,-129 # 7f7f7f7f <__StackTop+0x5f775f7f>
1000218a:	55fd                	li	a1,-1
1000218c:	4310                	lw	a2,0(a4)
1000218e:	0711                	addi	a4,a4,4
10002190:	00d677b3          	and	a5,a2,a3
10002194:	97b6                	add	a5,a5,a3
10002196:	8fd1                	or	a5,a5,a2
10002198:	8fd5                	or	a5,a5,a3
1000219a:	feb789e3          	beq	a5,a1,1000218c <strlen+0x12>
1000219e:	ffc74683          	lbu	a3,-4(a4)
100021a2:	40a707b3          	sub	a5,a4,a0
100021a6:	ca8d                	beqz	a3,100021d8 <strlen+0x5e>
100021a8:	ffd74683          	lbu	a3,-3(a4)
100021ac:	c29d                	beqz	a3,100021d2 <strlen+0x58>
100021ae:	ffe74503          	lbu	a0,-2(a4)
100021b2:	00a03533          	snez	a0,a0
100021b6:	953e                	add	a0,a0,a5
100021b8:	1579                	addi	a0,a0,-2
100021ba:	8082                	ret
100021bc:	d2f9                	beqz	a3,10002182 <strlen+0x8>
100021be:	00074783          	lbu	a5,0(a4)
100021c2:	0705                	addi	a4,a4,1
100021c4:	00377693          	andi	a3,a4,3
100021c8:	fbf5                	bnez	a5,100021bc <strlen+0x42>
100021ca:	8f09                	sub	a4,a4,a0
100021cc:	fff70513          	addi	a0,a4,-1
100021d0:	8082                	ret
100021d2:	ffd78513          	addi	a0,a5,-3
100021d6:	8082                	ret
100021d8:	ffc78513          	addi	a0,a5,-4
100021dc:	8082                	ret

100021de <_malloc_trim_r>:
100021de:	1101                	addi	sp,sp,-32
100021e0:	c84a                	sw	s2,16(sp)
100021e2:	20003937          	lui	s2,0x20003
100021e6:	cc22                	sw	s0,24(sp)
100021e8:	ca26                	sw	s1,20(sp)
100021ea:	c64e                	sw	s3,12(sp)
100021ec:	842e                	mv	s0,a1
100021ee:	ce06                	sw	ra,28(sp)
100021f0:	89aa                	mv	s3,a0
100021f2:	72890913          	addi	s2,s2,1832 # 20003728 <__malloc_av_>
100021f6:	fceff0ef          	jal	100019c4 <__malloc_lock>
100021fa:	00892783          	lw	a5,8(s2)
100021fe:	6705                	lui	a4,0x1
10002200:	43c4                	lw	s1,4(a5)
10002202:	98f1                	andi	s1,s1,-4
10002204:	7ff48793          	addi	a5,s1,2047
10002208:	7f078793          	addi	a5,a5,2032
1000220c:	40878433          	sub	s0,a5,s0
10002210:	8031                	srli	s0,s0,0xc
10002212:	147d                	addi	s0,s0,-1
10002214:	0432                	slli	s0,s0,0xc
10002216:	00e44a63          	blt	s0,a4,1000222a <_malloc_trim_r+0x4c>
1000221a:	4581                	li	a1,0
1000221c:	854e                	mv	a0,s3
1000221e:	394d                	jal	10001ed0 <_sbrk_r>
10002220:	00892783          	lw	a5,8(s2)
10002224:	97a6                	add	a5,a5,s1
10002226:	00f50d63          	beq	a0,a5,10002240 <_malloc_trim_r+0x62>
1000222a:	854e                	mv	a0,s3
1000222c:	f9aff0ef          	jal	100019c6 <__malloc_unlock>
10002230:	40f2                	lw	ra,28(sp)
10002232:	4462                	lw	s0,24(sp)
10002234:	44d2                	lw	s1,20(sp)
10002236:	4942                	lw	s2,16(sp)
10002238:	49b2                	lw	s3,12(sp)
1000223a:	4501                	li	a0,0
1000223c:	6105                	addi	sp,sp,32
1000223e:	8082                	ret
10002240:	408005b3          	neg	a1,s0
10002244:	854e                	mv	a0,s3
10002246:	3169                	jal	10001ed0 <_sbrk_r>
10002248:	57fd                	li	a5,-1
1000224a:	02f50a63          	beq	a0,a5,1000227e <_malloc_trim_r+0xa0>
1000224e:	20004737          	lui	a4,0x20004
10002252:	00892683          	lw	a3,8(s2)
10002256:	f7472783          	lw	a5,-140(a4) # 20003f74 <__malloc_current_mallinfo>
1000225a:	8c81                	sub	s1,s1,s0
1000225c:	0014e493          	ori	s1,s1,1
10002260:	854e                	mv	a0,s3
10002262:	8f81                	sub	a5,a5,s0
10002264:	c2c4                	sw	s1,4(a3)
10002266:	f6f72a23          	sw	a5,-140(a4)
1000226a:	f5cff0ef          	jal	100019c6 <__malloc_unlock>
1000226e:	40f2                	lw	ra,28(sp)
10002270:	4462                	lw	s0,24(sp)
10002272:	44d2                	lw	s1,20(sp)
10002274:	4942                	lw	s2,16(sp)
10002276:	49b2                	lw	s3,12(sp)
10002278:	4505                	li	a0,1
1000227a:	6105                	addi	sp,sp,32
1000227c:	8082                	ret
1000227e:	4581                	li	a1,0
10002280:	854e                	mv	a0,s3
10002282:	31b9                	jal	10001ed0 <_sbrk_r>
10002284:	00892703          	lw	a4,8(s2)
10002288:	46bd                	li	a3,15
1000228a:	40e507b3          	sub	a5,a0,a4
1000228e:	f8f6dee3          	bge	a3,a5,1000222a <_malloc_trim_r+0x4c>
10002292:	200046b7          	lui	a3,0x20004
10002296:	dcc6a603          	lw	a2,-564(a3) # 20003dcc <__malloc_sbrk_base>
1000229a:	0017e793          	ori	a5,a5,1
1000229e:	200046b7          	lui	a3,0x20004
100022a2:	8d11                	sub	a0,a0,a2
100022a4:	c35c                	sw	a5,4(a4)
100022a6:	f6a6aa23          	sw	a0,-140(a3) # 20003f74 <__malloc_current_mallinfo>
100022aa:	b741                	j	1000222a <_malloc_trim_r+0x4c>

100022ac <_free_r>:
100022ac:	cdf9                	beqz	a1,1000238a <_free_r+0xde>
100022ae:	1101                	addi	sp,sp,-32
100022b0:	cc22                	sw	s0,24(sp)
100022b2:	c62e                	sw	a1,12(sp)
100022b4:	842a                	mv	s0,a0
100022b6:	ce06                	sw	ra,28(sp)
100022b8:	f0cff0ef          	jal	100019c4 <__malloc_lock>
100022bc:	45b2                	lw	a1,12(sp)
100022be:	20003837          	lui	a6,0x20003
100022c2:	72880813          	addi	a6,a6,1832 # 20003728 <__malloc_av_>
100022c6:	ffc5a503          	lw	a0,-4(a1)
100022ca:	ff858713          	addi	a4,a1,-8
100022ce:	00882883          	lw	a7,8(a6)
100022d2:	ffe57793          	andi	a5,a0,-2
100022d6:	00f70633          	add	a2,a4,a5
100022da:	4254                	lw	a3,4(a2)
100022dc:	00157313          	andi	t1,a0,1
100022e0:	9af1                	andi	a3,a3,-4
100022e2:	10c88f63          	beq	a7,a2,10002400 <_free_r+0x154>
100022e6:	c254                	sw	a3,4(a2)
100022e8:	00d608b3          	add	a7,a2,a3
100022ec:	0048a883          	lw	a7,4(a7)
100022f0:	0018f893          	andi	a7,a7,1
100022f4:	06031663          	bnez	t1,10002360 <_free_r+0xb4>
100022f8:	ff85a303          	lw	t1,-8(a1)
100022fc:	200035b7          	lui	a1,0x20003
10002300:	73058593          	addi	a1,a1,1840 # 20003730 <__malloc_av_+0x8>
10002304:	40670733          	sub	a4,a4,t1
10002308:	4708                	lw	a0,8(a4)
1000230a:	979a                	add	a5,a5,t1
1000230c:	0cb50d63          	beq	a0,a1,100023e6 <_free_r+0x13a>
10002310:	00c72303          	lw	t1,12(a4)
10002314:	00652623          	sw	t1,12(a0)
10002318:	00a32423          	sw	a0,8(t1)
1000231c:	10088d63          	beqz	a7,10002436 <_free_r+0x18a>
10002320:	0017e693          	ori	a3,a5,1
10002324:	c354                	sw	a3,4(a4)
10002326:	c21c                	sw	a5,0(a2)
10002328:	1ff00693          	li	a3,511
1000232c:	06f6e963          	bltu	a3,a5,1000239e <_free_r+0xf2>
10002330:	ff87f693          	andi	a3,a5,-8
10002334:	06a1                	addi	a3,a3,8
10002336:	00482603          	lw	a2,4(a6)
1000233a:	96c2                	add	a3,a3,a6
1000233c:	428c                	lw	a1,0(a3)
1000233e:	8395                	srli	a5,a5,0x5
10002340:	28f617b3          	bset	a5,a2,a5
10002344:	ff868613          	addi	a2,a3,-8
10002348:	c70c                	sw	a1,8(a4)
1000234a:	c750                	sw	a2,12(a4)
1000234c:	00f82223          	sw	a5,4(a6)
10002350:	c298                	sw	a4,0(a3)
10002352:	c5d8                	sw	a4,12(a1)
10002354:	8522                	mv	a0,s0
10002356:	4462                	lw	s0,24(sp)
10002358:	40f2                	lw	ra,28(sp)
1000235a:	6105                	addi	sp,sp,32
1000235c:	e6aff06f          	j	100019c6 <__malloc_unlock>
10002360:	02089663          	bnez	a7,1000238c <_free_r+0xe0>
10002364:	200035b7          	lui	a1,0x20003
10002368:	97b6                	add	a5,a5,a3
1000236a:	73058593          	addi	a1,a1,1840 # 20003730 <__malloc_av_+0x8>
1000236e:	4614                	lw	a3,8(a2)
10002370:	0017e893          	ori	a7,a5,1
10002374:	00f70533          	add	a0,a4,a5
10002378:	0eb68b63          	beq	a3,a1,1000246e <_free_r+0x1c2>
1000237c:	4650                	lw	a2,12(a2)
1000237e:	c6d0                	sw	a2,12(a3)
10002380:	c614                	sw	a3,8(a2)
10002382:	01172223          	sw	a7,4(a4)
10002386:	c11c                	sw	a5,0(a0)
10002388:	b745                	j	10002328 <_free_r+0x7c>
1000238a:	8082                	ret
1000238c:	00156513          	ori	a0,a0,1
10002390:	fea5ae23          	sw	a0,-4(a1)
10002394:	c21c                	sw	a5,0(a2)
10002396:	1ff00693          	li	a3,511
1000239a:	f8f6fbe3          	bgeu	a3,a5,10002330 <_free_r+0x84>
1000239e:	0097d693          	srli	a3,a5,0x9
100023a2:	4611                	li	a2,4
100023a4:	08d66b63          	bltu	a2,a3,1000243a <_free_r+0x18e>
100023a8:	0067d693          	srli	a3,a5,0x6
100023ac:	03968593          	addi	a1,a3,57
100023b0:	058e                	slli	a1,a1,0x3
100023b2:	03868613          	addi	a2,a3,56
100023b6:	95c2                	add	a1,a1,a6
100023b8:	4194                	lw	a3,0(a1)
100023ba:	15e1                	addi	a1,a1,-8
100023bc:	00d59663          	bne	a1,a3,100023c8 <_free_r+0x11c>
100023c0:	a0c9                	j	10002482 <_free_r+0x1d6>
100023c2:	4694                	lw	a3,8(a3)
100023c4:	00d58663          	beq	a1,a3,100023d0 <_free_r+0x124>
100023c8:	42d0                	lw	a2,4(a3)
100023ca:	9a71                	andi	a2,a2,-4
100023cc:	fec7ebe3          	bltu	a5,a2,100023c2 <_free_r+0x116>
100023d0:	46cc                	lw	a1,12(a3)
100023d2:	c74c                	sw	a1,12(a4)
100023d4:	c714                	sw	a3,8(a4)
100023d6:	8522                	mv	a0,s0
100023d8:	4462                	lw	s0,24(sp)
100023da:	40f2                	lw	ra,28(sp)
100023dc:	c598                	sw	a4,8(a1)
100023de:	c6d8                	sw	a4,12(a3)
100023e0:	6105                	addi	sp,sp,32
100023e2:	de4ff06f          	j	100019c6 <__malloc_unlock>
100023e6:	06089963          	bnez	a7,10002458 <_free_r+0x1ac>
100023ea:	464c                	lw	a1,12(a2)
100023ec:	4610                	lw	a2,8(a2)
100023ee:	96be                	add	a3,a3,a5
100023f0:	0016e793          	ori	a5,a3,1
100023f4:	c64c                	sw	a1,12(a2)
100023f6:	c590                	sw	a2,8(a1)
100023f8:	c35c                	sw	a5,4(a4)
100023fa:	9736                	add	a4,a4,a3
100023fc:	c314                	sw	a3,0(a4)
100023fe:	bf99                	j	10002354 <_free_r+0xa8>
10002400:	96be                	add	a3,a3,a5
10002402:	00031a63          	bnez	t1,10002416 <_free_r+0x16a>
10002406:	ff85a783          	lw	a5,-8(a1)
1000240a:	8f1d                	sub	a4,a4,a5
1000240c:	4710                	lw	a2,8(a4)
1000240e:	96be                	add	a3,a3,a5
10002410:	475c                	lw	a5,12(a4)
10002412:	c65c                	sw	a5,12(a2)
10002414:	c790                	sw	a2,8(a5)
10002416:	200047b7          	lui	a5,0x20004
1000241a:	0016e613          	ori	a2,a3,1
1000241e:	dd07a783          	lw	a5,-560(a5) # 20003dd0 <__malloc_trim_threshold>
10002422:	c350                	sw	a2,4(a4)
10002424:	00e82423          	sw	a4,8(a6)
10002428:	f2f6e6e3          	bltu	a3,a5,10002354 <_free_r+0xa8>
1000242c:	8181a583          	lw	a1,-2024(gp) # 20004154 <__malloc_top_pad>
10002430:	8522                	mv	a0,s0
10002432:	3375                	jal	100021de <_malloc_trim_r>
10002434:	b705                	j	10002354 <_free_r+0xa8>
10002436:	97b6                	add	a5,a5,a3
10002438:	bf1d                	j	1000236e <_free_r+0xc2>
1000243a:	4651                	li	a2,20
1000243c:	02d67363          	bgeu	a2,a3,10002462 <_free_r+0x1b6>
10002440:	05400613          	li	a2,84
10002444:	04d66763          	bltu	a2,a3,10002492 <_free_r+0x1e6>
10002448:	00c7d693          	srli	a3,a5,0xc
1000244c:	06f68593          	addi	a1,a3,111
10002450:	058e                	slli	a1,a1,0x3
10002452:	06e68613          	addi	a2,a3,110
10002456:	b785                	j	100023b6 <_free_r+0x10a>
10002458:	0017e693          	ori	a3,a5,1
1000245c:	c354                	sw	a3,4(a4)
1000245e:	c21c                	sw	a5,0(a2)
10002460:	bdd5                	j	10002354 <_free_r+0xa8>
10002462:	05c68593          	addi	a1,a3,92
10002466:	058e                	slli	a1,a1,0x3
10002468:	05b68613          	addi	a2,a3,91
1000246c:	b7a9                	j	100023b6 <_free_r+0x10a>
1000246e:	00e82a23          	sw	a4,20(a6)
10002472:	00e82823          	sw	a4,16(a6)
10002476:	c74c                	sw	a1,12(a4)
10002478:	c70c                	sw	a1,8(a4)
1000247a:	01172223          	sw	a7,4(a4)
1000247e:	c11c                	sw	a5,0(a0)
10002480:	bdd1                	j	10002354 <_free_r+0xa8>
10002482:	00482783          	lw	a5,4(a6)
10002486:	8609                	srai	a2,a2,0x2
10002488:	28c797b3          	bset	a5,a5,a2
1000248c:	00f82223          	sw	a5,4(a6)
10002490:	b789                	j	100023d2 <_free_r+0x126>
10002492:	15400613          	li	a2,340
10002496:	00d66a63          	bltu	a2,a3,100024aa <_free_r+0x1fe>
1000249a:	00f7d693          	srli	a3,a5,0xf
1000249e:	07868593          	addi	a1,a3,120
100024a2:	058e                	slli	a1,a1,0x3
100024a4:	07768613          	addi	a2,a3,119
100024a8:	b739                	j	100023b6 <_free_r+0x10a>
100024aa:	55400613          	li	a2,1364
100024ae:	00d66a63          	bltu	a2,a3,100024c2 <_free_r+0x216>
100024b2:	0127d693          	srli	a3,a5,0x12
100024b6:	07d68593          	addi	a1,a3,125
100024ba:	058e                	slli	a1,a1,0x3
100024bc:	07c68613          	addi	a2,a3,124
100024c0:	bddd                	j	100023b6 <_free_r+0x10a>
100024c2:	3f800593          	li	a1,1016
100024c6:	07e00613          	li	a2,126
100024ca:	b5f5                	j	100023b6 <_free_r+0x10a>

100024cc <_vfprintf_r>:
100024cc:	7145                	addi	sp,sp,-464
100024ce:	1c112623          	sw	ra,460(sp)
100024d2:	1c812423          	sw	s0,456(sp)
100024d6:	1c912223          	sw	s1,452(sp)
100024da:	1ba12023          	sw	s10,416(sp)
100024de:	cc36                	sw	a3,24(sp)
100024e0:	8d32                	mv	s10,a2
100024e2:	84ae                	mv	s1,a1
100024e4:	1d212023          	sw	s2,448(sp)
100024e8:	842a                	mv	s0,a0
100024ea:	c62a                	sw	a0,12(sp)
100024ec:	465020ef          	jal	10005150 <_localeconv_r>
100024f0:	4118                	lw	a4,0(a0)
100024f2:	853a                	mv	a0,a4
100024f4:	da3a                	sw	a4,52(sp)
100024f6:	3151                	jal	1000217a <strlen>
100024f8:	d82a                	sw	a0,48(sp)
100024fa:	c982                	sw	zero,208(sp)
100024fc:	c409                	beqz	s0,10002506 <_vfprintf_r+0x3a>
100024fe:	585c                	lw	a5,52(s0)
10002500:	e399                	bnez	a5,10002506 <_vfprintf_r+0x3a>
10002502:	3da0106f          	j	100038dc <_vfprintf_r+0x1410>
10002506:	00c49783          	lh	a5,12(s1)
1000250a:	50f8                	lw	a4,100(s1)
1000250c:	01279693          	slli	a3,a5,0x12
10002510:	2406c563          	bltz	a3,1000275a <_vfprintf_r+0x28e>
10002514:	28d79793          	bseti	a5,a5,0xd
10002518:	48d71713          	bclri	a4,a4,0xd
1000251c:	00f49623          	sh	a5,12(s1)
10002520:	d0f8                	sw	a4,100(s1)
10002522:	60579793          	sext.h	a5,a5
10002526:	0087f713          	andi	a4,a5,8
1000252a:	1c070e63          	beqz	a4,10002706 <_vfprintf_r+0x23a>
1000252e:	4898                	lw	a4,16(s1)
10002530:	1c070b63          	beqz	a4,10002706 <_vfprintf_r+0x23a>
10002534:	8be9                	andi	a5,a5,26
10002536:	4729                	li	a4,10
10002538:	1ee78263          	beq	a5,a4,1000271c <_vfprintf_r+0x250>
1000253c:	100087b7          	lui	a5,0x10008
10002540:	1b312e23          	sw	s3,444(sp)
10002544:	1b412c23          	sw	s4,440(sp)
10002548:	0ec10993          	addi	s3,sp,236
1000254c:	10008a37          	lui	s4,0x10008
10002550:	b0078793          	addi	a5,a5,-1280 # 10007b00 <_ctype_+0x104>
10002554:	1b612823          	sw	s6,432(sp)
10002558:	1b512a23          	sw	s5,436(sp)
1000255c:	1b712623          	sw	s7,428(sp)
10002560:	1b812423          	sw	s8,424(sp)
10002564:	1b912223          	sw	s9,420(sp)
10002568:	19b12e23          	sw	s11,412(sp)
1000256c:	c782                	sw	zero,204(sp)
1000256e:	c582                	sw	zero,200(sp)
10002570:	c3ce                	sw	s3,196(sp)
10002572:	8b4e                	mv	s6,s3
10002574:	d03e                	sw	a5,32(sp)
10002576:	c6ca0a13          	addi	s4,s4,-916 # 10007c6c <zeroes.0>
1000257a:	d202                	sw	zero,36(sp)
1000257c:	dc02                	sw	zero,56(sp)
1000257e:	de02                	sw	zero,60(sp)
10002580:	c882                	sw	zero,80(sp)
10002582:	c082                	sw	zero,64(sp)
10002584:	4441                	li	s0,16
10002586:	ca02                	sw	zero,20(sp)
10002588:	000d4783          	lbu	a5,0(s10)
1000258c:	8aea                	mv	s5,s10
1000258e:	fdb78713          	addi	a4,a5,-37
10002592:	c329                	beqz	a4,100025d4 <_vfprintf_r+0x108>
10002594:	c3a1                	beqz	a5,100025d4 <_vfprintf_r+0x108>
10002596:	8c56                	mv	s8,s5
10002598:	001ac783          	lbu	a5,1(s5)
1000259c:	0a85                	addi	s5,s5,1
1000259e:	c781                	beqz	a5,100025a6 <_vfprintf_r+0xda>
100025a0:	fdb78713          	addi	a4,a5,-37
100025a4:	fb6d                	bnez	a4,10002596 <_vfprintf_r+0xca>
100025a6:	41aa8cb3          	sub	s9,s5,s10
100025aa:	03aa8563          	beq	s5,s10,100025d4 <_vfprintf_r+0x108>
100025ae:	47be                	lw	a5,204(sp)
100025b0:	452e                	lw	a0,200(sp)
100025b2:	01ab2023          	sw	s10,0(s6)
100025b6:	97e6                	add	a5,a5,s9
100025b8:	0505                	addi	a0,a0,1
100025ba:	019b2223          	sw	s9,4(s6)
100025be:	c7be                	sw	a5,204(sp)
100025c0:	c5aa                	sw	a0,200(sp)
100025c2:	479d                	li	a5,7
100025c4:	0b21                	addi	s6,s6,8
100025c6:	18a7c063          	blt	a5,a0,10002746 <_vfprintf_r+0x27a>
100025ca:	47d2                	lw	a5,20(sp)
100025cc:	97e6                	add	a5,a5,s9
100025ce:	ca3e                	sw	a5,20(sp)
100025d0:	001c4783          	lbu	a5,1(s8)
100025d4:	e399                	bnez	a5,100025da <_vfprintf_r+0x10e>
100025d6:	3da0106f          	j	100039b0 <_vfprintf_r+0x14e4>
100025da:	001ac883          	lbu	a7,1(s5)
100025de:	001a8d13          	addi	s10,s5,1
100025e2:	0a0101a3          	sb	zero,163(sp)
100025e6:	5afd                	li	s5,-1
100025e8:	c802                	sw	zero,16(sp)
100025ea:	4b81                	li	s7,0
100025ec:	05a00c13          	li	s8,90
100025f0:	0d05                	addi	s10,s10,1
100025f2:	fe088793          	addi	a5,a7,-32
100025f6:	02fc6c63          	bltu	s8,a5,1000262e <_vfprintf_r+0x162>
100025fa:	5702                	lw	a4,32(sp)
100025fc:	20e7c7b3          	sh2add	a5,a5,a4
10002600:	439c                	lw	a5,0(a5)
10002602:	8782                	jr	a5
10002604:	fd088793          	addi	a5,a7,-48
10002608:	c802                	sw	zero,16(sp)
1000260a:	46a5                	li	a3,9
1000260c:	4742                	lw	a4,16(sp)
1000260e:	000d4883          	lbu	a7,0(s10)
10002612:	0d05                	addi	s10,s10,1
10002614:	20e74733          	sh2add	a4,a4,a4
10002618:	20f727b3          	sh1add	a5,a4,a5
1000261c:	c83e                	sw	a5,16(sp)
1000261e:	fd088793          	addi	a5,a7,-48
10002622:	fef6f5e3          	bgeu	a3,a5,1000260c <_vfprintf_r+0x140>
10002626:	fe088793          	addi	a5,a7,-32
1000262a:	fcfc78e3          	bgeu	s8,a5,100025fa <_vfprintf_r+0x12e>
1000262e:	00089463          	bnez	a7,10002636 <_vfprintf_r+0x16a>
10002632:	37e0106f          	j	100039b0 <_vfprintf_r+0x14e4>
10002636:	4c85                	li	s9,1
10002638:	13110623          	sb	a7,300(sp)
1000263c:	0a0101a3          	sb	zero,163(sp)
10002640:	8c66                	mv	s8,s9
10002642:	ce02                	sw	zero,28(sp)
10002644:	4a81                	li	s5,0
10002646:	d602                	sw	zero,44(sp)
10002648:	d402                	sw	zero,40(sp)
1000264a:	4e01                	li	t3,0
1000264c:	127c                	addi	a5,sp,300
1000264e:	463e                	lw	a2,204(sp)
10002650:	084bfd93          	andi	s11,s7,132
10002654:	8832                	mv	a6,a2
10002656:	760d8e63          	beqz	s11,10002dd2 <_vfprintf_r+0x906>
1000265a:	0a314703          	lbu	a4,163(sp)
1000265e:	c331                	beqz	a4,100026a2 <_vfprintf_r+0x1d6>
10002660:	45ae                	lw	a1,200(sp)
10002662:	4701                	li	a4,0
10002664:	0a310513          	addi	a0,sp,163
10002668:	00ab2023          	sw	a0,0(s6)
1000266c:	0605                	addi	a2,a2,1
1000266e:	4505                	li	a0,1
10002670:	0585                	addi	a1,a1,1
10002672:	00ab2223          	sw	a0,4(s6)
10002676:	c7b2                	sw	a2,204(sp)
10002678:	c5ae                	sw	a1,200(sp)
1000267a:	451d                	li	a0,7
1000267c:	0b21                	addi	s6,s6,8
1000267e:	3cb54c63          	blt	a0,a1,10002a56 <_vfprintf_r+0x58a>
10002682:	c305                	beqz	a4,100026a2 <_vfprintf_r+0x1d6>
10002684:	45ae                	lw	a1,200(sp)
10002686:	1158                	addi	a4,sp,164
10002688:	00eb2023          	sw	a4,0(s6)
1000268c:	0609                	addi	a2,a2,2
1000268e:	4709                	li	a4,2
10002690:	0585                	addi	a1,a1,1
10002692:	00eb2223          	sw	a4,4(s6)
10002696:	c7b2                	sw	a2,204(sp)
10002698:	c5ae                	sw	a1,200(sp)
1000269a:	471d                	li	a4,7
1000269c:	0b21                	addi	s6,s6,8
1000269e:	42b74ee3          	blt	a4,a1,100032da <_vfprintf_r+0xe0e>
100026a2:	08000713          	li	a4,128
100026a6:	30ed81e3          	beq	s11,a4,100031a8 <_vfprintf_r+0xcdc>
100026aa:	419a8ab3          	sub	s5,s5,s9
100026ae:	73504f63          	bgtz	s5,10002dec <_vfprintf_r+0x920>
100026b2:	100bf713          	andi	a4,s7,256
100026b6:	7c071963          	bnez	a4,10002e88 <_vfprintf_r+0x9bc>
100026ba:	00fb2023          	sw	a5,0(s6)
100026be:	47ae                	lw	a5,200(sp)
100026c0:	9666                	add	a2,a2,s9
100026c2:	c7b2                	sw	a2,204(sp)
100026c4:	0785                	addi	a5,a5,1
100026c6:	019b2223          	sw	s9,4(s6)
100026ca:	471d                	li	a4,7
100026cc:	c5be                	sw	a5,200(sp)
100026ce:	46f74163          	blt	a4,a5,10002b30 <_vfprintf_r+0x664>
100026d2:	0b21                	addi	s6,s6,8
100026d4:	004bf313          	andi	t1,s7,4
100026d8:	00030763          	beqz	t1,100026e6 <_vfprintf_r+0x21a>
100026dc:	47c2                	lw	a5,16(sp)
100026de:	41878ab3          	sub	s5,a5,s8
100026e2:	41504ce3          	bgtz	s5,100032fa <_vfprintf_r+0xe2e>
100026e6:	47c2                	lw	a5,16(sp)
100026e8:	0b87e6b3          	max	a3,a5,s8
100026ec:	47d2                	lw	a5,20(sp)
100026ee:	97b6                	add	a5,a5,a3
100026f0:	ca3e                	sw	a5,20(sp)
100026f2:	360617e3          	bnez	a2,10003260 <_vfprintf_r+0xd94>
100026f6:	47f2                	lw	a5,28(sp)
100026f8:	c582                	sw	zero,200(sp)
100026fa:	c781                	beqz	a5,10002702 <_vfprintf_r+0x236>
100026fc:	45f2                	lw	a1,28(sp)
100026fe:	4532                	lw	a0,12(sp)
10002700:	3675                	jal	100022ac <_free_r>
10002702:	8b4e                	mv	s6,s3
10002704:	b551                	j	10002588 <_vfprintf_r+0xbc>
10002706:	4532                	lw	a0,12(sp)
10002708:	85a6                	mv	a1,s1
1000270a:	067020ef          	jal	10004f70 <__swsetup_r>
1000270e:	e931                	bnez	a0,10002762 <_vfprintf_r+0x296>
10002710:	00c49783          	lh	a5,12(s1)
10002714:	4729                	li	a4,10
10002716:	8be9                	andi	a5,a5,26
10002718:	e2e792e3          	bne	a5,a4,1000253c <_vfprintf_r+0x70>
1000271c:	00e49783          	lh	a5,14(s1)
10002720:	e007cee3          	bltz	a5,1000253c <_vfprintf_r+0x70>
10002724:	46e2                	lw	a3,24(sp)
10002726:	4532                	lw	a0,12(sp)
10002728:	866a                	mv	a2,s10
1000272a:	85a6                	mv	a1,s1
1000272c:	653010ef          	jal	1000457e <__sbprintf>
10002730:	892a                	mv	s2,a0
10002732:	3750006f          	j	100032a6 <_vfprintf_r+0xdda>
10002736:	000d4883          	lbu	a7,0(s10)
1000273a:	bd5d                	j	100025f0 <_vfprintf_r+0x124>
1000273c:	000d4883          	lbu	a7,0(s10)
10002740:	020beb93          	ori	s7,s7,32
10002744:	b575                	j	100025f0 <_vfprintf_r+0x124>
10002746:	4532                	lw	a0,12(sp)
10002748:	01d0                	addi	a2,sp,196
1000274a:	85a6                	mv	a1,s1
1000274c:	6c3010ef          	jal	1000460e <__sprint_r>
10002750:	c119                	beqz	a0,10002756 <_vfprintf_r+0x28a>
10002752:	4390106f          	j	1000438a <_vfprintf_r+0x1ebe>
10002756:	8b4e                	mv	s6,s3
10002758:	bd8d                	j	100025ca <_vfprintf_r+0xfe>
1000275a:	01271693          	slli	a3,a4,0x12
1000275e:	dc06d4e3          	bgez	a3,10002526 <_vfprintf_r+0x5a>
10002762:	597d                	li	s2,-1
10002764:	3430006f          	j	100032a6 <_vfprintf_r+0xdda>
10002768:	008bf793          	andi	a5,s7,8
1000276c:	660790e3          	bnez	a5,100035cc <_vfprintf_r+0x1100>
10002770:	47e2                	lw	a5,24(sp)
10002772:	0908                	addi	a0,sp,144
10002774:	ce46                	sw	a7,28(sp)
10002776:	079d                	addi	a5,a5,7
10002778:	9be1                	andi	a5,a5,-8
1000277a:	43d0                	lw	a2,4(a5)
1000277c:	438c                	lw	a1,0(a5)
1000277e:	07a1                	addi	a5,a5,8
10002780:	cc3e                	sw	a5,24(sp)
10002782:	10001097          	auipc	ra,0x10001
10002786:	c48080e7          	jalr	-952(ra) # 200033ca <__extenddftf2>
1000278a:	464a                	lw	a2,144(sp)
1000278c:	46da                	lw	a3,148(sp)
1000278e:	476a                	lw	a4,152(sp)
10002790:	47fa                	lw	a5,156(sp)
10002792:	48f2                	lw	a7,28(sp)
10002794:	0988                	addi	a0,sp,208
10002796:	ce46                	sw	a7,28(sp)
10002798:	cfbe                	sw	a5,220(sp)
1000279a:	c9b2                	sw	a2,208(sp)
1000279c:	cbb6                	sw	a3,212(sp)
1000279e:	cdba                	sw	a4,216(sp)
100027a0:	52b020ef          	jal	100054ca <_ldcheck>
100027a4:	d52a                	sw	a0,168(sp)
100027a6:	4789                	li	a5,2
100027a8:	48f2                	lw	a7,28(sp)
100027aa:	00f51463          	bne	a0,a5,100027b2 <_vfprintf_r+0x2e6>
100027ae:	1920106f          	j	10003940 <_vfprintf_r+0x1474>
100027b2:	4785                	li	a5,1
100027b4:	00f51463          	bne	a0,a5,100027bc <_vfprintf_r+0x2f0>
100027b8:	2a60106f          	j	10003a5e <_vfprintf_r+0x1592>
100027bc:	fdf8fc13          	andi	s8,a7,-33
100027c0:	04100793          	li	a5,65
100027c4:	00fc0463          	beq	s8,a5,100027cc <_vfprintf_r+0x300>
100027c8:	2d20106f          	j	10003a9a <_vfprintf_r+0x15ce>
100027cc:	03000793          	li	a5,48
100027d0:	0af10223          	sb	a5,164(sp)
100027d4:	06100713          	li	a4,97
100027d8:	05800793          	li	a5,88
100027dc:	00e89463          	bne	a7,a4,100027e4 <_vfprintf_r+0x318>
100027e0:	6440106f          	j	10003e24 <_vfprintf_r+0x1958>
100027e4:	0af102a3          	sb	a5,165(sp)
100027e8:	06300793          	li	a5,99
100027ec:	0157d463          	bge	a5,s5,100027f4 <_vfprintf_r+0x328>
100027f0:	6fe0106f          	j	10003eee <_vfprintf_r+0x1a22>
100027f4:	477e                	lw	a4,220(sp)
100027f6:	46ce                	lw	a3,208(sp)
100027f8:	465e                	lw	a2,212(sp)
100027fa:	45ee                	lw	a1,216(sp)
100027fc:	00075463          	bgez	a4,10002804 <_vfprintf_r+0x338>
10002800:	2df0106f          	j	100042de <_vfprintf_r+0x1e12>
10002804:	c282                	sw	zero,68(sp)
10002806:	ce02                	sw	zero,28(sp)
10002808:	127c                	addi	a5,sp,300
1000280a:	09010d93          	addi	s11,sp,144
1000280e:	c332                	sw	a2,132(sp)
10002810:	c52e                	sw	a1,136(sp)
10002812:	856e                	mv	a0,s11
10002814:	010c                	addi	a1,sp,128
10002816:	1130                	addi	a2,sp,168
10002818:	c4be                	sw	a5,72(sp)
1000281a:	dc46                	sw	a7,56(sp)
1000281c:	c136                	sw	a3,128(sp)
1000281e:	c73a                	sw	a4,140(sp)
10002820:	225020ef          	jal	10005244 <frexpl>
10002824:	476a                	lw	a4,152(sp)
10002826:	464a                	lw	a2,144(sp)
10002828:	46da                	lw	a3,148(sp)
1000282a:	c53a                	sw	a4,136(sp)
1000282c:	477a                	lw	a4,156(sp)
1000282e:	c132                	sw	a2,128(sp)
10002830:	c336                	sw	a3,132(sp)
10002832:	1890                	addi	a2,sp,112
10002834:	3ffc06b7          	lui	a3,0x3ffc0
10002838:	010c                	addi	a1,sp,128
1000283a:	856e                	mv	a0,s11
1000283c:	deb6                	sw	a3,124(sp)
1000283e:	c73a                	sw	a4,140(sp)
10002840:	d882                	sw	zero,112(sp)
10002842:	da82                	sw	zero,116(sp)
10002844:	dc82                	sw	zero,120(sp)
10002846:	0ffff097          	auipc	ra,0xffff
1000284a:	1d6080e7          	jalr	470(ra) # 20001a1c <__multf3>
1000284e:	434a                	lw	t1,144(sp)
10002850:	485a                	lw	a6,148(sp)
10002852:	466a                	lw	a2,152(sp)
10002854:	010c                	addi	a1,sp,128
10002856:	856e                	mv	a0,s11
10002858:	d61a                	sw	t1,44(sp)
1000285a:	d442                	sw	a6,40(sp)
1000285c:	d232                	sw	a2,36(sp)
1000285e:	c102                	sw	zero,128(sp)
10002860:	c302                	sw	zero,132(sp)
10002862:	c502                	sw	zero,136(sp)
10002864:	c702                	sw	zero,140(sp)
10002866:	0ffff097          	auipc	ra,0xffff
1000286a:	f20080e7          	jalr	-224(ra) # 20001786 <__eqtf2>
1000286e:	002be913          	ori	s2,s7,2
10002872:	5612                	lw	a2,36(sp)
10002874:	4bfa                	lw	s7,156(sp)
10002876:	5822                	lw	a6,40(sp)
10002878:	5332                	lw	t1,44(sp)
1000287a:	58e2                	lw	a7,56(sp)
1000287c:	47a6                	lw	a5,72(sp)
1000287e:	e119                	bnez	a0,10002884 <_vfprintf_r+0x3b8>
10002880:	4685                	li	a3,1
10002882:	d536                	sw	a3,168(sp)
10002884:	06100693          	li	a3,97
10002888:	00d89463          	bne	a7,a3,10002890 <_vfprintf_r+0x3c4>
1000288c:	41d0106f          	j	100044a8 <_vfprintf_r+0x1fdc>
10002890:	100086b7          	lui	a3,0x10008
10002894:	8d068713          	addi	a4,a3,-1840 # 100078d0 <__EH_FRAME_BEGIN__+0x124>
10002898:	d23a                	sw	a4,36(sp)
1000289a:	d45a                	sw	s6,40(sp)
1000289c:	c4ca                	sw	s2,72(sp)
1000289e:	8cde                	mv	s9,s7
100028a0:	caa6                	sw	s1,84(sp)
100028a2:	d646                	sw	a7,44(sp)
100028a4:	5492                	lw	s1,36(sp)
100028a6:	dc3e                	sw	a5,56(sp)
100028a8:	893e                	mv	s2,a5
100028aa:	c6ea                	sw	s10,76(sp)
100028ac:	8b1a                	mv	s6,t1
100028ae:	8c32                	mv	s8,a2
100028b0:	8bc2                	mv	s7,a6
100028b2:	a01d                	j	100028d8 <_vfprintf_r+0x40c>
100028b4:	010c                	addi	a1,sp,128
100028b6:	856e                	mv	a0,s11
100028b8:	c95a                	sw	s6,144(sp)
100028ba:	cb5e                	sw	s7,148(sp)
100028bc:	cd62                	sw	s8,152(sp)
100028be:	cf66                	sw	s9,156(sp)
100028c0:	c102                	sw	zero,128(sp)
100028c2:	c302                	sw	zero,132(sp)
100028c4:	c502                	sw	zero,136(sp)
100028c6:	c702                	sw	zero,140(sp)
100028c8:	0ffff097          	auipc	ra,0xffff
100028cc:	ebe080e7          	jalr	-322(ra) # 20001786 <__eqtf2>
100028d0:	e119                	bnez	a0,100028d6 <_vfprintf_r+0x40a>
100028d2:	2d50106f          	j	100043a6 <_vfprintf_r+0x1eda>
100028d6:	1afd                	addi	s5,s5,-1
100028d8:	400307b7          	lui	a5,0x40030
100028dc:	1890                	addi	a2,sp,112
100028de:	010c                	addi	a1,sp,128
100028e0:	856e                	mv	a0,s11
100028e2:	debe                	sw	a5,124(sp)
100028e4:	c15a                	sw	s6,128(sp)
100028e6:	c35e                	sw	s7,132(sp)
100028e8:	c562                	sw	s8,136(sp)
100028ea:	c766                	sw	s9,140(sp)
100028ec:	d882                	sw	zero,112(sp)
100028ee:	da82                	sw	zero,116(sp)
100028f0:	dc82                	sw	zero,120(sp)
100028f2:	0ffff097          	auipc	ra,0xffff
100028f6:	12a080e7          	jalr	298(ra) # 20001a1c <__multf3>
100028fa:	856e                	mv	a0,s11
100028fc:	10001097          	auipc	ra,0x10001
10002900:	982080e7          	jalr	-1662(ra) # 2000327e <__fixtfsi>
10002904:	85aa                	mv	a1,a0
10002906:	8d2a                	mv	s10,a0
10002908:	856e                	mv	a0,s11
1000290a:	4cca                	lw	s9,144(sp)
1000290c:	4c5a                	lw	s8,148(sp)
1000290e:	4bea                	lw	s7,152(sp)
10002910:	4b7a                	lw	s6,156(sp)
10002912:	10001097          	auipc	ra,0x10001
10002916:	a04080e7          	jalr	-1532(ra) # 20003316 <__floatsitf>
1000291a:	476a                	lw	a4,152(sp)
1000291c:	464a                	lw	a2,144(sp)
1000291e:	46da                	lw	a3,148(sp)
10002920:	d4ba                	sw	a4,104(sp)
10002922:	477a                	lw	a4,156(sp)
10002924:	d0b2                	sw	a2,96(sp)
10002926:	188c                	addi	a1,sp,112
10002928:	1090                	addi	a2,sp,96
1000292a:	0108                	addi	a0,sp,128
1000292c:	d8e6                	sw	s9,112(sp)
1000292e:	dae2                	sw	s8,116(sp)
10002930:	dcde                	sw	s7,120(sp)
10002932:	deda                	sw	s6,124(sp)
10002934:	d6ba                	sw	a4,108(sp)
10002936:	d2b6                	sw	a3,100(sp)
10002938:	10000097          	auipc	ra,0x10000
1000293c:	b66080e7          	jalr	-1178(ra) # 2000249e <__subtf3>
10002940:	01a48733          	add	a4,s1,s10
10002944:	00074583          	lbu	a1,0(a4)
10002948:	874a                	mv	a4,s2
1000294a:	0905                	addi	s2,s2,1
1000294c:	4b0a                	lw	s6,128(sp)
1000294e:	4b9a                	lw	s7,132(sp)
10002950:	4c2a                	lw	s8,136(sp)
10002952:	4cba                	lw	s9,140(sp)
10002954:	feb90fa3          	sb	a1,-1(s2)
10002958:	f40a9ee3          	bnez	s5,100028b4 <_vfprintf_r+0x3e8>
1000295c:	58b2                	lw	a7,44(sp)
1000295e:	57e2                	lw	a5,56(sp)
10002960:	835a                	mv	t1,s6
10002962:	885e                	mv	a6,s7
10002964:	8662                	mv	a2,s8
10002966:	8be6                	mv	s7,s9
10002968:	3ffe0ab7          	lui	s5,0x3ffe0
1000296c:	010c                	addi	a1,sp,128
1000296e:	856e                	mv	a0,s11
10002970:	ceba                	sw	a4,92(sp)
10002972:	ccc6                	sw	a7,88(sp)
10002974:	d63e                	sw	a5,44(sp)
10002976:	44d6                	lw	s1,84(sp)
10002978:	8c4a                	mv	s8,s2
1000297a:	8cea                	mv	s9,s10
1000297c:	4926                	lw	s2,72(sp)
1000297e:	4d36                	lw	s10,76(sp)
10002980:	c91a                	sw	t1,144(sp)
10002982:	ca9a                	sw	t1,84(sp)
10002984:	cb42                	sw	a6,148(sp)
10002986:	c6c2                	sw	a6,76(sp)
10002988:	cd32                	sw	a2,152(sp)
1000298a:	c4b2                	sw	a2,72(sp)
1000298c:	cf5e                	sw	s7,156(sp)
1000298e:	c102                	sw	zero,128(sp)
10002990:	c302                	sw	zero,132(sp)
10002992:	c502                	sw	zero,136(sp)
10002994:	c756                	sw	s5,140(sp)
10002996:	0ffff097          	auipc	ra,0xffff
1000299a:	eaa080e7          	jalr	-342(ra) # 20001840 <__getf2>
1000299e:	5b22                	lw	s6,40(sp)
100029a0:	57b2                	lw	a5,44(sp)
100029a2:	48e6                	lw	a7,88(sp)
100029a4:	4776                	lw	a4,92(sp)
100029a6:	02a04263          	bgtz	a0,100029ca <_vfprintf_r+0x4fe>
100029aa:	010c                	addi	a1,sp,128
100029ac:	856e                	mv	a0,s11
100029ae:	d646                	sw	a7,44(sp)
100029b0:	d43a                	sw	a4,40(sp)
100029b2:	0ffff097          	auipc	ra,0xffff
100029b6:	dd4080e7          	jalr	-556(ra) # 20001786 <__eqtf2>
100029ba:	58b2                	lw	a7,44(sp)
100029bc:	57e2                	lw	a5,56(sp)
100029be:	e539                	bnez	a0,10002a0c <_vfprintf_r+0x540>
100029c0:	001cfc93          	andi	s9,s9,1
100029c4:	5722                	lw	a4,40(sp)
100029c6:	040c8363          	beqz	s9,10002a0c <_vfprintf_r+0x540>
100029ca:	d93a                	sw	a4,176(sp)
100029cc:	5712                	lw	a4,36(sp)
100029ce:	fffc4603          	lbu	a2,-1(s8)
100029d2:	00f74583          	lbu	a1,15(a4)
100029d6:	8762                	mv	a4,s8
100029d8:	00c59e63          	bne	a1,a2,100029f4 <_vfprintf_r+0x528>
100029dc:	03000513          	li	a0,48
100029e0:	fea70fa3          	sb	a0,-1(a4)
100029e4:	574a                	lw	a4,176(sp)
100029e6:	fff70693          	addi	a3,a4,-1
100029ea:	d936                	sw	a3,176(sp)
100029ec:	fff74603          	lbu	a2,-1(a4)
100029f0:	fec588e3          	beq	a1,a2,100029e0 <_vfprintf_r+0x514>
100029f4:	00160593          	addi	a1,a2,1
100029f8:	03900513          	li	a0,57
100029fc:	0ff5f593          	zext.b	a1,a1
10002a00:	00a61463          	bne	a2,a0,10002a08 <_vfprintf_r+0x53c>
10002a04:	6920106f          	j	10004096 <_vfprintf_r+0x1bca>
10002a08:	feb70fa3          	sb	a1,-1(a4)
10002a0c:	562a                	lw	a2,168(sp)
10002a0e:	00f88713          	addi	a4,a7,15
10002a12:	0ae10a23          	sb	a4,180(sp)
10002a16:	40fc06b3          	sub	a3,s8,a5
10002a1a:	fff60713          	addi	a4,a2,-1
10002a1e:	d53a                	sw	a4,168(sp)
10002a20:	d236                	sw	a3,36(sp)
10002a22:	00075463          	bgez	a4,10002a2a <_vfprintf_r+0x55e>
10002a26:	25b0106f          	j	10004480 <_vfprintf_r+0x1fb4>
10002a2a:	02b00693          	li	a3,43
10002a2e:	0ad10aa3          	sb	a3,181(sp)
10002a32:	46a5                	li	a3,9
10002a34:	00e6d463          	bge	a3,a4,10002a3c <_vfprintf_r+0x570>
10002a38:	5c00106f          	j	10003ff8 <_vfprintf_r+0x1b2c>
10002a3c:	0b610693          	addi	a3,sp,182
10002a40:	03070713          	addi	a4,a4,48
10002a44:	00e68023          	sb	a4,0(a3)
10002a48:	0b18                	addi	a4,sp,400
10002a4a:	8e99                	sub	a3,a3,a4
10002a4c:	0dd68713          	addi	a4,a3,221
10002a50:	dc3a                	sw	a4,56(sp)
10002a52:	60c0106f          	j	1000405e <_vfprintf_r+0x1b92>
10002a56:	4532                	lw	a0,12(sp)
10002a58:	01d0                	addi	a2,sp,196
10002a5a:	85a6                	mv	a1,s1
10002a5c:	caf2                	sw	t3,84(sp)
10002a5e:	c6be                	sw	a5,76(sp)
10002a60:	c4c6                	sw	a7,72(sp)
10002a62:	c2ba                	sw	a4,68(sp)
10002a64:	3ab010ef          	jal	1000460e <__sprint_r>
10002a68:	000513e3          	bnez	a0,1000326e <_vfprintf_r+0xda2>
10002a6c:	463e                	lw	a2,204(sp)
10002a6e:	4e56                	lw	t3,84(sp)
10002a70:	47b6                	lw	a5,76(sp)
10002a72:	48a6                	lw	a7,72(sp)
10002a74:	4716                	lw	a4,68(sp)
10002a76:	8b4e                	mv	s6,s3
10002a78:	b129                	j	10002682 <_vfprintf_r+0x1b6>
10002a7a:	4aae                	lw	s5,200(sp)
10002a7c:	5692                	lw	a3,36(sp)
10002a7e:	4705                	li	a4,1
10002a80:	963a                	add	a2,a2,a4
10002a82:	9aba                	add	s5,s5,a4
10002a84:	008b0d93          	addi	s11,s6,8
10002a88:	2ad751e3          	bge	a4,a3,1000352a <_vfprintf_r+0x105e>
10002a8c:	4705                	li	a4,1
10002a8e:	00eb2223          	sw	a4,4(s6)
10002a92:	00fb2023          	sw	a5,0(s6)
10002a96:	c7b2                	sw	a2,204(sp)
10002a98:	c5d6                	sw	s5,200(sp)
10002a9a:	471d                	li	a4,7
10002a9c:	535747e3          	blt	a4,s5,100037ca <_vfprintf_r+0x12fe>
10002aa0:	5742                	lw	a4,48(sp)
10002aa2:	0a85                	addi	s5,s5,1 # 3ffe0001 <__StackTop+0x1ff5e001>
10002aa4:	c5d6                	sw	s5,200(sp)
10002aa6:	963a                	add	a2,a2,a4
10002aa8:	5752                	lw	a4,52(sp)
10002aaa:	c7b2                	sw	a2,204(sp)
10002aac:	0da1                	addi	s11,s11,8
10002aae:	feedac23          	sw	a4,-8(s11)
10002ab2:	5742                	lw	a4,48(sp)
10002ab4:	feedae23          	sw	a4,-4(s11)
10002ab8:	471d                	li	a4,7
10002aba:	535746e3          	blt	a4,s5,100037e6 <_vfprintf_r+0x131a>
10002abe:	476e                	lw	a4,216(sp)
10002ac0:	454e                	lw	a0,208(sp)
10002ac2:	45de                	lw	a1,212(sp)
10002ac4:	d63e                	sw	a5,44(sp)
10002ac6:	cd3a                	sw	a4,152(sp)
10002ac8:	5792                	lw	a5,36(sp)
10002aca:	477e                	lw	a4,220(sp)
10002acc:	c92a                	sw	a0,144(sp)
10002ace:	cb2e                	sw	a1,148(sp)
10002ad0:	0908                	addi	a0,sp,144
10002ad2:	010c                	addi	a1,sp,128
10002ad4:	d432                	sw	a2,40(sp)
10002ad6:	c102                	sw	zero,128(sp)
10002ad8:	c302                	sw	zero,132(sp)
10002ada:	c502                	sw	zero,136(sp)
10002adc:	c702                	sw	zero,140(sp)
10002ade:	cf3a                	sw	a4,156(sp)
10002ae0:	fff78b13          	addi	s6,a5,-1 # 4002ffff <__StackTop+0x1ffadfff>
10002ae4:	0ffff097          	auipc	ra,0xffff
10002ae8:	ca2080e7          	jalr	-862(ra) # 20001786 <__eqtf2>
10002aec:	5622                	lw	a2,40(sp)
10002aee:	260507e3          	beqz	a0,1000355c <_vfprintf_r+0x1090>
10002af2:	57b2                	lw	a5,44(sp)
10002af4:	0a85                	addi	s5,s5,1
10002af6:	965a                	add	a2,a2,s6
10002af8:	0785                	addi	a5,a5,1
10002afa:	c5d6                	sw	s5,200(sp)
10002afc:	c7b2                	sw	a2,204(sp)
10002afe:	00fda023          	sw	a5,0(s11)
10002b02:	016da223          	sw	s6,4(s11)
10002b06:	479d                	li	a5,7
10002b08:	2357cee3          	blt	a5,s5,10003544 <_vfprintf_r+0x1078>
10002b0c:	0da1                	addi	s11,s11,8
10002b0e:	57e2                	lw	a5,56(sp)
10002b10:	56e2                	lw	a3,56(sp)
10002b12:	1958                	addi	a4,sp,180
10002b14:	963e                	add	a2,a2,a5
10002b16:	001a8793          	addi	a5,s5,1
10002b1a:	00eda023          	sw	a4,0(s11)
10002b1e:	c7b2                	sw	a2,204(sp)
10002b20:	c5be                	sw	a5,200(sp)
10002b22:	00dda223          	sw	a3,4(s11)
10002b26:	471d                	li	a4,7
10002b28:	008d8b13          	addi	s6,s11,8
10002b2c:	baf754e3          	bge	a4,a5,100026d4 <_vfprintf_r+0x208>
10002b30:	4532                	lw	a0,12(sp)
10002b32:	01d0                	addi	a2,sp,196
10002b34:	85a6                	mv	a1,s1
10002b36:	2d9010ef          	jal	1000460e <__sprint_r>
10002b3a:	72051a63          	bnez	a0,1000326e <_vfprintf_r+0xda2>
10002b3e:	463e                	lw	a2,204(sp)
10002b40:	8b4e                	mv	s6,s3
10002b42:	be49                	j	100026d4 <_vfprintf_r+0x208>
10002b44:	47e2                	lw	a5,24(sp)
10002b46:	4762                	lw	a4,24(sp)
10002b48:	0a0101a3          	sb	zero,163(sp)
10002b4c:	439c                	lw	a5,0(a5)
10002b4e:	00470913          	addi	s2,a4,4
10002b52:	3a078de3          	beqz	a5,1000370c <_vfprintf_r+0x1240>
10002b56:	660ac7e3          	bltz	s5,100039c4 <_vfprintf_r+0x14f8>
10002b5a:	853e                	mv	a0,a5
10002b5c:	8656                	mv	a2,s5
10002b5e:	4581                	li	a1,0
10002b60:	d446                	sw	a7,40(sp)
10002b62:	cc3e                	sw	a5,24(sp)
10002b64:	500020ef          	jal	10005064 <memchr>
10002b68:	ce2a                	sw	a0,28(sp)
10002b6a:	0a314703          	lbu	a4,163(sp)
10002b6e:	47e2                	lw	a5,24(sp)
10002b70:	58a2                	lw	a7,40(sp)
10002b72:	e119                	bnez	a0,10002b78 <_vfprintf_r+0x6ac>
10002b74:	67c0106f          	j	100041f0 <_vfprintf_r+0x1d24>
10002b78:	40f50cb3          	sub	s9,a0,a5
10002b7c:	0a0cec33          	max	s8,s9,zero
10002b80:	c311                	beqz	a4,10002b84 <_vfprintf_r+0x6b8>
10002b82:	0c05                	addi	s8,s8,1
10002b84:	cc4a                	sw	s2,24(sp)
10002b86:	3990006f          	j	1000371e <_vfprintf_r+0x1252>
10002b8a:	020bf793          	andi	a5,s7,32
10002b8e:	e3cd                	bnez	a5,10002c30 <_vfprintf_r+0x764>
10002b90:	47e2                	lw	a5,24(sp)
10002b92:	010bf713          	andi	a4,s7,16
10002b96:	0791                	addi	a5,a5,4
10002b98:	c319                	beqz	a4,10002b9e <_vfprintf_r+0x6d2>
10002b9a:	6f00106f          	j	1000428a <_vfprintf_r+0x1dbe>
10002b9e:	46e2                	lw	a3,24(sp)
10002ba0:	040bf713          	andi	a4,s7,64
10002ba4:	0006ac03          	lw	s8,0(a3)
10002ba8:	660703e3          	beqz	a4,10003a0e <_vfprintf_r+0x1542>
10002bac:	605c1c13          	sext.h	s8,s8
10002bb0:	41fc5c93          	srai	s9,s8,0x1f
10002bb4:	cc3e                	sw	a5,24(sp)
10002bb6:	8766                	mv	a4,s9
10002bb8:	08074863          	bltz	a4,10002c48 <_vfprintf_r+0x77c>
10002bbc:	0a0ac663          	bltz	s5,10002c68 <_vfprintf_r+0x79c>
10002bc0:	019c67b3          	or	a5,s8,s9
10002bc4:	f7fbfb93          	andi	s7,s7,-129
10002bc8:	e3c5                	bnez	a5,10002c68 <_vfprintf_r+0x79c>
10002bca:	080a9f63          	bnez	s5,10002c68 <_vfprintf_r+0x79c>
10002bce:	0a314e83          	lbu	t4,163(sp)
10002bd2:	6e0e87e3          	beqz	t4,10003ac0 <_vfprintf_r+0x15f4>
10002bd6:	4c01                	li	s8,0
10002bd8:	4e01                	li	t3,0
10002bda:	ce02                	sw	zero,28(sp)
10002bdc:	4c81                	li	s9,0
10002bde:	4a81                	li	s5,0
10002be0:	0b1c                	addi	a5,sp,400
10002be2:	0c05                	addi	s8,s8,1
10002be4:	000e1463          	bnez	t3,10002bec <_vfprintf_r+0x720>
10002be8:	1470106f          	j	1000452e <_vfprintf_r+0x2062>
10002bec:	463e                	lw	a2,204(sp)
10002bee:	45ae                	lw	a1,200(sp)
10002bf0:	084bfd93          	andi	s11,s7,132
10002bf4:	0c09                	addi	s8,s8,2
10002bf6:	8832                	mv	a6,a2
10002bf8:	852e                	mv	a0,a1
10002bfa:	6c0d8363          	beqz	s11,100032c0 <_vfprintf_r+0xdf4>
10002bfe:	d602                	sw	zero,44(sp)
10002c00:	d402                	sw	zero,40(sp)
10002c02:	4e01                	li	t3,0
10002c04:	a80e81e3          	beqz	t4,10002686 <_vfprintf_r+0x1ba>
10002c08:	4709                	li	a4,2
10002c0a:	bca9                	j	10002664 <_vfprintf_r+0x198>
10002c0c:	47e2                	lw	a5,24(sp)
10002c0e:	4c85                	li	s9,1
10002c10:	0a0101a3          	sb	zero,163(sp)
10002c14:	439c                	lw	a5,0(a5)
10002c16:	12f10623          	sb	a5,300(sp)
10002c1a:	47e2                	lw	a5,24(sp)
10002c1c:	0791                	addi	a5,a5,4
10002c1e:	cc3e                	sw	a5,24(sp)
10002c20:	b405                	j	10002640 <_vfprintf_r+0x174>
10002c22:	020bf793          	andi	a5,s7,32
10002c26:	010be313          	ori	t1,s7,16
10002c2a:	1c0788e3          	beqz	a5,100035fa <_vfprintf_r+0x112e>
10002c2e:	8b9a                	mv	s7,t1
10002c30:	47e2                	lw	a5,24(sp)
10002c32:	079d                	addi	a5,a5,7
10002c34:	9be1                	andi	a5,a5,-8
10002c36:	43d8                	lw	a4,4(a5)
10002c38:	00878693          	addi	a3,a5,8
10002c3c:	cc36                	sw	a3,24(sp)
10002c3e:	0007ac03          	lw	s8,0(a5)
10002c42:	8cba                	mv	s9,a4
10002c44:	f6075ce3          	bgez	a4,10002bbc <_vfprintf_r+0x6f0>
10002c48:	018037b3          	snez	a5,s8
10002c4c:	41900cb3          	neg	s9,s9
10002c50:	40fc8cb3          	sub	s9,s9,a5
10002c54:	02d00793          	li	a5,45
10002c58:	0af101a3          	sb	a5,163(sp)
10002c5c:	41800c33          	neg	s8,s8
10002c60:	000ac463          	bltz	s5,10002c68 <_vfprintf_r+0x79c>
10002c64:	f7fbfb93          	andi	s7,s7,-129
10002c68:	340c9763          	bnez	s9,10002fb6 <_vfprintf_r+0xaea>
10002c6c:	47a5                	li	a5,9
10002c6e:	3587e463          	bltu	a5,s8,10002fb6 <_vfprintf_r+0xaea>
10002c72:	0a314e83          	lbu	t4,163(sp)
10002c76:	030c0c13          	addi	s8,s8,48
10002c7a:	4f05                	li	t5,1
10002c7c:	198107a3          	sb	s8,399(sp)
10002c80:	8cfa                	mv	s9,t5
10002c82:	0beaec33          	max	s8,s5,t5
10002c86:	4e01                	li	t3,0
10002c88:	18f10793          	addi	a5,sp,399
10002c8c:	ce02                	sw	zero,28(sp)
10002c8e:	f40e8be3          	beqz	t4,10002be4 <_vfprintf_r+0x718>
10002c92:	0c05                	addi	s8,s8,1
10002c94:	bf81                	j	10002be4 <_vfprintf_r+0x718>
10002c96:	47e2                	lw	a5,24(sp)
10002c98:	439c                	lw	a5,0(a5)
10002c9a:	c83e                	sw	a5,16(sp)
10002c9c:	1007dde3          	bgez	a5,100035b6 <_vfprintf_r+0x10ea>
10002ca0:	47c2                	lw	a5,16(sp)
10002ca2:	40f007b3          	neg	a5,a5
10002ca6:	c83e                	sw	a5,16(sp)
10002ca8:	47e2                	lw	a5,24(sp)
10002caa:	0791                	addi	a5,a5,4
10002cac:	cc3e                	sw	a5,24(sp)
10002cae:	000d4883          	lbu	a7,0(s10)
10002cb2:	004beb93          	ori	s7,s7,4
10002cb6:	ba2d                	j	100025f0 <_vfprintf_r+0x124>
10002cb8:	02b00793          	li	a5,43
10002cbc:	000d4883          	lbu	a7,0(s10)
10002cc0:	0af101a3          	sb	a5,163(sp)
10002cc4:	b235                	j	100025f0 <_vfprintf_r+0x124>
10002cc6:	000d4883          	lbu	a7,0(s10)
10002cca:	080beb93          	ori	s7,s7,128
10002cce:	b20d                	j	100025f0 <_vfprintf_r+0x124>
10002cd0:	000d4883          	lbu	a7,0(s10)
10002cd4:	02a00793          	li	a5,42
10002cd8:	001d0693          	addi	a3,s10,1
10002cdc:	00f89463          	bne	a7,a5,10002ce4 <_vfprintf_r+0x818>
10002ce0:	7d60106f          	j	100044b6 <_vfprintf_r+0x1fea>
10002ce4:	fd088793          	addi	a5,a7,-48
10002ce8:	4625                	li	a2,9
10002cea:	4701                	li	a4,0
10002cec:	8d36                	mv	s10,a3
10002cee:	4a81                	li	s5,0
10002cf0:	90f661e3          	bltu	a2,a5,100025f2 <_vfprintf_r+0x126>
10002cf4:	0006c883          	lbu	a7,0(a3)
10002cf8:	20e74733          	sh2add	a4,a4,a4
10002cfc:	20f72733          	sh1add	a4,a4,a5
10002d00:	fd088793          	addi	a5,a7,-48
10002d04:	0685                	addi	a3,a3,1
10002d06:	fef677e3          	bgeu	a2,a5,10002cf4 <_vfprintf_r+0x828>
10002d0a:	57fd                	li	a5,-1
10002d0c:	8d36                	mv	s10,a3
10002d0e:	0af76ab3          	max	s5,a4,a5
10002d12:	b0c5                	j	100025f2 <_vfprintf_r+0x126>
10002d14:	4932                	lw	s2,12(sp)
10002d16:	854a                	mv	a0,s2
10002d18:	438020ef          	jal	10005150 <_localeconv_r>
10002d1c:	415c                	lw	a5,4(a0)
10002d1e:	853e                	mv	a0,a5
10002d20:	c0be                	sw	a5,64(sp)
10002d22:	c58ff0ef          	jal	1000217a <strlen>
10002d26:	87aa                	mv	a5,a0
10002d28:	854a                	mv	a0,s2
10002d2a:	c8be                	sw	a5,80(sp)
10002d2c:	893e                	mv	s2,a5
10002d2e:	422020ef          	jal	10005150 <_localeconv_r>
10002d32:	4518                	lw	a4,8(a0)
10002d34:	000d4883          	lbu	a7,0(s10)
10002d38:	de3a                	sw	a4,60(sp)
10002d3a:	8a090be3          	beqz	s2,100025f0 <_vfprintf_r+0x124>
10002d3e:	8a0709e3          	beqz	a4,100025f0 <_vfprintf_r+0x124>
10002d42:	00074783          	lbu	a5,0(a4)
10002d46:	8a0785e3          	beqz	a5,100025f0 <_vfprintf_r+0x124>
10002d4a:	400beb93          	ori	s7,s7,1024
10002d4e:	b04d                	j	100025f0 <_vfprintf_r+0x124>
10002d50:	000d4883          	lbu	a7,0(s10)
10002d54:	001beb93          	ori	s7,s7,1
10002d58:	b861                	j	100025f0 <_vfprintf_r+0x124>
10002d5a:	0a314783          	lbu	a5,163(sp)
10002d5e:	000d4883          	lbu	a7,0(s10)
10002d62:	880797e3          	bnez	a5,100025f0 <_vfprintf_r+0x124>
10002d66:	02000793          	li	a5,32
10002d6a:	0af101a3          	sb	a5,163(sp)
10002d6e:	b049                	j	100025f0 <_vfprintf_r+0x124>
10002d70:	020bf793          	andi	a5,s7,32
10002d74:	010be693          	ori	a3,s7,16
10002d78:	08078de3          	beqz	a5,10003612 <_vfprintf_r+0x1146>
10002d7c:	47e2                	lw	a5,24(sp)
10002d7e:	079d                	addi	a5,a5,7
10002d80:	9be1                	andi	a5,a5,-8
10002d82:	00878713          	addi	a4,a5,8
10002d86:	cc3a                	sw	a4,24(sp)
10002d88:	43d0                	lw	a2,4(a5)
10002d8a:	4398                	lw	a4,0(a5)
10002d8c:	0a0101a3          	sb	zero,163(sp)
10002d90:	bff6fb93          	andi	s7,a3,-1025
10002d94:	5e0ac063          	bltz	s5,10003374 <_vfprintf_r+0xea8>
10002d98:	00c767b3          	or	a5,a4,a2
10002d9c:	b7f6fb93          	andi	s7,a3,-1153
10002da0:	5c079a63          	bnez	a5,10003374 <_vfprintf_r+0xea8>
10002da4:	5c0a9863          	bnez	s5,10003374 <_vfprintf_r+0xea8>
10002da8:	0016fc13          	andi	s8,a3,1
10002dac:	760c0663          	beqz	s8,10003518 <_vfprintf_r+0x104c>
10002db0:	463e                	lw	a2,204(sp)
10002db2:	03000793          	li	a5,48
10002db6:	18f107a3          	sb	a5,399(sp)
10002dba:	ce02                	sw	zero,28(sp)
10002dbc:	d602                	sw	zero,44(sp)
10002dbe:	d402                	sw	zero,40(sp)
10002dc0:	084bfd93          	andi	s11,s7,132
10002dc4:	8ce2                	mv	s9,s8
10002dc6:	4e01                	li	t3,0
10002dc8:	18f10793          	addi	a5,sp,399
10002dcc:	8832                	mv	a6,a2
10002dce:	880d96e3          	bnez	s11,1000265a <_vfprintf_r+0x18e>
10002dd2:	4742                	lw	a4,16(sp)
10002dd4:	41870733          	sub	a4,a4,s8
10002dd8:	6ae04463          	bgtz	a4,10003480 <_vfprintf_r+0xfb4>
10002ddc:	0a314703          	lbu	a4,163(sp)
10002de0:	880710e3          	bnez	a4,10002660 <_vfprintf_r+0x194>
10002de4:	419a8ab3          	sub	s5,s5,s9
10002de8:	8d5055e3          	blez	s5,100026b2 <_vfprintf_r+0x1e6>
10002dec:	10008837          	lui	a6,0x10008
10002df0:	45ae                	lw	a1,200(sp)
10002df2:	c6c80813          	addi	a6,a6,-916 # 10007c6c <zeroes.0>
10002df6:	05545a63          	bge	s0,s5,10002e4a <_vfprintf_r+0x97e>
10002dfa:	8956                	mv	s2,s5
10002dfc:	c4be                	sw	a5,72(sp)
10002dfe:	4d9d                	li	s11,7
10002e00:	87da                	mv	a5,s6
10002e02:	c2c6                	sw	a7,68(sp)
10002e04:	8af2                	mv	s5,t3
10002e06:	8b52                	mv	s6,s4
10002e08:	a021                	j	10002e10 <_vfprintf_r+0x944>
10002e0a:	1941                	addi	s2,s2,-16
10002e0c:	03245963          	bge	s0,s2,10002e3e <_vfprintf_r+0x972>
10002e10:	0641                	addi	a2,a2,16
10002e12:	0585                	addi	a1,a1,1
10002e14:	0147a023          	sw	s4,0(a5)
10002e18:	c3c0                	sw	s0,4(a5)
10002e1a:	c7b2                	sw	a2,204(sp)
10002e1c:	c5ae                	sw	a1,200(sp)
10002e1e:	07a1                	addi	a5,a5,8
10002e20:	febdd5e3          	bge	s11,a1,10002e0a <_vfprintf_r+0x93e>
10002e24:	4532                	lw	a0,12(sp)
10002e26:	01d0                	addi	a2,sp,196
10002e28:	85a6                	mv	a1,s1
10002e2a:	7e4010ef          	jal	1000460e <__sprint_r>
10002e2e:	44051063          	bnez	a0,1000326e <_vfprintf_r+0xda2>
10002e32:	1941                	addi	s2,s2,-16
10002e34:	463e                	lw	a2,204(sp)
10002e36:	45ae                	lw	a1,200(sp)
10002e38:	87ce                	mv	a5,s3
10002e3a:	fd244be3          	blt	s0,s2,10002e10 <_vfprintf_r+0x944>
10002e3e:	885a                	mv	a6,s6
10002e40:	4896                	lw	a7,68(sp)
10002e42:	8b3e                	mv	s6,a5
10002e44:	47a6                	lw	a5,72(sp)
10002e46:	8e56                	mv	t3,s5
10002e48:	8aca                	mv	s5,s2
10002e4a:	9656                	add	a2,a2,s5
10002e4c:	0585                	addi	a1,a1,1
10002e4e:	010b2023          	sw	a6,0(s6)
10002e52:	015b2223          	sw	s5,4(s6)
10002e56:	c7b2                	sw	a2,204(sp)
10002e58:	c5ae                	sw	a1,200(sp)
10002e5a:	471d                	li	a4,7
10002e5c:	0b21                	addi	s6,s6,8
10002e5e:	84b75ae3          	bge	a4,a1,100026b2 <_vfprintf_r+0x1e6>
10002e62:	4532                	lw	a0,12(sp)
10002e64:	01d0                	addi	a2,sp,196
10002e66:	85a6                	mv	a1,s1
10002e68:	c6f2                	sw	t3,76(sp)
10002e6a:	c4be                	sw	a5,72(sp)
10002e6c:	c2c6                	sw	a7,68(sp)
10002e6e:	7a0010ef          	jal	1000460e <__sprint_r>
10002e72:	3e051e63          	bnez	a0,1000326e <_vfprintf_r+0xda2>
10002e76:	100bf713          	andi	a4,s7,256
10002e7a:	463e                	lw	a2,204(sp)
10002e7c:	4e36                	lw	t3,76(sp)
10002e7e:	47a6                	lw	a5,72(sp)
10002e80:	4896                	lw	a7,68(sp)
10002e82:	8b4e                	mv	s6,s3
10002e84:	82070be3          	beqz	a4,100026ba <_vfprintf_r+0x1ee>
10002e88:	06500713          	li	a4,101
10002e8c:	bf1757e3          	bge	a4,a7,10002a7a <_vfprintf_r+0x5ae>
10002e90:	475e                	lw	a4,212(sp)
10002e92:	45ce                	lw	a1,208(sp)
10002e94:	456e                	lw	a0,216(sp)
10002e96:	cb3a                	sw	a4,148(sp)
10002e98:	477e                	lw	a4,220(sp)
10002e9a:	c92e                	sw	a1,144(sp)
10002e9c:	cd2a                	sw	a0,152(sp)
10002e9e:	010c                	addi	a1,sp,128
10002ea0:	0908                	addi	a0,sp,144
10002ea2:	c4b2                	sw	a2,72(sp)
10002ea4:	c2be                	sw	a5,68(sp)
10002ea6:	c6f2                	sw	t3,76(sp)
10002ea8:	c102                	sw	zero,128(sp)
10002eaa:	c302                	sw	zero,132(sp)
10002eac:	c502                	sw	zero,136(sp)
10002eae:	c702                	sw	zero,140(sp)
10002eb0:	cf3a                	sw	a4,156(sp)
10002eb2:	0ffff097          	auipc	ra,0xffff
10002eb6:	8d4080e7          	jalr	-1836(ra) # 20001786 <__eqtf2>
10002eba:	4796                	lw	a5,68(sp)
10002ebc:	4626                	lw	a2,72(sp)
10002ebe:	4e36                	lw	t3,76(sp)
10002ec0:	4e051d63          	bnez	a0,100033ba <_vfprintf_r+0xeee>
10002ec4:	47ae                	lw	a5,200(sp)
10002ec6:	10008737          	lui	a4,0x10008
10002eca:	83870713          	addi	a4,a4,-1992 # 10007838 <__EH_FRAME_BEGIN__+0x8c>
10002ece:	00eb2023          	sw	a4,0(s6)
10002ed2:	0605                	addi	a2,a2,1
10002ed4:	4705                	li	a4,1
10002ed6:	0785                	addi	a5,a5,1
10002ed8:	00eb2223          	sw	a4,4(s6)
10002edc:	c7b2                	sw	a2,204(sp)
10002ede:	c5be                	sw	a5,200(sp)
10002ee0:	471d                	li	a4,7
10002ee2:	0b21                	addi	s6,s6,8
10002ee4:	20f741e3          	blt	a4,a5,100038e6 <_vfprintf_r+0x141a>
10002ee8:	57aa                	lw	a5,168(sp)
10002eea:	5712                	lw	a4,36(sp)
10002eec:	6ce7d063          	bge	a5,a4,100035ac <_vfprintf_r+0x10e0>
10002ef0:	5742                	lw	a4,48(sp)
10002ef2:	47ae                	lw	a5,200(sp)
10002ef4:	0b21                	addi	s6,s6,8
10002ef6:	963a                	add	a2,a2,a4
10002ef8:	5752                	lw	a4,52(sp)
10002efa:	0785                	addi	a5,a5,1
10002efc:	c7b2                	sw	a2,204(sp)
10002efe:	feeb2c23          	sw	a4,-8(s6)
10002f02:	5742                	lw	a4,48(sp)
10002f04:	c5be                	sw	a5,200(sp)
10002f06:	feeb2e23          	sw	a4,-4(s6)
10002f0a:	471d                	li	a4,7
10002f0c:	76f74f63          	blt	a4,a5,1000368a <_vfprintf_r+0x11be>
10002f10:	5792                	lw	a5,36(sp)
10002f12:	fff78a93          	addi	s5,a5,-1
10002f16:	fb505f63          	blez	s5,100026d4 <_vfprintf_r+0x208>
10002f1a:	10008837          	lui	a6,0x10008
10002f1e:	4cc1                	li	s9,16
10002f20:	47ae                	lw	a5,200(sp)
10002f22:	4d9d                	li	s11,7
10002f24:	c6c80913          	addi	s2,a6,-916 # 10007c6c <zeroes.0>
10002f28:	015cc663          	blt	s9,s5,10002f34 <_vfprintf_r+0xa68>
10002f2c:	a3b9                	j	1000347a <_vfprintf_r+0xfae>
10002f2e:	1ac1                	addi	s5,s5,-16
10002f30:	1f5cd8e3          	bge	s9,s5,10003920 <_vfprintf_r+0x1454>
10002f34:	0641                	addi	a2,a2,16
10002f36:	0785                	addi	a5,a5,1
10002f38:	012b2023          	sw	s2,0(s6)
10002f3c:	019b2223          	sw	s9,4(s6)
10002f40:	c7b2                	sw	a2,204(sp)
10002f42:	c5be                	sw	a5,200(sp)
10002f44:	0b21                	addi	s6,s6,8
10002f46:	fefdd4e3          	bge	s11,a5,10002f2e <_vfprintf_r+0xa62>
10002f4a:	4532                	lw	a0,12(sp)
10002f4c:	01d0                	addi	a2,sp,196
10002f4e:	85a6                	mv	a1,s1
10002f50:	6be010ef          	jal	1000460e <__sprint_r>
10002f54:	30051d63          	bnez	a0,1000326e <_vfprintf_r+0xda2>
10002f58:	463e                	lw	a2,204(sp)
10002f5a:	47ae                	lw	a5,200(sp)
10002f5c:	8b4e                	mv	s6,s3
10002f5e:	bfc1                	j	10002f2e <_vfprintf_r+0xa62>
10002f60:	000d4883          	lbu	a7,0(s10)
10002f64:	06800793          	li	a5,104
10002f68:	74f88263          	beq	a7,a5,100036ac <_vfprintf_r+0x11e0>
10002f6c:	040beb93          	ori	s7,s7,64
10002f70:	e80ff06f          	j	100025f0 <_vfprintf_r+0x124>
10002f74:	020bf793          	andi	a5,s7,32
10002f78:	1e079963          	bnez	a5,1000316a <_vfprintf_r+0xc9e>
10002f7c:	010bf793          	andi	a5,s7,16
10002f80:	c399                	beqz	a5,10002f86 <_vfprintf_r+0xaba>
10002f82:	2b00106f          	j	10004232 <_vfprintf_r+0x1d66>
10002f86:	4762                	lw	a4,24(sp)
10002f88:	040bf793          	andi	a5,s7,64
10002f8c:	00072c03          	lw	s8,0(a4)
10002f90:	0711                	addi	a4,a4,4
10002f92:	cc3a                	sw	a4,24(sp)
10002f94:	280789e3          	beqz	a5,10003a26 <_vfprintf_r+0x155a>
10002f98:	0a0101a3          	sb	zero,163(sp)
10002f9c:	080c4c33          	zext.h	s8,s8
10002fa0:	4c81                	li	s9,0
10002fa2:	cc0ac3e3          	bltz	s5,10002c68 <_vfprintf_r+0x79c>
10002fa6:	018aee33          	or	t3,s5,s8
10002faa:	f7fbfb93          	andi	s7,s7,-129
10002fae:	100e0363          	beqz	t3,100030b4 <_vfprintf_r+0xbe8>
10002fb2:	ca0c8de3          	beqz	s9,10002c6c <_vfprintf_r+0x7a0>
10002fb6:	ccccddb7          	lui	s11,0xccccd
10002fba:	ccccd6b7          	lui	a3,0xccccd
10002fbe:	ccdd8d93          	addi	s11,s11,-819 # cccccccd <__StackTop+0xacc4accd>
10002fc2:	ccc68693          	addi	a3,a3,-820 # cccccccc <__StackTop+0xacc4accc>
10002fc6:	400bf813          	andi	a6,s7,1024
10002fca:	4501                	li	a0,0
10002fcc:	0b0c                	addi	a1,sp,400
10002fce:	8946                	mv	s2,a7
10002fd0:	a09d                	j	10003036 <_vfprintf_r+0xb6a>
10002fd2:	5772                	lw	a4,60(sp)
10002fd4:	00074703          	lbu	a4,0(a4)
10002fd8:	f0170613          	addi	a2,a4,-255
10002fdc:	c219                	beqz	a2,10002fe2 <_vfprintf_r+0xb16>
10002fde:	10a70fe3          	beq	a4,a0,100038fc <_vfprintf_r+0x1430>
10002fe2:	8e62                	mv	t3,s8
10002fe4:	8366                	mv	t1,s9
10002fe6:	85be                	mv	a1,a5
10002fe8:	019c0633          	add	a2,s8,s9
10002fec:	01863733          	sltu	a4,a2,s8
10002ff0:	963a                	add	a2,a2,a4
10002ff2:	03b63733          	mulhu	a4,a2,s11
10002ff6:	00275e93          	srli	t4,a4,0x2
10002ffa:	9b71                	andi	a4,a4,-4
10002ffc:	9776                	add	a4,a4,t4
10002ffe:	8e19                	sub	a2,a2,a4
10003000:	40cc0733          	sub	a4,s8,a2
10003004:	00ec3633          	sltu	a2,s8,a4
10003008:	40cc8633          	sub	a2,s9,a2
1000300c:	02d70f33          	mul	t5,a4,a3
10003010:	03b60633          	mul	a2,a2,s11
10003014:	03b73eb3          	mulhu	t4,a4,s11
10003018:	967a                	add	a2,a2,t5
1000301a:	03b70733          	mul	a4,a4,s11
1000301e:	9676                	add	a2,a2,t4
10003020:	01f61e93          	slli	t4,a2,0x1f
10003024:	00165c93          	srli	s9,a2,0x1
10003028:	8305                	srli	a4,a4,0x1
1000302a:	00ee8c33          	add	s8,t4,a4
1000302e:	00031463          	bnez	t1,10003036 <_vfprintf_r+0xb6a>
10003032:	1a80106f          	j	100041da <_vfprintf_r+0x1d0e>
10003036:	019c0633          	add	a2,s8,s9
1000303a:	01863733          	sltu	a4,a2,s8
1000303e:	9732                	add	a4,a4,a2
10003040:	03b73333          	mulhu	t1,a4,s11
10003044:	0505                	addi	a0,a0,1
10003046:	fff58793          	addi	a5,a1,-1
1000304a:	00235e13          	srli	t3,t1,0x2
1000304e:	ffc37313          	andi	t1,t1,-4
10003052:	9372                	add	t1,t1,t3
10003054:	40670733          	sub	a4,a4,t1
10003058:	40ec0733          	sub	a4,s8,a4
1000305c:	03b70733          	mul	a4,a4,s11
10003060:	8305                	srli	a4,a4,0x1
10003062:	20e74733          	sh2add	a4,a4,a4
10003066:	0706                	slli	a4,a4,0x1
10003068:	40ec0733          	sub	a4,s8,a4
1000306c:	03070713          	addi	a4,a4,48
10003070:	fee58fa3          	sb	a4,-1(a1)
10003074:	f4081fe3          	bnez	a6,10002fd2 <_vfprintf_r+0xb06>
10003078:	8e62                	mv	t3,s8
1000307a:	8366                	mv	t1,s9
1000307c:	85be                	mv	a1,a5
1000307e:	b7bd                	j	10002fec <_vfprintf_r+0xb20>
10003080:	67a1                	lui	a5,0x8
10003082:	83078793          	addi	a5,a5,-2000 # 7830 <HeapSize+0x7030>
10003086:	4762                	lw	a4,24(sp)
10003088:	0af11223          	sh	a5,164(sp)
1000308c:	47e2                	lw	a5,24(sp)
1000308e:	0a0101a3          	sb	zero,163(sp)
10003092:	4318                	lw	a4,0(a4)
10003094:	0791                	addi	a5,a5,4
10003096:	4601                	li	a2,0
10003098:	5a0ac263          	bltz	s5,1000363c <_vfprintf_r+0x1170>
1000309c:	f7fbf313          	andi	t1,s7,-129
100030a0:	00236b93          	ori	s7,t1,2
100030a4:	0e0a9be3          	bnez	s5,1000399a <_vfprintf_r+0x14ce>
100030a8:	0e0719e3          	bnez	a4,1000399a <_vfprintf_r+0x14ce>
100030ac:	cc3e                	sw	a5,24(sp)
100030ae:	4e09                	li	t3,2
100030b0:	07800893          	li	a7,120
100030b4:	0a314e83          	lbu	t4,163(sp)
100030b8:	4a81                	li	s5,0
100030ba:	4c01                	li	s8,0
100030bc:	4c81                	li	s9,0
100030be:	0b1c                	addi	a5,sp,400
100030c0:	ce02                	sw	zero,28(sp)
100030c2:	b6f1                	j	10002c8e <_vfprintf_r+0x7c2>
100030c4:	020bf793          	andi	a5,s7,32
100030c8:	56079763          	bnez	a5,10003636 <_vfprintf_r+0x116a>
100030cc:	47e2                	lw	a5,24(sp)
100030ce:	010bf713          	andi	a4,s7,16
100030d2:	0791                	addi	a5,a5,4
100030d4:	c319                	beqz	a4,100030da <_vfprintf_r+0xc0e>
100030d6:	1ae0106f          	j	10004284 <_vfprintf_r+0x1db8>
100030da:	4762                	lw	a4,24(sp)
100030dc:	040bf693          	andi	a3,s7,64
100030e0:	4318                	lw	a4,0(a4)
100030e2:	160683e3          	beqz	a3,10003a48 <_vfprintf_r+0x157c>
100030e6:	08074733          	zext.h	a4,a4
100030ea:	cc3e                	sw	a5,24(sp)
100030ec:	86de                	mv	a3,s7
100030ee:	4601                	li	a2,0
100030f0:	b971                	j	10002d8c <_vfprintf_r+0x8c0>
100030f2:	4762                	lw	a4,24(sp)
100030f4:	020bf793          	andi	a5,s7,32
100030f8:	0711                	addi	a4,a4,4
100030fa:	52079463          	bnez	a5,10003622 <_vfprintf_r+0x1156>
100030fe:	010bf793          	andi	a5,s7,16
10003102:	080795e3          	bnez	a5,1000398c <_vfprintf_r+0x14c0>
10003106:	040bf793          	andi	a5,s7,64
1000310a:	3e0798e3          	bnez	a5,10003cfa <_vfprintf_r+0x182e>
1000310e:	200bf313          	andi	t1,s7,512
10003112:	06030de3          	beqz	t1,1000398c <_vfprintf_r+0x14c0>
10003116:	47e2                	lw	a5,24(sp)
10003118:	46d2                	lw	a3,20(sp)
1000311a:	cc3a                	sw	a4,24(sp)
1000311c:	439c                	lw	a5,0(a5)
1000311e:	00d78023          	sb	a3,0(a5)
10003122:	c66ff06f          	j	10002588 <_vfprintf_r+0xbc>
10003126:	000d4883          	lbu	a7,0(s10)
1000312a:	06c00793          	li	a5,108
1000312e:	56f88863          	beq	a7,a5,1000369e <_vfprintf_r+0x11d2>
10003132:	010beb93          	ori	s7,s7,16
10003136:	cbaff06f          	j	100025f0 <_vfprintf_r+0x124>
1000313a:	020bf793          	andi	a5,s7,32
1000313e:	010be313          	ori	t1,s7,16
10003142:	e78d                	bnez	a5,1000316c <_vfprintf_r+0xca0>
10003144:	47e2                	lw	a5,24(sp)
10003146:	4762                	lw	a4,24(sp)
10003148:	0a0101a3          	sb	zero,163(sp)
1000314c:	0791                	addi	a5,a5,4
1000314e:	00072c03          	lw	s8,0(a4)
10003152:	4c81                	li	s9,0
10003154:	160acfe3          	bltz	s5,10003ad2 <_vfprintf_r+0x1606>
10003158:	cc3e                	sw	a5,24(sp)
1000315a:	f7f37b93          	andi	s7,t1,-129
1000315e:	b00c17e3          	bnez	s8,10002c6c <_vfprintf_r+0x7a0>
10003162:	b00a95e3          	bnez	s5,10002c6c <_vfprintf_r+0x7a0>
10003166:	4e01                	li	t3,0
10003168:	b7b1                	j	100030b4 <_vfprintf_r+0xbe8>
1000316a:	835e                	mv	t1,s7
1000316c:	47e2                	lw	a5,24(sp)
1000316e:	0a0101a3          	sb	zero,163(sp)
10003172:	079d                	addi	a5,a5,7
10003174:	9be1                	andi	a5,a5,-8
10003176:	00878713          	addi	a4,a5,8
1000317a:	cc3a                	sw	a4,24(sp)
1000317c:	0007ac03          	lw	s8,0(a5)
10003180:	0047ac83          	lw	s9,4(a5)
10003184:	500ac063          	bltz	s5,10003684 <_vfprintf_r+0x11b8>
10003188:	f7f37b93          	andi	s7,t1,-129
1000318c:	ac0a9ee3          	bnez	s5,10002c68 <_vfprintf_r+0x79c>
10003190:	019c67b3          	or	a5,s8,s9
10003194:	ac079ae3          	bnez	a5,10002c68 <_vfprintf_r+0x79c>
10003198:	4e01                	li	t3,0
1000319a:	bf29                	j	100030b4 <_vfprintf_r+0xbe8>
1000319c:	000d4883          	lbu	a7,0(s10)
100031a0:	008beb93          	ori	s7,s7,8
100031a4:	c4cff06f          	j	100025f0 <_vfprintf_r+0x124>
100031a8:	4742                	lw	a4,16(sp)
100031aa:	41870db3          	sub	s11,a4,s8
100031ae:	cfb05e63          	blez	s11,100026aa <_vfprintf_r+0x1de>
100031b2:	4ec1                	li	t4,16
100031b4:	45ae                	lw	a1,200(sp)
100031b6:	10008837          	lui	a6,0x10008
100031ba:	01bec463          	blt	t4,s11,100031c2 <_vfprintf_r+0xcf6>
100031be:	0f80106f          	j	100042b6 <_vfprintf_r+0x1dea>
100031c2:	896e                	mv	s2,s11
100031c4:	c4be                	sw	a5,72(sp)
100031c6:	8dea                	mv	s11,s10
100031c8:	87da                	mv	a5,s6
100031ca:	8d66                	mv	s10,s9
100031cc:	429d                	li	t0,7
100031ce:	8ce2                	mv	s9,s8
100031d0:	c2c6                	sw	a7,68(sp)
100031d2:	8c56                	mv	s8,s5
100031d4:	8b72                	mv	s6,t3
100031d6:	c6c80a93          	addi	s5,a6,-916 # 10007c6c <zeroes.0>
100031da:	a021                	j	100031e2 <_vfprintf_r+0xd16>
100031dc:	1941                	addi	s2,s2,-16
100031de:	032edb63          	bge	t4,s2,10003214 <_vfprintf_r+0xd48>
100031e2:	0641                	addi	a2,a2,16
100031e4:	0585                	addi	a1,a1,1
100031e6:	0157a023          	sw	s5,0(a5)
100031ea:	01d7a223          	sw	t4,4(a5)
100031ee:	c7b2                	sw	a2,204(sp)
100031f0:	c5ae                	sw	a1,200(sp)
100031f2:	07a1                	addi	a5,a5,8
100031f4:	feb2d4e3          	bge	t0,a1,100031dc <_vfprintf_r+0xd10>
100031f8:	4532                	lw	a0,12(sp)
100031fa:	01d0                	addi	a2,sp,196
100031fc:	85a6                	mv	a1,s1
100031fe:	410010ef          	jal	1000460e <__sprint_r>
10003202:	e535                	bnez	a0,1000326e <_vfprintf_r+0xda2>
10003204:	4ec1                	li	t4,16
10003206:	1941                	addi	s2,s2,-16
10003208:	463e                	lw	a2,204(sp)
1000320a:	45ae                	lw	a1,200(sp)
1000320c:	87ce                	mv	a5,s3
1000320e:	429d                	li	t0,7
10003210:	fd2ec9e3          	blt	t4,s2,100031e2 <_vfprintf_r+0xd16>
10003214:	8e5a                	mv	t3,s6
10003216:	4896                	lw	a7,68(sp)
10003218:	8b3e                	mv	s6,a5
1000321a:	47a6                	lw	a5,72(sp)
1000321c:	8856                	mv	a6,s5
1000321e:	8ae2                	mv	s5,s8
10003220:	8c66                	mv	s8,s9
10003222:	8cea                	mv	s9,s10
10003224:	8d6e                	mv	s10,s11
10003226:	8dca                	mv	s11,s2
10003228:	966e                	add	a2,a2,s11
1000322a:	0585                	addi	a1,a1,1
1000322c:	010b2023          	sw	a6,0(s6)
10003230:	01bb2223          	sw	s11,4(s6)
10003234:	c7b2                	sw	a2,204(sp)
10003236:	c5ae                	sw	a1,200(sp)
10003238:	471d                	li	a4,7
1000323a:	0b21                	addi	s6,s6,8
1000323c:	c6b75763          	bge	a4,a1,100026aa <_vfprintf_r+0x1de>
10003240:	4532                	lw	a0,12(sp)
10003242:	01d0                	addi	a2,sp,196
10003244:	85a6                	mv	a1,s1
10003246:	c6f2                	sw	t3,76(sp)
10003248:	c4be                	sw	a5,72(sp)
1000324a:	c2c6                	sw	a7,68(sp)
1000324c:	3c2010ef          	jal	1000460e <__sprint_r>
10003250:	ed19                	bnez	a0,1000326e <_vfprintf_r+0xda2>
10003252:	463e                	lw	a2,204(sp)
10003254:	4896                	lw	a7,68(sp)
10003256:	47a6                	lw	a5,72(sp)
10003258:	4e36                	lw	t3,76(sp)
1000325a:	8b4e                	mv	s6,s3
1000325c:	c4eff06f          	j	100026aa <_vfprintf_r+0x1de>
10003260:	4532                	lw	a0,12(sp)
10003262:	01d0                	addi	a2,sp,196
10003264:	85a6                	mv	a1,s1
10003266:	3a8010ef          	jal	1000460e <__sprint_r>
1000326a:	c8050663          	beqz	a0,100026f6 <_vfprintf_r+0x22a>
1000326e:	45f2                	lw	a1,28(sp)
10003270:	4952                	lw	s2,20(sp)
10003272:	c581                	beqz	a1,1000327a <_vfprintf_r+0xdae>
10003274:	4532                	lw	a0,12(sp)
10003276:	836ff0ef          	jal	100022ac <_free_r>
1000327a:	00c4d783          	lhu	a5,12(s1)
1000327e:	1bc12983          	lw	s3,444(sp)
10003282:	1b812a03          	lw	s4,440(sp)
10003286:	0407f793          	andi	a5,a5,64
1000328a:	1b412a83          	lw	s5,436(sp)
1000328e:	1b012b03          	lw	s6,432(sp)
10003292:	1ac12b83          	lw	s7,428(sp)
10003296:	1a812c03          	lw	s8,424(sp)
1000329a:	1a412c83          	lw	s9,420(sp)
1000329e:	19c12d83          	lw	s11,412(sp)
100032a2:	cc079063          	bnez	a5,10002762 <_vfprintf_r+0x296>
100032a6:	1cc12083          	lw	ra,460(sp)
100032aa:	1c812403          	lw	s0,456(sp)
100032ae:	1c412483          	lw	s1,452(sp)
100032b2:	1a012d03          	lw	s10,416(sp)
100032b6:	854a                	mv	a0,s2
100032b8:	1c012903          	lw	s2,448(sp)
100032bc:	6179                	addi	sp,sp,464
100032be:	8082                	ret
100032c0:	4742                	lw	a4,16(sp)
100032c2:	d602                	sw	zero,44(sp)
100032c4:	d402                	sw	zero,40(sp)
100032c6:	41870733          	sub	a4,a4,s8
100032ca:	4e01                	li	t3,0
100032cc:	24e04463          	bgtz	a4,10003514 <_vfprintf_r+0x1048>
100032d0:	ba0e8b63          	beqz	t4,10002686 <_vfprintf_r+0x1ba>
100032d4:	4709                	li	a4,2
100032d6:	b8eff06f          	j	10002664 <_vfprintf_r+0x198>
100032da:	4532                	lw	a0,12(sp)
100032dc:	01d0                	addi	a2,sp,196
100032de:	85a6                	mv	a1,s1
100032e0:	c6f2                	sw	t3,76(sp)
100032e2:	c4be                	sw	a5,72(sp)
100032e4:	c2c6                	sw	a7,68(sp)
100032e6:	328010ef          	jal	1000460e <__sprint_r>
100032ea:	f151                	bnez	a0,1000326e <_vfprintf_r+0xda2>
100032ec:	463e                	lw	a2,204(sp)
100032ee:	4e36                	lw	t3,76(sp)
100032f0:	47a6                	lw	a5,72(sp)
100032f2:	4896                	lw	a7,68(sp)
100032f4:	8b4e                	mv	s6,s3
100032f6:	bacff06f          	j	100026a2 <_vfprintf_r+0x1d6>
100032fa:	4cc1                	li	s9,16
100032fc:	47ae                	lw	a5,200(sp)
100032fe:	10008837          	lui	a6,0x10008
10003302:	015cc463          	blt	s9,s5,1000330a <_vfprintf_r+0xe3e>
10003306:	78b0006f          	j	10004290 <_vfprintf_r+0x1dc4>
1000330a:	4932                	lw	s2,12(sp)
1000330c:	4d9d                	li	s11,7
1000330e:	c7c80b93          	addi	s7,a6,-900 # 10007c7c <blanks.1>
10003312:	a021                	j	1000331a <_vfprintf_r+0xe4e>
10003314:	1ac1                	addi	s5,s5,-16
10003316:	035cd963          	bge	s9,s5,10003348 <_vfprintf_r+0xe7c>
1000331a:	0641                	addi	a2,a2,16
1000331c:	0785                	addi	a5,a5,1
1000331e:	017b2023          	sw	s7,0(s6)
10003322:	019b2223          	sw	s9,4(s6)
10003326:	c7b2                	sw	a2,204(sp)
10003328:	c5be                	sw	a5,200(sp)
1000332a:	0b21                	addi	s6,s6,8
1000332c:	fefdd4e3          	bge	s11,a5,10003314 <_vfprintf_r+0xe48>
10003330:	01d0                	addi	a2,sp,196
10003332:	85a6                	mv	a1,s1
10003334:	854a                	mv	a0,s2
10003336:	2d8010ef          	jal	1000460e <__sprint_r>
1000333a:	f915                	bnez	a0,1000326e <_vfprintf_r+0xda2>
1000333c:	1ac1                	addi	s5,s5,-16
1000333e:	463e                	lw	a2,204(sp)
10003340:	47ae                	lw	a5,200(sp)
10003342:	8b4e                	mv	s6,s3
10003344:	fd5ccbe3          	blt	s9,s5,1000331a <_vfprintf_r+0xe4e>
10003348:	885e                	mv	a6,s7
1000334a:	9656                	add	a2,a2,s5
1000334c:	0785                	addi	a5,a5,1
1000334e:	c7b2                	sw	a2,204(sp)
10003350:	c5be                	sw	a5,200(sp)
10003352:	010b2023          	sw	a6,0(s6)
10003356:	015b2223          	sw	s5,4(s6)
1000335a:	471d                	li	a4,7
1000335c:	b8f75563          	bge	a4,a5,100026e6 <_vfprintf_r+0x21a>
10003360:	4532                	lw	a0,12(sp)
10003362:	01d0                	addi	a2,sp,196
10003364:	85a6                	mv	a1,s1
10003366:	2a8010ef          	jal	1000460e <__sprint_r>
1000336a:	f00512e3          	bnez	a0,1000326e <_vfprintf_r+0xda2>
1000336e:	463e                	lw	a2,204(sp)
10003370:	b76ff06f          	j	100026e6 <_vfprintf_r+0x21a>
10003374:	0b1c                	addi	a5,sp,400
10003376:	01d61593          	slli	a1,a2,0x1d
1000337a:	00777693          	andi	a3,a4,7
1000337e:	830d                	srli	a4,a4,0x3
10003380:	853e                	mv	a0,a5
10003382:	972e                	add	a4,a4,a1
10003384:	03068693          	addi	a3,a3,48
10003388:	820d                	srli	a2,a2,0x3
1000338a:	00c765b3          	or	a1,a4,a2
1000338e:	fed78fa3          	sb	a3,-1(a5)
10003392:	17fd                	addi	a5,a5,-1
10003394:	f1ed                	bnez	a1,10003376 <_vfprintf_r+0xeaa>
10003396:	fd068693          	addi	a3,a3,-48
1000339a:	c689                	beqz	a3,100033a4 <_vfprintf_r+0xed8>
1000339c:	001bf713          	andi	a4,s7,1
100033a0:	24071163          	bnez	a4,100035e2 <_vfprintf_r+0x1116>
100033a4:	0b18                	addi	a4,sp,400
100033a6:	40f70cb3          	sub	s9,a4,a5
100033aa:	0b9aec33          	max	s8,s5,s9
100033ae:	ce02                	sw	zero,28(sp)
100033b0:	d602                	sw	zero,44(sp)
100033b2:	d402                	sw	zero,40(sp)
100033b4:	4e01                	li	t3,0
100033b6:	a98ff06f          	j	1000264e <_vfprintf_r+0x182>
100033ba:	552a                	lw	a0,168(sp)
100033bc:	48a05663          	blez	a0,10003848 <_vfprintf_r+0x137c>
100033c0:	5712                	lw	a4,36(sp)
100033c2:	0aee4ab3          	min	s5,t3,a4
100033c6:	01505f63          	blez	s5,100033e4 <_vfprintf_r+0xf18>
100033ca:	472e                	lw	a4,200(sp)
100033cc:	9656                	add	a2,a2,s5
100033ce:	00fb2023          	sw	a5,0(s6)
100033d2:	0705                	addi	a4,a4,1
100033d4:	015b2223          	sw	s5,4(s6)
100033d8:	c7b2                	sw	a2,204(sp)
100033da:	c5ba                	sw	a4,200(sp)
100033dc:	459d                	li	a1,7
100033de:	0b21                	addi	s6,s6,8
100033e0:	08e5cae3          	blt	a1,a4,10003c74 <_vfprintf_r+0x17a8>
100033e4:	0a0aeab3          	max	s5,s5,zero
100033e8:	415e0ab3          	sub	s5,t3,s5
100033ec:	35504063          	bgtz	s5,1000372c <_vfprintf_r+0x1260>
100033f0:	400bf713          	andi	a4,s7,1024
100033f4:	01c78db3          	add	s11,a5,t3
100033f8:	72071663          	bnez	a4,10003b24 <_vfprintf_r+0x1658>
100033fc:	5aaa                	lw	s5,168(sp)
100033fe:	5712                	lw	a4,36(sp)
10003400:	00eac663          	blt	s5,a4,1000340c <_vfprintf_r+0xf40>
10003404:	001bf713          	andi	a4,s7,1
10003408:	0c0707e3          	beqz	a4,10003cd6 <_vfprintf_r+0x180a>
1000340c:	56c2                	lw	a3,48(sp)
1000340e:	472e                	lw	a4,200(sp)
10003410:	459d                	li	a1,7
10003412:	9636                	add	a2,a2,a3
10003414:	56d2                	lw	a3,52(sp)
10003416:	0705                	addi	a4,a4,1
10003418:	c7b2                	sw	a2,204(sp)
1000341a:	00db2023          	sw	a3,0(s6)
1000341e:	56c2                	lw	a3,48(sp)
10003420:	c5ba                	sw	a4,200(sp)
10003422:	0b21                	addi	s6,s6,8
10003424:	fedb2e23          	sw	a3,-4(s6)
10003428:	58e5cce3          	blt	a1,a4,100041c0 <_vfprintf_r+0x1cf4>
1000342c:	5712                	lw	a4,36(sp)
1000342e:	00e78cb3          	add	s9,a5,a4
10003432:	41bc8cb3          	sub	s9,s9,s11
10003436:	41570ab3          	sub	s5,a4,s5
1000343a:	0b5cccb3          	min	s9,s9,s5
1000343e:	01905f63          	blez	s9,1000345c <_vfprintf_r+0xf90>
10003442:	47ae                	lw	a5,200(sp)
10003444:	9666                	add	a2,a2,s9
10003446:	01bb2023          	sw	s11,0(s6)
1000344a:	0785                	addi	a5,a5,1
1000344c:	019b2223          	sw	s9,4(s6)
10003450:	c7b2                	sw	a2,204(sp)
10003452:	c5be                	sw	a5,200(sp)
10003454:	471d                	li	a4,7
10003456:	0b21                	addi	s6,s6,8
10003458:	5af748e3          	blt	a4,a5,10004208 <_vfprintf_r+0x1d3c>
1000345c:	0a0cecb3          	max	s9,s9,zero
10003460:	419a8ab3          	sub	s5,s5,s9
10003464:	a7505863          	blez	s5,100026d4 <_vfprintf_r+0x208>
10003468:	10008837          	lui	a6,0x10008
1000346c:	4cc1                	li	s9,16
1000346e:	47ae                	lw	a5,200(sp)
10003470:	4d9d                	li	s11,7
10003472:	c6c80913          	addi	s2,a6,-916 # 10007c6c <zeroes.0>
10003476:	315ccf63          	blt	s9,s5,10003794 <_vfprintf_r+0x12c8>
1000347a:	c6c80813          	addi	a6,a6,-916
1000347e:	a155                	j	10003922 <_vfprintf_r+0x1456>
10003480:	452e                	lw	a0,200(sp)
10003482:	4ec1                	li	t4,16
10003484:	8642                	mv	a2,a6
10003486:	85aa                	mv	a1,a0
10003488:	10008837          	lui	a6,0x10008
1000348c:	54eedee3          	bge	t4,a4,100041e8 <_vfprintf_r+0x1d1c>
10003490:	c4be                	sw	a5,72(sp)
10003492:	439d                	li	t2,7
10003494:	87da                	mv	a5,s6
10003496:	893a                	mv	s2,a4
10003498:	8b56                	mv	s6,s5
1000349a:	c2c6                	sw	a7,68(sp)
1000349c:	c6f2                	sw	t3,76(sp)
1000349e:	c7c80a93          	addi	s5,a6,-900 # 10007c7c <blanks.1>
100034a2:	a021                	j	100034aa <_vfprintf_r+0xfde>
100034a4:	1941                	addi	s2,s2,-16
100034a6:	032edc63          	bge	t4,s2,100034de <_vfprintf_r+0x1012>
100034aa:	0641                	addi	a2,a2,16
100034ac:	0585                	addi	a1,a1,1
100034ae:	0157a023          	sw	s5,0(a5)
100034b2:	01d7a223          	sw	t4,4(a5)
100034b6:	c7b2                	sw	a2,204(sp)
100034b8:	c5ae                	sw	a1,200(sp)
100034ba:	07a1                	addi	a5,a5,8
100034bc:	feb3d4e3          	bge	t2,a1,100034a4 <_vfprintf_r+0xfd8>
100034c0:	4532                	lw	a0,12(sp)
100034c2:	01d0                	addi	a2,sp,196
100034c4:	85a6                	mv	a1,s1
100034c6:	148010ef          	jal	1000460e <__sprint_r>
100034ca:	da0512e3          	bnez	a0,1000326e <_vfprintf_r+0xda2>
100034ce:	4ec1                	li	t4,16
100034d0:	1941                	addi	s2,s2,-16
100034d2:	463e                	lw	a2,204(sp)
100034d4:	45ae                	lw	a1,200(sp)
100034d6:	87ce                	mv	a5,s3
100034d8:	439d                	li	t2,7
100034da:	fd2ec8e3          	blt	t4,s2,100034aa <_vfprintf_r+0xfde>
100034de:	8856                	mv	a6,s5
100034e0:	4896                	lw	a7,68(sp)
100034e2:	8ada                	mv	s5,s6
100034e4:	4e36                	lw	t3,76(sp)
100034e6:	8b3e                	mv	s6,a5
100034e8:	47a6                	lw	a5,72(sp)
100034ea:	874a                	mv	a4,s2
100034ec:	963a                	add	a2,a2,a4
100034ee:	0585                	addi	a1,a1,1
100034f0:	00eb2223          	sw	a4,4(s6)
100034f4:	c7b2                	sw	a2,204(sp)
100034f6:	c5ae                	sw	a1,200(sp)
100034f8:	010b2023          	sw	a6,0(s6)
100034fc:	471d                	li	a4,7
100034fe:	30b74d63          	blt	a4,a1,10003818 <_vfprintf_r+0x134c>
10003502:	0a314703          	lbu	a4,163(sp)
10003506:	0b21                	addi	s6,s6,8
10003508:	ef55                	bnez	a4,100035c4 <_vfprintf_r+0x10f8>
1000350a:	9a0d8063          	beqz	s11,100026aa <_vfprintf_r+0x1de>
1000350e:	4d81                	li	s11,0
10003510:	976ff06f          	j	10002686 <_vfprintf_r+0x1ba>
10003514:	4d89                	li	s11,2
10003516:	b7b5                	j	10003482 <_vfprintf_r+0xfb6>
10003518:	4c81                	li	s9,0
1000351a:	4a81                	li	s5,0
1000351c:	d602                	sw	zero,44(sp)
1000351e:	d402                	sw	zero,40(sp)
10003520:	4e01                	li	t3,0
10003522:	ce02                	sw	zero,28(sp)
10003524:	0b1c                	addi	a5,sp,400
10003526:	928ff06f          	j	1000264e <_vfprintf_r+0x182>
1000352a:	00ebf5b3          	and	a1,s7,a4
1000352e:	d4059f63          	bnez	a1,10002a8c <_vfprintf_r+0x5c0>
10003532:	00fb2023          	sw	a5,0(s6)
10003536:	00eb2223          	sw	a4,4(s6)
1000353a:	c7b2                	sw	a2,204(sp)
1000353c:	c5d6                	sw	s5,200(sp)
1000353e:	479d                	li	a5,7
10003540:	dd57d763          	bge	a5,s5,10002b0e <_vfprintf_r+0x642>
10003544:	4532                	lw	a0,12(sp)
10003546:	01d0                	addi	a2,sp,196
10003548:	85a6                	mv	a1,s1
1000354a:	0c4010ef          	jal	1000460e <__sprint_r>
1000354e:	d20510e3          	bnez	a0,1000326e <_vfprintf_r+0xda2>
10003552:	463e                	lw	a2,204(sp)
10003554:	4aae                	lw	s5,200(sp)
10003556:	8dce                	mv	s11,s3
10003558:	db6ff06f          	j	10002b0e <_vfprintf_r+0x642>
1000355c:	5712                	lw	a4,36(sp)
1000355e:	4785                	li	a5,1
10003560:	dae7d763          	bge	a5,a4,10002b0e <_vfprintf_r+0x642>
10003564:	47c5                	li	a5,17
10003566:	10008837          	lui	a6,0x10008
1000356a:	76e7d3e3          	bge	a5,a4,100044d0 <_vfprintf_r+0x2004>
1000356e:	4cc1                	li	s9,16
10003570:	479d                	li	a5,7
10003572:	c6c80913          	addi	s2,a6,-916 # 10007c6c <zeroes.0>
10003576:	a021                	j	1000357e <_vfprintf_r+0x10b2>
10003578:	1b41                	addi	s6,s6,-16
1000357a:	476cdd63          	bge	s9,s6,100039f4 <_vfprintf_r+0x1528>
1000357e:	0641                	addi	a2,a2,16
10003580:	0a85                	addi	s5,s5,1
10003582:	012da023          	sw	s2,0(s11)
10003586:	019da223          	sw	s9,4(s11)
1000358a:	c7b2                	sw	a2,204(sp)
1000358c:	c5d6                	sw	s5,200(sp)
1000358e:	0da1                	addi	s11,s11,8
10003590:	ff57d4e3          	bge	a5,s5,10003578 <_vfprintf_r+0x10ac>
10003594:	4532                	lw	a0,12(sp)
10003596:	01d0                	addi	a2,sp,196
10003598:	85a6                	mv	a1,s1
1000359a:	074010ef          	jal	1000460e <__sprint_r>
1000359e:	cc0518e3          	bnez	a0,1000326e <_vfprintf_r+0xda2>
100035a2:	463e                	lw	a2,204(sp)
100035a4:	4aae                	lw	s5,200(sp)
100035a6:	8dce                	mv	s11,s3
100035a8:	479d                	li	a5,7
100035aa:	b7f9                	j	10003578 <_vfprintf_r+0x10ac>
100035ac:	001bf793          	andi	a5,s7,1
100035b0:	92078263          	beqz	a5,100026d4 <_vfprintf_r+0x208>
100035b4:	ba35                	j	10002ef0 <_vfprintf_r+0xa24>
100035b6:	47e2                	lw	a5,24(sp)
100035b8:	000d4883          	lbu	a7,0(s10)
100035bc:	0791                	addi	a5,a5,4
100035be:	cc3e                	sw	a5,24(sp)
100035c0:	830ff06f          	j	100025f0 <_vfprintf_r+0x124>
100035c4:	876e                	mv	a4,s11
100035c6:	4d81                	li	s11,0
100035c8:	89cff06f          	j	10002664 <_vfprintf_r+0x198>
100035cc:	47e2                	lw	a5,24(sp)
100035ce:	4762                	lw	a4,24(sp)
100035d0:	439c                	lw	a5,0(a5)
100035d2:	0711                	addi	a4,a4,4
100035d4:	cc3a                	sw	a4,24(sp)
100035d6:	4390                	lw	a2,0(a5)
100035d8:	43d4                	lw	a3,4(a5)
100035da:	4798                	lw	a4,8(a5)
100035dc:	47dc                	lw	a5,12(a5)
100035de:	9b6ff06f          	j	10002794 <_vfprintf_r+0x2c8>
100035e2:	1579                	addi	a0,a0,-2
100035e4:	0b18                	addi	a4,sp,400
100035e6:	40a70cb3          	sub	s9,a4,a0
100035ea:	03000713          	li	a4,48
100035ee:	fee78fa3          	sb	a4,-1(a5)
100035f2:	0b9aec33          	max	s8,s5,s9
100035f6:	87aa                	mv	a5,a0
100035f8:	bb5d                	j	100033ae <_vfprintf_r+0xee2>
100035fa:	47e2                	lw	a5,24(sp)
100035fc:	0791                	addi	a5,a5,4
100035fe:	4762                	lw	a4,24(sp)
10003600:	8b9a                	mv	s7,t1
10003602:	cc3e                	sw	a5,24(sp)
10003604:	00072c03          	lw	s8,0(a4)
10003608:	41fc5c93          	srai	s9,s8,0x1f
1000360c:	8766                	mv	a4,s9
1000360e:	daaff06f          	j	10002bb8 <_vfprintf_r+0x6ec>
10003612:	47e2                	lw	a5,24(sp)
10003614:	0791                	addi	a5,a5,4
10003616:	4762                	lw	a4,24(sp)
10003618:	4601                	li	a2,0
1000361a:	cc3e                	sw	a5,24(sp)
1000361c:	4318                	lw	a4,0(a4)
1000361e:	f6eff06f          	j	10002d8c <_vfprintf_r+0x8c0>
10003622:	47e2                	lw	a5,24(sp)
10003624:	46d2                	lw	a3,20(sp)
10003626:	4652                	lw	a2,20(sp)
10003628:	439c                	lw	a5,0(a5)
1000362a:	86fd                	srai	a3,a3,0x1f
1000362c:	cc3a                	sw	a4,24(sp)
1000362e:	c390                	sw	a2,0(a5)
10003630:	c3d4                	sw	a3,4(a5)
10003632:	f57fe06f          	j	10002588 <_vfprintf_r+0xbc>
10003636:	86de                	mv	a3,s7
10003638:	f44ff06f          	j	10002d7c <_vfprintf_r+0x8b0>
1000363c:	100085b7          	lui	a1,0x10008
10003640:	002beb93          	ori	s7,s7,2
10003644:	cc3e                	sw	a5,24(sp)
10003646:	8bc58593          	addi	a1,a1,-1860 # 100078bc <__EH_FRAME_BEGIN__+0x110>
1000364a:	4e09                	li	t3,2
1000364c:	4e81                	li	t4,0
1000364e:	07800893          	li	a7,120
10003652:	0b1c                	addi	a5,sp,400
10003654:	00f77693          	andi	a3,a4,15
10003658:	96ae                	add	a3,a3,a1
1000365a:	0006c683          	lbu	a3,0(a3)
1000365e:	8311                	srli	a4,a4,0x4
10003660:	17fd                	addi	a5,a5,-1
10003662:	00d78023          	sb	a3,0(a5)
10003666:	01c61693          	slli	a3,a2,0x1c
1000366a:	9736                	add	a4,a4,a3
1000366c:	8211                	srli	a2,a2,0x4
1000366e:	00c766b3          	or	a3,a4,a2
10003672:	f2ed                	bnez	a3,10003654 <_vfprintf_r+0x1188>
10003674:	0b18                	addi	a4,sp,400
10003676:	40f70cb3          	sub	s9,a4,a5
1000367a:	0b9aec33          	max	s8,s5,s9
1000367e:	ce02                	sw	zero,28(sp)
10003680:	e0eff06f          	j	10002c8e <_vfprintf_r+0x7c2>
10003684:	8b9a                	mv	s7,t1
10003686:	de2ff06f          	j	10002c68 <_vfprintf_r+0x79c>
1000368a:	4532                	lw	a0,12(sp)
1000368c:	01d0                	addi	a2,sp,196
1000368e:	85a6                	mv	a1,s1
10003690:	77f000ef          	jal	1000460e <__sprint_r>
10003694:	bc051de3          	bnez	a0,1000326e <_vfprintf_r+0xda2>
10003698:	463e                	lw	a2,204(sp)
1000369a:	8b4e                	mv	s6,s3
1000369c:	b895                	j	10002f10 <_vfprintf_r+0xa44>
1000369e:	001d4883          	lbu	a7,1(s10)
100036a2:	020beb93          	ori	s7,s7,32
100036a6:	0d05                	addi	s10,s10,1
100036a8:	f49fe06f          	j	100025f0 <_vfprintf_r+0x124>
100036ac:	001d4883          	lbu	a7,1(s10)
100036b0:	200beb93          	ori	s7,s7,512
100036b4:	0d05                	addi	s10,s10,1
100036b6:	f3bfe06f          	j	100025f0 <_vfprintf_r+0x124>
100036ba:	100085b7          	lui	a1,0x10008
100036be:	8d058593          	addi	a1,a1,-1840 # 100078d0 <__EH_FRAME_BEGIN__+0x124>
100036c2:	020bf793          	andi	a5,s7,32
100036c6:	c3fd                	beqz	a5,100037ac <_vfprintf_r+0x12e0>
100036c8:	47e2                	lw	a5,24(sp)
100036ca:	079d                	addi	a5,a5,7
100036cc:	9be1                	andi	a5,a5,-8
100036ce:	00878713          	addi	a4,a5,8
100036d2:	cc3a                	sw	a4,24(sp)
100036d4:	43d0                	lw	a2,4(a5)
100036d6:	4398                	lw	a4,0(a5)
100036d8:	001bf793          	andi	a5,s7,1
100036dc:	00c766b3          	or	a3,a4,a2
100036e0:	c399                	beqz	a5,100036e6 <_vfprintf_r+0x121a>
100036e2:	1c069b63          	bnez	a3,100038b8 <_vfprintf_r+0x13ec>
100036e6:	0a0101a3          	sb	zero,163(sp)
100036ea:	120ac263          	bltz	s5,1000380e <_vfprintf_r+0x1342>
100036ee:	b7fbfb93          	andi	s7,s7,-1153
100036f2:	4e01                	li	t3,0
100036f4:	000a9463          	bnez	s5,100036fc <_vfprintf_r+0x1230>
100036f8:	9a068ee3          	beqz	a3,100030b4 <_vfprintf_r+0xbe8>
100036fc:	0a314e83          	lbu	t4,163(sp)
10003700:	bf89                	j	10003652 <_vfprintf_r+0x1186>
10003702:	100085b7          	lui	a1,0x10008
10003706:	8bc58593          	addi	a1,a1,-1860 # 100078bc <__EH_FRAME_BEGIN__+0x110>
1000370a:	bf65                	j	100036c2 <_vfprintf_r+0x11f6>
1000370c:	4699                	li	a3,6
1000370e:	0adadc33          	minu	s8,s5,a3
10003712:	100087b7          	lui	a5,0x10008
10003716:	cc4a                	sw	s2,24(sp)
10003718:	8ce2                	mv	s9,s8
1000371a:	8e478793          	addi	a5,a5,-1820 # 100078e4 <__EH_FRAME_BEGIN__+0x138>
1000371e:	ce02                	sw	zero,28(sp)
10003720:	4a81                	li	s5,0
10003722:	d602                	sw	zero,44(sp)
10003724:	d402                	sw	zero,40(sp)
10003726:	4e01                	li	t3,0
10003728:	f27fe06f          	j	1000264e <_vfprintf_r+0x182>
1000372c:	48c1                	li	a7,16
1000372e:	472e                	lw	a4,200(sp)
10003730:	10008837          	lui	a6,0x10008
10003734:	5f58d1e3          	bge	a7,s5,10004516 <_vfprintf_r+0x204a>
10003738:	8956                	mv	s2,s5
1000373a:	4c9d                	li	s9,7
1000373c:	8dbe                	mv	s11,a5
1000373e:	c2f2                	sw	t3,68(sp)
10003740:	c6c80a93          	addi	s5,a6,-916 # 10007c6c <zeroes.0>
10003744:	a021                	j	1000374c <_vfprintf_r+0x1280>
10003746:	1941                	addi	s2,s2,-16
10003748:	3b28d063          	bge	a7,s2,10003ae8 <_vfprintf_r+0x161c>
1000374c:	0641                	addi	a2,a2,16
1000374e:	0705                	addi	a4,a4,1
10003750:	015b2023          	sw	s5,0(s6)
10003754:	011b2223          	sw	a7,4(s6)
10003758:	c7b2                	sw	a2,204(sp)
1000375a:	c5ba                	sw	a4,200(sp)
1000375c:	0b21                	addi	s6,s6,8
1000375e:	feecd4e3          	bge	s9,a4,10003746 <_vfprintf_r+0x127a>
10003762:	4532                	lw	a0,12(sp)
10003764:	01d0                	addi	a2,sp,196
10003766:	85a6                	mv	a1,s1
10003768:	6a7000ef          	jal	1000460e <__sprint_r>
1000376c:	b00511e3          	bnez	a0,1000326e <_vfprintf_r+0xda2>
10003770:	463e                	lw	a2,204(sp)
10003772:	472e                	lw	a4,200(sp)
10003774:	8b4e                	mv	s6,s3
10003776:	48c1                	li	a7,16
10003778:	b7f9                	j	10003746 <_vfprintf_r+0x127a>
1000377a:	4532                	lw	a0,12(sp)
1000377c:	01d0                	addi	a2,sp,196
1000377e:	85a6                	mv	a1,s1
10003780:	68f000ef          	jal	1000460e <__sprint_r>
10003784:	ae0515e3          	bnez	a0,1000326e <_vfprintf_r+0xda2>
10003788:	463e                	lw	a2,204(sp)
1000378a:	47ae                	lw	a5,200(sp)
1000378c:	8b4e                	mv	s6,s3
1000378e:	1ac1                	addi	s5,s5,-16
10003790:	195cd863          	bge	s9,s5,10003920 <_vfprintf_r+0x1454>
10003794:	0641                	addi	a2,a2,16
10003796:	0785                	addi	a5,a5,1
10003798:	012b2023          	sw	s2,0(s6)
1000379c:	019b2223          	sw	s9,4(s6)
100037a0:	c7b2                	sw	a2,204(sp)
100037a2:	c5be                	sw	a5,200(sp)
100037a4:	0b21                	addi	s6,s6,8
100037a6:	fefdd4e3          	bge	s11,a5,1000378e <_vfprintf_r+0x12c2>
100037aa:	bfc1                	j	1000377a <_vfprintf_r+0x12ae>
100037ac:	46e2                	lw	a3,24(sp)
100037ae:	4762                	lw	a4,24(sp)
100037b0:	010bf793          	andi	a5,s7,16
100037b4:	0691                	addi	a3,a3,4
100037b6:	cc36                	sw	a3,24(sp)
100037b8:	4318                	lw	a4,0(a4)
100037ba:	eba1                	bnez	a5,1000380a <_vfprintf_r+0x133e>
100037bc:	040bf793          	andi	a5,s7,64
100037c0:	c3a9                	beqz	a5,10003802 <_vfprintf_r+0x1336>
100037c2:	08074733          	zext.h	a4,a4
100037c6:	4601                	li	a2,0
100037c8:	bf01                	j	100036d8 <_vfprintf_r+0x120c>
100037ca:	4532                	lw	a0,12(sp)
100037cc:	01d0                	addi	a2,sp,196
100037ce:	85a6                	mv	a1,s1
100037d0:	d43e                	sw	a5,40(sp)
100037d2:	63d000ef          	jal	1000460e <__sprint_r>
100037d6:	a8051ce3          	bnez	a0,1000326e <_vfprintf_r+0xda2>
100037da:	463e                	lw	a2,204(sp)
100037dc:	4aae                	lw	s5,200(sp)
100037de:	57a2                	lw	a5,40(sp)
100037e0:	8dce                	mv	s11,s3
100037e2:	abeff06f          	j	10002aa0 <_vfprintf_r+0x5d4>
100037e6:	4532                	lw	a0,12(sp)
100037e8:	01d0                	addi	a2,sp,196
100037ea:	85a6                	mv	a1,s1
100037ec:	d43e                	sw	a5,40(sp)
100037ee:	621000ef          	jal	1000460e <__sprint_r>
100037f2:	a6051ee3          	bnez	a0,1000326e <_vfprintf_r+0xda2>
100037f6:	463e                	lw	a2,204(sp)
100037f8:	4aae                	lw	s5,200(sp)
100037fa:	57a2                	lw	a5,40(sp)
100037fc:	8dce                	mv	s11,s3
100037fe:	ac0ff06f          	j	10002abe <_vfprintf_r+0x5f2>
10003802:	200bf793          	andi	a5,s7,512
10003806:	4e079663          	bnez	a5,10003cf2 <_vfprintf_r+0x1826>
1000380a:	4601                	li	a2,0
1000380c:	b5f1                	j	100036d8 <_vfprintf_r+0x120c>
1000380e:	bffbfb93          	andi	s7,s7,-1025
10003812:	4e01                	li	t3,0
10003814:	4e81                	li	t4,0
10003816:	bd35                	j	10003652 <_vfprintf_r+0x1186>
10003818:	4532                	lw	a0,12(sp)
1000381a:	01d0                	addi	a2,sp,196
1000381c:	85a6                	mv	a1,s1
1000381e:	c6f2                	sw	t3,76(sp)
10003820:	c4be                	sw	a5,72(sp)
10003822:	c2c6                	sw	a7,68(sp)
10003824:	5eb000ef          	jal	1000460e <__sprint_r>
10003828:	a40513e3          	bnez	a0,1000326e <_vfprintf_r+0xda2>
1000382c:	0a314703          	lbu	a4,163(sp)
10003830:	463e                	lw	a2,204(sp)
10003832:	4896                	lw	a7,68(sp)
10003834:	47a6                	lw	a5,72(sp)
10003836:	4e36                	lw	t3,76(sp)
10003838:	1a070763          	beqz	a4,100039e6 <_vfprintf_r+0x151a>
1000383c:	876e                	mv	a4,s11
1000383e:	45ae                	lw	a1,200(sp)
10003840:	4d81                	li	s11,0
10003842:	8b4e                	mv	s6,s3
10003844:	e21fe06f          	j	10002664 <_vfprintf_r+0x198>
10003848:	472e                	lw	a4,200(sp)
1000384a:	100085b7          	lui	a1,0x10008
1000384e:	83858593          	addi	a1,a1,-1992 # 10007838 <__EH_FRAME_BEGIN__+0x8c>
10003852:	00bb2023          	sw	a1,0(s6)
10003856:	0605                	addi	a2,a2,1
10003858:	4585                	li	a1,1
1000385a:	0705                	addi	a4,a4,1
1000385c:	00bb2223          	sw	a1,4(s6)
10003860:	c7b2                	sw	a2,204(sp)
10003862:	c5ba                	sw	a4,200(sp)
10003864:	459d                	li	a1,7
10003866:	0b21                	addi	s6,s6,8
10003868:	06e5cce3          	blt	a1,a4,100040e0 <_vfprintf_r+0x1c14>
1000386c:	5712                	lw	a4,36(sp)
1000386e:	8f49                	or	a4,a4,a0
10003870:	42070163          	beqz	a4,10003c92 <_vfprintf_r+0x17c6>
10003874:	56c2                	lw	a3,48(sp)
10003876:	472e                	lw	a4,200(sp)
10003878:	459d                	li	a1,7
1000387a:	9636                	add	a2,a2,a3
1000387c:	56d2                	lw	a3,52(sp)
1000387e:	0705                	addi	a4,a4,1
10003880:	c7b2                	sw	a2,204(sp)
10003882:	00db2023          	sw	a3,0(s6)
10003886:	56c2                	lw	a3,48(sp)
10003888:	c5ba                	sw	a4,200(sp)
1000388a:	0b21                	addi	s6,s6,8
1000388c:	fedb2e23          	sw	a3,-4(s6)
10003890:	42e5c563          	blt	a1,a4,10003cba <_vfprintf_r+0x17ee>
10003894:	1a0542e3          	bltz	a0,10004238 <_vfprintf_r+0x1d6c>
10003898:	5692                	lw	a3,36(sp)
1000389a:	0705                	addi	a4,a4,1
1000389c:	00fb2023          	sw	a5,0(s6)
100038a0:	9636                	add	a2,a2,a3
100038a2:	c7b2                	sw	a2,204(sp)
100038a4:	c5ba                	sw	a4,200(sp)
100038a6:	00db2223          	sw	a3,4(s6)
100038aa:	479d                	li	a5,7
100038ac:	00e7c463          	blt	a5,a4,100038b4 <_vfprintf_r+0x13e8>
100038b0:	e23fe06f          	j	100026d2 <_vfprintf_r+0x206>
100038b4:	a7cff06f          	j	10002b30 <_vfprintf_r+0x664>
100038b8:	03000793          	li	a5,48
100038bc:	0b1102a3          	sb	a7,165(sp)
100038c0:	0a0101a3          	sb	zero,163(sp)
100038c4:	0af10223          	sb	a5,164(sp)
100038c8:	200ac963          	bltz	s5,10003ada <_vfprintf_r+0x160e>
100038cc:	b7fbf313          	andi	t1,s7,-1153
100038d0:	0a314e83          	lbu	t4,163(sp)
100038d4:	00236b93          	ori	s7,t1,2
100038d8:	4e09                	li	t3,2
100038da:	bba5                	j	10003652 <_vfprintf_r+0x1186>
100038dc:	4532                	lw	a0,12(sp)
100038de:	0b6010ef          	jal	10004994 <__sinit>
100038e2:	c25fe06f          	j	10002506 <_vfprintf_r+0x3a>
100038e6:	4532                	lw	a0,12(sp)
100038e8:	01d0                	addi	a2,sp,196
100038ea:	85a6                	mv	a1,s1
100038ec:	523000ef          	jal	1000460e <__sprint_r>
100038f0:	96051fe3          	bnez	a0,1000326e <_vfprintf_r+0xda2>
100038f4:	463e                	lw	a2,204(sp)
100038f6:	8b4e                	mv	s6,s3
100038f8:	df0ff06f          	j	10002ee8 <_vfprintf_r+0xa1c>
100038fc:	460c9263          	bnez	s9,10003d60 <_vfprintf_r+0x1894>
10003900:	4725                	li	a4,9
10003902:	45876f63          	bltu	a4,s8,10003d60 <_vfprintf_r+0x1894>
10003906:	0b18                	addi	a4,sp,400
10003908:	40f70cb3          	sub	s9,a4,a5
1000390c:	0a314e83          	lbu	t4,163(sp)
10003910:	88ca                	mv	a7,s2
10003912:	d22a                	sw	a0,36(sp)
10003914:	0b9aec33          	max	s8,s5,s9
10003918:	4e01                	li	t3,0
1000391a:	ce02                	sw	zero,28(sp)
1000391c:	b72ff06f          	j	10002c8e <_vfprintf_r+0x7c2>
10003920:	884a                	mv	a6,s2
10003922:	9656                	add	a2,a2,s5
10003924:	0785                	addi	a5,a5,1
10003926:	c7b2                	sw	a2,204(sp)
10003928:	c5be                	sw	a5,200(sp)
1000392a:	010b2023          	sw	a6,0(s6)
1000392e:	015b2223          	sw	s5,4(s6)
10003932:	471d                	li	a4,7
10003934:	00f74463          	blt	a4,a5,1000393c <_vfprintf_r+0x1470>
10003938:	d9bfe06f          	j	100026d2 <_vfprintf_r+0x206>
1000393c:	9f4ff06f          	j	10002b30 <_vfprintf_r+0x664>
10003940:	474e                	lw	a4,208(sp)
10003942:	47de                	lw	a5,212(sp)
10003944:	010c                	addi	a1,sp,128
10003946:	c93a                	sw	a4,144(sp)
10003948:	cb3e                	sw	a5,148(sp)
1000394a:	476e                	lw	a4,216(sp)
1000394c:	47fe                	lw	a5,220(sp)
1000394e:	0908                	addi	a0,sp,144
10003950:	c102                	sw	zero,128(sp)
10003952:	c302                	sw	zero,132(sp)
10003954:	c502                	sw	zero,136(sp)
10003956:	c702                	sw	zero,140(sp)
10003958:	cd3a                	sw	a4,152(sp)
1000395a:	cf3e                	sw	a5,156(sp)
1000395c:	0fffe097          	auipc	ra,0xfffe
10003960:	fd2080e7          	jalr	-46(ra) # 2000192e <__letf2>
10003964:	48f2                	lw	a7,28(sp)
10003966:	f7fbfb93          	andi	s7,s7,-129
1000396a:	02054ee3          	bltz	a0,100041a6 <_vfprintf_r+0x1cda>
1000396e:	04700793          	li	a5,71
10003972:	0a314703          	lbu	a4,163(sp)
10003976:	3f17c063          	blt	a5,a7,10003d56 <_vfprintf_r+0x188a>
1000397a:	100087b7          	lui	a5,0x10008
1000397e:	8ac78793          	addi	a5,a5,-1876 # 100078ac <__EH_FRAME_BEGIN__+0x100>
10003982:	10071363          	bnez	a4,10003a88 <_vfprintf_r+0x15bc>
10003986:	4c8d                	li	s9,3
10003988:	8c66                	mv	s8,s9
1000398a:	bb51                	j	1000371e <_vfprintf_r+0x1252>
1000398c:	47e2                	lw	a5,24(sp)
1000398e:	46d2                	lw	a3,20(sp)
10003990:	439c                	lw	a5,0(a5)
10003992:	c394                	sw	a3,0(a5)
10003994:	cc3a                	sw	a4,24(sp)
10003996:	bf3fe06f          	j	10002588 <_vfprintf_r+0xbc>
1000399a:	100085b7          	lui	a1,0x10008
1000399e:	0a314e83          	lbu	t4,163(sp)
100039a2:	cc3e                	sw	a5,24(sp)
100039a4:	8bc58593          	addi	a1,a1,-1860 # 100078bc <__EH_FRAME_BEGIN__+0x110>
100039a8:	07800893          	li	a7,120
100039ac:	4e09                	li	t3,2
100039ae:	b155                	j	10003652 <_vfprintf_r+0x1186>
100039b0:	47be                	lw	a5,204(sp)
100039b2:	4952                	lw	s2,20(sp)
100039b4:	8c0783e3          	beqz	a5,1000327a <_vfprintf_r+0xdae>
100039b8:	4532                	lw	a0,12(sp)
100039ba:	01d0                	addi	a2,sp,196
100039bc:	85a6                	mv	a1,s1
100039be:	451000ef          	jal	1000460e <__sprint_r>
100039c2:	b865                	j	1000327a <_vfprintf_r+0xdae>
100039c4:	853e                	mv	a0,a5
100039c6:	ce46                	sw	a7,28(sp)
100039c8:	cc3e                	sw	a5,24(sp)
100039ca:	fb0fe0ef          	jal	1000217a <strlen>
100039ce:	0a314703          	lbu	a4,163(sp)
100039d2:	47e2                	lw	a5,24(sp)
100039d4:	48f2                	lw	a7,28(sp)
100039d6:	8caa                	mv	s9,a0
100039d8:	0a056c33          	max	s8,a0,zero
100039dc:	9a070463          	beqz	a4,10002b84 <_vfprintf_r+0x6b8>
100039e0:	0c05                	addi	s8,s8,1
100039e2:	9a2ff06f          	j	10002b84 <_vfprintf_r+0x6b8>
100039e6:	300d8363          	beqz	s11,10003cec <_vfprintf_r+0x1820>
100039ea:	45ae                	lw	a1,200(sp)
100039ec:	4d81                	li	s11,0
100039ee:	8b4e                	mv	s6,s3
100039f0:	c97fe06f          	j	10002686 <_vfprintf_r+0x1ba>
100039f4:	884a                	mv	a6,s2
100039f6:	965a                	add	a2,a2,s6
100039f8:	0a85                	addi	s5,s5,1
100039fa:	c7b2                	sw	a2,204(sp)
100039fc:	c5d6                	sw	s5,200(sp)
100039fe:	010da023          	sw	a6,0(s11)
10003a02:	016da223          	sw	s6,4(s11)
10003a06:	479d                	li	a5,7
10003a08:	9157d263          	bge	a5,s5,10002b0c <_vfprintf_r+0x640>
10003a0c:	be25                	j	10003544 <_vfprintf_r+0x1078>
10003a0e:	200bf713          	andi	a4,s7,512
10003a12:	30070863          	beqz	a4,10003d22 <_vfprintf_r+0x1856>
10003a16:	604c1c13          	sext.b	s8,s8
10003a1a:	41fc5c93          	srai	s9,s8,0x1f
10003a1e:	cc3e                	sw	a5,24(sp)
10003a20:	8766                	mv	a4,s9
10003a22:	996ff06f          	j	10002bb8 <_vfprintf_r+0x6ec>
10003a26:	200bfe13          	andi	t3,s7,512
10003a2a:	0a0101a3          	sb	zero,163(sp)
10003a2e:	2e0e1363          	bnez	t3,10003d14 <_vfprintf_r+0x1848>
10003a32:	4c81                	li	s9,0
10003a34:	a20acc63          	bltz	s5,10002c6c <_vfprintf_r+0x7a0>
10003a38:	f7fbfb93          	andi	s7,s7,-129
10003a3c:	a20a9863          	bnez	s5,10002c6c <_vfprintf_r+0x7a0>
10003a40:	e60c0a63          	beqz	s8,100030b4 <_vfprintf_r+0xbe8>
10003a44:	a28ff06f          	j	10002c6c <_vfprintf_r+0x7a0>
10003a48:	200bf693          	andi	a3,s7,512
10003a4c:	2a068f63          	beqz	a3,10003d0a <_vfprintf_r+0x183e>
10003a50:	0ff77713          	zext.b	a4,a4
10003a54:	cc3e                	sw	a5,24(sp)
10003a56:	86de                	mv	a3,s7
10003a58:	4601                	li	a2,0
10003a5a:	b32ff06f          	j	10002d8c <_vfprintf_r+0x8c0>
10003a5e:	4ffe                	lw	t6,220(sp)
10003a60:	800007b7          	lui	a5,0x80000
10003a64:	f7fbfb93          	andi	s7,s7,-129
10003a68:	00fffe33          	and	t3,t6,a5
10003a6c:	2c0e0163          	beqz	t3,10003d2e <_vfprintf_r+0x1862>
10003a70:	02d00793          	li	a5,45
10003a74:	0af101a3          	sb	a5,163(sp)
10003a78:	04700793          	li	a5,71
10003a7c:	1117dfe3          	bge	a5,a7,1000439a <_vfprintf_r+0x1ece>
10003a80:	100087b7          	lui	a5,0x10008
10003a84:	8b878793          	addi	a5,a5,-1864 # 100078b8 <__EH_FRAME_BEGIN__+0x10c>
10003a88:	ce02                	sw	zero,28(sp)
10003a8a:	4c8d                	li	s9,3
10003a8c:	4a81                	li	s5,0
10003a8e:	d602                	sw	zero,44(sp)
10003a90:	d402                	sw	zero,40(sp)
10003a92:	4e01                	li	t3,0
10003a94:	4c11                	li	s8,4
10003a96:	bb9fe06f          	j	1000264e <_vfprintf_r+0x182>
10003a9a:	100be713          	ori	a4,s7,256
10003a9e:	57fd                	li	a5,-1
10003aa0:	ce3a                	sw	a4,28(sp)
10003aa2:	4ece                	lw	t4,208(sp)
10003aa4:	4f5e                	lw	t5,212(sp)
10003aa6:	42ee                	lw	t0,216(sp)
10003aa8:	4cfe                	lw	s9,220(sp)
10003aaa:	38fa8163          	beq	s5,a5,10003e2c <_vfprintf_r+0x1960>
10003aae:	fb9c0793          	addi	a5,s8,-71
10003ab2:	e399                	bnez	a5,10003ab8 <_vfprintf_r+0x15ec>
10003ab4:	460a8c63          	beqz	s5,10003f2c <_vfprintf_r+0x1a60>
10003ab8:	000ccde3          	bltz	s9,100042d2 <_vfprintf_r+0x1e06>
10003abc:	c282                	sw	zero,68(sp)
10003abe:	ae9d                	j	10003e34 <_vfprintf_r+0x1968>
10003ac0:	ce02                	sw	zero,28(sp)
10003ac2:	4c81                	li	s9,0
10003ac4:	d602                	sw	zero,44(sp)
10003ac6:	d402                	sw	zero,40(sp)
10003ac8:	4e01                	li	t3,0
10003aca:	0b1c                	addi	a5,sp,400
10003acc:	4c01                	li	s8,0
10003ace:	b81fe06f          	j	1000264e <_vfprintf_r+0x182>
10003ad2:	cc3e                	sw	a5,24(sp)
10003ad4:	8b9a                	mv	s7,t1
10003ad6:	996ff06f          	j	10002c6c <_vfprintf_r+0x7a0>
10003ada:	bffbf313          	andi	t1,s7,-1025
10003ade:	00236b93          	ori	s7,t1,2
10003ae2:	4e09                	li	t3,2
10003ae4:	4e81                	li	t4,0
10003ae6:	b6b5                	j	10003652 <_vfprintf_r+0x1186>
10003ae8:	4e16                	lw	t3,68(sp)
10003aea:	8856                	mv	a6,s5
10003aec:	87ee                	mv	a5,s11
10003aee:	8aca                	mv	s5,s2
10003af0:	9656                	add	a2,a2,s5
10003af2:	0705                	addi	a4,a4,1
10003af4:	010b2023          	sw	a6,0(s6)
10003af8:	015b2223          	sw	s5,4(s6)
10003afc:	c7b2                	sw	a2,204(sp)
10003afe:	c5ba                	sw	a4,200(sp)
10003b00:	459d                	li	a1,7
10003b02:	0b21                	addi	s6,s6,8
10003b04:	8ee5d6e3          	bge	a1,a4,100033f0 <_vfprintf_r+0xf24>
10003b08:	4532                	lw	a0,12(sp)
10003b0a:	01d0                	addi	a2,sp,196
10003b0c:	85a6                	mv	a1,s1
10003b0e:	c4f2                	sw	t3,72(sp)
10003b10:	c2be                	sw	a5,68(sp)
10003b12:	2fd000ef          	jal	1000460e <__sprint_r>
10003b16:	f4051c63          	bnez	a0,1000326e <_vfprintf_r+0xda2>
10003b1a:	463e                	lw	a2,204(sp)
10003b1c:	4e26                	lw	t3,72(sp)
10003b1e:	4796                	lw	a5,68(sp)
10003b20:	8b4e                	mv	s6,s3
10003b22:	b0f9                	j	100033f0 <_vfprintf_r+0xf24>
10003b24:	5722                	lw	a4,40(sp)
10003b26:	56b2                	lw	a3,44(sp)
10003b28:	8f55                	or	a4,a4,a3
10003b2a:	20070fe3          	beqz	a4,10004548 <_vfprintf_r+0x207c>
10003b2e:	5712                	lw	a4,36(sp)
10003b30:	c4de                	sw	s7,72(sp)
10003b32:	c6e2                	sw	s8,76(sp)
10003b34:	8bee                	mv	s7,s11
10003b36:	caea                	sw	s10,84(sp)
10003b38:	5aa2                	lw	s5,40(sp)
10003b3a:	5db2                	lw	s11,44(sp)
10003b3c:	4c46                	lw	s8,80(sp)
10003b3e:	5d72                	lw	s10,60(sp)
10003b40:	100088b7          	lui	a7,0x10008
10003b44:	86da                	mv	a3,s6
10003b46:	c6c88893          	addi	a7,a7,-916 # 10007c6c <zeroes.0>
10003b4a:	481d                	li	a6,7
10003b4c:	4cc1                	li	s9,16
10003b4e:	c2be                	sw	a5,68(sp)
10003b50:	00e78b33          	add	s6,a5,a4
10003b54:	07b04263          	bgtz	s11,10003bb8 <_vfprintf_r+0x16ec>
10003b58:	1d7d                	addi	s10,s10,-1
10003b5a:	1afd                	addi	s5,s5,-1
10003b5c:	47ae                	lw	a5,200(sp)
10003b5e:	4706                	lw	a4,64(sp)
10003b60:	9662                	add	a2,a2,s8
10003b62:	0785                	addi	a5,a5,1
10003b64:	c298                	sw	a4,0(a3)
10003b66:	0186a223          	sw	s8,4(a3)
10003b6a:	c7b2                	sw	a2,204(sp)
10003b6c:	c5be                	sw	a5,200(sp)
10003b6e:	06a1                	addi	a3,a3,8
10003b70:	0cf84063          	blt	a6,a5,10003c30 <_vfprintf_r+0x1764>
10003b74:	000d4583          	lbu	a1,0(s10)
10003b78:	417b07b3          	sub	a5,s6,s7
10003b7c:	875a                	mv	a4,s6
10003b7e:	0ab7c933          	min	s2,a5,a1
10003b82:	03205063          	blez	s2,10003ba2 <_vfprintf_r+0x16d6>
10003b86:	45ae                	lw	a1,200(sp)
10003b88:	964a                	add	a2,a2,s2
10003b8a:	c7b2                	sw	a2,204(sp)
10003b8c:	0585                	addi	a1,a1,1
10003b8e:	0176a023          	sw	s7,0(a3)
10003b92:	0126a223          	sw	s2,4(a3)
10003b96:	c5ae                	sw	a1,200(sp)
10003b98:	0ab84b63          	blt	a6,a1,10003c4e <_vfprintf_r+0x1782>
10003b9c:	000d4583          	lbu	a1,0(s10)
10003ba0:	06a1                	addi	a3,a3,8
10003ba2:	0a0967b3          	max	a5,s2,zero
10003ba6:	40f58933          	sub	s2,a1,a5
10003baa:	01204963          	bgtz	s2,10003bbc <_vfprintf_r+0x16f0>
10003bae:	9bae                	add	s7,s7,a1
10003bb0:	fb5042e3          	bgtz	s5,10003b54 <_vfprintf_r+0x1688>
10003bb4:	37b05163          	blez	s11,10003f16 <_vfprintf_r+0x1a4a>
10003bb8:	1dfd                	addi	s11,s11,-1
10003bba:	b74d                	j	10003b5c <_vfprintf_r+0x1690>
10003bbc:	100082b7          	lui	t0,0x10008
10003bc0:	45ae                	lw	a1,200(sp)
10003bc2:	c6c28293          	addi	t0,t0,-916 # 10007c6c <zeroes.0>
10003bc6:	052cd763          	bge	s9,s2,10003c14 <_vfprintf_r+0x1748>
10003bca:	d43a                	sw	a4,40(sp)
10003bcc:	d646                	sw	a7,44(sp)
10003bce:	a021                	j	10003bd6 <_vfprintf_r+0x170a>
10003bd0:	1941                	addi	s2,s2,-16
10003bd2:	032cdf63          	bge	s9,s2,10003c10 <_vfprintf_r+0x1744>
10003bd6:	0641                	addi	a2,a2,16
10003bd8:	0585                	addi	a1,a1,1
10003bda:	0116a023          	sw	a7,0(a3)
10003bde:	0196a223          	sw	s9,4(a3)
10003be2:	c7b2                	sw	a2,204(sp)
10003be4:	c5ae                	sw	a1,200(sp)
10003be6:	06a1                	addi	a3,a3,8
10003be8:	feb854e3          	bge	a6,a1,10003bd0 <_vfprintf_r+0x1704>
10003bec:	4532                	lw	a0,12(sp)
10003bee:	01d0                	addi	a2,sp,196
10003bf0:	85a6                	mv	a1,s1
10003bf2:	21d000ef          	jal	1000460e <__sprint_r>
10003bf6:	e6051c63          	bnez	a0,1000326e <_vfprintf_r+0xda2>
10003bfa:	100087b7          	lui	a5,0x10008
10003bfe:	1941                	addi	s2,s2,-16
10003c00:	463e                	lw	a2,204(sp)
10003c02:	45ae                	lw	a1,200(sp)
10003c04:	86ce                	mv	a3,s3
10003c06:	c6c78893          	addi	a7,a5,-916 # 10007c6c <zeroes.0>
10003c0a:	481d                	li	a6,7
10003c0c:	fd2cc5e3          	blt	s9,s2,10003bd6 <_vfprintf_r+0x170a>
10003c10:	5722                	lw	a4,40(sp)
10003c12:	52b2                	lw	t0,44(sp)
10003c14:	964a                	add	a2,a2,s2
10003c16:	0585                	addi	a1,a1,1
10003c18:	c7b2                	sw	a2,204(sp)
10003c1a:	c5ae                	sw	a1,200(sp)
10003c1c:	0056a023          	sw	t0,0(a3)
10003c20:	0126a223          	sw	s2,4(a3)
10003c24:	54b84f63          	blt	a6,a1,10004182 <_vfprintf_r+0x1cb6>
10003c28:	000d4583          	lbu	a1,0(s10)
10003c2c:	06a1                	addi	a3,a3,8
10003c2e:	b741                	j	10003bae <_vfprintf_r+0x16e2>
10003c30:	4532                	lw	a0,12(sp)
10003c32:	01d0                	addi	a2,sp,196
10003c34:	85a6                	mv	a1,s1
10003c36:	1d9000ef          	jal	1000460e <__sprint_r>
10003c3a:	e2051a63          	bnez	a0,1000326e <_vfprintf_r+0xda2>
10003c3e:	100087b7          	lui	a5,0x10008
10003c42:	463e                	lw	a2,204(sp)
10003c44:	86ce                	mv	a3,s3
10003c46:	c6c78893          	addi	a7,a5,-916 # 10007c6c <zeroes.0>
10003c4a:	481d                	li	a6,7
10003c4c:	b725                	j	10003b74 <_vfprintf_r+0x16a8>
10003c4e:	4532                	lw	a0,12(sp)
10003c50:	01d0                	addi	a2,sp,196
10003c52:	85a6                	mv	a1,s1
10003c54:	d45a                	sw	s6,40(sp)
10003c56:	1b9000ef          	jal	1000460e <__sprint_r>
10003c5a:	e0051a63          	bnez	a0,1000326e <_vfprintf_r+0xda2>
10003c5e:	100087b7          	lui	a5,0x10008
10003c62:	000d4583          	lbu	a1,0(s10)
10003c66:	463e                	lw	a2,204(sp)
10003c68:	5722                	lw	a4,40(sp)
10003c6a:	86ce                	mv	a3,s3
10003c6c:	c6c78893          	addi	a7,a5,-916 # 10007c6c <zeroes.0>
10003c70:	481d                	li	a6,7
10003c72:	bf05                	j	10003ba2 <_vfprintf_r+0x16d6>
10003c74:	4532                	lw	a0,12(sp)
10003c76:	01d0                	addi	a2,sp,196
10003c78:	85a6                	mv	a1,s1
10003c7a:	c4f2                	sw	t3,72(sp)
10003c7c:	c2be                	sw	a5,68(sp)
10003c7e:	191000ef          	jal	1000460e <__sprint_r>
10003c82:	de051663          	bnez	a0,1000326e <_vfprintf_r+0xda2>
10003c86:	463e                	lw	a2,204(sp)
10003c88:	4e26                	lw	t3,72(sp)
10003c8a:	4796                	lw	a5,68(sp)
10003c8c:	8b4e                	mv	s6,s3
10003c8e:	f56ff06f          	j	100033e4 <_vfprintf_r+0xf18>
10003c92:	001bf713          	andi	a4,s7,1
10003c96:	e319                	bnez	a4,10003c9c <_vfprintf_r+0x17d0>
10003c98:	a3dfe06f          	j	100026d4 <_vfprintf_r+0x208>
10003c9c:	56c2                	lw	a3,48(sp)
10003c9e:	472e                	lw	a4,200(sp)
10003ca0:	459d                	li	a1,7
10003ca2:	9636                	add	a2,a2,a3
10003ca4:	56d2                	lw	a3,52(sp)
10003ca6:	0705                	addi	a4,a4,1
10003ca8:	c7b2                	sw	a2,204(sp)
10003caa:	00db2023          	sw	a3,0(s6)
10003cae:	56c2                	lw	a3,48(sp)
10003cb0:	c5ba                	sw	a4,200(sp)
10003cb2:	00db2223          	sw	a3,4(s6)
10003cb6:	4ce5d363          	bge	a1,a4,1000417c <_vfprintf_r+0x1cb0>
10003cba:	4532                	lw	a0,12(sp)
10003cbc:	01d0                	addi	a2,sp,196
10003cbe:	85a6                	mv	a1,s1
10003cc0:	d43e                	sw	a5,40(sp)
10003cc2:	14d000ef          	jal	1000460e <__sprint_r>
10003cc6:	da051463          	bnez	a0,1000326e <_vfprintf_r+0xda2>
10003cca:	552a                	lw	a0,168(sp)
10003ccc:	463e                	lw	a2,204(sp)
10003cce:	472e                	lw	a4,200(sp)
10003cd0:	57a2                	lw	a5,40(sp)
10003cd2:	8b4e                	mv	s6,s3
10003cd4:	b6c1                	j	10003894 <_vfprintf_r+0x13c8>
10003cd6:	5712                	lw	a4,36(sp)
10003cd8:	00e78cb3          	add	s9,a5,a4
10003cdc:	41bc8cb3          	sub	s9,s9,s11
10003ce0:	41570ab3          	sub	s5,a4,s5
10003ce4:	0b5cccb3          	min	s9,s9,s5
10003ce8:	f74ff06f          	j	1000345c <_vfprintf_r+0xf90>
10003cec:	8b4e                	mv	s6,s3
10003cee:	9bdfe06f          	j	100026aa <_vfprintf_r+0x1de>
10003cf2:	0ff77713          	zext.b	a4,a4
10003cf6:	4601                	li	a2,0
10003cf8:	b2c5                	j	100036d8 <_vfprintf_r+0x120c>
10003cfa:	47e2                	lw	a5,24(sp)
10003cfc:	46d2                	lw	a3,20(sp)
10003cfe:	cc3a                	sw	a4,24(sp)
10003d00:	439c                	lw	a5,0(a5)
10003d02:	00d79023          	sh	a3,0(a5)
10003d06:	883fe06f          	j	10002588 <_vfprintf_r+0xbc>
10003d0a:	cc3e                	sw	a5,24(sp)
10003d0c:	86de                	mv	a3,s7
10003d0e:	4601                	li	a2,0
10003d10:	87cff06f          	j	10002d8c <_vfprintf_r+0x8c0>
10003d14:	0ffc7c13          	zext.b	s8,s8
10003d18:	4c81                	li	s9,0
10003d1a:	a80ad663          	bgez	s5,10002fa6 <_vfprintf_r+0xada>
10003d1e:	f4bfe06f          	j	10002c68 <_vfprintf_r+0x79c>
10003d22:	41fc5c93          	srai	s9,s8,0x1f
10003d26:	cc3e                	sw	a5,24(sp)
10003d28:	8766                	mv	a4,s9
10003d2a:	e8ffe06f          	j	10002bb8 <_vfprintf_r+0x6ec>
10003d2e:	04700793          	li	a5,71
10003d32:	0a314703          	lbu	a4,163(sp)
10003d36:	6517dd63          	bge	a5,a7,10004390 <_vfprintf_r+0x1ec4>
10003d3a:	100087b7          	lui	a5,0x10008
10003d3e:	8b878793          	addi	a5,a5,-1864 # 100078b8 <__EH_FRAME_BEGIN__+0x10c>
10003d42:	00071ce3          	bnez	a4,1000455a <_vfprintf_r+0x208e>
10003d46:	4c8d                	li	s9,3
10003d48:	8c66                	mv	s8,s9
10003d4a:	4a81                	li	s5,0
10003d4c:	d602                	sw	zero,44(sp)
10003d4e:	d402                	sw	zero,40(sp)
10003d50:	ce02                	sw	zero,28(sp)
10003d52:	8fdfe06f          	j	1000264e <_vfprintf_r+0x182>
10003d56:	100087b7          	lui	a5,0x10008
10003d5a:	8b078793          	addi	a5,a5,-1872 # 100078b0 <__EH_FRAME_BEGIN__+0x104>
10003d5e:	b115                	j	10003982 <_vfprintf_r+0x14b6>
10003d60:	4746                	lw	a4,80(sp)
10003d62:	4586                	lw	a1,64(sp)
10003d64:	d242                	sw	a6,36(sp)
10003d66:	40e788b3          	sub	a7,a5,a4
10003d6a:	863a                	mv	a2,a4
10003d6c:	8546                	mv	a0,a7
10003d6e:	ce46                	sw	a7,28(sp)
10003d70:	36c010ef          	jal	100050dc <strncpy>
10003d74:	019c0733          	add	a4,s8,s9
10003d78:	018737b3          	sltu	a5,a4,s8
10003d7c:	ccccd637          	lui	a2,0xccccd
10003d80:	ccd60613          	addi	a2,a2,-819 # cccccccd <__StackTop+0xacc4accd>
10003d84:	973e                	add	a4,a4,a5
10003d86:	02c735b3          	mulhu	a1,a4,a2
10003d8a:	ccccd537          	lui	a0,0xccccd
10003d8e:	ccc50513          	addi	a0,a0,-820 # cccccccc <__StackTop+0xacc4accc>
10003d92:	57f2                	lw	a5,60(sp)
10003d94:	56f2                	lw	a3,60(sp)
10003d96:	48f2                	lw	a7,28(sp)
10003d98:	0017c783          	lbu	a5,1(a5)
10003d9c:	5812                	lw	a6,36(sp)
10003d9e:	00f037b3          	snez	a5,a5
10003da2:	0025d313          	srli	t1,a1,0x2
10003da6:	99f1                	andi	a1,a1,-4
10003da8:	959a                	add	a1,a1,t1
10003daa:	8f0d                	sub	a4,a4,a1
10003dac:	40ec0733          	sub	a4,s8,a4
10003db0:	00ec35b3          	sltu	a1,s8,a4
10003db4:	40bc85b3          	sub	a1,s9,a1
10003db8:	02a70533          	mul	a0,a4,a0
10003dbc:	97b6                	add	a5,a5,a3
10003dbe:	ccccd6b7          	lui	a3,0xccccd
10003dc2:	de3e                	sw	a5,60(sp)
10003dc4:	ccc68693          	addi	a3,a3,-820 # cccccccc <__StackTop+0xacc4accc>
10003dc8:	fff88793          	addi	a5,a7,-1
10003dcc:	02c585b3          	mul	a1,a1,a2
10003dd0:	95aa                	add	a1,a1,a0
10003dd2:	02c73533          	mulhu	a0,a4,a2
10003dd6:	02c70733          	mul	a4,a4,a2
10003dda:	95aa                	add	a1,a1,a0
10003ddc:	01f59313          	slli	t1,a1,0x1f
10003de0:	0015dc93          	srli	s9,a1,0x1
10003de4:	4505                	li	a0,1
10003de6:	8305                	srli	a4,a4,0x1
10003de8:	00e30c33          	add	s8,t1,a4
10003dec:	019c0733          	add	a4,s8,s9
10003df0:	018735b3          	sltu	a1,a4,s8
10003df4:	972e                	add	a4,a4,a1
10003df6:	02c735b3          	mulhu	a1,a4,a2
10003dfa:	0025d313          	srli	t1,a1,0x2
10003dfe:	99f1                	andi	a1,a1,-4
10003e00:	959a                	add	a1,a1,t1
10003e02:	8f0d                	sub	a4,a4,a1
10003e04:	40ec0733          	sub	a4,s8,a4
10003e08:	02c70733          	mul	a4,a4,a2
10003e0c:	8305                	srli	a4,a4,0x1
10003e0e:	20e74733          	sh2add	a4,a4,a4
10003e12:	0706                	slli	a4,a4,0x1
10003e14:	40ec0733          	sub	a4,s8,a4
10003e18:	03070713          	addi	a4,a4,48
10003e1c:	fee88fa3          	sb	a4,-1(a7)
10003e20:	9b2ff06f          	j	10002fd2 <_vfprintf_r+0xb06>
10003e24:	07800793          	li	a5,120
10003e28:	9bdfe06f          	j	100027e4 <_vfprintf_r+0x318>
10003e2c:	4a0cc263          	bltz	s9,100042d0 <_vfprintf_r+0x1e04>
10003e30:	c282                	sw	zero,68(sp)
10003e32:	4a99                	li	s5,6
10003e34:	04600793          	li	a5,70
10003e38:	2cfc1163          	bne	s8,a5,100040fa <_vfprintf_r+0x1c2e>
10003e3c:	4532                	lw	a0,12(sp)
10003e3e:	117c                	addi	a5,sp,172
10003e40:	1138                	addi	a4,sp,168
10003e42:	86d6                	mv	a3,s5
10003e44:	090c                	addi	a1,sp,144
10003e46:	0b010813          	addi	a6,sp,176
10003e4a:	460d                	li	a2,3
10003e4c:	c4c6                	sw	a7,72(sp)
10003e4e:	c976                	sw	t4,144(sp)
10003e50:	d676                	sw	t4,44(sp)
10003e52:	cb7a                	sw	t5,148(sp)
10003e54:	d47a                	sw	t5,40(sp)
10003e56:	cd16                	sw	t0,152(sp)
10003e58:	d216                	sw	t0,36(sp)
10003e5a:	cf66                	sw	s9,156(sp)
10003e5c:	4ce010ef          	jal	1000532a <_ldtoa_r>
10003e60:	00054683          	lbu	a3,0(a0)
10003e64:	03000713          	li	a4,48
10003e68:	5292                	lw	t0,36(sp)
10003e6a:	5f22                	lw	t5,40(sp)
10003e6c:	5eb2                	lw	t4,44(sp)
10003e6e:	48a6                	lw	a7,72(sp)
10003e70:	87aa                	mv	a5,a0
10003e72:	01550933          	add	s2,a0,s5
10003e76:	5ae68263          	beq	a3,a4,1000441a <_vfprintf_r+0x1f4e>
10003e7a:	5daa                	lw	s11,168(sp)
10003e7c:	0908                	addi	a0,sp,144
10003e7e:	010c                	addi	a1,sp,128
10003e80:	d43e                	sw	a5,40(sp)
10003e82:	cf66                	sw	s9,156(sp)
10003e84:	d246                	sw	a7,36(sp)
10003e86:	c976                	sw	t4,144(sp)
10003e88:	cb7a                	sw	t5,148(sp)
10003e8a:	cd16                	sw	t0,152(sp)
10003e8c:	c102                	sw	zero,128(sp)
10003e8e:	c302                	sw	zero,132(sp)
10003e90:	c502                	sw	zero,136(sp)
10003e92:	c702                	sw	zero,140(sp)
10003e94:	0fffe097          	auipc	ra,0xfffe
10003e98:	8f2080e7          	jalr	-1806(ra) # 20001786 <__eqtf2>
10003e9c:	57a2                	lw	a5,40(sp)
10003e9e:	01b90cb3          	add	s9,s2,s11
10003ea2:	8e6e                	mv	t3,s11
10003ea4:	56051463          	bnez	a0,1000440c <_vfprintf_r+0x1f40>
10003ea8:	40fc8733          	sub	a4,s9,a5
10003eac:	d23a                	sw	a4,36(sp)
10003eae:	001bf713          	andi	a4,s7,1
10003eb2:	01576733          	or	a4,a4,s5
10003eb6:	63c05163          	blez	t3,100044d8 <_vfprintf_r+0x200c>
10003eba:	58071763          	bnez	a4,10004448 <_vfprintf_r+0x1f7c>
10003ebe:	8cf2                	mv	s9,t3
10003ec0:	06600893          	li	a7,102
10003ec4:	400bf313          	andi	t1,s7,1024
10003ec8:	0a0cec33          	max	s8,s9,zero
10003ecc:	48031263          	bnez	t1,10004350 <_vfprintf_r+0x1e84>
10003ed0:	4716                	lw	a4,68(sp)
10003ed2:	34070a63          	beqz	a4,10004226 <_vfprintf_r+0x1d5a>
10003ed6:	02d00713          	li	a4,45
10003eda:	0ae101a3          	sb	a4,163(sp)
10003ede:	0c05                	addi	s8,s8,1
10003ee0:	4bf2                	lw	s7,28(sp)
10003ee2:	4a81                	li	s5,0
10003ee4:	ce02                	sw	zero,28(sp)
10003ee6:	d602                	sw	zero,44(sp)
10003ee8:	d402                	sw	zero,40(sp)
10003eea:	f64fe06f          	j	1000264e <_vfprintf_r+0x182>
10003eee:	4532                	lw	a0,12(sp)
10003ef0:	001a8593          	addi	a1,s5,1
10003ef4:	ce46                	sw	a7,28(sp)
10003ef6:	cbefd0ef          	jal	100013b4 <_malloc_r>
10003efa:	48f2                	lw	a7,28(sp)
10003efc:	87aa                	mv	a5,a0
10003efe:	62050c63          	beqz	a0,10004536 <_vfprintf_r+0x206a>
10003f02:	477e                	lw	a4,220(sp)
10003f04:	ce2a                	sw	a0,28(sp)
10003f06:	46ce                	lw	a3,208(sp)
10003f08:	465e                	lw	a2,212(sp)
10003f0a:	45ee                	lw	a1,216(sp)
10003f0c:	3c074b63          	bltz	a4,100042e2 <_vfprintf_r+0x1e16>
10003f10:	c282                	sw	zero,68(sp)
10003f12:	8f9fe06f          	j	1000280a <_vfprintf_r+0x33e>
10003f16:	8dde                	mv	s11,s7
10003f18:	de6a                	sw	s10,60(sp)
10003f1a:	4796                	lw	a5,68(sp)
10003f1c:	4ba6                	lw	s7,72(sp)
10003f1e:	4c36                	lw	s8,76(sp)
10003f20:	4d56                	lw	s10,84(sp)
10003f22:	8b36                	mv	s6,a3
10003f24:	0aedddb3          	minu	s11,s11,a4
10003f28:	cd4ff06f          	j	100033fc <_vfprintf_r+0xf30>
10003f2c:	c282                	sw	zero,68(sp)
10003f2e:	000cd763          	bgez	s9,10003f3c <_vfprintf_r+0x1a70>
10003f32:	02d00793          	li	a5,45
10003f36:	69fc9c93          	binvi	s9,s9,0x1f
10003f3a:	c2be                	sw	a5,68(sp)
10003f3c:	4532                	lw	a0,12(sp)
10003f3e:	09010d93          	addi	s11,sp,144
10003f42:	117c                	addi	a5,sp,172
10003f44:	85ee                	mv	a1,s11
10003f46:	0b010813          	addi	a6,sp,176
10003f4a:	1138                	addi	a4,sp,168
10003f4c:	4685                	li	a3,1
10003f4e:	4609                	li	a2,2
10003f50:	c6c6                	sw	a7,76(sp)
10003f52:	c976                	sw	t4,144(sp)
10003f54:	c4f6                	sw	t4,72(sp)
10003f56:	cb7a                	sw	t5,148(sp)
10003f58:	d67a                	sw	t5,44(sp)
10003f5a:	cd16                	sw	t0,152(sp)
10003f5c:	d416                	sw	t0,40(sp)
10003f5e:	cf66                	sw	s9,156(sp)
10003f60:	3ca010ef          	jal	1000532a <_ldtoa_r>
10003f64:	52a2                	lw	t0,40(sp)
10003f66:	5f32                	lw	t5,44(sp)
10003f68:	4ea6                	lw	t4,72(sp)
10003f6a:	48b6                	lw	a7,76(sp)
10003f6c:	4a85                	li	s5,1
10003f6e:	87aa                	mv	a5,a0
10003f70:	d256                	sw	s5,36(sp)
10003f72:	001bf713          	andi	a4,s7,1
10003f76:	12070563          	beqz	a4,100040a0 <_vfprintf_r+0x1bd4>
10003f7a:	856e                	mv	a0,s11
10003f7c:	010c                	addi	a1,sp,128
10003f7e:	d63e                	sw	a5,44(sp)
10003f80:	d446                	sw	a7,40(sp)
10003f82:	c976                	sw	t4,144(sp)
10003f84:	cb7a                	sw	t5,148(sp)
10003f86:	cd16                	sw	t0,152(sp)
10003f88:	cf66                	sw	s9,156(sp)
10003f8a:	c102                	sw	zero,128(sp)
10003f8c:	c302                	sw	zero,132(sp)
10003f8e:	c502                	sw	zero,136(sp)
10003f90:	c702                	sw	zero,140(sp)
10003f92:	0fffd097          	auipc	ra,0xfffd
10003f96:	7f4080e7          	jalr	2036(ra) # 20001786 <__eqtf2>
10003f9a:	58a2                	lw	a7,40(sp)
10003f9c:	57b2                	lw	a5,44(sp)
10003f9e:	56050a63          	beqz	a0,10004512 <_vfprintf_r+0x2046>
10003fa2:	5692                	lw	a3,36(sp)
10003fa4:	574a                	lw	a4,176(sp)
10003fa6:	00d78cb3          	add	s9,a5,a3
10003faa:	5d977063          	bgeu	a4,s9,1000456a <_vfprintf_r+0x209e>
10003fae:	03000613          	li	a2,48
10003fb2:	00170693          	addi	a3,a4,1
10003fb6:	d936                	sw	a3,176(sp)
10003fb8:	00c70023          	sb	a2,0(a4)
10003fbc:	574a                	lw	a4,176(sp)
10003fbe:	ff976ae3          	bltu	a4,s9,10003fb2 <_vfprintf_r+0x1ae6>
10003fc2:	8f1d                	sub	a4,a4,a5
10003fc4:	04700693          	li	a3,71
10003fc8:	d23a                	sw	a4,36(sp)
10003fca:	5e2a                	lw	t3,168(sp)
10003fcc:	0cdc0e63          	beq	s8,a3,100040a8 <_vfprintf_r+0x1bdc>
10003fd0:	04600713          	li	a4,70
10003fd4:	ecec0de3          	beq	s8,a4,10003eae <_vfprintf_r+0x19e2>
10003fd8:	fffe0713          	addi	a4,t3,-1
10003fdc:	0b110a23          	sb	a7,180(sp)
10003fe0:	d53a                	sw	a4,168(sp)
10003fe2:	46074b63          	bltz	a4,10004458 <_vfprintf_r+0x1f8c>
10003fe6:	02b00693          	li	a3,43
10003fea:	0ad10aa3          	sb	a3,181(sp)
10003fee:	46a5                	li	a3,9
10003ff0:	46e6de63          	bge	a3,a4,1000446c <_vfprintf_r+0x1fa0>
10003ff4:	895e                	mv	s2,s7
10003ff6:	ce02                	sw	zero,28(sp)
10003ff8:	0c310e93          	addi	t4,sp,195
10003ffc:	ccccd337          	lui	t1,0xccccd
10004000:	8576                	mv	a0,t4
10004002:	ccd30313          	addi	t1,t1,-819 # cccccccd <__StackTop+0xacc4accd>
10004006:	06300f13          	li	t5,99
1000400a:	026736b3          	mulhu	a3,a4,t1
1000400e:	883a                	mv	a6,a4
10004010:	85aa                	mv	a1,a0
10004012:	157d                	addi	a0,a0,-1
10004014:	828d                	srli	a3,a3,0x3
10004016:	20d6c633          	sh2add	a2,a3,a3
1000401a:	0606                	slli	a2,a2,0x1
1000401c:	8f11                	sub	a4,a4,a2
1000401e:	03070713          	addi	a4,a4,48
10004022:	fee58fa3          	sb	a4,-1(a1)
10004026:	8736                	mv	a4,a3
10004028:	ff0f41e3          	blt	t5,a6,1000400a <_vfprintf_r+0x1b3e>
1000402c:	03068713          	addi	a4,a3,48
10004030:	fee50fa3          	sb	a4,-1(a0)
10004034:	ffe58713          	addi	a4,a1,-2
10004038:	4fd77363          	bgeu	a4,t4,1000451e <_vfprintf_r+0x2052>
1000403c:	0b610513          	addi	a0,sp,182
10004040:	86aa                	mv	a3,a0
10004042:	00074603          	lbu	a2,0(a4)
10004046:	0705                	addi	a4,a4,1
10004048:	0685                	addi	a3,a3,1
1000404a:	fec68fa3          	sb	a2,-1(a3)
1000404e:	ffd71ae3          	bne	a4,t4,10004042 <_vfprintf_r+0x1b76>
10004052:	972a                	add	a4,a4,a0
10004054:	0709                	addi	a4,a4,2
10004056:	8f0d                	sub	a4,a4,a1
10004058:	1954                	addi	a3,sp,180
1000405a:	8f15                	sub	a4,a4,a3
1000405c:	dc3a                	sw	a4,56(sp)
1000405e:	5692                	lw	a3,36(sp)
10004060:	5662                	lw	a2,56(sp)
10004062:	4705                	li	a4,1
10004064:	00c68cb3          	add	s9,a3,a2
10004068:	2ad75263          	bge	a4,a3,1000430c <_vfprintf_r+0x1e40>
1000406c:	5742                	lw	a4,48(sp)
1000406e:	9cba                	add	s9,s9,a4
10004070:	4716                	lw	a4,68(sp)
10004072:	bff97313          	andi	t1,s2,-1025
10004076:	10036b93          	ori	s7,t1,256
1000407a:	00297e13          	andi	t3,s2,2
1000407e:	0a0cec33          	max	s8,s9,zero
10004082:	22070e63          	beqz	a4,100042be <_vfprintf_r+0x1df2>
10004086:	02d00e93          	li	t4,45
1000408a:	0bd101a3          	sb	t4,163(sp)
1000408e:	4a81                	li	s5,0
10004090:	0c05                	addi	s8,s8,1
10004092:	b53fe06f          	j	10002be4 <_vfprintf_r+0x718>
10004096:	5692                	lw	a3,36(sp)
10004098:	00a6c583          	lbu	a1,10(a3)
1000409c:	96dfe06f          	j	10002a08 <_vfprintf_r+0x53c>
100040a0:	574a                	lw	a4,176(sp)
100040a2:	5e2a                	lw	t3,168(sp)
100040a4:	8f1d                	sub	a4,a4,a5
100040a6:	d23a                	sw	a4,36(sp)
100040a8:	ffde2713          	slti	a4,t3,-3
100040ac:	e319                	bnez	a4,100040b2 <_vfprintf_r+0x1be6>
100040ae:	01cad463          	bge	s5,t3,100040b6 <_vfprintf_r+0x1bea>
100040b2:	18f9                	addi	a7,a7,-2
100040b4:	b715                	j	10003fd8 <_vfprintf_r+0x1b0c>
100040b6:	5712                	lw	a4,36(sp)
100040b8:	1eee4063          	blt	t3,a4,10004298 <_vfprintf_r+0x1dcc>
100040bc:	001bf713          	andi	a4,s7,1
100040c0:	8cf2                	mv	s9,t3
100040c2:	c701                	beqz	a4,100040ca <_vfprintf_r+0x1bfe>
100040c4:	5742                	lw	a4,48(sp)
100040c6:	00ee0cb3          	add	s9,t3,a4
100040ca:	400bf313          	andi	t1,s7,1024
100040ce:	00030463          	beqz	t1,100040d6 <_vfprintf_r+0x1c0a>
100040d2:	27c04d63          	bgtz	t3,1000434c <_vfprintf_r+0x1e80>
100040d6:	0a0cec33          	max	s8,s9,zero
100040da:	06700893          	li	a7,103
100040de:	bbcd                	j	10003ed0 <_vfprintf_r+0x1a04>
100040e0:	4532                	lw	a0,12(sp)
100040e2:	01d0                	addi	a2,sp,196
100040e4:	85a6                	mv	a1,s1
100040e6:	d43e                	sw	a5,40(sp)
100040e8:	231d                	jal	1000460e <__sprint_r>
100040ea:	98051263          	bnez	a0,1000326e <_vfprintf_r+0xda2>
100040ee:	552a                	lw	a0,168(sp)
100040f0:	463e                	lw	a2,204(sp)
100040f2:	57a2                	lw	a5,40(sp)
100040f4:	8b4e                	mv	s6,s3
100040f6:	f76ff06f          	j	1000386c <_vfprintf_r+0x13a0>
100040fa:	fbbc0793          	addi	a5,s8,-69
100040fe:	4532                	lw	a0,12(sp)
10004100:	0017b793          	seqz	a5,a5
10004104:	97d6                	add	a5,a5,s5
10004106:	09010d93          	addi	s11,sp,144
1000410a:	d23e                	sw	a5,36(sp)
1000410c:	86be                	mv	a3,a5
1000410e:	1138                	addi	a4,sp,168
10004110:	117c                	addi	a5,sp,172
10004112:	85ee                	mv	a1,s11
10004114:	0b010813          	addi	a6,sp,176
10004118:	4609                	li	a2,2
1000411a:	c6c6                	sw	a7,76(sp)
1000411c:	c976                	sw	t4,144(sp)
1000411e:	c4f6                	sw	t4,72(sp)
10004120:	cb7a                	sw	t5,148(sp)
10004122:	d67a                	sw	t5,44(sp)
10004124:	cd16                	sw	t0,152(sp)
10004126:	d416                	sw	t0,40(sp)
10004128:	cf66                	sw	s9,156(sp)
1000412a:	200010ef          	jal	1000532a <_ldtoa_r>
1000412e:	04700713          	li	a4,71
10004132:	52a2                	lw	t0,40(sp)
10004134:	5f32                	lw	t5,44(sp)
10004136:	4ea6                	lw	t4,72(sp)
10004138:	48b6                	lw	a7,76(sp)
1000413a:	87aa                	mv	a5,a0
1000413c:	e2ec0be3          	beq	s8,a4,10003f72 <_vfprintf_r+0x1aa6>
10004140:	d62a                	sw	a0,44(sp)
10004142:	010c                	addi	a1,sp,128
10004144:	856e                	mv	a0,s11
10004146:	d446                	sw	a7,40(sp)
10004148:	c976                	sw	t4,144(sp)
1000414a:	cb7a                	sw	t5,148(sp)
1000414c:	cd16                	sw	t0,152(sp)
1000414e:	cf66                	sw	s9,156(sp)
10004150:	c102                	sw	zero,128(sp)
10004152:	c302                	sw	zero,132(sp)
10004154:	c502                	sw	zero,136(sp)
10004156:	c702                	sw	zero,140(sp)
10004158:	0fffd097          	auipc	ra,0xfffd
1000415c:	62e080e7          	jalr	1582(ra) # 20001786 <__eqtf2>
10004160:	58a2                	lw	a7,40(sp)
10004162:	57b2                	lw	a5,44(sp)
10004164:	40050b63          	beqz	a0,1000457a <_vfprintf_r+0x20ae>
10004168:	5692                	lw	a3,36(sp)
1000416a:	574a                	lw	a4,176(sp)
1000416c:	00d78cb3          	add	s9,a5,a3
10004170:	e3976fe3          	bltu	a4,s9,10003fae <_vfprintf_r+0x1ae2>
10004174:	8f1d                	sub	a4,a4,a5
10004176:	5e2a                	lw	t3,168(sp)
10004178:	d23a                	sw	a4,36(sp)
1000417a:	bdb9                	j	10003fd8 <_vfprintf_r+0x1b0c>
1000417c:	0b21                	addi	s6,s6,8
1000417e:	f1aff06f          	j	10003898 <_vfprintf_r+0x13cc>
10004182:	4532                	lw	a0,12(sp)
10004184:	01d0                	addi	a2,sp,196
10004186:	85a6                	mv	a1,s1
10004188:	d43a                	sw	a4,40(sp)
1000418a:	2151                	jal	1000460e <__sprint_r>
1000418c:	8e051163          	bnez	a0,1000326e <_vfprintf_r+0xda2>
10004190:	100087b7          	lui	a5,0x10008
10004194:	000d4583          	lbu	a1,0(s10)
10004198:	463e                	lw	a2,204(sp)
1000419a:	5722                	lw	a4,40(sp)
1000419c:	86ce                	mv	a3,s3
1000419e:	c6c78893          	addi	a7,a5,-916 # 10007c6c <zeroes.0>
100041a2:	481d                	li	a6,7
100041a4:	b429                	j	10003bae <_vfprintf_r+0x16e2>
100041a6:	02d00793          	li	a5,45
100041aa:	0af101a3          	sb	a5,163(sp)
100041ae:	04700793          	li	a5,71
100041b2:	1317df63          	bge	a5,a7,100042f0 <_vfprintf_r+0x1e24>
100041b6:	100087b7          	lui	a5,0x10008
100041ba:	8b078793          	addi	a5,a5,-1872 # 100078b0 <__EH_FRAME_BEGIN__+0x104>
100041be:	b0e9                	j	10003a88 <_vfprintf_r+0x15bc>
100041c0:	4532                	lw	a0,12(sp)
100041c2:	01d0                	addi	a2,sp,196
100041c4:	85a6                	mv	a1,s1
100041c6:	d43e                	sw	a5,40(sp)
100041c8:	2199                	jal	1000460e <__sprint_r>
100041ca:	8a051263          	bnez	a0,1000326e <_vfprintf_r+0xda2>
100041ce:	5aaa                	lw	s5,168(sp)
100041d0:	463e                	lw	a2,204(sp)
100041d2:	57a2                	lw	a5,40(sp)
100041d4:	8b4e                	mv	s6,s3
100041d6:	a56ff06f          	j	1000342c <_vfprintf_r+0xf60>
100041da:	4725                	li	a4,9
100041dc:	01c77463          	bgeu	a4,t3,100041e4 <_vfprintf_r+0x1d18>
100041e0:	e57fe06f          	j	10003036 <_vfprintf_r+0xb6a>
100041e4:	f22ff06f          	j	10003906 <_vfprintf_r+0x143a>
100041e8:	c7c80813          	addi	a6,a6,-900
100041ec:	b00ff06f          	j	100034ec <_vfprintf_r+0x1020>
100041f0:	cc4a                	sw	s2,24(sp)
100041f2:	10070563          	beqz	a4,100042fc <_vfprintf_r+0x1e30>
100041f6:	001a8c13          	addi	s8,s5,1
100041fa:	8cd6                	mv	s9,s5
100041fc:	d602                	sw	zero,44(sp)
100041fe:	4a81                	li	s5,0
10004200:	d402                	sw	zero,40(sp)
10004202:	4e01                	li	t3,0
10004204:	c4afe06f          	j	1000264e <_vfprintf_r+0x182>
10004208:	4532                	lw	a0,12(sp)
1000420a:	01d0                	addi	a2,sp,196
1000420c:	85a6                	mv	a1,s1
1000420e:	2101                	jal	1000460e <__sprint_r>
10004210:	c119                	beqz	a0,10004216 <_vfprintf_r+0x1d4a>
10004212:	85cff06f          	j	1000326e <_vfprintf_r+0xda2>
10004216:	5aaa                	lw	s5,168(sp)
10004218:	5792                	lw	a5,36(sp)
1000421a:	463e                	lw	a2,204(sp)
1000421c:	8b4e                	mv	s6,s3
1000421e:	41578ab3          	sub	s5,a5,s5
10004222:	a3aff06f          	j	1000345c <_vfprintf_r+0xf90>
10004226:	0a314703          	lbu	a4,163(sp)
1000422a:	ca070be3          	beqz	a4,10003ee0 <_vfprintf_r+0x1a14>
1000422e:	0c05                	addi	s8,s8,1
10004230:	b945                	j	10003ee0 <_vfprintf_r+0x1a14>
10004232:	835e                	mv	t1,s7
10004234:	f11fe06f          	j	10003144 <_vfprintf_r+0xc78>
10004238:	55c1                	li	a1,-16
1000423a:	40a00ab3          	neg	s5,a0
1000423e:	10008837          	lui	a6,0x10008
10004242:	30b55963          	bge	a0,a1,10004554 <_vfprintf_r+0x2088>
10004246:	4cc1                	li	s9,16
10004248:	4d9d                	li	s11,7
1000424a:	d43e                	sw	a5,40(sp)
1000424c:	c6c80913          	addi	s2,a6,-916 # 10007c6c <zeroes.0>
10004250:	a021                	j	10004258 <_vfprintf_r+0x1d8c>
10004252:	1ac1                	addi	s5,s5,-16
10004254:	0d5cd163          	bge	s9,s5,10004316 <_vfprintf_r+0x1e4a>
10004258:	0641                	addi	a2,a2,16
1000425a:	0705                	addi	a4,a4,1
1000425c:	012b2023          	sw	s2,0(s6)
10004260:	019b2223          	sw	s9,4(s6)
10004264:	c7b2                	sw	a2,204(sp)
10004266:	c5ba                	sw	a4,200(sp)
10004268:	0b21                	addi	s6,s6,8
1000426a:	feedd4e3          	bge	s11,a4,10004252 <_vfprintf_r+0x1d86>
1000426e:	4532                	lw	a0,12(sp)
10004270:	01d0                	addi	a2,sp,196
10004272:	85a6                	mv	a1,s1
10004274:	2e69                	jal	1000460e <__sprint_r>
10004276:	c119                	beqz	a0,1000427c <_vfprintf_r+0x1db0>
10004278:	ff7fe06f          	j	1000326e <_vfprintf_r+0xda2>
1000427c:	463e                	lw	a2,204(sp)
1000427e:	472e                	lw	a4,200(sp)
10004280:	8b4e                	mv	s6,s3
10004282:	bfc1                	j	10004252 <_vfprintf_r+0x1d86>
10004284:	86de                	mv	a3,s7
10004286:	b90ff06f          	j	10003616 <_vfprintf_r+0x114a>
1000428a:	835e                	mv	t1,s7
1000428c:	b72ff06f          	j	100035fe <_vfprintf_r+0x1132>
10004290:	c7c80813          	addi	a6,a6,-900
10004294:	8b6ff06f          	j	1000334a <_vfprintf_r+0xe7e>
10004298:	5712                	lw	a4,36(sp)
1000429a:	56c2                	lw	a3,48(sp)
1000429c:	06700893          	li	a7,103
100042a0:	00d70cb3          	add	s9,a4,a3
100042a4:	c3c040e3          	bgtz	t3,10003ec4 <_vfprintf_r+0x19f8>
100042a8:	41cc8f33          	sub	t5,s9,t3
100042ac:	001f0c93          	addi	s9,t5,1
100042b0:	0a0cec33          	max	s8,s9,zero
100042b4:	b931                	j	10003ed0 <_vfprintf_r+0x1a04>
100042b6:	c6c80813          	addi	a6,a6,-916
100042ba:	f6ffe06f          	j	10003228 <_vfprintf_r+0xd5c>
100042be:	0a314e83          	lbu	t4,163(sp)
100042c2:	4a81                	li	s5,0
100042c4:	000e8463          	beqz	t4,100042cc <_vfprintf_r+0x1e00>
100042c8:	9cbfe06f          	j	10002c92 <_vfprintf_r+0x7c6>
100042cc:	919fe06f          	j	10002be4 <_vfprintf_r+0x718>
100042d0:	4a99                	li	s5,6
100042d2:	02d00793          	li	a5,45
100042d6:	69fc9c93          	binvi	s9,s9,0x1f
100042da:	c2be                	sw	a5,68(sp)
100042dc:	bea1                	j	10003e34 <_vfprintf_r+0x1968>
100042de:	ce02                	sw	zero,28(sp)
100042e0:	127c                	addi	a5,sp,300
100042e2:	02d00513          	li	a0,45
100042e6:	69f71713          	binvi	a4,a4,0x1f
100042ea:	c2aa                	sw	a0,68(sp)
100042ec:	d1efe06f          	j	1000280a <_vfprintf_r+0x33e>
100042f0:	100087b7          	lui	a5,0x10008
100042f4:	8ac78793          	addi	a5,a5,-1876 # 100078ac <__EH_FRAME_BEGIN__+0x100>
100042f8:	f90ff06f          	j	10003a88 <_vfprintf_r+0x15bc>
100042fc:	8cd6                	mv	s9,s5
100042fe:	8c56                	mv	s8,s5
10004300:	d602                	sw	zero,44(sp)
10004302:	4a81                	li	s5,0
10004304:	d402                	sw	zero,40(sp)
10004306:	4e01                	li	t3,0
10004308:	b46fe06f          	j	1000264e <_vfprintf_r+0x182>
1000430c:	00e97733          	and	a4,s2,a4
10004310:	d60700e3          	beqz	a4,10004070 <_vfprintf_r+0x1ba4>
10004314:	bba1                	j	1000406c <_vfprintf_r+0x1ba0>
10004316:	57a2                	lw	a5,40(sp)
10004318:	884a                	mv	a6,s2
1000431a:	9656                	add	a2,a2,s5
1000431c:	0705                	addi	a4,a4,1
1000431e:	c7b2                	sw	a2,204(sp)
10004320:	c5ba                	sw	a4,200(sp)
10004322:	010b2023          	sw	a6,0(s6)
10004326:	015b2223          	sw	s5,4(s6)
1000432a:	459d                	li	a1,7
1000432c:	e4e5d8e3          	bge	a1,a4,1000417c <_vfprintf_r+0x1cb0>
10004330:	4532                	lw	a0,12(sp)
10004332:	01d0                	addi	a2,sp,196
10004334:	85a6                	mv	a1,s1
10004336:	d43e                	sw	a5,40(sp)
10004338:	2cd9                	jal	1000460e <__sprint_r>
1000433a:	c119                	beqz	a0,10004340 <_vfprintf_r+0x1e74>
1000433c:	f33fe06f          	j	1000326e <_vfprintf_r+0xda2>
10004340:	463e                	lw	a2,204(sp)
10004342:	472e                	lw	a4,200(sp)
10004344:	57a2                	lw	a5,40(sp)
10004346:	8b4e                	mv	s6,s3
10004348:	d50ff06f          	j	10003898 <_vfprintf_r+0x13cc>
1000434c:	06700893          	li	a7,103
10004350:	5772                	lw	a4,60(sp)
10004352:	00074703          	lbu	a4,0(a4)
10004356:	f0170693          	addi	a3,a4,-255
1000435a:	20068c63          	beqz	a3,10004572 <_vfprintf_r+0x20a6>
1000435e:	21c75a63          	bge	a4,t3,10004572 <_vfprintf_r+0x20a6>
10004362:	56f2                	lw	a3,60(sp)
10004364:	4501                	li	a0,0
10004366:	4581                	li	a1,0
10004368:	a801                	j	10004378 <_vfprintf_r+0x1eac>
1000436a:	0585                	addi	a1,a1,1
1000436c:	0685                	addi	a3,a3,1
1000436e:	f0170613          	addi	a2,a4,-255
10004372:	c635                	beqz	a2,100043de <_vfprintf_r+0x1f12>
10004374:	07c75563          	bge	a4,t3,100043de <_vfprintf_r+0x1f12>
10004378:	40ee0e33          	sub	t3,t3,a4
1000437c:	0016c703          	lbu	a4,1(a3)
10004380:	f76d                	bnez	a4,1000436a <_vfprintf_r+0x1e9e>
10004382:	0006c703          	lbu	a4,0(a3)
10004386:	0505                	addi	a0,a0,1
10004388:	b7dd                	j	1000436e <_vfprintf_r+0x1ea2>
1000438a:	4952                	lw	s2,20(sp)
1000438c:	eeffe06f          	j	1000327a <_vfprintf_r+0xdae>
10004390:	100087b7          	lui	a5,0x10008
10004394:	8b478793          	addi	a5,a5,-1868 # 100078b4 <__EH_FRAME_BEGIN__+0x108>
10004398:	b26d                	j	10003d42 <_vfprintf_r+0x1876>
1000439a:	100087b7          	lui	a5,0x10008
1000439e:	8b478793          	addi	a5,a5,-1868 # 100078b4 <__EH_FRAME_BEGIN__+0x108>
100043a2:	ee6ff06f          	j	10003a88 <_vfprintf_r+0x15bc>
100043a6:	8c4a                	mv	s8,s2
100043a8:	fffa8c93          	addi	s9,s5,-1
100043ac:	5b22                	lw	s6,40(sp)
100043ae:	58b2                	lw	a7,44(sp)
100043b0:	57e2                	lw	a5,56(sp)
100043b2:	4926                	lw	s2,72(sp)
100043b4:	4d36                	lw	s10,76(sp)
100043b6:	44d6                	lw	s1,84(sp)
100043b8:	9ae2                	add	s5,s5,s8
100043ba:	8762                	mv	a4,s8
100043bc:	03000613          	li	a2,48
100043c0:	000cd463          	bgez	s9,100043c8 <_vfprintf_r+0x1efc>
100043c4:	e48fe06f          	j	10002a0c <_vfprintf_r+0x540>
100043c8:	0705                	addi	a4,a4,1
100043ca:	fec70fa3          	sb	a2,-1(a4)
100043ce:	feea9de3          	bne	s5,a4,100043c8 <_vfprintf_r+0x1efc>
100043d2:	019c0733          	add	a4,s8,s9
100043d6:	00170c13          	addi	s8,a4,1
100043da:	e32fe06f          	j	10002a0c <_vfprintf_r+0x540>
100043de:	de36                	sw	a3,60(sp)
100043e0:	46c6                	lw	a3,80(sp)
100043e2:	00b50733          	add	a4,a0,a1
100043e6:	d42e                	sw	a1,40(sp)
100043e8:	02d70733          	mul	a4,a4,a3
100043ec:	d62a                	sw	a0,44(sp)
100043ee:	9cba                	add	s9,s9,a4
100043f0:	4716                	lw	a4,68(sp)
100043f2:	0a0cec33          	max	s8,s9,zero
100043f6:	c345                	beqz	a4,10004496 <_vfprintf_r+0x1fca>
100043f8:	02d00713          	li	a4,45
100043fc:	4bf2                	lw	s7,28(sp)
100043fe:	0ae101a3          	sb	a4,163(sp)
10004402:	0c05                	addi	s8,s8,1
10004404:	ce02                	sw	zero,28(sp)
10004406:	4a81                	li	s5,0
10004408:	a46fe06f          	j	1000264e <_vfprintf_r+0x182>
1000440c:	574a                	lw	a4,176(sp)
1000440e:	5892                	lw	a7,36(sp)
10004410:	b9976fe3          	bltu	a4,s9,10003fae <_vfprintf_r+0x1ae2>
10004414:	8f1d                	sub	a4,a4,a5
10004416:	d23a                	sw	a4,36(sp)
10004418:	be65                	j	10003fd0 <_vfprintf_r+0x1b04>
1000441a:	0908                	addi	a0,sp,144
1000441c:	010c                	addi	a1,sp,128
1000441e:	d43e                	sw	a5,40(sp)
10004420:	d246                	sw	a7,36(sp)
10004422:	c976                	sw	t4,144(sp)
10004424:	cb7a                	sw	t5,148(sp)
10004426:	cd16                	sw	t0,152(sp)
10004428:	cf66                	sw	s9,156(sp)
1000442a:	c102                	sw	zero,128(sp)
1000442c:	c302                	sw	zero,132(sp)
1000442e:	c502                	sw	zero,136(sp)
10004430:	c702                	sw	zero,140(sp)
10004432:	0fffd097          	auipc	ra,0xfffd
10004436:	354080e7          	jalr	852(ra) # 20001786 <__eqtf2>
1000443a:	5892                	lw	a7,36(sp)
1000443c:	57a2                	lw	a5,40(sp)
1000443e:	e15d                	bnez	a0,100044e4 <_vfprintf_r+0x2018>
10004440:	5e2a                	lw	t3,168(sp)
10004442:	01c90cb3          	add	s9,s2,t3
10004446:	b48d                	j	10003ea8 <_vfprintf_r+0x19dc>
10004448:	5742                	lw	a4,48(sp)
1000444a:	01ca8f33          	add	t5,s5,t3
1000444e:	06600893          	li	a7,102
10004452:	00ef0cb3          	add	s9,t5,a4
10004456:	b4bd                	j	10003ec4 <_vfprintf_r+0x19f8>
10004458:	02d00713          	li	a4,45
1000445c:	0ae10aa3          	sb	a4,181(sp)
10004460:	56e1                	li	a3,-8
10004462:	4705                	li	a4,1
10004464:	41c70733          	sub	a4,a4,t3
10004468:	b8de46e3          	blt	t3,a3,10003ff4 <_vfprintf_r+0x1b28>
1000446c:	03000693          	li	a3,48
10004470:	0ad10b23          	sb	a3,182(sp)
10004474:	895e                	mv	s2,s7
10004476:	ce02                	sw	zero,28(sp)
10004478:	0b710693          	addi	a3,sp,183
1000447c:	dc4fe06f          	j	10002a40 <_vfprintf_r+0x574>
10004480:	02d00713          	li	a4,45
10004484:	0ae10aa3          	sb	a4,181(sp)
10004488:	56e1                	li	a3,-8
1000448a:	4705                	li	a4,1
1000448c:	8f11                	sub	a4,a4,a2
1000448e:	b6d645e3          	blt	a2,a3,10003ff8 <_vfprintf_r+0x1b2c>
10004492:	daafe06f          	j	10002a3c <_vfprintf_r+0x570>
10004496:	0a314703          	lbu	a4,163(sp)
1000449a:	c749                	beqz	a4,10004524 <_vfprintf_r+0x2058>
1000449c:	4bf2                	lw	s7,28(sp)
1000449e:	0c05                	addi	s8,s8,1
100044a0:	ce02                	sw	zero,28(sp)
100044a2:	4a81                	li	s5,0
100044a4:	9aafe06f          	j	1000264e <_vfprintf_r+0x182>
100044a8:	100086b7          	lui	a3,0x10008
100044ac:	8bc68713          	addi	a4,a3,-1860 # 100078bc <__EH_FRAME_BEGIN__+0x110>
100044b0:	d23a                	sw	a4,36(sp)
100044b2:	be8fe06f          	j	1000289a <_vfprintf_r+0x3ce>
100044b6:	47e2                	lw	a5,24(sp)
100044b8:	4662                	lw	a2,24(sp)
100044ba:	001d4883          	lbu	a7,1(s10)
100044be:	4398                	lw	a4,0(a5)
100044c0:	0611                	addi	a2,a2,4
100044c2:	57fd                	li	a5,-1
100044c4:	cc32                	sw	a2,24(sp)
100044c6:	8d36                	mv	s10,a3
100044c8:	0af76ab3          	max	s5,a4,a5
100044cc:	924fe06f          	j	100025f0 <_vfprintf_r+0x124>
100044d0:	c6c80813          	addi	a6,a6,-916
100044d4:	d22ff06f          	j	100039f6 <_vfprintf_r+0x152a>
100044d8:	e31d                	bnez	a4,100044fe <_vfprintf_r+0x2032>
100044da:	4c05                	li	s8,1
100044dc:	8ce2                	mv	s9,s8
100044de:	06600893          	li	a7,102
100044e2:	b2fd                	j	10003ed0 <_vfprintf_r+0x1a04>
100044e4:	4f85                	li	t6,1
100044e6:	574a                	lw	a4,176(sp)
100044e8:	415f8fb3          	sub	t6,t6,s5
100044ec:	d57e                	sw	t6,168(sp)
100044ee:	00178c93          	addi	s9,a5,1
100044f2:	ab976ee3          	bltu	a4,s9,10003fae <_vfprintf_r+0x1ae2>
100044f6:	8f1d                	sub	a4,a4,a5
100044f8:	8e7e                	mv	t3,t6
100044fa:	d23a                	sw	a4,36(sp)
100044fc:	ba4d                	j	10003eae <_vfprintf_r+0x19e2>
100044fe:	5742                	lw	a4,48(sp)
10004500:	06600893          	li	a7,102
10004504:	00170f13          	addi	t5,a4,1
10004508:	015f0cb3          	add	s9,t5,s5
1000450c:	0a0cec33          	max	s8,s9,zero
10004510:	b2c1                	j	10003ed0 <_vfprintf_r+0x1a04>
10004512:	5e2a                	lw	t3,168(sp)
10004514:	be51                	j	100040a8 <_vfprintf_r+0x1bdc>
10004516:	c6c80813          	addi	a6,a6,-916
1000451a:	dd6ff06f          	j	10003af0 <_vfprintf_r+0x1624>
1000451e:	4709                	li	a4,2
10004520:	dc3a                	sw	a4,56(sp)
10004522:	be35                	j	1000405e <_vfprintf_r+0x1b92>
10004524:	4bf2                	lw	s7,28(sp)
10004526:	4a81                	li	s5,0
10004528:	ce02                	sw	zero,28(sp)
1000452a:	924fe06f          	j	1000264e <_vfprintf_r+0x182>
1000452e:	d602                	sw	zero,44(sp)
10004530:	d402                	sw	zero,40(sp)
10004532:	91cfe06f          	j	1000264e <_vfprintf_r+0x182>
10004536:	00c4d783          	lhu	a5,12(s1)
1000453a:	4952                	lw	s2,20(sp)
1000453c:	0407e793          	ori	a5,a5,64
10004540:	00f49623          	sh	a5,12(s1)
10004544:	d37fe06f          	j	1000327a <_vfprintf_r+0xdae>
10004548:	5712                	lw	a4,36(sp)
1000454a:	973e                	add	a4,a4,a5
1000454c:	0aedddb3          	minu	s11,s11,a4
10004550:	eadfe06f          	j	100033fc <_vfprintf_r+0xf30>
10004554:	c6c80813          	addi	a6,a6,-916
10004558:	b3c9                	j	1000431a <_vfprintf_r+0x1e4e>
1000455a:	4a81                	li	s5,0
1000455c:	d602                	sw	zero,44(sp)
1000455e:	d402                	sw	zero,40(sp)
10004560:	ce02                	sw	zero,28(sp)
10004562:	4c8d                	li	s9,3
10004564:	4c11                	li	s8,4
10004566:	8e8fe06f          	j	1000264e <_vfprintf_r+0x182>
1000456a:	8f1d                	sub	a4,a4,a5
1000456c:	5e2a                	lw	t3,168(sp)
1000456e:	d23a                	sw	a4,36(sp)
10004570:	be25                	j	100040a8 <_vfprintf_r+0x1bdc>
10004572:	4701                	li	a4,0
10004574:	d602                	sw	zero,44(sp)
10004576:	d402                	sw	zero,40(sp)
10004578:	bd9d                	j	100043ee <_vfprintf_r+0x1f22>
1000457a:	5e2a                	lw	t3,168(sp)
1000457c:	bcb1                	j	10003fd8 <_vfprintf_r+0x1b0c>

1000457e <__sbprintf>:
1000457e:	00c5d783          	lhu	a5,12(a1)
10004582:	0645ae83          	lw	t4,100(a1)
10004586:	00e5de03          	lhu	t3,14(a1)
1000458a:	01c5a303          	lw	t1,28(a1)
1000458e:	0245a883          	lw	a7,36(a1)
10004592:	b7010113          	addi	sp,sp,-1168
10004596:	9bf5                	andi	a5,a5,-3
10004598:	08010813          	addi	a6,sp,128
1000459c:	40000713          	li	a4,1024
100045a0:	48812423          	sw	s0,1160(sp)
100045a4:	842e                	mv	s0,a1
100045a6:	082c                	addi	a1,sp,24
100045a8:	48912223          	sw	s1,1156(sp)
100045ac:	02f11223          	sh	a5,36(sp)
100045b0:	48112623          	sw	ra,1164(sp)
100045b4:	d802                	sw	zero,48(sp)
100045b6:	def6                	sw	t4,124(sp)
100045b8:	03c11323          	sh	t3,38(sp)
100045bc:	da1a                	sw	t1,52(sp)
100045be:	de46                	sw	a7,60(sp)
100045c0:	cc42                	sw	a6,24(sp)
100045c2:	d442                	sw	a6,40(sp)
100045c4:	d03a                	sw	a4,32(sp)
100045c6:	d63a                	sw	a4,44(sp)
100045c8:	84aa                	mv	s1,a0
100045ca:	f03fd0ef          	jal	100024cc <_vfprintf_r>
100045ce:	87aa                	mv	a5,a0
100045d0:	02055763          	bgez	a0,100045fe <__sbprintf+0x80>
100045d4:	02415703          	lhu	a4,36(sp)
100045d8:	04077713          	andi	a4,a4,64
100045dc:	c719                	beqz	a4,100045ea <__sbprintf+0x6c>
100045de:	00c45703          	lhu	a4,12(s0)
100045e2:	04076713          	ori	a4,a4,64
100045e6:	00e41623          	sh	a4,12(s0)
100045ea:	48c12083          	lw	ra,1164(sp)
100045ee:	48812403          	lw	s0,1160(sp)
100045f2:	48412483          	lw	s1,1156(sp)
100045f6:	853e                	mv	a0,a5
100045f8:	49010113          	addi	sp,sp,1168
100045fc:	8082                	ret
100045fe:	c62a                	sw	a0,12(sp)
10004600:	082c                	addi	a1,sp,24
10004602:	8526                	mv	a0,s1
10004604:	2a6d                	jal	100047be <_fflush_r>
10004606:	47b2                	lw	a5,12(sp)
10004608:	d571                	beqz	a0,100045d4 <__sbprintf+0x56>
1000460a:	57fd                	li	a5,-1
1000460c:	b7e1                	j	100045d4 <__sbprintf+0x56>

1000460e <__sprint_r>:
1000460e:	4618                	lw	a4,8(a2)
10004610:	e709                	bnez	a4,1000461a <__sprint_r+0xc>
10004612:	4501                	li	a0,0
10004614:	00062223          	sw	zero,4(a2)
10004618:	8082                	ret
1000461a:	1101                	addi	sp,sp,-32
1000461c:	ce06                	sw	ra,28(sp)
1000461e:	c632                	sw	a2,12(sp)
10004620:	2e41                	jal	100049b0 <__sfvwrite_r>
10004622:	47b2                	lw	a5,12(sp)
10004624:	40f2                	lw	ra,28(sp)
10004626:	0007a423          	sw	zero,8(a5)
1000462a:	0007a223          	sw	zero,4(a5)
1000462e:	6105                	addi	sp,sp,32
10004630:	8082                	ret

10004632 <__sflush_r>:
10004632:	00c59783          	lh	a5,12(a1)
10004636:	1101                	addi	sp,sp,-32
10004638:	cc22                	sw	s0,24(sp)
1000463a:	c64e                	sw	s3,12(sp)
1000463c:	ce06                	sw	ra,28(sp)
1000463e:	0087f713          	andi	a4,a5,8
10004642:	842e                	mv	s0,a1
10004644:	89aa                	mv	s3,a0
10004646:	e369                	bnez	a4,10004708 <__sflush_r+0xd6>
10004648:	41d4                	lw	a3,4(a1)
1000464a:	28b79713          	bseti	a4,a5,0xb
1000464e:	00e59623          	sh	a4,12(a1)
10004652:	10d05863          	blez	a3,10004762 <__sflush_r+0x130>
10004656:	02842803          	lw	a6,40(s0)
1000465a:	0a080163          	beqz	a6,100046fc <__sflush_r+0xca>
1000465e:	ca26                	sw	s1,20(sp)
10004660:	01379693          	slli	a3,a5,0x13
10004664:	0009a483          	lw	s1,0(s3)
10004668:	0009a023          	sw	zero,0(s3)
1000466c:	1006c263          	bltz	a3,10004770 <__sflush_r+0x13e>
10004670:	4c4c                	lw	a1,28(s0)
10004672:	4601                	li	a2,0
10004674:	4685                	li	a3,1
10004676:	854e                	mv	a0,s3
10004678:	9802                	jalr	a6
1000467a:	57fd                	li	a5,-1
1000467c:	862a                	mv	a2,a0
1000467e:	10f50e63          	beq	a0,a5,1000479a <__sflush_r+0x168>
10004682:	00c41703          	lh	a4,12(s0)
10004686:	02842803          	lw	a6,40(s0)
1000468a:	8b11                	andi	a4,a4,4
1000468c:	c719                	beqz	a4,1000469a <__sflush_r+0x68>
1000468e:	4058                	lw	a4,4(s0)
10004690:	581c                	lw	a5,48(s0)
10004692:	8e19                	sub	a2,a2,a4
10004694:	c399                	beqz	a5,1000469a <__sflush_r+0x68>
10004696:	5c5c                	lw	a5,60(s0)
10004698:	8e1d                	sub	a2,a2,a5
1000469a:	4c4c                	lw	a1,28(s0)
1000469c:	4681                	li	a3,0
1000469e:	854e                	mv	a0,s3
100046a0:	9802                	jalr	a6
100046a2:	577d                	li	a4,-1
100046a4:	00c41783          	lh	a5,12(s0)
100046a8:	0ce51663          	bne	a0,a4,10004774 <__sflush_r+0x142>
100046ac:	0009a683          	lw	a3,0(s3)
100046b0:	4775                	li	a4,29
100046b2:	0ed76f63          	bltu	a4,a3,100047b0 <__sflush_r+0x17e>
100046b6:	20400737          	lui	a4,0x20400
100046ba:	0705                	addi	a4,a4,1 # 20400001 <__StackTop+0x37e001>
100046bc:	48d75633          	bext	a2,a4,a3
100046c0:	ca65                	beqz	a2,100047b0 <__sflush_r+0x17e>
100046c2:	4814                	lw	a3,16(s0)
100046c4:	48b79713          	bclri	a4,a5,0xb
100046c8:	00e41623          	sh	a4,12(s0)
100046cc:	00042223          	sw	zero,4(s0)
100046d0:	c014                	sw	a3,0(s0)
100046d2:	01379713          	slli	a4,a5,0x13
100046d6:	00075563          	bgez	a4,100046e0 <__sflush_r+0xae>
100046da:	0009a783          	lw	a5,0(s3)
100046de:	c7dd                	beqz	a5,1000478c <__sflush_r+0x15a>
100046e0:	580c                	lw	a1,48(s0)
100046e2:	0099a023          	sw	s1,0(s3)
100046e6:	c9c5                	beqz	a1,10004796 <__sflush_r+0x164>
100046e8:	04040793          	addi	a5,s0,64
100046ec:	00f58563          	beq	a1,a5,100046f6 <__sflush_r+0xc4>
100046f0:	854e                	mv	a0,s3
100046f2:	bbbfd0ef          	jal	100022ac <_free_r>
100046f6:	44d2                	lw	s1,20(sp)
100046f8:	02042823          	sw	zero,48(s0)
100046fc:	40f2                	lw	ra,28(sp)
100046fe:	4462                	lw	s0,24(sp)
10004700:	49b2                	lw	s3,12(sp)
10004702:	4501                	li	a0,0
10004704:	6105                	addi	sp,sp,32
10004706:	8082                	ret
10004708:	c84a                	sw	s2,16(sp)
1000470a:	0105a903          	lw	s2,16(a1)
1000470e:	04090f63          	beqz	s2,1000476c <__sflush_r+0x13a>
10004712:	ca26                	sw	s1,20(sp)
10004714:	4184                	lw	s1,0(a1)
10004716:	8b8d                	andi	a5,a5,3
10004718:	0125a023          	sw	s2,0(a1)
1000471c:	412484b3          	sub	s1,s1,s2
10004720:	4701                	li	a4,0
10004722:	e391                	bnez	a5,10004726 <__sflush_r+0xf4>
10004724:	49d8                	lw	a4,20(a1)
10004726:	c418                	sw	a4,8(s0)
10004728:	00904663          	bgtz	s1,10004734 <__sflush_r+0x102>
1000472c:	a83d                	j	1000476a <__sflush_r+0x138>
1000472e:	992a                	add	s2,s2,a0
10004730:	02905d63          	blez	s1,1000476a <__sflush_r+0x138>
10004734:	505c                	lw	a5,36(s0)
10004736:	4c4c                	lw	a1,28(s0)
10004738:	86a6                	mv	a3,s1
1000473a:	864a                	mv	a2,s2
1000473c:	854e                	mv	a0,s3
1000473e:	9782                	jalr	a5
10004740:	8c89                	sub	s1,s1,a0
10004742:	fea046e3          	bgtz	a0,1000472e <__sflush_r+0xfc>
10004746:	00c45783          	lhu	a5,12(s0)
1000474a:	4942                	lw	s2,16(sp)
1000474c:	0407e793          	ori	a5,a5,64
10004750:	40f2                	lw	ra,28(sp)
10004752:	00f41623          	sh	a5,12(s0)
10004756:	4462                	lw	s0,24(sp)
10004758:	44d2                	lw	s1,20(sp)
1000475a:	49b2                	lw	s3,12(sp)
1000475c:	557d                	li	a0,-1
1000475e:	6105                	addi	sp,sp,32
10004760:	8082                	ret
10004762:	5dd4                	lw	a3,60(a1)
10004764:	eed049e3          	bgtz	a3,10004656 <__sflush_r+0x24>
10004768:	bf51                	j	100046fc <__sflush_r+0xca>
1000476a:	44d2                	lw	s1,20(sp)
1000476c:	4942                	lw	s2,16(sp)
1000476e:	b779                	j	100046fc <__sflush_r+0xca>
10004770:	4830                	lw	a2,80(s0)
10004772:	bf21                	j	1000468a <__sflush_r+0x58>
10004774:	4814                	lw	a3,16(s0)
10004776:	48b79713          	bclri	a4,a5,0xb
1000477a:	00e41623          	sh	a4,12(s0)
1000477e:	00042223          	sw	zero,4(s0)
10004782:	c014                	sw	a3,0(s0)
10004784:	01379713          	slli	a4,a5,0x13
10004788:	f4075ce3          	bgez	a4,100046e0 <__sflush_r+0xae>
1000478c:	580c                	lw	a1,48(s0)
1000478e:	c828                	sw	a0,80(s0)
10004790:	0099a023          	sw	s1,0(s3)
10004794:	f9b1                	bnez	a1,100046e8 <__sflush_r+0xb6>
10004796:	44d2                	lw	s1,20(sp)
10004798:	b795                	j	100046fc <__sflush_r+0xca>
1000479a:	0009a783          	lw	a5,0(s3)
1000479e:	ee0782e3          	beqz	a5,10004682 <__sflush_r+0x50>
100047a2:	fe378713          	addi	a4,a5,-29
100047a6:	cb01                	beqz	a4,100047b6 <__sflush_r+0x184>
100047a8:	17a9                	addi	a5,a5,-22
100047aa:	c791                	beqz	a5,100047b6 <__sflush_r+0x184>
100047ac:	00c45783          	lhu	a5,12(s0)
100047b0:	0407e793          	ori	a5,a5,64
100047b4:	bf71                	j	10004750 <__sflush_r+0x11e>
100047b6:	0099a023          	sw	s1,0(s3)
100047ba:	44d2                	lw	s1,20(sp)
100047bc:	b781                	j	100046fc <__sflush_r+0xca>

100047be <_fflush_r>:
100047be:	87aa                	mv	a5,a0
100047c0:	c119                	beqz	a0,100047c6 <_fflush_r+0x8>
100047c2:	5958                	lw	a4,52(a0)
100047c4:	cb01                	beqz	a4,100047d4 <_fflush_r+0x16>
100047c6:	00c59703          	lh	a4,12(a1)
100047ca:	e319                	bnez	a4,100047d0 <_fflush_r+0x12>
100047cc:	4501                	li	a0,0
100047ce:	8082                	ret
100047d0:	853e                	mv	a0,a5
100047d2:	b585                	j	10004632 <__sflush_r>
100047d4:	1101                	addi	sp,sp,-32
100047d6:	c62e                	sw	a1,12(sp)
100047d8:	ce06                	sw	ra,28(sp)
100047da:	c42a                	sw	a0,8(sp)
100047dc:	2a65                	jal	10004994 <__sinit>
100047de:	45b2                	lw	a1,12(sp)
100047e0:	47a2                	lw	a5,8(sp)
100047e2:	00c59703          	lh	a4,12(a1)
100047e6:	c709                	beqz	a4,100047f0 <_fflush_r+0x32>
100047e8:	40f2                	lw	ra,28(sp)
100047ea:	853e                	mv	a0,a5
100047ec:	6105                	addi	sp,sp,32
100047ee:	b591                	j	10004632 <__sflush_r>
100047f0:	40f2                	lw	ra,28(sp)
100047f2:	4501                	li	a0,0
100047f4:	6105                	addi	sp,sp,32
100047f6:	8082                	ret

100047f8 <stdio_exit_handler>:
100047f8:	20004637          	lui	a2,0x20004
100047fc:	100075b7          	lui	a1,0x10007
10004800:	20004537          	lui	a0,0x20004
10004804:	c5060613          	addi	a2,a2,-944 # 20003c50 <__sglue>
10004808:	56058593          	addi	a1,a1,1376 # 10007560 <_fclose_r>
1000480c:	b3050513          	addi	a0,a0,-1232 # 20003b30 <_impure_data>
10004810:	a1d1                	j	10004cd4 <_fwalk_sglue>

10004812 <cleanup_stdio>:
10004812:	414c                	lw	a1,4(a0)
10004814:	1141                	addi	sp,sp,-16
10004816:	200047b7          	lui	a5,0x20004
1000481a:	c422                	sw	s0,8(sp)
1000481c:	c606                	sw	ra,12(sp)
1000481e:	f9c78793          	addi	a5,a5,-100 # 20003f9c <__sf>
10004822:	842a                	mv	s0,a0
10004824:	00f58463          	beq	a1,a5,1000482c <cleanup_stdio+0x1a>
10004828:	539020ef          	jal	10007560 <_fclose_r>
1000482c:	440c                	lw	a1,8(s0)
1000482e:	200047b7          	lui	a5,0x20004
10004832:	00478793          	addi	a5,a5,4 # 20004004 <__sf+0x68>
10004836:	00f58563          	beq	a1,a5,10004840 <cleanup_stdio+0x2e>
1000483a:	8522                	mv	a0,s0
1000483c:	525020ef          	jal	10007560 <_fclose_r>
10004840:	444c                	lw	a1,12(s0)
10004842:	200047b7          	lui	a5,0x20004
10004846:	06c78793          	addi	a5,a5,108 # 2000406c <__sf+0xd0>
1000484a:	00f58863          	beq	a1,a5,1000485a <cleanup_stdio+0x48>
1000484e:	8522                	mv	a0,s0
10004850:	4422                	lw	s0,8(sp)
10004852:	40b2                	lw	ra,12(sp)
10004854:	0141                	addi	sp,sp,16
10004856:	50b0206f          	j	10007560 <_fclose_r>
1000485a:	40b2                	lw	ra,12(sp)
1000485c:	4422                	lw	s0,8(sp)
1000485e:	0141                	addi	sp,sp,16
10004860:	8082                	ret

10004862 <global_stdio_init.part.0>:
10004862:	1101                	addi	sp,sp,-32
10004864:	100047b7          	lui	a5,0x10004
10004868:	cc22                	sw	s0,24(sp)
1000486a:	7f878793          	addi	a5,a5,2040 # 100047f8 <stdio_exit_handler>
1000486e:	20004437          	lui	s0,0x20004
10004872:	20004537          	lui	a0,0x20004
10004876:	f9c40413          	addi	s0,s0,-100 # 20003f9c <__sf>
1000487a:	ce06                	sw	ra,28(sp)
1000487c:	ca26                	sw	s1,20(sp)
1000487e:	c84a                	sw	s2,16(sp)
10004880:	c64e                	sw	s3,12(sp)
10004882:	c452                	sw	s4,8(sp)
10004884:	80f1ae23          	sw	a5,-2020(gp) # 20004158 <__stdio_exit_handler>
10004888:	4621                	li	a2,8
1000488a:	4791                	li	a5,4
1000488c:	4581                	li	a1,0
1000488e:	ff850513          	addi	a0,a0,-8 # 20003ff8 <__sf+0x5c>
10004892:	c45c                	sw	a5,12(s0)
10004894:	00042023          	sw	zero,0(s0)
10004898:	00042223          	sw	zero,4(s0)
1000489c:	00042423          	sw	zero,8(s0)
100048a0:	06042223          	sw	zero,100(s0)
100048a4:	00042823          	sw	zero,16(s0)
100048a8:	00042a23          	sw	zero,20(s0)
100048ac:	00042c23          	sw	zero,24(s0)
100048b0:	f3afd0ef          	jal	10001fea <memset>
100048b4:	10005a37          	lui	s4,0x10005
100048b8:	100059b7          	lui	s3,0x10005
100048bc:	10005937          	lui	s2,0x10005
100048c0:	100054b7          	lui	s1,0x10005
100048c4:	20004537          	lui	a0,0x20004
100048c8:	67c1                	lui	a5,0x10
100048ca:	dc8a0a13          	addi	s4,s4,-568 # 10004dc8 <__sread>
100048ce:	dfc98993          	addi	s3,s3,-516 # 10004dfc <__swrite>
100048d2:	e5490913          	addi	s2,s2,-428 # 10004e54 <__sseek>
100048d6:	e8e48493          	addi	s1,s1,-370 # 10004e8e <__sclose>
100048da:	07a5                	addi	a5,a5,9 # 10009 <HeapSize+0xf809>
100048dc:	4621                	li	a2,8
100048de:	4581                	li	a1,0
100048e0:	06050513          	addi	a0,a0,96 # 20004060 <__sf+0xc4>
100048e4:	d87c                	sw	a5,116(s0)
100048e6:	03442023          	sw	s4,32(s0)
100048ea:	03342223          	sw	s3,36(s0)
100048ee:	03242423          	sw	s2,40(s0)
100048f2:	d444                	sw	s1,44(s0)
100048f4:	cc40                	sw	s0,28(s0)
100048f6:	06042423          	sw	zero,104(s0)
100048fa:	06042623          	sw	zero,108(s0)
100048fe:	06042823          	sw	zero,112(s0)
10004902:	0c042623          	sw	zero,204(s0)
10004906:	06042c23          	sw	zero,120(s0)
1000490a:	06042e23          	sw	zero,124(s0)
1000490e:	08042023          	sw	zero,128(s0)
10004912:	ed8fd0ef          	jal	10001fea <memset>
10004916:	20004737          	lui	a4,0x20004
1000491a:	20004537          	lui	a0,0x20004
1000491e:	000207b7          	lui	a5,0x20
10004922:	07c9                	addi	a5,a5,18 # 20012 <HeapSize+0x1f812>
10004924:	00470713          	addi	a4,a4,4 # 20004004 <__sf+0x68>
10004928:	0c850513          	addi	a0,a0,200 # 200040c8 <__sf+0x12c>
1000492c:	4621                	li	a2,8
1000492e:	4581                	li	a1,0
10004930:	09442423          	sw	s4,136(s0)
10004934:	09342623          	sw	s3,140(s0)
10004938:	09242823          	sw	s2,144(s0)
1000493c:	08942a23          	sw	s1,148(s0)
10004940:	0cf42e23          	sw	a5,220(s0)
10004944:	0c042823          	sw	zero,208(s0)
10004948:	0c042a23          	sw	zero,212(s0)
1000494c:	0c042c23          	sw	zero,216(s0)
10004950:	12042a23          	sw	zero,308(s0)
10004954:	0e042023          	sw	zero,224(s0)
10004958:	0e042223          	sw	zero,228(s0)
1000495c:	0e042423          	sw	zero,232(s0)
10004960:	08e42223          	sw	a4,132(s0)
10004964:	e86fd0ef          	jal	10001fea <memset>
10004968:	200047b7          	lui	a5,0x20004
1000496c:	06c78793          	addi	a5,a5,108 # 2000406c <__sf+0xd0>
10004970:	0f442823          	sw	s4,240(s0)
10004974:	0f342a23          	sw	s3,244(s0)
10004978:	0f242c23          	sw	s2,248(s0)
1000497c:	0e942e23          	sw	s1,252(s0)
10004980:	40f2                	lw	ra,28(sp)
10004982:	0ef42623          	sw	a5,236(s0)
10004986:	4462                	lw	s0,24(sp)
10004988:	44d2                	lw	s1,20(sp)
1000498a:	4942                	lw	s2,16(sp)
1000498c:	49b2                	lw	s3,12(sp)
1000498e:	4a22                	lw	s4,8(sp)
10004990:	6105                	addi	sp,sp,32
10004992:	8082                	ret

10004994 <__sinit>:
10004994:	595c                	lw	a5,52(a0)
10004996:	c391                	beqz	a5,1000499a <__sinit+0x6>
10004998:	8082                	ret
1000499a:	100057b7          	lui	a5,0x10005
1000499e:	81c1a703          	lw	a4,-2020(gp) # 20004158 <__stdio_exit_handler>
100049a2:	81278793          	addi	a5,a5,-2030 # 10004812 <cleanup_stdio>
100049a6:	d95c                	sw	a5,52(a0)
100049a8:	fb65                	bnez	a4,10004998 <__sinit+0x4>
100049aa:	bd65                	j	10004862 <global_stdio_init.part.0>

100049ac <__sfp_lock_acquire>:
100049ac:	8082                	ret

100049ae <__sfp_lock_release>:
100049ae:	8082                	ret

100049b0 <__sfvwrite_r>:
100049b0:	461c                	lw	a5,8(a2)
100049b2:	18078163          	beqz	a5,10004b34 <__sfvwrite_r+0x184>
100049b6:	00c59683          	lh	a3,12(a1)
100049ba:	7139                	addi	sp,sp,-64
100049bc:	dc22                	sw	s0,56(sp)
100049be:	d452                	sw	s4,40(sp)
100049c0:	d256                	sw	s5,36(sp)
100049c2:	de06                	sw	ra,60(sp)
100049c4:	0086f793          	andi	a5,a3,8
100049c8:	842e                	mv	s0,a1
100049ca:	8aaa                	mv	s5,a0
100049cc:	8a32                	mv	s4,a2
100049ce:	c3ad                	beqz	a5,10004a30 <__sfvwrite_r+0x80>
100049d0:	499c                	lw	a5,16(a1)
100049d2:	cfb9                	beqz	a5,10004a30 <__sfvwrite_r+0x80>
100049d4:	da26                	sw	s1,52(sp)
100049d6:	d84a                	sw	s2,48(sp)
100049d8:	d64e                	sw	s3,44(sp)
100049da:	d05a                	sw	s6,32(sp)
100049dc:	0026f793          	andi	a5,a3,2
100049e0:	000a2483          	lw	s1,0(s4)
100049e4:	c7b5                	beqz	a5,10004a50 <__sfvwrite_r+0xa0>
100049e6:	80000b37          	lui	s6,0x80000
100049ea:	c00b0b13          	addi	s6,s6,-1024 # 7ffffc00 <__StackTop+0x5ff7dc00>
100049ee:	4981                	li	s3,0
100049f0:	4901                	li	s2,0
100049f2:	0b6956b3          	minu	a3,s2,s6
100049f6:	864e                	mv	a2,s3
100049f8:	8556                	mv	a0,s5
100049fa:	12090763          	beqz	s2,10004b28 <__sfvwrite_r+0x178>
100049fe:	505c                	lw	a5,36(s0)
10004a00:	4c4c                	lw	a1,28(s0)
10004a02:	9782                	jalr	a5
10004a04:	2aa05d63          	blez	a0,10004cbe <__sfvwrite_r+0x30e>
10004a08:	008a2783          	lw	a5,8(s4)
10004a0c:	99aa                	add	s3,s3,a0
10004a0e:	40a90933          	sub	s2,s2,a0
10004a12:	8f89                	sub	a5,a5,a0
10004a14:	00fa2423          	sw	a5,8(s4)
10004a18:	ffe9                	bnez	a5,100049f2 <__sfvwrite_r+0x42>
10004a1a:	54d2                	lw	s1,52(sp)
10004a1c:	5942                	lw	s2,48(sp)
10004a1e:	59b2                	lw	s3,44(sp)
10004a20:	5b02                	lw	s6,32(sp)
10004a22:	4501                	li	a0,0
10004a24:	50f2                	lw	ra,60(sp)
10004a26:	5462                	lw	s0,56(sp)
10004a28:	5a22                	lw	s4,40(sp)
10004a2a:	5a92                	lw	s5,36(sp)
10004a2c:	6121                	addi	sp,sp,64
10004a2e:	8082                	ret
10004a30:	85a2                	mv	a1,s0
10004a32:	8556                	mv	a0,s5
10004a34:	2b35                	jal	10004f70 <__swsetup_r>
10004a36:	1a051a63          	bnez	a0,10004bea <__sfvwrite_r+0x23a>
10004a3a:	00c41683          	lh	a3,12(s0)
10004a3e:	da26                	sw	s1,52(sp)
10004a40:	d84a                	sw	s2,48(sp)
10004a42:	d64e                	sw	s3,44(sp)
10004a44:	d05a                	sw	s6,32(sp)
10004a46:	0026f793          	andi	a5,a3,2
10004a4a:	000a2483          	lw	s1,0(s4)
10004a4e:	ffc1                	bnez	a5,100049e6 <__sfvwrite_r+0x36>
10004a50:	ce5e                	sw	s7,28(sp)
10004a52:	cc62                	sw	s8,24(sp)
10004a54:	0016f793          	andi	a5,a3,1
10004a58:	e3e5                	bnez	a5,10004b38 <__sfvwrite_r+0x188>
10004a5a:	401c                	lw	a5,0(s0)
10004a5c:	80000737          	lui	a4,0x80000
10004a60:	fff70c13          	addi	s8,a4,-1 # 7fffffff <__StackTop+0x5ff7dfff>
10004a64:	4b01                	li	s6,0
10004a66:	4981                	li	s3,0
10004a68:	0a098a63          	beqz	s3,10004b1c <__sfvwrite_r+0x16c>
10004a6c:	2006f713          	andi	a4,a3,512
10004a70:	00842903          	lw	s2,8(s0)
10004a74:	853e                	mv	a0,a5
10004a76:	16070c63          	beqz	a4,10004bee <__sfvwrite_r+0x23e>
10004a7a:	8bca                	mv	s7,s2
10004a7c:	1d29ef63          	bltu	s3,s2,10004c5a <__sfvwrite_r+0x2aa>
10004a80:	4806f713          	andi	a4,a3,1152
10004a84:	c73d                	beqz	a4,10004af2 <__sfvwrite_r+0x142>
10004a86:	4858                	lw	a4,20(s0)
10004a88:	480c                	lw	a1,16(s0)
10004a8a:	20e72733          	sh1add	a4,a4,a4
10004a8e:	01f75913          	srli	s2,a4,0x1f
10004a92:	40b78bb3          	sub	s7,a5,a1
10004a96:	993a                	add	s2,s2,a4
10004a98:	001b8793          	addi	a5,s7,1 # 400b8001 <__StackTop+0x20036001>
10004a9c:	40195913          	srai	s2,s2,0x1
10004aa0:	97ce                	add	a5,a5,s3
10004aa2:	864a                	mv	a2,s2
10004aa4:	00f97463          	bgeu	s2,a5,10004aac <__sfvwrite_r+0xfc>
10004aa8:	893e                	mv	s2,a5
10004aaa:	863e                	mv	a2,a5
10004aac:	4006f693          	andi	a3,a3,1024
10004ab0:	1c068c63          	beqz	a3,10004c88 <__sfvwrite_r+0x2d8>
10004ab4:	85b2                	mv	a1,a2
10004ab6:	8556                	mv	a0,s5
10004ab8:	8fdfc0ef          	jal	100013b4 <_malloc_r>
10004abc:	20050463          	beqz	a0,10004cc4 <__sfvwrite_r+0x314>
10004ac0:	480c                	lw	a1,16(s0)
10004ac2:	865e                	mv	a2,s7
10004ac4:	c62a                	sw	a0,12(sp)
10004ac6:	dccfd0ef          	jal	10002092 <memcpy>
10004aca:	00c45783          	lhu	a5,12(s0)
10004ace:	4732                	lw	a4,12(sp)
10004ad0:	b7f7f793          	andi	a5,a5,-1153
10004ad4:	0807e793          	ori	a5,a5,128
10004ad8:	00f41623          	sh	a5,12(s0)
10004adc:	417907b3          	sub	a5,s2,s7
10004ae0:	01770533          	add	a0,a4,s7
10004ae4:	01242a23          	sw	s2,20(s0)
10004ae8:	c818                	sw	a4,16(s0)
10004aea:	c008                	sw	a0,0(s0)
10004aec:	c41c                	sw	a5,8(s0)
10004aee:	894e                	mv	s2,s3
10004af0:	8bce                	mv	s7,s3
10004af2:	85da                	mv	a1,s6
10004af4:	865e                	mv	a2,s7
10004af6:	c1afd0ef          	jal	10001f10 <memmove>
10004afa:	4418                	lw	a4,8(s0)
10004afc:	401c                	lw	a5,0(s0)
10004afe:	41270733          	sub	a4,a4,s2
10004b02:	c418                	sw	a4,8(s0)
10004b04:	008a2703          	lw	a4,8(s4)
10004b08:	97de                	add	a5,a5,s7
10004b0a:	c01c                	sw	a5,0(s0)
10004b0c:	41370733          	sub	a4,a4,s3
10004b10:	00ea2423          	sw	a4,8(s4)
10004b14:	1a070263          	beqz	a4,10004cb8 <__sfvwrite_r+0x308>
10004b18:	00c41683          	lh	a3,12(s0)
10004b1c:	0004ab03          	lw	s6,0(s1)
10004b20:	0044a983          	lw	s3,4(s1)
10004b24:	04a1                	addi	s1,s1,8
10004b26:	b789                	j	10004a68 <__sfvwrite_r+0xb8>
10004b28:	0004a983          	lw	s3,0(s1)
10004b2c:	0044a903          	lw	s2,4(s1)
10004b30:	04a1                	addi	s1,s1,8
10004b32:	b5c1                	j	100049f2 <__sfvwrite_r+0x42>
10004b34:	4501                	li	a0,0
10004b36:	8082                	ret
10004b38:	4b01                	li	s6,0
10004b3a:	4b81                	li	s7,0
10004b3c:	4501                	li	a0,0
10004b3e:	4c01                	li	s8,0
10004b40:	040b0c63          	beqz	s6,10004b98 <__sfvwrite_r+0x1e8>
10004b44:	c135                	beqz	a0,10004ba8 <__sfvwrite_r+0x1f8>
10004b46:	89de                	mv	s3,s7
10004b48:	4854                	lw	a3,20(s0)
10004b4a:	00842903          	lw	s2,8(s0)
10004b4e:	4008                	lw	a0,0(s0)
10004b50:	481c                	lw	a5,16(s0)
10004b52:	0b3b59b3          	minu	s3,s6,s3
10004b56:	9936                	add	s2,s2,a3
10004b58:	00a7f463          	bgeu	a5,a0,10004b60 <__sfvwrite_r+0x1b0>
10004b5c:	07394063          	blt	s2,s3,10004bbc <__sfvwrite_r+0x20c>
10004b60:	10d9c763          	blt	s3,a3,10004c6e <__sfvwrite_r+0x2be>
10004b64:	505c                	lw	a5,36(s0)
10004b66:	4c4c                	lw	a1,28(s0)
10004b68:	8662                	mv	a2,s8
10004b6a:	8556                	mv	a0,s5
10004b6c:	9782                	jalr	a5
10004b6e:	892a                	mv	s2,a0
10004b70:	06a05163          	blez	a0,10004bd2 <__sfvwrite_r+0x222>
10004b74:	412b8bb3          	sub	s7,s7,s2
10004b78:	4505                	li	a0,1
10004b7a:	0e0b8363          	beqz	s7,10004c60 <__sfvwrite_r+0x2b0>
10004b7e:	008a2783          	lw	a5,8(s4)
10004b82:	412787b3          	sub	a5,a5,s2
10004b86:	00fa2423          	sw	a5,8(s4)
10004b8a:	12078763          	beqz	a5,10004cb8 <__sfvwrite_r+0x308>
10004b8e:	412b0b33          	sub	s6,s6,s2
10004b92:	9c4a                	add	s8,s8,s2
10004b94:	fa0b18e3          	bnez	s6,10004b44 <__sfvwrite_r+0x194>
10004b98:	0044ab03          	lw	s6,4(s1)
10004b9c:	87a6                	mv	a5,s1
10004b9e:	04a1                	addi	s1,s1,8
10004ba0:	fe0b0ce3          	beqz	s6,10004b98 <__sfvwrite_r+0x1e8>
10004ba4:	0007ac03          	lw	s8,0(a5)
10004ba8:	865a                	mv	a2,s6
10004baa:	45a9                	li	a1,10
10004bac:	8562                	mv	a0,s8
10004bae:	295d                	jal	10005064 <memchr>
10004bb0:	10050063          	beqz	a0,10004cb0 <__sfvwrite_r+0x300>
10004bb4:	0505                	addi	a0,a0,1
10004bb6:	41850bb3          	sub	s7,a0,s8
10004bba:	b771                	j	10004b46 <__sfvwrite_r+0x196>
10004bbc:	85e2                	mv	a1,s8
10004bbe:	864a                	mv	a2,s2
10004bc0:	b50fd0ef          	jal	10001f10 <memmove>
10004bc4:	401c                	lw	a5,0(s0)
10004bc6:	85a2                	mv	a1,s0
10004bc8:	8556                	mv	a0,s5
10004bca:	97ca                	add	a5,a5,s2
10004bcc:	c01c                	sw	a5,0(s0)
10004bce:	3ec5                	jal	100047be <_fflush_r>
10004bd0:	d155                	beqz	a0,10004b74 <__sfvwrite_r+0x1c4>
10004bd2:	00c41783          	lh	a5,12(s0)
10004bd6:	4bf2                	lw	s7,28(sp)
10004bd8:	4c62                	lw	s8,24(sp)
10004bda:	54d2                	lw	s1,52(sp)
10004bdc:	5942                	lw	s2,48(sp)
10004bde:	59b2                	lw	s3,44(sp)
10004be0:	5b02                	lw	s6,32(sp)
10004be2:	0407e793          	ori	a5,a5,64
10004be6:	00f41623          	sh	a5,12(s0)
10004bea:	557d                	li	a0,-1
10004bec:	bd25                	j	10004a24 <__sfvwrite_r+0x74>
10004bee:	4818                	lw	a4,16(s0)
10004bf0:	04f76063          	bltu	a4,a5,10004c30 <__sfvwrite_r+0x280>
10004bf4:	4858                	lw	a4,20(s0)
10004bf6:	02e9ed63          	bltu	s3,a4,10004c30 <__sfvwrite_r+0x280>
10004bfa:	0b89d6b3          	minu	a3,s3,s8
10004bfe:	02e6e733          	rem	a4,a3,a4
10004c02:	505c                	lw	a5,36(s0)
10004c04:	4c4c                	lw	a1,28(s0)
10004c06:	865a                	mv	a2,s6
10004c08:	8556                	mv	a0,s5
10004c0a:	8e99                	sub	a3,a3,a4
10004c0c:	9782                	jalr	a5
10004c0e:	fca052e3          	blez	a0,10004bd2 <__sfvwrite_r+0x222>
10004c12:	892a                	mv	s2,a0
10004c14:	008a2783          	lw	a5,8(s4)
10004c18:	412989b3          	sub	s3,s3,s2
10004c1c:	412787b3          	sub	a5,a5,s2
10004c20:	00fa2423          	sw	a5,8(s4)
10004c24:	cbd1                	beqz	a5,10004cb8 <__sfvwrite_r+0x308>
10004c26:	00c41683          	lh	a3,12(s0)
10004c2a:	401c                	lw	a5,0(s0)
10004c2c:	9b4a                	add	s6,s6,s2
10004c2e:	bd2d                	j	10004a68 <__sfvwrite_r+0xb8>
10004c30:	0b395933          	minu	s2,s2,s3
10004c34:	853e                	mv	a0,a5
10004c36:	864a                	mv	a2,s2
10004c38:	85da                	mv	a1,s6
10004c3a:	ad6fd0ef          	jal	10001f10 <memmove>
10004c3e:	401c                	lw	a5,0(s0)
10004c40:	4418                	lw	a4,8(s0)
10004c42:	97ca                	add	a5,a5,s2
10004c44:	41270733          	sub	a4,a4,s2
10004c48:	c01c                	sw	a5,0(s0)
10004c4a:	c418                	sw	a4,8(s0)
10004c4c:	f761                	bnez	a4,10004c14 <__sfvwrite_r+0x264>
10004c4e:	85a2                	mv	a1,s0
10004c50:	8556                	mv	a0,s5
10004c52:	b6dff0ef          	jal	100047be <_fflush_r>
10004c56:	dd5d                	beqz	a0,10004c14 <__sfvwrite_r+0x264>
10004c58:	bfad                	j	10004bd2 <__sfvwrite_r+0x222>
10004c5a:	894e                	mv	s2,s3
10004c5c:	8bce                	mv	s7,s3
10004c5e:	bd51                	j	10004af2 <__sfvwrite_r+0x142>
10004c60:	85a2                	mv	a1,s0
10004c62:	8556                	mv	a0,s5
10004c64:	b5bff0ef          	jal	100047be <_fflush_r>
10004c68:	f0050be3          	beqz	a0,10004b7e <__sfvwrite_r+0x1ce>
10004c6c:	b79d                	j	10004bd2 <__sfvwrite_r+0x222>
10004c6e:	864e                	mv	a2,s3
10004c70:	85e2                	mv	a1,s8
10004c72:	a9efd0ef          	jal	10001f10 <memmove>
10004c76:	4418                	lw	a4,8(s0)
10004c78:	401c                	lw	a5,0(s0)
10004c7a:	894e                	mv	s2,s3
10004c7c:	41370733          	sub	a4,a4,s3
10004c80:	97ce                	add	a5,a5,s3
10004c82:	c418                	sw	a4,8(s0)
10004c84:	c01c                	sw	a5,0(s0)
10004c86:	b5fd                	j	10004b74 <__sfvwrite_r+0x1c4>
10004c88:	8556                	mv	a0,s5
10004c8a:	d3ffc0ef          	jal	100019c8 <_realloc_r>
10004c8e:	872a                	mv	a4,a0
10004c90:	e40516e3          	bnez	a0,10004adc <__sfvwrite_r+0x12c>
10004c94:	480c                	lw	a1,16(s0)
10004c96:	8556                	mv	a0,s5
10004c98:	e14fd0ef          	jal	100022ac <_free_r>
10004c9c:	00c45783          	lhu	a5,12(s0)
10004ca0:	4731                	li	a4,12
10004ca2:	4bf2                	lw	s7,28(sp)
10004ca4:	4c62                	lw	s8,24(sp)
10004ca6:	00eaa023          	sw	a4,0(s5)
10004caa:	f7f7f793          	andi	a5,a5,-129
10004cae:	b735                	j	10004bda <__sfvwrite_r+0x22a>
10004cb0:	001b0993          	addi	s3,s6,1
10004cb4:	8bce                	mv	s7,s3
10004cb6:	bd49                	j	10004b48 <__sfvwrite_r+0x198>
10004cb8:	4bf2                	lw	s7,28(sp)
10004cba:	4c62                	lw	s8,24(sp)
10004cbc:	bbb9                	j	10004a1a <__sfvwrite_r+0x6a>
10004cbe:	00c41783          	lh	a5,12(s0)
10004cc2:	bf21                	j	10004bda <__sfvwrite_r+0x22a>
10004cc4:	47b1                	li	a5,12
10004cc6:	00faa023          	sw	a5,0(s5)
10004cca:	4bf2                	lw	s7,28(sp)
10004ccc:	00c41783          	lh	a5,12(s0)
10004cd0:	4c62                	lw	s8,24(sp)
10004cd2:	b721                	j	10004bda <__sfvwrite_r+0x22a>

10004cd4 <_fwalk_sglue>:
10004cd4:	7179                	addi	sp,sp,-48
10004cd6:	d04a                	sw	s2,32(sp)
10004cd8:	ce4e                	sw	s3,28(sp)
10004cda:	cc52                	sw	s4,24(sp)
10004cdc:	ca56                	sw	s5,20(sp)
10004cde:	c85a                	sw	s6,16(sp)
10004ce0:	c65e                	sw	s7,12(sp)
10004ce2:	d606                	sw	ra,44(sp)
10004ce4:	d422                	sw	s0,40(sp)
10004ce6:	d226                	sw	s1,36(sp)
10004ce8:	8ab2                	mv	s5,a2
10004cea:	8b2a                	mv	s6,a0
10004cec:	8bae                	mv	s7,a1
10004cee:	4a01                	li	s4,0
10004cf0:	4985                	li	s3,1
10004cf2:	597d                	li	s2,-1
10004cf4:	004aa483          	lw	s1,4(s5)
10004cf8:	14fd                	addi	s1,s1,-1
10004cfa:	0204c663          	bltz	s1,10004d26 <_fwalk_sglue+0x52>
10004cfe:	008aa403          	lw	s0,8(s5)
10004d02:	00c45783          	lhu	a5,12(s0)
10004d06:	00f9fb63          	bgeu	s3,a5,10004d1c <_fwalk_sglue+0x48>
10004d0a:	00e41783          	lh	a5,14(s0)
10004d0e:	85a2                	mv	a1,s0
10004d10:	855a                	mv	a0,s6
10004d12:	01278563          	beq	a5,s2,10004d1c <_fwalk_sglue+0x48>
10004d16:	9b82                	jalr	s7
10004d18:	00aa6a33          	or	s4,s4,a0
10004d1c:	14fd                	addi	s1,s1,-1
10004d1e:	06840413          	addi	s0,s0,104
10004d22:	ff2490e3          	bne	s1,s2,10004d02 <_fwalk_sglue+0x2e>
10004d26:	000aaa83          	lw	s5,0(s5)
10004d2a:	fc0a95e3          	bnez	s5,10004cf4 <_fwalk_sglue+0x20>
10004d2e:	50b2                	lw	ra,44(sp)
10004d30:	5422                	lw	s0,40(sp)
10004d32:	5492                	lw	s1,36(sp)
10004d34:	5902                	lw	s2,32(sp)
10004d36:	49f2                	lw	s3,28(sp)
10004d38:	4ad2                	lw	s5,20(sp)
10004d3a:	4b42                	lw	s6,16(sp)
10004d3c:	4bb2                	lw	s7,12(sp)
10004d3e:	8552                	mv	a0,s4
10004d40:	4a62                	lw	s4,24(sp)
10004d42:	6145                	addi	sp,sp,48
10004d44:	8082                	ret

10004d46 <_putc_r>:
10004d46:	872a                	mv	a4,a0
10004d48:	c119                	beqz	a0,10004d4e <_putc_r+0x8>
10004d4a:	595c                	lw	a5,52(a0)
10004d4c:	cb8d                	beqz	a5,10004d7e <_putc_r+0x38>
10004d4e:	461c                	lw	a5,8(a2)
10004d50:	0ff5f693          	zext.b	a3,a1
10004d54:	17fd                	addi	a5,a5,-1
10004d56:	c61c                	sw	a5,8(a2)
10004d58:	0007d863          	bgez	a5,10004d68 <_putc_r+0x22>
10004d5c:	4e08                	lw	a0,24(a2)
10004d5e:	00a7ce63          	blt	a5,a0,10004d7a <_putc_r+0x34>
10004d62:	ff668793          	addi	a5,a3,-10
10004d66:	cb91                	beqz	a5,10004d7a <_putc_r+0x34>
10004d68:	421c                	lw	a5,0(a2)
10004d6a:	0ff5f513          	zext.b	a0,a1
10004d6e:	00178713          	addi	a4,a5,1
10004d72:	c218                	sw	a4,0(a2)
10004d74:	00d78023          	sb	a3,0(a5)
10004d78:	8082                	ret
10004d7a:	853a                	mv	a0,a4
10004d7c:	aa21                	j	10004e94 <__swbuf_r>
10004d7e:	1101                	addi	sp,sp,-32
10004d80:	c632                	sw	a2,12(sp)
10004d82:	c42e                	sw	a1,8(sp)
10004d84:	ce06                	sw	ra,28(sp)
10004d86:	c22a                	sw	a0,4(sp)
10004d88:	3131                	jal	10004994 <__sinit>
10004d8a:	4632                	lw	a2,12(sp)
10004d8c:	45a2                	lw	a1,8(sp)
10004d8e:	4712                	lw	a4,4(sp)
10004d90:	461c                	lw	a5,8(a2)
10004d92:	0ff5f693          	zext.b	a3,a1
10004d96:	17fd                	addi	a5,a5,-1
10004d98:	c61c                	sw	a5,8(a2)
10004d9a:	0007d863          	bgez	a5,10004daa <_putc_r+0x64>
10004d9e:	4e08                	lw	a0,24(a2)
10004da0:	02a7c063          	blt	a5,a0,10004dc0 <_putc_r+0x7a>
10004da4:	ff668793          	addi	a5,a3,-10
10004da8:	cf81                	beqz	a5,10004dc0 <_putc_r+0x7a>
10004daa:	421c                	lw	a5,0(a2)
10004dac:	0ff5f513          	zext.b	a0,a1
10004db0:	00178713          	addi	a4,a5,1
10004db4:	c218                	sw	a4,0(a2)
10004db6:	00d78023          	sb	a3,0(a5)
10004dba:	40f2                	lw	ra,28(sp)
10004dbc:	6105                	addi	sp,sp,32
10004dbe:	8082                	ret
10004dc0:	40f2                	lw	ra,28(sp)
10004dc2:	853a                	mv	a0,a4
10004dc4:	6105                	addi	sp,sp,32
10004dc6:	a0f9                	j	10004e94 <__swbuf_r>

10004dc8 <__sread>:
10004dc8:	1141                	addi	sp,sp,-16
10004dca:	c422                	sw	s0,8(sp)
10004dcc:	842e                	mv	s0,a1
10004dce:	00e59583          	lh	a1,14(a1)
10004dd2:	c606                	sw	ra,12(sp)
10004dd4:	2ee5                	jal	100051cc <_read_r>
10004dd6:	00054963          	bltz	a0,10004de8 <__sread+0x20>
10004dda:	483c                	lw	a5,80(s0)
10004ddc:	40b2                	lw	ra,12(sp)
10004dde:	97aa                	add	a5,a5,a0
10004de0:	c83c                	sw	a5,80(s0)
10004de2:	4422                	lw	s0,8(sp)
10004de4:	0141                	addi	sp,sp,16
10004de6:	8082                	ret
10004de8:	00c45783          	lhu	a5,12(s0)
10004dec:	40b2                	lw	ra,12(sp)
10004dee:	48c79793          	bclri	a5,a5,0xc
10004df2:	00f41623          	sh	a5,12(s0)
10004df6:	4422                	lw	s0,8(sp)
10004df8:	0141                	addi	sp,sp,16
10004dfa:	8082                	ret

10004dfc <__swrite>:
10004dfc:	00c59783          	lh	a5,12(a1)
10004e00:	8336                	mv	t1,a3
10004e02:	872e                	mv	a4,a1
10004e04:	1007f693          	andi	a3,a5,256
10004e08:	ea89                	bnez	a3,10004e1a <__swrite+0x1e>
10004e0a:	00e59583          	lh	a1,14(a1)
10004e0e:	48c79793          	bclri	a5,a5,0xc
10004e12:	00f71623          	sh	a5,12(a4)
10004e16:	869a                	mv	a3,t1
10004e18:	aec5                	j	10005208 <_write_r>
10004e1a:	00e59583          	lh	a1,14(a1)
10004e1e:	1101                	addi	sp,sp,-32
10004e20:	c432                	sw	a2,8(sp)
10004e22:	4689                	li	a3,2
10004e24:	4601                	li	a2,0
10004e26:	ce06                	sw	ra,28(sp)
10004e28:	c61a                	sw	t1,12(sp)
10004e2a:	c03a                	sw	a4,0(sp)
10004e2c:	c22a                	sw	a0,4(sp)
10004e2e:	268d                	jal	10005190 <_lseek_r>
10004e30:	4702                	lw	a4,0(sp)
10004e32:	4332                	lw	t1,12(sp)
10004e34:	48a2                	lw	a7,8(sp)
10004e36:	00c71783          	lh	a5,12(a4)
10004e3a:	4812                	lw	a6,4(sp)
10004e3c:	40f2                	lw	ra,28(sp)
10004e3e:	00e71583          	lh	a1,14(a4)
10004e42:	48c79793          	bclri	a5,a5,0xc
10004e46:	00f71623          	sh	a5,12(a4)
10004e4a:	869a                	mv	a3,t1
10004e4c:	8646                	mv	a2,a7
10004e4e:	8542                	mv	a0,a6
10004e50:	6105                	addi	sp,sp,32
10004e52:	ae5d                	j	10005208 <_write_r>

10004e54 <__sseek>:
10004e54:	1141                	addi	sp,sp,-16
10004e56:	c422                	sw	s0,8(sp)
10004e58:	842e                	mv	s0,a1
10004e5a:	00e59583          	lh	a1,14(a1)
10004e5e:	c606                	sw	ra,12(sp)
10004e60:	2e05                	jal	10005190 <_lseek_r>
10004e62:	577d                	li	a4,-1
10004e64:	00c41783          	lh	a5,12(s0)
10004e68:	00e50b63          	beq	a0,a4,10004e7e <__sseek+0x2a>
10004e6c:	28c79793          	bseti	a5,a5,0xc
10004e70:	40b2                	lw	ra,12(sp)
10004e72:	c828                	sw	a0,80(s0)
10004e74:	00f41623          	sh	a5,12(s0)
10004e78:	4422                	lw	s0,8(sp)
10004e7a:	0141                	addi	sp,sp,16
10004e7c:	8082                	ret
10004e7e:	48c79793          	bclri	a5,a5,0xc
10004e82:	40b2                	lw	ra,12(sp)
10004e84:	00f41623          	sh	a5,12(s0)
10004e88:	4422                	lw	s0,8(sp)
10004e8a:	0141                	addi	sp,sp,16
10004e8c:	8082                	ret

10004e8e <__sclose>:
10004e8e:	00e59583          	lh	a1,14(a1)
10004e92:	a4e1                	j	1000515a <_close_r>

10004e94 <__swbuf_r>:
10004e94:	1101                	addi	sp,sp,-32
10004e96:	cc22                	sw	s0,24(sp)
10004e98:	ca26                	sw	s1,20(sp)
10004e9a:	ce06                	sw	ra,28(sp)
10004e9c:	84aa                	mv	s1,a0
10004e9e:	842e                	mv	s0,a1
10004ea0:	c119                	beqz	a0,10004ea6 <__swbuf_r+0x12>
10004ea2:	595c                	lw	a5,52(a0)
10004ea4:	c3e9                	beqz	a5,10004f66 <__swbuf_r+0xd2>
10004ea6:	4e18                	lw	a4,24(a2)
10004ea8:	00c61783          	lh	a5,12(a2)
10004eac:	c618                	sw	a4,8(a2)
10004eae:	0087f713          	andi	a4,a5,8
10004eb2:	cf31                	beqz	a4,10004f0e <__swbuf_r+0x7a>
10004eb4:	4a18                	lw	a4,16(a2)
10004eb6:	cf21                	beqz	a4,10004f0e <__swbuf_r+0x7a>
10004eb8:	01279693          	slli	a3,a5,0x12
10004ebc:	5278                	lw	a4,100(a2)
10004ebe:	0606d563          	bgez	a3,10004f28 <__swbuf_r+0x94>
10004ec2:	01271793          	slli	a5,a4,0x12
10004ec6:	0807ce63          	bltz	a5,10004f62 <__swbuf_r+0xce>
10004eca:	4218                	lw	a4,0(a2)
10004ecc:	4a1c                	lw	a5,16(a2)
10004ece:	4a54                	lw	a3,20(a2)
10004ed0:	40f707b3          	sub	a5,a4,a5
10004ed4:	06d7d863          	bge	a5,a3,10004f44 <__swbuf_r+0xb0>
10004ed8:	0785                	addi	a5,a5,1
10004eda:	4614                	lw	a3,8(a2)
10004edc:	00170593          	addi	a1,a4,1
10004ee0:	c20c                	sw	a1,0(a2)
10004ee2:	16fd                	addi	a3,a3,-1
10004ee4:	c614                	sw	a3,8(a2)
10004ee6:	00870023          	sb	s0,0(a4)
10004eea:	4a58                	lw	a4,20(a2)
10004eec:	0ff47413          	zext.b	s0,s0
10004ef0:	06f70463          	beq	a4,a5,10004f58 <__swbuf_r+0xc4>
10004ef4:	ff640793          	addi	a5,s0,-10
10004ef8:	e789                	bnez	a5,10004f02 <__swbuf_r+0x6e>
10004efa:	00c65783          	lhu	a5,12(a2)
10004efe:	8b85                	andi	a5,a5,1
10004f00:	efa1                	bnez	a5,10004f58 <__swbuf_r+0xc4>
10004f02:	40f2                	lw	ra,28(sp)
10004f04:	8522                	mv	a0,s0
10004f06:	4462                	lw	s0,24(sp)
10004f08:	44d2                	lw	s1,20(sp)
10004f0a:	6105                	addi	sp,sp,32
10004f0c:	8082                	ret
10004f0e:	85b2                	mv	a1,a2
10004f10:	8526                	mv	a0,s1
10004f12:	c632                	sw	a2,12(sp)
10004f14:	28b1                	jal	10004f70 <__swsetup_r>
10004f16:	e531                	bnez	a0,10004f62 <__swbuf_r+0xce>
10004f18:	4632                	lw	a2,12(sp)
10004f1a:	00c61783          	lh	a5,12(a2)
10004f1e:	5278                	lw	a4,100(a2)
10004f20:	01279693          	slli	a3,a5,0x12
10004f24:	f806cfe3          	bltz	a3,10004ec2 <__swbuf_r+0x2e>
10004f28:	28d79793          	bseti	a5,a5,0xd
10004f2c:	48d71713          	bclri	a4,a4,0xd
10004f30:	00f61623          	sh	a5,12(a2)
10004f34:	d278                	sw	a4,100(a2)
10004f36:	4a1c                	lw	a5,16(a2)
10004f38:	4218                	lw	a4,0(a2)
10004f3a:	4a54                	lw	a3,20(a2)
10004f3c:	40f707b3          	sub	a5,a4,a5
10004f40:	f8d7cce3          	blt	a5,a3,10004ed8 <__swbuf_r+0x44>
10004f44:	85b2                	mv	a1,a2
10004f46:	8526                	mv	a0,s1
10004f48:	c632                	sw	a2,12(sp)
10004f4a:	875ff0ef          	jal	100047be <_fflush_r>
10004f4e:	e911                	bnez	a0,10004f62 <__swbuf_r+0xce>
10004f50:	4632                	lw	a2,12(sp)
10004f52:	4785                	li	a5,1
10004f54:	4218                	lw	a4,0(a2)
10004f56:	b751                	j	10004eda <__swbuf_r+0x46>
10004f58:	85b2                	mv	a1,a2
10004f5a:	8526                	mv	a0,s1
10004f5c:	863ff0ef          	jal	100047be <_fflush_r>
10004f60:	d14d                	beqz	a0,10004f02 <__swbuf_r+0x6e>
10004f62:	547d                	li	s0,-1
10004f64:	bf79                	j	10004f02 <__swbuf_r+0x6e>
10004f66:	c632                	sw	a2,12(sp)
10004f68:	a2dff0ef          	jal	10004994 <__sinit>
10004f6c:	4632                	lw	a2,12(sp)
10004f6e:	bf25                	j	10004ea6 <__swbuf_r+0x12>

10004f70 <__swsetup_r>:
10004f70:	200047b7          	lui	a5,0x20004
10004f74:	dd47a703          	lw	a4,-556(a5) # 20003dd4 <_impure_ptr>
10004f78:	1101                	addi	sp,sp,-32
10004f7a:	ce06                	sw	ra,28(sp)
10004f7c:	862a                	mv	a2,a0
10004f7e:	87ae                	mv	a5,a1
10004f80:	c319                	beqz	a4,10004f86 <__swsetup_r+0x16>
10004f82:	5b54                	lw	a3,52(a4)
10004f84:	c2e1                	beqz	a3,10005044 <__swsetup_r+0xd4>
10004f86:	00c79703          	lh	a4,12(a5)
10004f8a:	00877693          	andi	a3,a4,8
10004f8e:	c29d                	beqz	a3,10004fb4 <__swsetup_r+0x44>
10004f90:	4b94                	lw	a3,16(a5)
10004f92:	ce8d                	beqz	a3,10004fcc <__swsetup_r+0x5c>
10004f94:	00c79703          	lh	a4,12(a5)
10004f98:	00177613          	andi	a2,a4,1
10004f9c:	ca39                	beqz	a2,10004ff2 <__swsetup_r+0x82>
10004f9e:	4bd0                	lw	a2,20(a5)
10004fa0:	0007a423          	sw	zero,8(a5)
10004fa4:	4501                	li	a0,0
10004fa6:	40c00633          	neg	a2,a2
10004faa:	cf90                	sw	a2,24(a5)
10004fac:	cab9                	beqz	a3,10005002 <__swsetup_r+0x92>
10004fae:	40f2                	lw	ra,28(sp)
10004fb0:	6105                	addi	sp,sp,32
10004fb2:	8082                	ret
10004fb4:	01077693          	andi	a3,a4,16
10004fb8:	ced1                	beqz	a3,10005054 <__swsetup_r+0xe4>
10004fba:	00477693          	andi	a3,a4,4
10004fbe:	eab9                	bnez	a3,10005014 <__swsetup_r+0xa4>
10004fc0:	4b94                	lw	a3,16(a5)
10004fc2:	00876713          	ori	a4,a4,8
10004fc6:	00e79623          	sh	a4,12(a5)
10004fca:	f6e9                	bnez	a3,10004f94 <__swsetup_r+0x24>
10004fcc:	47d8                	lw	a4,12(a5)
10004fce:	20000593          	li	a1,512
10004fd2:	28077713          	andi	a4,a4,640
10004fd6:	fab70fe3          	beq	a4,a1,10004f94 <__swsetup_r+0x24>
10004fda:	8532                	mv	a0,a2
10004fdc:	85be                	mv	a1,a5
10004fde:	c43e                	sw	a5,8(sp)
10004fe0:	628020ef          	jal	10007608 <__smakebuf_r>
10004fe4:	47a2                	lw	a5,8(sp)
10004fe6:	00c79703          	lh	a4,12(a5)
10004fea:	4b94                	lw	a3,16(a5)
10004fec:	00177613          	andi	a2,a4,1
10004ff0:	f65d                	bnez	a2,10004f9e <__swsetup_r+0x2e>
10004ff2:	00277613          	andi	a2,a4,2
10004ff6:	4581                	li	a1,0
10004ff8:	e211                	bnez	a2,10004ffc <__swsetup_r+0x8c>
10004ffa:	4bcc                	lw	a1,20(a5)
10004ffc:	c78c                	sw	a1,8(a5)
10004ffe:	4501                	li	a0,0
10005000:	f6dd                	bnez	a3,10004fae <__swsetup_r+0x3e>
10005002:	08077693          	andi	a3,a4,128
10005006:	d6c5                	beqz	a3,10004fae <__swsetup_r+0x3e>
10005008:	04076713          	ori	a4,a4,64
1000500c:	00e79623          	sh	a4,12(a5)
10005010:	557d                	li	a0,-1
10005012:	bf71                	j	10004fae <__swsetup_r+0x3e>
10005014:	5b8c                	lw	a1,48(a5)
10005016:	c185                	beqz	a1,10005036 <__swsetup_r+0xc6>
10005018:	04078693          	addi	a3,a5,64
1000501c:	00d58b63          	beq	a1,a3,10005032 <__swsetup_r+0xc2>
10005020:	8532                	mv	a0,a2
10005022:	c63e                	sw	a5,12(sp)
10005024:	c432                	sw	a2,8(sp)
10005026:	a86fd0ef          	jal	100022ac <_free_r>
1000502a:	47b2                	lw	a5,12(sp)
1000502c:	4622                	lw	a2,8(sp)
1000502e:	00c79703          	lh	a4,12(a5)
10005032:	0207a823          	sw	zero,48(a5)
10005036:	4b94                	lw	a3,16(a5)
10005038:	fdb77713          	andi	a4,a4,-37
1000503c:	0007a223          	sw	zero,4(a5)
10005040:	c394                	sw	a3,0(a5)
10005042:	b741                	j	10004fc2 <__swsetup_r+0x52>
10005044:	c42a                	sw	a0,8(sp)
10005046:	853a                	mv	a0,a4
10005048:	c62e                	sw	a1,12(sp)
1000504a:	94bff0ef          	jal	10004994 <__sinit>
1000504e:	47b2                	lw	a5,12(sp)
10005050:	4622                	lw	a2,8(sp)
10005052:	bf15                	j	10004f86 <__swsetup_r+0x16>
10005054:	46a5                	li	a3,9
10005056:	04076713          	ori	a4,a4,64
1000505a:	c214                	sw	a3,0(a2)
1000505c:	00e79623          	sh	a4,12(a5)
10005060:	557d                	li	a0,-1
10005062:	b7b1                	j	10004fae <__swsetup_r+0x3e>

10005064 <memchr>:
10005064:	00357793          	andi	a5,a0,3
10005068:	0ff5f713          	zext.b	a4,a1
1000506c:	cb99                	beqz	a5,10005082 <memchr+0x1e>
1000506e:	c62d                	beqz	a2,100050d8 <memchr+0x74>
10005070:	00054783          	lbu	a5,0(a0)
10005074:	167d                	addi	a2,a2,-1
10005076:	06e78063          	beq	a5,a4,100050d6 <memchr+0x72>
1000507a:	0505                	addi	a0,a0,1
1000507c:	00357793          	andi	a5,a0,3
10005080:	f7fd                	bnez	a5,1000506e <memchr+0xa>
10005082:	480d                	li	a6,3
10005084:	02c87f63          	bgeu	a6,a2,100050c2 <memchr+0x5e>
10005088:	0ff5f593          	zext.b	a1,a1
1000508c:	00859793          	slli	a5,a1,0x8
10005090:	95be                	add	a1,a1,a5
10005092:	01059793          	slli	a5,a1,0x10
10005096:	feff0337          	lui	t1,0xfeff0
1000509a:	808088b7          	lui	a7,0x80808
1000509e:	95be                	add	a1,a1,a5
100050a0:	eff30313          	addi	t1,t1,-257 # fefefeff <__StackTop+0xdef6deff>
100050a4:	08088893          	addi	a7,a7,128 # 80808080 <__StackTop+0x60786080>
100050a8:	411c                	lw	a5,0(a0)
100050aa:	8fad                	xor	a5,a5,a1
100050ac:	006786b3          	add	a3,a5,t1
100050b0:	40f6f7b3          	andn	a5,a3,a5
100050b4:	0117f7b3          	and	a5,a5,a7
100050b8:	e791                	bnez	a5,100050c4 <memchr+0x60>
100050ba:	1671                	addi	a2,a2,-4
100050bc:	0511                	addi	a0,a0,4
100050be:	fec865e3          	bltu	a6,a2,100050a8 <memchr+0x44>
100050c2:	ca19                	beqz	a2,100050d8 <memchr+0x74>
100050c4:	962a                	add	a2,a2,a0
100050c6:	a021                	j	100050ce <memchr+0x6a>
100050c8:	0505                	addi	a0,a0,1
100050ca:	00c50763          	beq	a0,a2,100050d8 <memchr+0x74>
100050ce:	00054783          	lbu	a5,0(a0)
100050d2:	fee79be3          	bne	a5,a4,100050c8 <memchr+0x64>
100050d6:	8082                	ret
100050d8:	4501                	li	a0,0
100050da:	8082                	ret

100050dc <strncpy>:
100050dc:	00a5e7b3          	or	a5,a1,a0
100050e0:	8b8d                	andi	a5,a5,3
100050e2:	e781                	bnez	a5,100050ea <strncpy+0xe>
100050e4:	00463793          	sltiu	a5,a2,4
100050e8:	cb95                	beqz	a5,1000511c <strncpy+0x40>
100050ea:	872a                	mv	a4,a0
100050ec:	a811                	j	10005100 <strncpy+0x24>
100050ee:	fff5c683          	lbu	a3,-1(a1)
100050f2:	fff60813          	addi	a6,a2,-1
100050f6:	fed78fa3          	sb	a3,-1(a5)
100050fa:	ca81                	beqz	a3,1000510a <strncpy+0x2e>
100050fc:	873e                	mv	a4,a5
100050fe:	8642                	mv	a2,a6
10005100:	0585                	addi	a1,a1,1
10005102:	00170793          	addi	a5,a4,1
10005106:	f665                	bnez	a2,100050ee <strncpy+0x12>
10005108:	8082                	ret
1000510a:	9732                	add	a4,a4,a2
1000510c:	04080163          	beqz	a6,1000514e <strncpy+0x72>
10005110:	0785                	addi	a5,a5,1
10005112:	fe078fa3          	sb	zero,-1(a5)
10005116:	fee79de3          	bne	a5,a4,10005110 <strncpy+0x34>
1000511a:	8082                	ret
1000511c:	feff08b7          	lui	a7,0xfeff0
10005120:	80808837          	lui	a6,0x80808
10005124:	eff88893          	addi	a7,a7,-257 # fefefeff <__StackTop+0xdef6deff>
10005128:	08080813          	addi	a6,a6,128 # 80808080 <__StackTop+0x60786080>
1000512c:	872a                	mv	a4,a0
1000512e:	430d                	li	t1,3
10005130:	4194                	lw	a3,0(a1)
10005132:	011687b3          	add	a5,a3,a7
10005136:	40d7f7b3          	andn	a5,a5,a3
1000513a:	0107f7b3          	and	a5,a5,a6
1000513e:	f3e9                	bnez	a5,10005100 <strncpy+0x24>
10005140:	1671                	addi	a2,a2,-4
10005142:	c314                	sw	a3,0(a4)
10005144:	0711                	addi	a4,a4,4
10005146:	0591                	addi	a1,a1,4
10005148:	fec364e3          	bltu	t1,a2,10005130 <strncpy+0x54>
1000514c:	bf55                	j	10005100 <strncpy+0x24>
1000514e:	8082                	ret

10005150 <_localeconv_r>:
10005150:	20004537          	lui	a0,0x20004
10005154:	d4c50513          	addi	a0,a0,-692 # 20003d4c <__global_locale+0xf0>
10005158:	8082                	ret

1000515a <_close_r>:
1000515a:	1141                	addi	sp,sp,-16
1000515c:	c422                	sw	s0,8(sp)
1000515e:	c226                	sw	s1,4(sp)
10005160:	84aa                	mv	s1,a0
10005162:	852e                	mv	a0,a1
10005164:	c606                	sw	ra,12(sp)
10005166:	8201a023          	sw	zero,-2016(gp) # 2000415c <errno>
1000516a:	8fafc0ef          	jal	10001264 <_close>
1000516e:	57fd                	li	a5,-1
10005170:	00f50763          	beq	a0,a5,1000517e <_close_r+0x24>
10005174:	40b2                	lw	ra,12(sp)
10005176:	4422                	lw	s0,8(sp)
10005178:	4492                	lw	s1,4(sp)
1000517a:	0141                	addi	sp,sp,16
1000517c:	8082                	ret
1000517e:	8201a783          	lw	a5,-2016(gp) # 2000415c <errno>
10005182:	dbed                	beqz	a5,10005174 <_close_r+0x1a>
10005184:	40b2                	lw	ra,12(sp)
10005186:	4422                	lw	s0,8(sp)
10005188:	c09c                	sw	a5,0(s1)
1000518a:	4492                	lw	s1,4(sp)
1000518c:	0141                	addi	sp,sp,16
1000518e:	8082                	ret

10005190 <_lseek_r>:
10005190:	1141                	addi	sp,sp,-16
10005192:	87ae                	mv	a5,a1
10005194:	c422                	sw	s0,8(sp)
10005196:	c226                	sw	s1,4(sp)
10005198:	85b2                	mv	a1,a2
1000519a:	84aa                	mv	s1,a0
1000519c:	8636                	mv	a2,a3
1000519e:	853e                	mv	a0,a5
100051a0:	c606                	sw	ra,12(sp)
100051a2:	8201a023          	sw	zero,-2016(gp) # 2000415c <errno>
100051a6:	8c2fc0ef          	jal	10001268 <_lseek>
100051aa:	57fd                	li	a5,-1
100051ac:	00f50763          	beq	a0,a5,100051ba <_lseek_r+0x2a>
100051b0:	40b2                	lw	ra,12(sp)
100051b2:	4422                	lw	s0,8(sp)
100051b4:	4492                	lw	s1,4(sp)
100051b6:	0141                	addi	sp,sp,16
100051b8:	8082                	ret
100051ba:	8201a783          	lw	a5,-2016(gp) # 2000415c <errno>
100051be:	dbed                	beqz	a5,100051b0 <_lseek_r+0x20>
100051c0:	40b2                	lw	ra,12(sp)
100051c2:	4422                	lw	s0,8(sp)
100051c4:	c09c                	sw	a5,0(s1)
100051c6:	4492                	lw	s1,4(sp)
100051c8:	0141                	addi	sp,sp,16
100051ca:	8082                	ret

100051cc <_read_r>:
100051cc:	1141                	addi	sp,sp,-16
100051ce:	87ae                	mv	a5,a1
100051d0:	c422                	sw	s0,8(sp)
100051d2:	c226                	sw	s1,4(sp)
100051d4:	85b2                	mv	a1,a2
100051d6:	84aa                	mv	s1,a0
100051d8:	8636                	mv	a2,a3
100051da:	853e                	mv	a0,a5
100051dc:	c606                	sw	ra,12(sp)
100051de:	8201a023          	sw	zero,-2016(gp) # 2000415c <errno>
100051e2:	87afc0ef          	jal	1000125c <_read>
100051e6:	57fd                	li	a5,-1
100051e8:	00f50763          	beq	a0,a5,100051f6 <_read_r+0x2a>
100051ec:	40b2                	lw	ra,12(sp)
100051ee:	4422                	lw	s0,8(sp)
100051f0:	4492                	lw	s1,4(sp)
100051f2:	0141                	addi	sp,sp,16
100051f4:	8082                	ret
100051f6:	8201a783          	lw	a5,-2016(gp) # 2000415c <errno>
100051fa:	dbed                	beqz	a5,100051ec <_read_r+0x20>
100051fc:	40b2                	lw	ra,12(sp)
100051fe:	4422                	lw	s0,8(sp)
10005200:	c09c                	sw	a5,0(s1)
10005202:	4492                	lw	s1,4(sp)
10005204:	0141                	addi	sp,sp,16
10005206:	8082                	ret

10005208 <_write_r>:
10005208:	1141                	addi	sp,sp,-16
1000520a:	87ae                	mv	a5,a1
1000520c:	c422                	sw	s0,8(sp)
1000520e:	c226                	sw	s1,4(sp)
10005210:	85b2                	mv	a1,a2
10005212:	84aa                	mv	s1,a0
10005214:	8636                	mv	a2,a3
10005216:	853e                	mv	a0,a5
10005218:	c606                	sw	ra,12(sp)
1000521a:	8201a023          	sw	zero,-2016(gp) # 2000415c <errno>
1000521e:	842fc0ef          	jal	10001260 <_write>
10005222:	57fd                	li	a5,-1
10005224:	00f50763          	beq	a0,a5,10005232 <_write_r+0x2a>
10005228:	40b2                	lw	ra,12(sp)
1000522a:	4422                	lw	s0,8(sp)
1000522c:	4492                	lw	s1,4(sp)
1000522e:	0141                	addi	sp,sp,16
10005230:	8082                	ret
10005232:	8201a783          	lw	a5,-2016(gp) # 2000415c <errno>
10005236:	dbed                	beqz	a5,10005228 <_write_r+0x20>
10005238:	40b2                	lw	ra,12(sp)
1000523a:	4422                	lw	s0,8(sp)
1000523c:	c09c                	sw	a5,0(s1)
1000523e:	4492                	lw	s1,4(sp)
10005240:	0141                	addi	sp,sp,16
10005242:	8082                	ret

10005244 <frexpl>:
10005244:	45d8                	lw	a4,12(a1)
10005246:	7159                	addi	sp,sp,-112
10005248:	0005a883          	lw	a7,0(a1)
1000524c:	0045a803          	lw	a6,4(a1)
10005250:	4594                	lw	a3,8(a1)
10005252:	d2a6                	sw	s1,100(sp)
10005254:	64a1                	lui	s1,0x8
10005256:	d4a2                	sw	s0,104(sp)
10005258:	d686                	sw	ra,108(sp)
1000525a:	01075793          	srli	a5,a4,0x10
1000525e:	14fd                	addi	s1,s1,-1 # 7fff <HeapSize+0x77ff>
10005260:	00062023          	sw	zero,0(a2)
10005264:	ceba                	sw	a4,92(sp)
10005266:	8fe5                	and	a5,a5,s1
10005268:	c8c6                	sw	a7,80(sp)
1000526a:	cac2                	sw	a6,84(sp)
1000526c:	ccb6                	sw	a3,88(sp)
1000526e:	842a                	mv	s0,a0
10005270:	08978f63          	beq	a5,s1,1000530e <frexpl+0xca>
10005274:	0088                	addi	a0,sp,64
10005276:	180c                	addi	a1,sp,48
10005278:	d0ca                	sw	s2,96(sp)
1000527a:	c0c6                	sw	a7,64(sp)
1000527c:	cc46                	sw	a7,24(sp)
1000527e:	c2c2                	sw	a6,68(sp)
10005280:	ca42                	sw	a6,20(sp)
10005282:	c4b6                	sw	a3,72(sp)
10005284:	c836                	sw	a3,16(sp)
10005286:	c6ba                	sw	a4,76(sp)
10005288:	c63a                	sw	a4,12(sp)
1000528a:	8932                	mv	s2,a2
1000528c:	d802                	sw	zero,48(sp)
1000528e:	da02                	sw	zero,52(sp)
10005290:	dc02                	sw	zero,56(sp)
10005292:	de02                	sw	zero,60(sp)
10005294:	ce3e                	sw	a5,28(sp)
10005296:	0fffc097          	auipc	ra,0xfffc
1000529a:	4f0080e7          	jalr	1264(ra) # 20001786 <__eqtf2>
1000529e:	4732                	lw	a4,12(sp)
100052a0:	46c2                	lw	a3,16(sp)
100052a2:	4852                	lw	a6,20(sp)
100052a4:	48e2                	lw	a7,24(sp)
100052a6:	c141                	beqz	a0,10005326 <frexpl+0xe2>
100052a8:	47f2                	lw	a5,28(sp)
100052aa:	4581                	li	a1,0
100052ac:	ef9d                	bnez	a5,100052ea <frexpl+0xa6>
100052ae:	407107b7          	lui	a5,0x40710
100052b2:	180c                	addi	a1,sp,48
100052b4:	1010                	addi	a2,sp,32
100052b6:	0088                	addi	a0,sp,64
100052b8:	dc36                	sw	a3,56(sp)
100052ba:	de3a                	sw	a4,60(sp)
100052bc:	d63e                	sw	a5,44(sp)
100052be:	d846                	sw	a7,48(sp)
100052c0:	da42                	sw	a6,52(sp)
100052c2:	d002                	sw	zero,32(sp)
100052c4:	d202                	sw	zero,36(sp)
100052c6:	d402                	sw	zero,40(sp)
100052c8:	0fffc097          	auipc	ra,0xfffc
100052cc:	754080e7          	jalr	1876(ra) # 20001a1c <__multf3>
100052d0:	4736                	lw	a4,76(sp)
100052d2:	4586                	lw	a1,64(sp)
100052d4:	4616                	lw	a2,68(sp)
100052d6:	46a6                	lw	a3,72(sp)
100052d8:	01075793          	srli	a5,a4,0x10
100052dc:	c8ae                	sw	a1,80(sp)
100052de:	cab2                	sw	a2,84(sp)
100052e0:	ccb6                	sw	a3,88(sp)
100052e2:	ceba                	sw	a4,92(sp)
100052e4:	8fe5                	and	a5,a5,s1
100052e6:	f8e00593          	li	a1,-114
100052ea:	76f1                	lui	a3,0xffffc
100052ec:	0689                	addi	a3,a3,2 # ffffc002 <__StackTop+0xdff7a002>
100052ee:	4776                	lw	a4,92(sp)
100052f0:	97b6                	add	a5,a5,a3
100052f2:	80010637          	lui	a2,0x80010
100052f6:	97ae                	add	a5,a5,a1
100052f8:	167d                	addi	a2,a2,-1 # 8000ffff <__StackTop+0x5ff8dfff>
100052fa:	00f92023          	sw	a5,0(s2)
100052fe:	48c6                	lw	a7,80(sp)
10005300:	4856                	lw	a6,84(sp)
10005302:	46e6                	lw	a3,88(sp)
10005304:	5906                	lw	s2,96(sp)
10005306:	8f71                	and	a4,a4,a2
10005308:	3ffe0637          	lui	a2,0x3ffe0
1000530c:	8f51                	or	a4,a4,a2
1000530e:	50b6                	lw	ra,108(sp)
10005310:	01142023          	sw	a7,0(s0)
10005314:	01042223          	sw	a6,4(s0)
10005318:	c414                	sw	a3,8(s0)
1000531a:	c458                	sw	a4,12(s0)
1000531c:	8522                	mv	a0,s0
1000531e:	5426                	lw	s0,104(sp)
10005320:	5496                	lw	s1,100(sp)
10005322:	6165                	addi	sp,sp,112
10005324:	8082                	ret
10005326:	5906                	lw	s2,96(sp)
10005328:	b7dd                	j	1000530e <frexpl+0xca>

1000532a <_ldtoa_r>:
1000532a:	100088b7          	lui	a7,0x10008
1000532e:	c8c88893          	addi	a7,a7,-884 # 10007c8c <blanks.1+0x10>
10005332:	0088a303          	lw	t1,8(a7)
10005336:	7171                	addi	sp,sp,-176
10005338:	0008ae83          	lw	t4,0(a7)
1000533c:	0048ae03          	lw	t3,4(a7)
10005340:	d29a                	sw	t1,100(sp)
10005342:	00c8a303          	lw	t1,12(a7)
10005346:	0108a883          	lw	a7,16(a7)
1000534a:	d522                	sw	s0,168(sp)
1000534c:	d326                	sw	s1,164(sp)
1000534e:	d6c6                	sw	a7,108(sp)
10005350:	03852883          	lw	a7,56(a0)
10005354:	d14a                	sw	s2,160(sp)
10005356:	cf4e                	sw	s3,156(sp)
10005358:	cd52                	sw	s4,152(sp)
1000535a:	cb56                	sw	s5,148(sp)
1000535c:	c95a                	sw	s6,144(sp)
1000535e:	c16a                	sw	s10,128(sp)
10005360:	deee                	sw	s11,124(sp)
10005362:	d706                	sw	ra,172(sp)
10005364:	c75e                	sw	s7,140(sp)
10005366:	c562                	sw	s8,136(sp)
10005368:	c366                	sw	s9,132(sp)
1000536a:	cef6                	sw	t4,92(sp)
1000536c:	d0f2                	sw	t3,96(sp)
1000536e:	d49a                	sw	t1,104(sp)
10005370:	ce42                	sw	a6,28(sp)
10005372:	0005a903          	lw	s2,0(a1)
10005376:	41c4                	lw	s1,4(a1)
10005378:	4580                	lw	s0,8(a1)
1000537a:	00c5aa03          	lw	s4,12(a1)
1000537e:	8aaa                	mv	s5,a0
10005380:	8d32                	mv	s10,a2
10005382:	8db6                	mv	s11,a3
10005384:	8b3a                	mv	s6,a4
10005386:	89be                	mv	s3,a5
10005388:	00088763          	beqz	a7,10005396 <_ldtoa_r+0x6c>
1000538c:	85c6                	mv	a1,a7
1000538e:	668010ef          	jal	100069f6 <__freedtoa>
10005392:	020aac23          	sw	zero,56(s5)
10005396:	5726                	lw	a4,104(sp)
10005398:	01fa5693          	srli	a3,s4,0x1f
1000539c:	00d9a023          	sw	a3,0(s3)
100053a0:	40175793          	srai	a5,a4,0x1
100053a4:	8ff5                	and	a5,a5,a3
100053a6:	8fb9                	xor	a5,a5,a4
100053a8:	d4be                	sw	a5,104(sp)
100053aa:	001a1713          	slli	a4,s4,0x1
100053ae:	77f1                	lui	a5,0xffffc
100053b0:	49fa1993          	bclri	s3,s4,0x1f
100053b4:	f9178793          	addi	a5,a5,-111 # ffffbf91 <__StackTop+0xdff79f91>
100053b8:	01175c13          	srli	s8,a4,0x11
100053bc:	080a4bb3          	zext.h	s7,s4
100053c0:	1808                	addi	a0,sp,48
100053c2:	100c                	addi	a1,sp,32
100053c4:	d84a                	sw	s2,48(sp)
100053c6:	da26                	sw	s1,52(sp)
100053c8:	dc22                	sw	s0,56(sp)
100053ca:	d04a                	sw	s2,32(sp)
100053cc:	d226                	sw	s1,36(sp)
100053ce:	d422                	sw	s0,40(sp)
100053d0:	de4e                	sw	s3,60(sp)
100053d2:	d64e                	sw	s3,44(sp)
100053d4:	c6ca                	sw	s2,76(sp)
100053d6:	c8a6                	sw	s1,80(sp)
100053d8:	caa2                	sw	s0,84(sp)
100053da:	00fc0cb3          	add	s9,s8,a5
100053de:	ccde                	sw	s7,88(sp)
100053e0:	0fffe097          	auipc	ra,0xfffe
100053e4:	e3c080e7          	jalr	-452(ra) # 2000321c <__unordtf2>
100053e8:	ed71                	bnez	a0,100054c4 <_ldtoa_r+0x19a>
100053ea:	7fff0737          	lui	a4,0x7fff0
100053ee:	57fd                	li	a5,-1
100053f0:	177d                	addi	a4,a4,-1 # 7ffeffff <__StackTop+0x5ff6dfff>
100053f2:	100c                	addi	a1,sp,32
100053f4:	1808                	addi	a0,sp,48
100053f6:	d63a                	sw	a4,44(sp)
100053f8:	d03e                	sw	a5,32(sp)
100053fa:	d23e                	sw	a5,36(sp)
100053fc:	d43e                	sw	a5,40(sp)
100053fe:	0fffe097          	auipc	ra,0xfffe
10005402:	e1e080e7          	jalr	-482(ra) # 2000321c <__unordtf2>
10005406:	ed39                	bnez	a0,10005464 <_ldtoa_r+0x13a>
10005408:	100c                	addi	a1,sp,32
1000540a:	1808                	addi	a0,sp,48
1000540c:	0fffc097          	auipc	ra,0xfffc
10005410:	522080e7          	jalr	1314(ra) # 2000192e <__letf2>
10005414:	04a05863          	blez	a0,10005464 <_ldtoa_r+0x13a>
10005418:	478d                	li	a5,3
1000541a:	c4be                	sw	a5,72(sp)
1000541c:	47f2                	lw	a5,28(sp)
1000541e:	00b8                	addi	a4,sp,72
10005420:	886e                	mv	a6,s11
10005422:	c03e                	sw	a5,0(sp)
10005424:	8666                	mv	a2,s9
10005426:	87ea                	mv	a5,s10
10005428:	8556                	mv	a0,s5
1000542a:	88da                	mv	a7,s6
1000542c:	00f4                	addi	a3,sp,76
1000542e:	08ec                	addi	a1,sp,92
10005430:	2a1d                	jal	10005566 <__gdtoa>
10005432:	000b2703          	lw	a4,0(s6)
10005436:	77e1                	lui	a5,0xffff8
10005438:	00f71763          	bne	a4,a5,10005446 <_ldtoa_r+0x11c>
1000543c:	800007b7          	lui	a5,0x80000
10005440:	17fd                	addi	a5,a5,-1 # 7fffffff <__StackTop+0x5ff7dfff>
10005442:	00fb2023          	sw	a5,0(s6)
10005446:	50ba                	lw	ra,172(sp)
10005448:	542a                	lw	s0,168(sp)
1000544a:	549a                	lw	s1,164(sp)
1000544c:	590a                	lw	s2,160(sp)
1000544e:	49fa                	lw	s3,156(sp)
10005450:	4a6a                	lw	s4,152(sp)
10005452:	4ada                	lw	s5,148(sp)
10005454:	4b4a                	lw	s6,144(sp)
10005456:	4bba                	lw	s7,140(sp)
10005458:	4c2a                	lw	s8,136(sp)
1000545a:	4c9a                	lw	s9,132(sp)
1000545c:	4d0a                	lw	s10,128(sp)
1000545e:	5df6                	lw	s11,124(sp)
10005460:	614d                	addi	sp,sp,176
10005462:	8082                	ret
10005464:	67c1                	lui	a5,0x10
10005466:	100c                	addi	a1,sp,32
10005468:	1808                	addi	a0,sp,48
1000546a:	de4e                	sw	s3,60(sp)
1000546c:	d63e                	sw	a5,44(sp)
1000546e:	d84a                	sw	s2,48(sp)
10005470:	da26                	sw	s1,52(sp)
10005472:	dc22                	sw	s0,56(sp)
10005474:	d002                	sw	zero,32(sp)
10005476:	d202                	sw	zero,36(sp)
10005478:	d402                	sw	zero,40(sp)
1000547a:	0fffc097          	auipc	ra,0xfffc
1000547e:	3c6080e7          	jalr	966(ra) # 20001840 <__getf2>
10005482:	00054863          	bltz	a0,10005492 <_ldtoa_r+0x168>
10005486:	290b9b93          	bseti	s7,s7,0x10
1000548a:	4785                	li	a5,1
1000548c:	ccde                	sw	s7,88(sp)
1000548e:	c4be                	sw	a5,72(sp)
10005490:	b771                	j	1000541c <_ldtoa_r+0xf2>
10005492:	100c                	addi	a1,sp,32
10005494:	1808                	addi	a0,sp,48
10005496:	d84a                	sw	s2,48(sp)
10005498:	da26                	sw	s1,52(sp)
1000549a:	dc22                	sw	s0,56(sp)
1000549c:	de52                	sw	s4,60(sp)
1000549e:	d002                	sw	zero,32(sp)
100054a0:	d202                	sw	zero,36(sp)
100054a2:	d402                	sw	zero,40(sp)
100054a4:	d602                	sw	zero,44(sp)
100054a6:	0fffc097          	auipc	ra,0xfffc
100054aa:	2e0080e7          	jalr	736(ra) # 20001786 <__eqtf2>
100054ae:	e119                	bnez	a0,100054b4 <_ldtoa_r+0x18a>
100054b0:	c482                	sw	zero,72(sp)
100054b2:	b7ad                	j	1000541c <_ldtoa_r+0xf2>
100054b4:	77f1                	lui	a5,0xffffc
100054b6:	f9278793          	addi	a5,a5,-110 # ffffbf92 <__StackTop+0xdff79f92>
100054ba:	4709                	li	a4,2
100054bc:	00fc0cb3          	add	s9,s8,a5
100054c0:	c4ba                	sw	a4,72(sp)
100054c2:	bfa9                	j	1000541c <_ldtoa_r+0xf2>
100054c4:	4791                	li	a5,4
100054c6:	c4be                	sw	a5,72(sp)
100054c8:	bf91                	j	1000541c <_ldtoa_r+0xf2>

100054ca <_ldcheck>:
100054ca:	7139                	addi	sp,sp,-64
100054cc:	dc22                	sw	s0,56(sp)
100054ce:	4540                	lw	s0,12(a0)
100054d0:	d84a                	sw	s2,48(sp)
100054d2:	d64e                	sw	s3,44(sp)
100054d4:	00852903          	lw	s2,8(a0)
100054d8:	00452983          	lw	s3,4(a0)
100054dc:	d452                	sw	s4,40(sp)
100054de:	00052a03          	lw	s4,0(a0)
100054e2:	49f41413          	bclri	s0,s0,0x1f
100054e6:	0808                	addi	a0,sp,16
100054e8:	858a                	mv	a1,sp
100054ea:	de06                	sw	ra,60(sp)
100054ec:	ce22                	sw	s0,28(sp)
100054ee:	c622                	sw	s0,12(sp)
100054f0:	c852                	sw	s4,16(sp)
100054f2:	c052                	sw	s4,0(sp)
100054f4:	ca4e                	sw	s3,20(sp)
100054f6:	c24e                	sw	s3,4(sp)
100054f8:	cc4a                	sw	s2,24(sp)
100054fa:	c44a                	sw	s2,8(sp)
100054fc:	0fffe097          	auipc	ra,0xfffe
10005500:	d20080e7          	jalr	-736(ra) # 2000321c <__unordtf2>
10005504:	e929                	bnez	a0,10005556 <_ldcheck+0x8c>
10005506:	7fff0737          	lui	a4,0x7fff0
1000550a:	57fd                	li	a5,-1
1000550c:	177d                	addi	a4,a4,-1 # 7ffeffff <__StackTop+0x5ff6dfff>
1000550e:	858a                	mv	a1,sp
10005510:	0808                	addi	a0,sp,16
10005512:	da26                	sw	s1,52(sp)
10005514:	c63a                	sw	a4,12(sp)
10005516:	c03e                	sw	a5,0(sp)
10005518:	c23e                	sw	a5,4(sp)
1000551a:	c43e                	sw	a5,8(sp)
1000551c:	4485                	li	s1,1
1000551e:	0fffe097          	auipc	ra,0xfffe
10005522:	cfe080e7          	jalr	-770(ra) # 2000321c <__unordtf2>
10005526:	cd11                	beqz	a0,10005542 <_ldcheck+0x78>
10005528:	50f2                	lw	ra,60(sp)
1000552a:	5462                	lw	s0,56(sp)
1000552c:	00149513          	slli	a0,s1,0x1
10005530:	4789                	li	a5,2
10005532:	54d2                	lw	s1,52(sp)
10005534:	5942                	lw	s2,48(sp)
10005536:	59b2                	lw	s3,44(sp)
10005538:	5a22                	lw	s4,40(sp)
1000553a:	40a7f533          	andn	a0,a5,a0
1000553e:	6121                	addi	sp,sp,64
10005540:	8082                	ret
10005542:	858a                	mv	a1,sp
10005544:	0808                	addi	a0,sp,16
10005546:	0fffc097          	auipc	ra,0xfffc
1000554a:	3e8080e7          	jalr	1000(ra) # 2000192e <__letf2>
1000554e:	fca05de3          	blez	a0,10005528 <_ldcheck+0x5e>
10005552:	4481                	li	s1,0
10005554:	bfd1                	j	10005528 <_ldcheck+0x5e>
10005556:	50f2                	lw	ra,60(sp)
10005558:	5462                	lw	s0,56(sp)
1000555a:	5942                	lw	s2,48(sp)
1000555c:	59b2                	lw	s3,44(sp)
1000555e:	5a22                	lw	s4,40(sp)
10005560:	4505                	li	a0,1
10005562:	6121                	addi	sp,sp,64
10005564:	8082                	ret

10005566 <__gdtoa>:
10005566:	7155                	addi	sp,sp,-208
10005568:	df4e                	sw	s3,188(sp)
1000556a:	00072983          	lw	s3,0(a4)
1000556e:	c5a2                	sw	s0,200(sp)
10005570:	444e                	lw	s0,208(sp)
10005572:	d366                	sw	s9,164(sp)
10005574:	fcf9f313          	andi	t1,s3,-49
10005578:	c786                	sw	ra,204(sp)
1000557a:	00672023          	sw	t1,0(a4)
1000557e:	4e0d                	li	t3,3
10005580:	00f9f313          	andi	t1,s3,15
10005584:	c03e                	sw	a5,0(sp)
10005586:	c442                	sw	a6,8(sp)
10005588:	8ca2                	mv	s9,s0
1000558a:	2dc30063          	beq	t1,t3,1000584a <__gdtoa+0x2e4>
1000558e:	d16a                	sw	s10,160(sp)
10005590:	00c9f413          	andi	s0,s3,12
10005594:	8d22                	mv	s10,s0
10005596:	24041063          	bnez	s0,100057d6 <__gdtoa+0x270>
1000559a:	cf6e                	sw	s11,156(sp)
1000559c:	ce46                	sw	a7,28(sp)
1000559e:	ca36                	sw	a3,20(sp)
100055a0:	d032                	sw	a2,32(sp)
100055a2:	d62e                	sw	a1,44(sp)
100055a4:	d43a                	sw	a4,40(sp)
100055a6:	8daa                	mv	s11,a0
100055a8:	26030c63          	beqz	t1,10005820 <__gdtoa+0x2ba>
100055ac:	c1ca                	sw	s2,192(sp)
100055ae:	0005a903          	lw	s2,0(a1)
100055b2:	02000793          	li	a5,32
100055b6:	4581                	li	a1,0
100055b8:	0127d663          	bge	a5,s2,100055c4 <__gdtoa+0x5e>
100055bc:	0786                	slli	a5,a5,0x1
100055be:	0585                	addi	a1,a1,1
100055c0:	ff27cee3          	blt	a5,s2,100055bc <__gdtoa+0x56>
100055c4:	856e                	mv	a0,s11
100055c6:	68e010ef          	jal	10006c54 <_Balloc>
100055ca:	842a                	mv	s0,a0
100055cc:	22050963          	beqz	a0,100057fe <__gdtoa+0x298>
100055d0:	47d2                	lw	a5,20(sp)
100055d2:	fff90693          	addi	a3,s2,-1
100055d6:	8695                	srai	a3,a3,0x5
100055d8:	00269593          	slli	a1,a3,0x2
100055dc:	c3a6                	sw	s1,196(sp)
100055de:	20f6c6b3          	sh2add	a3,a3,a5
100055e2:	01450713          	addi	a4,a0,20
100055e6:	4390                	lw	a2,0(a5)
100055e8:	0791                	addi	a5,a5,4
100055ea:	0711                	addi	a4,a4,4
100055ec:	fec72e23          	sw	a2,-4(a4)
100055f0:	fef6fbe3          	bgeu	a3,a5,100055e6 <__gdtoa+0x80>
100055f4:	47d2                	lw	a5,20(sp)
100055f6:	0685                	addi	a3,a3,1
100055f8:	0785                	addi	a5,a5,1
100055fa:	00f6b6b3          	sltu	a3,a3,a5
100055fe:	16fd                	addi	a3,a3,-1
10005600:	00d5f733          	and	a4,a1,a3
10005604:	0711                	addi	a4,a4,4
10005606:	01040793          	addi	a5,s0,16
1000560a:	40275493          	srai	s1,a4,0x2
1000560e:	97ba                	add	a5,a5,a4
10005610:	a021                	j	10005618 <__gdtoa+0xb2>
10005612:	17f1                	addi	a5,a5,-4
10005614:	24048b63          	beqz	s1,1000586a <__gdtoa+0x304>
10005618:	4398                	lw	a4,0(a5)
1000561a:	86a6                	mv	a3,s1
1000561c:	14fd                	addi	s1,s1,-1
1000561e:	db75                	beqz	a4,10005612 <__gdtoa+0xac>
10005620:	2084c4b3          	sh2add	s1,s1,s0
10005624:	48c8                	lw	a0,20(s1)
10005626:	c814                	sw	a3,16(s0)
10005628:	cc36                	sw	a3,24(sp)
1000562a:	780010ef          	jal	10006daa <__hi0bits>
1000562e:	46e2                	lw	a3,24(sp)
10005630:	0696                	slli	a3,a3,0x5
10005632:	40a684b3          	sub	s1,a3,a0
10005636:	8522                	mv	a0,s0
10005638:	59e010ef          	jal	10006bd6 <__trailz_D2A>
1000563c:	5782                	lw	a5,32(sp)
1000563e:	c72a                	sw	a0,140(sp)
10005640:	da3e                	sw	a5,52(sp)
10005642:	50051c63          	bnez	a0,10005b5a <__gdtoa+0x5f4>
10005646:	481c                	lw	a5,16(s0)
10005648:	1c078663          	beqz	a5,10005814 <__gdtoa+0x2ae>
1000564c:	016c                	addi	a1,sp,140
1000564e:	8522                	mv	a0,s0
10005650:	db56                	sw	s5,180(sp)
10005652:	d95a                	sw	s6,176(sp)
10005654:	d75e                	sw	s7,172(sp)
10005656:	d562                	sw	s8,168(sp)
10005658:	dd52                	sw	s4,184(sp)
1000565a:	617010ef          	jal	10007470 <__b2d>
1000565e:	00c59793          	slli	a5,a1,0xc
10005662:	83b1                	srli	a5,a5,0xc
10005664:	3ff00737          	lui	a4,0x3ff00
10005668:	8f5d                	or	a4,a4,a5
1000566a:	5852                	lw	a6,52(sp)
1000566c:	100087b7          	lui	a5,0x10008
10005670:	d807a603          	lw	a2,-640(a5) # 10007d80 <__mprec_tens+0xd0>
10005674:	d847a683          	lw	a3,-636(a5)
10005678:	9826                	add	a6,a6,s1
1000567a:	88aa                	mv	a7,a0
1000567c:	85ba                	mv	a1,a4
1000567e:	fff80b93          	addi	s7,a6,-1
10005682:	d23a                	sw	a4,36(sp)
10005684:	8c42                	mv	s8,a6
10005686:	c8c6                	sw	a7,80(sp)
10005688:	c0aa                	sw	a0,64(sp)
1000568a:	0fffc097          	auipc	ra,0xfffc
1000568e:	93a080e7          	jalr	-1734(ra) # 20000fc4 <__subdf3>
10005692:	100087b7          	lui	a5,0x10008
10005696:	d887a603          	lw	a2,-632(a5) # 10007d88 <__mprec_tens+0xd8>
1000569a:	d8c7a683          	lw	a3,-628(a5)
1000569e:	0fffb097          	auipc	ra,0xfffb
100056a2:	506080e7          	jalr	1286(ra) # 20000ba4 <__muldf3>
100056a6:	100087b7          	lui	a5,0x10008
100056aa:	d907a603          	lw	a2,-624(a5) # 10007d90 <__mprec_tens+0xe0>
100056ae:	d947a683          	lw	a3,-620(a5)
100056b2:	0fffb097          	auipc	ra,0xfffb
100056b6:	94e080e7          	jalr	-1714(ra) # 20000000 <__adddf3>
100056ba:	8aaa                	mv	s5,a0
100056bc:	855e                	mv	a0,s7
100056be:	8b2e                	mv	s6,a1
100056c0:	0fffc097          	auipc	ra,0xfffc
100056c4:	ef6080e7          	jalr	-266(ra) # 200015b6 <__floatsidf>
100056c8:	100087b7          	lui	a5,0x10008
100056cc:	d987a603          	lw	a2,-616(a5) # 10007d98 <__mprec_tens+0xe8>
100056d0:	d9c7a683          	lw	a3,-612(a5)
100056d4:	0fffb097          	auipc	ra,0xfffb
100056d8:	4d0080e7          	jalr	1232(ra) # 20000ba4 <__muldf3>
100056dc:	862a                	mv	a2,a0
100056de:	86ae                	mv	a3,a1
100056e0:	8556                	mv	a0,s5
100056e2:	85da                	mv	a1,s6
100056e4:	0fffb097          	auipc	ra,0xfffb
100056e8:	91c080e7          	jalr	-1764(ra) # 20000000 <__adddf3>
100056ec:	8aaa                	mv	s5,a0
100056ee:	8b2e                	mv	s6,a1
100056f0:	855e                	mv	a0,s7
100056f2:	000bd563          	bgez	s7,100056fc <__gdtoa+0x196>
100056f6:	4505                	li	a0,1
100056f8:	41850533          	sub	a0,a0,s8
100056fc:	bcb50513          	addi	a0,a0,-1077
10005700:	02a05a63          	blez	a0,10005734 <__gdtoa+0x1ce>
10005704:	0fffc097          	auipc	ra,0xfffc
10005708:	eb2080e7          	jalr	-334(ra) # 200015b6 <__floatsidf>
1000570c:	100087b7          	lui	a5,0x10008
10005710:	da07a603          	lw	a2,-608(a5) # 10007da0 <__mprec_tens+0xf0>
10005714:	da47a683          	lw	a3,-604(a5)
10005718:	0fffb097          	auipc	ra,0xfffb
1000571c:	48c080e7          	jalr	1164(ra) # 20000ba4 <__muldf3>
10005720:	862a                	mv	a2,a0
10005722:	86ae                	mv	a3,a1
10005724:	8556                	mv	a0,s5
10005726:	85da                	mv	a1,s6
10005728:	0fffb097          	auipc	ra,0xfffb
1000572c:	8d8080e7          	jalr	-1832(ra) # 20000000 <__adddf3>
10005730:	8aaa                	mv	s5,a0
10005732:	8b2e                	mv	s6,a1
10005734:	85da                	mv	a1,s6
10005736:	8556                	mv	a0,s5
10005738:	0fffc097          	auipc	ra,0xfffc
1000573c:	e1e080e7          	jalr	-482(ra) # 20001556 <__fixdfsi>
10005740:	8a5a                	mv	s4,s6
10005742:	85d2                	mv	a1,s4
10005744:	8b2a                	mv	s6,a0
10005746:	4601                	li	a2,0
10005748:	8556                	mv	a0,s5
1000574a:	4681                	li	a3,0
1000574c:	cc5a                	sw	s6,24(sp)
1000574e:	0fffb097          	auipc	ra,0xfffb
10005752:	3a0080e7          	jalr	928(ra) # 20000aee <__ledf2>
10005756:	02055263          	bgez	a0,1000577a <__gdtoa+0x214>
1000575a:	855a                	mv	a0,s6
1000575c:	0fffc097          	auipc	ra,0xfffc
10005760:	e5a080e7          	jalr	-422(ra) # 200015b6 <__floatsidf>
10005764:	8656                	mv	a2,s5
10005766:	86d2                	mv	a3,s4
10005768:	0fffc097          	auipc	ra,0xfffc
1000576c:	fb6080e7          	jalr	-74(ra) # 2000171e <__eqdf2>
10005770:	00a03533          	snez	a0,a0
10005774:	40ab07b3          	sub	a5,s6,a0
10005778:	cc3e                	sw	a5,24(sp)
1000577a:	5712                	lw	a4,36(sp)
1000577c:	014b9793          	slli	a5,s7,0x14
10005780:	00e78a33          	add	s4,a5,a4
10005784:	41748733          	sub	a4,s1,s7
10005788:	fff70693          	addi	a3,a4,-1 # 3fefffff <__StackTop+0x1fe7dfff>
1000578c:	d836                	sw	a3,48(sp)
1000578e:	46e2                	lw	a3,24(sp)
10005790:	47d9                	li	a5,22
10005792:	0cd7ef63          	bltu	a5,a3,10005870 <__gdtoa+0x30a>
10005796:	47e2                	lw	a5,24(sp)
10005798:	10008837          	lui	a6,0x10008
1000579c:	cb080893          	addi	a7,a6,-848 # 10007cb0 <__mprec_tens>
100057a0:	2117e8b3          	sh3add	a7,a5,a7
100057a4:	4606                	lw	a2,64(sp)
100057a6:	0008a503          	lw	a0,0(a7)
100057aa:	0048a583          	lw	a1,4(a7)
100057ae:	86d2                	mv	a3,s4
100057b0:	d23a                	sw	a4,36(sp)
100057b2:	0fffb097          	auipc	ra,0xfffb
100057b6:	286080e7          	jalr	646(ra) # 20000a38 <__gedf2>
100057ba:	5712                	lw	a4,36(sp)
100057bc:	3ca04563          	bgtz	a0,10005b86 <__gdtoa+0x620>
100057c0:	3ae057e3          	blez	a4,1000636e <__gdtoa+0xe08>
100057c4:	57c2                	lw	a5,48(sp)
100057c6:	4762                	lw	a4,24(sp)
100057c8:	c682                	sw	zero,76(sp)
100057ca:	dc02                	sw	zero,56(sp)
100057cc:	97ba                	add	a5,a5,a4
100057ce:	d83e                	sw	a5,48(sp)
100057d0:	c2ba                	sw	a4,68(sp)
100057d2:	de02                	sw	zero,60(sp)
100057d4:	a87d                	j	10005892 <__gdtoa+0x32c>
100057d6:	4791                	li	a5,4
100057d8:	02f31563          	bne	t1,a5,10005802 <__gdtoa+0x29c>
100057dc:	442e                	lw	s0,200(sp)
100057de:	5d0a                	lw	s10,160(sp)
100057e0:	40be                	lw	ra,204(sp)
100057e2:	59fa                	lw	s3,188(sp)
100057e4:	77e1                	lui	a5,0xffff8
100057e6:	8666                	mv	a2,s9
100057e8:	5c9a                	lw	s9,164(sp)
100057ea:	100085b7          	lui	a1,0x10008
100057ee:	00f8a023          	sw	a5,0(a7)
100057f2:	86f2                	mv	a3,t3
100057f4:	90858593          	addi	a1,a1,-1784 # 10007908 <__EH_FRAME_BEGIN__+0x15c>
100057f8:	6169                	addi	sp,sp,208
100057fa:	1900106f          	j	1000698a <__nrv_alloc_D2A>
100057fe:	490e                	lw	s2,192(sp)
10005800:	4dfa                	lw	s11,156(sp)
10005802:	4781                	li	a5,0
10005804:	40be                	lw	ra,204(sp)
10005806:	442e                	lw	s0,200(sp)
10005808:	5d0a                	lw	s10,160(sp)
1000580a:	59fa                	lw	s3,188(sp)
1000580c:	5c9a                	lw	s9,164(sp)
1000580e:	853e                	mv	a0,a5
10005810:	6169                	addi	sp,sp,208
10005812:	8082                	ret
10005814:	85a2                	mv	a1,s0
10005816:	856e                	mv	a0,s11
10005818:	4a0010ef          	jal	10006cb8 <_Bfree>
1000581c:	449e                	lw	s1,196(sp)
1000581e:	490e                	lw	s2,192(sp)
10005820:	47f2                	lw	a5,28(sp)
10005822:	4685                	li	a3,1
10005824:	100085b7          	lui	a1,0x10008
10005828:	8666                	mv	a2,s9
1000582a:	856e                	mv	a0,s11
1000582c:	c394                	sw	a3,0(a5)
1000582e:	83858593          	addi	a1,a1,-1992 # 10007838 <__EH_FRAME_BEGIN__+0x8c>
10005832:	158010ef          	jal	1000698a <__nrv_alloc_D2A>
10005836:	40be                	lw	ra,204(sp)
10005838:	442e                	lw	s0,200(sp)
1000583a:	87aa                	mv	a5,a0
1000583c:	4dfa                	lw	s11,156(sp)
1000583e:	5d0a                	lw	s10,160(sp)
10005840:	59fa                	lw	s3,188(sp)
10005842:	5c9a                	lw	s9,164(sp)
10005844:	853e                	mv	a0,a5
10005846:	6169                	addi	sp,sp,208
10005848:	8082                	ret
1000584a:	8622                	mv	a2,s0
1000584c:	442e                	lw	s0,200(sp)
1000584e:	40be                	lw	ra,204(sp)
10005850:	59fa                	lw	s3,188(sp)
10005852:	5c9a                	lw	s9,164(sp)
10005854:	77e1                	lui	a5,0xffff8
10005856:	100085b7          	lui	a1,0x10008
1000585a:	00f8a023          	sw	a5,0(a7)
1000585e:	8fc58593          	addi	a1,a1,-1796 # 100078fc <__EH_FRAME_BEGIN__+0x150>
10005862:	46a1                	li	a3,8
10005864:	6169                	addi	sp,sp,208
10005866:	1240106f          	j	1000698a <__nrv_alloc_D2A>
1000586a:	00042823          	sw	zero,16(s0)
1000586e:	b3e1                	j	10005636 <__gdtoa+0xd0>
10005870:	4785                	li	a5,1
10005872:	c6be                	sw	a5,76(sp)
10005874:	57c2                	lw	a5,48(sp)
10005876:	dc02                	sw	zero,56(sp)
10005878:	3007c263          	bltz	a5,10005b7c <__gdtoa+0x616>
1000587c:	47e2                	lw	a5,24(sp)
1000587e:	2e07d863          	bgez	a5,10005b6e <__gdtoa+0x608>
10005882:	57e2                	lw	a5,56(sp)
10005884:	4762                	lw	a4,24(sp)
10005886:	c282                	sw	zero,68(sp)
10005888:	8f99                	sub	a5,a5,a4
1000588a:	dc3e                	sw	a5,56(sp)
1000588c:	40e007b3          	neg	a5,a4
10005890:	de3e                	sw	a5,60(sp)
10005892:	4702                	lw	a4,0(sp)
10005894:	47a5                	li	a5,9
10005896:	40e7e463          	bltu	a5,a4,10005c9e <__gdtoa+0x738>
1000589a:	4782                	lw	a5,0(sp)
1000589c:	4715                	li	a4,5
1000589e:	60f75a63          	bge	a4,a5,10005eb2 <__gdtoa+0x94c>
100058a2:	17f1                	addi	a5,a5,-4 # ffff7ffc <__StackTop+0xdff75ffc>
100058a4:	c03e                	sw	a5,0(sp)
100058a6:	4682                	lw	a3,0(sp)
100058a8:	4791                	li	a5,4
100058aa:	42f68d63          	beq	a3,a5,10005ce4 <__gdtoa+0x77e>
100058ae:	22e68ce3          	beq	a3,a4,100062e6 <__gdtoa+0xd80>
100058b2:	4789                	li	a5,2
100058b4:	cc82                	sw	zero,88(sp)
100058b6:	4a81                	li	s5,0
100058b8:	42f68963          	beq	a3,a5,10005cea <__gdtoa+0x784>
100058bc:	478d                	li	a5,3
100058be:	c03e                	sw	a5,0(sp)
100058c0:	47a2                	lw	a5,8(sp)
100058c2:	4762                	lw	a4,24(sp)
100058c4:	97ba                	add	a5,a5,a4
100058c6:	c4be                	sw	a5,72(sp)
100058c8:	0785                	addi	a5,a5,1
100058ca:	d23e                	sw	a5,36(sp)
100058cc:	2cf05263          	blez	a5,10005b90 <__gdtoa+0x62a>
100058d0:	85be                	mv	a1,a5
100058d2:	856e                	mv	a0,s11
100058d4:	c73e                	sw	a5,140(sp)
100058d6:	076010ef          	jal	1000694c <__rv_alloc_D2A>
100058da:	87aa                	mv	a5,a0
100058dc:	5c050263          	beqz	a0,10005ea0 <__gdtoa+0x93a>
100058e0:	5732                	lw	a4,44(sp)
100058e2:	00c72803          	lw	a6,12(a4)
100058e6:	187d                	addi	a6,a6,-1
100058e8:	00080c63          	beqz	a6,10005900 <__gdtoa+0x39a>
100058ec:	00085363          	bgez	a6,100058f2 <__gdtoa+0x38c>
100058f0:	4809                	li	a6,2
100058f2:	1009f993          	andi	s3,s3,256
100058f6:	32098063          	beqz	s3,10005c16 <__gdtoa+0x6b0>
100058fa:	470d                	li	a4,3
100058fc:	41070833          	sub	a6,a4,a6
10005900:	5712                	lw	a4,36(sp)
10005902:	00f73713          	sltiu	a4,a4,15
10005906:	30070863          	beqz	a4,10005c16 <__gdtoa+0x6b0>
1000590a:	300a8663          	beqz	s5,10005c16 <__gdtoa+0x6b0>
1000590e:	4762                	lw	a4,24(sp)
10005910:	00e86733          	or	a4,a6,a4
10005914:	30071163          	bnez	a4,10005c16 <__gdtoa+0x6b0>
10005918:	4706                	lw	a4,64(sp)
1000591a:	46b6                	lw	a3,76(sp)
1000591c:	c702                	sw	zero,140(sp)
1000591e:	ceba                	sw	a4,92(sp)
10005920:	d4d2                	sw	s4,104(sp)
10005922:	c295                	beqz	a3,10005946 <__gdtoa+0x3e0>
10005924:	100086b7          	lui	a3,0x10008
10005928:	db06a603          	lw	a2,-592(a3) # 10007db0 <__mprec_tens+0x100>
1000592c:	db46a683          	lw	a3,-588(a3)
10005930:	853a                	mv	a0,a4
10005932:	85d2                	mv	a1,s4
10005934:	c0be                	sw	a5,64(sp)
10005936:	d0ba                	sw	a4,96(sp)
10005938:	0fffb097          	auipc	ra,0xfffb
1000593c:	1b6080e7          	jalr	438(ra) # 20000aee <__ledf2>
10005940:	4786                	lw	a5,64(sp)
10005942:	3c054fe3          	bltz	a0,10006520 <__gdtoa+0xfba>
10005946:	c0be                	sw	a5,64(sp)
10005948:	47f6                	lw	a5,92(sp)
1000594a:	fcc009b7          	lui	s3,0xfcc00
1000594e:	863e                	mv	a2,a5
10005950:	853e                	mv	a0,a5
10005952:	57a6                	lw	a5,104(sp)
10005954:	86be                	mv	a3,a5
10005956:	85be                	mv	a1,a5
10005958:	0fffa097          	auipc	ra,0xfffa
1000595c:	6a8080e7          	jalr	1704(ra) # 20000000 <__adddf3>
10005960:	10008737          	lui	a4,0x10008
10005964:	dc872603          	lw	a2,-568(a4) # 10007dc8 <__mprec_tens+0x118>
10005968:	dcc72683          	lw	a3,-564(a4)
1000596c:	0fffa097          	auipc	ra,0xfffa
10005970:	694080e7          	jalr	1684(ra) # 20000000 <__adddf3>
10005974:	5712                	lw	a4,36(sp)
10005976:	4786                	lw	a5,64(sp)
10005978:	832a                	mv	t1,a0
1000597a:	99ae                	add	s3,s3,a1
1000597c:	24070463          	beqz	a4,10005bc4 <__gdtoa+0x65e>
10005980:	5712                	lw	a4,36(sp)
10005982:	4af6                	lw	s5,92(sp)
10005984:	5b26                	lw	s6,104(sp)
10005986:	d682                	sw	zero,108(sp)
10005988:	c0ba                	sw	a4,64(sp)
1000598a:	4706                	lw	a4,64(sp)
1000598c:	10008837          	lui	a6,0x10008
10005990:	cb080893          	addi	a7,a6,-848 # 10007cb0 <__mprec_tens>
10005994:	211766b3          	sh3add	a3,a4,a7
10005998:	4766                	lw	a4,88(sp)
1000599a:	ff86a603          	lw	a2,-8(a3)
1000599e:	ffc6a683          	lw	a3,-4(a3)
100059a2:	66070963          	beqz	a4,10006014 <__gdtoa+0xaae>
100059a6:	10008737          	lui	a4,0x10008
100059aa:	dd872503          	lw	a0,-552(a4) # 10007dd8 <__mprec_tens+0x128>
100059ae:	ddc72583          	lw	a1,-548(a4)
100059b2:	d09a                	sw	t1,96(sp)
100059b4:	c8be                	sw	a5,80(sp)
100059b6:	dac6                	sw	a7,116(sp)
100059b8:	d8ce                	sw	s3,112(sp)
100059ba:	00178993          	addi	s3,a5,1
100059be:	0fffb097          	auipc	ra,0xfffb
100059c2:	bc0080e7          	jalr	-1088(ra) # 2000057e <__divdf3>
100059c6:	5606                	lw	a2,96(sp)
100059c8:	56c6                	lw	a3,112(sp)
100059ca:	8bd6                	mv	s7,s5
100059cc:	8a5a                	mv	s4,s6
100059ce:	0fffb097          	auipc	ra,0xfffb
100059d2:	5f6080e7          	jalr	1526(ra) # 20000fc4 <__subdf3>
100059d6:	862a                	mv	a2,a0
100059d8:	86ae                	mv	a3,a1
100059da:	8556                	mv	a0,s5
100059dc:	85da                	mv	a1,s6
100059de:	8ab6                	mv	s5,a3
100059e0:	8b32                	mv	s6,a2
100059e2:	0fffc097          	auipc	ra,0xfffc
100059e6:	b74080e7          	jalr	-1164(ra) # 20001556 <__fixdfsi>
100059ea:	8c2a                	mv	s8,a0
100059ec:	0fffc097          	auipc	ra,0xfffc
100059f0:	bca080e7          	jalr	-1078(ra) # 200015b6 <__floatsidf>
100059f4:	862a                	mv	a2,a0
100059f6:	86ae                	mv	a3,a1
100059f8:	855e                	mv	a0,s7
100059fa:	85d2                	mv	a1,s4
100059fc:	0fffb097          	auipc	ra,0xfffb
10005a00:	5c8080e7          	jalr	1480(ra) # 20000fc4 <__subdf3>
10005a04:	47c6                	lw	a5,80(sp)
10005a06:	030c0713          	addi	a4,s8,48
10005a0a:	862a                	mv	a2,a0
10005a0c:	86ae                	mv	a3,a1
10005a0e:	00e78023          	sb	a4,0(a5)
10005a12:	8a2a                	mv	s4,a0
10005a14:	8bae                	mv	s7,a1
10005a16:	855a                	mv	a0,s6
10005a18:	85d6                	mv	a1,s5
10005a1a:	0fffb097          	auipc	ra,0xfffb
10005a1e:	01e080e7          	jalr	30(ra) # 20000a38 <__gedf2>
10005a22:	47c6                	lw	a5,80(sp)
10005a24:	4ea04be3          	bgtz	a0,1000671a <__gdtoa+0x11b4>
10005a28:	100086b7          	lui	a3,0x10008
10005a2c:	db46a703          	lw	a4,-588(a3) # 10007db4 <__mprec_tens+0x104>
10005a30:	db06a683          	lw	a3,-592(a3)
10005a34:	10008637          	lui	a2,0x10008
10005a38:	d2ba                	sw	a4,100(sp)
10005a3a:	d0b6                	sw	a3,96(sp)
10005a3c:	dbc62703          	lw	a4,-580(a2) # 10007dbc <__mprec_tens+0x10c>
10005a40:	db862683          	lw	a3,-584(a2)
10005a44:	8c22                	mv	s8,s0
10005a46:	dcca                	sw	s2,120(sp)
10005a48:	dea6                	sw	s1,124(sp)
10005a4a:	c8b6                	sw	a3,80(sp)
10005a4c:	caba                	sw	a4,84(sp)
10005a4e:	d8be                	sw	a5,112(sp)
10005a50:	8452                	mv	s0,s4
10005a52:	84da                	mv	s1,s6
10005a54:	8956                	mv	s2,s5
10005a56:	a0bd                	j	10005ac4 <__gdtoa+0x55e>
10005a58:	47ba                	lw	a5,140(sp)
10005a5a:	4706                	lw	a4,64(sp)
10005a5c:	0785                	addi	a5,a5,1
10005a5e:	c73e                	sw	a5,140(sp)
10005a60:	54e7d7e3          	bge	a5,a4,100067ae <__gdtoa+0x1248>
10005a64:	0fffb097          	auipc	ra,0xfffb
10005a68:	140080e7          	jalr	320(ra) # 20000ba4 <__muldf3>
10005a6c:	4646                	lw	a2,80(sp)
10005a6e:	46d6                	lw	a3,84(sp)
10005a70:	84aa                	mv	s1,a0
10005a72:	892e                	mv	s2,a1
10005a74:	8522                	mv	a0,s0
10005a76:	85de                	mv	a1,s7
10005a78:	0fffb097          	auipc	ra,0xfffb
10005a7c:	12c080e7          	jalr	300(ra) # 20000ba4 <__muldf3>
10005a80:	8aae                	mv	s5,a1
10005a82:	8a2a                	mv	s4,a0
10005a84:	0fffc097          	auipc	ra,0xfffc
10005a88:	ad2080e7          	jalr	-1326(ra) # 20001556 <__fixdfsi>
10005a8c:	842a                	mv	s0,a0
10005a8e:	0fffc097          	auipc	ra,0xfffc
10005a92:	b28080e7          	jalr	-1240(ra) # 200015b6 <__floatsidf>
10005a96:	862a                	mv	a2,a0
10005a98:	86ae                	mv	a3,a1
10005a9a:	8552                	mv	a0,s4
10005a9c:	85d6                	mv	a1,s5
10005a9e:	0fffb097          	auipc	ra,0xfffb
10005aa2:	526080e7          	jalr	1318(ra) # 20000fc4 <__subdf3>
10005aa6:	03040793          	addi	a5,s0,48
10005aaa:	8626                	mv	a2,s1
10005aac:	86ca                	mv	a3,s2
10005aae:	00f98023          	sb	a5,0(s3) # fcc00000 <__StackTop+0xdcb7e000>
10005ab2:	0985                	addi	s3,s3,1
10005ab4:	842a                	mv	s0,a0
10005ab6:	8bae                	mv	s7,a1
10005ab8:	0fffb097          	auipc	ra,0xfffb
10005abc:	036080e7          	jalr	54(ra) # 20000aee <__ledf2>
10005ac0:	44054ae3          	bltz	a0,10006714 <__gdtoa+0x11ae>
10005ac4:	5506                	lw	a0,96(sp)
10005ac6:	5596                	lw	a1,100(sp)
10005ac8:	8622                	mv	a2,s0
10005aca:	86de                	mv	a3,s7
10005acc:	0fffb097          	auipc	ra,0xfffb
10005ad0:	4f8080e7          	jalr	1272(ra) # 20000fc4 <__subdf3>
10005ad4:	8626                	mv	a2,s1
10005ad6:	86ca                	mv	a3,s2
10005ad8:	0fffb097          	auipc	ra,0xfffb
10005adc:	016080e7          	jalr	22(ra) # 20000aee <__ledf2>
10005ae0:	87aa                	mv	a5,a0
10005ae2:	4646                	lw	a2,80(sp)
10005ae4:	46d6                	lw	a3,84(sp)
10005ae6:	8526                	mv	a0,s1
10005ae8:	85ca                	mv	a1,s2
10005aea:	f607d7e3          	bgez	a5,10005a58 <__gdtoa+0x4f2>
10005aee:	57c6                	lw	a5,112(sp)
10005af0:	fff9c903          	lbu	s2,-1(s3)
10005af4:	8462                	mv	s0,s8
10005af6:	03900613          	li	a2,57
10005afa:	a031                	j	10005b06 <__gdtoa+0x5a0>
10005afc:	2ed783e3          	beq	a5,a3,100065e2 <__gdtoa+0x107c>
10005b00:	fff6c903          	lbu	s2,-1(a3)
10005b04:	89b6                	mv	s3,a3
10005b06:	fff98693          	addi	a3,s3,-1
10005b0a:	fec909e3          	beq	s2,a2,10005afc <__gdtoa+0x596>
10005b0e:	0905                	addi	s2,s2,1
10005b10:	5736                	lw	a4,108(sp)
10005b12:	01268023          	sb	s2,0(a3)
10005b16:	02000d13          	li	s10,32
10005b1a:	00170c13          	addi	s8,a4,1
10005b1e:	85a2                	mv	a1,s0
10005b20:	856e                	mv	a0,s11
10005b22:	c03e                	sw	a5,0(sp)
10005b24:	194010ef          	jal	10006cb8 <_Bfree>
10005b28:	47f2                	lw	a5,28(sp)
10005b2a:	00098023          	sb	zero,0(s3)
10005b2e:	0187a023          	sw	s8,0(a5)
10005b32:	4782                	lw	a5,0(sp)
10005b34:	000c8463          	beqz	s9,10005b3c <__gdtoa+0x5d6>
10005b38:	013ca023          	sw	s3,0(s9)
10005b3c:	5722                	lw	a4,40(sp)
10005b3e:	56a2                	lw	a3,40(sp)
10005b40:	449e                	lw	s1,196(sp)
10005b42:	4318                	lw	a4,0(a4)
10005b44:	490e                	lw	s2,192(sp)
10005b46:	5a6a                	lw	s4,184(sp)
10005b48:	01a76733          	or	a4,a4,s10
10005b4c:	5ada                	lw	s5,180(sp)
10005b4e:	5b4a                	lw	s6,176(sp)
10005b50:	5bba                	lw	s7,172(sp)
10005b52:	5c2a                	lw	s8,168(sp)
10005b54:	4dfa                	lw	s11,156(sp)
10005b56:	c298                	sw	a4,0(a3)
10005b58:	b175                	j	10005804 <__gdtoa+0x29e>
10005b5a:	85aa                	mv	a1,a0
10005b5c:	8522                	mv	a0,s0
10005b5e:	7d9000ef          	jal	10006b36 <__rshift_D2A>
10005b62:	47ba                	lw	a5,140(sp)
10005b64:	5702                	lw	a4,32(sp)
10005b66:	8c9d                	sub	s1,s1,a5
10005b68:	97ba                	add	a5,a5,a4
10005b6a:	da3e                	sw	a5,52(sp)
10005b6c:	bce9                	j	10005646 <__gdtoa+0xe0>
10005b6e:	57c2                	lw	a5,48(sp)
10005b70:	4762                	lw	a4,24(sp)
10005b72:	de02                	sw	zero,60(sp)
10005b74:	97ba                	add	a5,a5,a4
10005b76:	d83e                	sw	a5,48(sp)
10005b78:	c2ba                	sw	a4,68(sp)
10005b7a:	bb21                	j	10005892 <__gdtoa+0x32c>
10005b7c:	4785                	li	a5,1
10005b7e:	8f99                	sub	a5,a5,a4
10005b80:	dc3e                	sw	a5,56(sp)
10005b82:	d802                	sw	zero,48(sp)
10005b84:	b9e5                	j	1000587c <__gdtoa+0x316>
10005b86:	47e2                	lw	a5,24(sp)
10005b88:	c682                	sw	zero,76(sp)
10005b8a:	17fd                	addi	a5,a5,-1
10005b8c:	cc3e                	sw	a5,24(sp)
10005b8e:	b1dd                	j	10005874 <__gdtoa+0x30e>
10005b90:	4785                	li	a5,1
10005b92:	bb3d                	j	100058d0 <__gdtoa+0x36a>
10005b94:	863a                	mv	a2,a4
10005b96:	853a                	mv	a0,a4
10005b98:	86d2                	mv	a3,s4
10005b9a:	85d2                	mv	a1,s4
10005b9c:	c0be                	sw	a5,64(sp)
10005b9e:	0fffa097          	auipc	ra,0xfffa
10005ba2:	462080e7          	jalr	1122(ra) # 20000000 <__adddf3>
10005ba6:	10008737          	lui	a4,0x10008
10005baa:	dc872603          	lw	a2,-568(a4) # 10007dc8 <__mprec_tens+0x118>
10005bae:	dcc72683          	lw	a3,-564(a4)
10005bb2:	fcc009b7          	lui	s3,0xfcc00
10005bb6:	0fffa097          	auipc	ra,0xfffa
10005bba:	44a080e7          	jalr	1098(ra) # 20000000 <__adddf3>
10005bbe:	4786                	lw	a5,64(sp)
10005bc0:	832a                	mv	t1,a0
10005bc2:	99ae                	add	s3,s3,a1
10005bc4:	100086b7          	lui	a3,0x10008
10005bc8:	dd06a603          	lw	a2,-560(a3) # 10007dd0 <__mprec_tens+0x120>
10005bcc:	4576                	lw	a0,92(sp)
10005bce:	dd46a683          	lw	a3,-556(a3)
10005bd2:	55a6                	lw	a1,104(sp)
10005bd4:	c0be                	sw	a5,64(sp)
10005bd6:	c89a                	sw	t1,80(sp)
10005bd8:	0fffb097          	auipc	ra,0xfffb
10005bdc:	3ec080e7          	jalr	1004(ra) # 20000fc4 <__subdf3>
10005be0:	4646                	lw	a2,80(sp)
10005be2:	86ce                	mv	a3,s3
10005be4:	8a2a                	mv	s4,a0
10005be6:	8aae                	mv	s5,a1
10005be8:	0fffb097          	auipc	ra,0xfffb
10005bec:	e50080e7          	jalr	-432(ra) # 20000a38 <__gedf2>
10005bf0:	4786                	lw	a5,64(sp)
10005bf2:	1ea04fe3          	bgtz	a0,100065f0 <__gdtoa+0x108a>
10005bf6:	4646                	lw	a2,80(sp)
10005bf8:	69f99693          	binvi	a3,s3,0x1f
10005bfc:	8552                	mv	a0,s4
10005bfe:	85d6                	mv	a1,s5
10005c00:	0fffb097          	auipc	ra,0xfffb
10005c04:	eee080e7          	jalr	-274(ra) # 20000aee <__ledf2>
10005c08:	4786                	lw	a5,64(sp)
10005c0a:	68054c63          	bltz	a0,100062a2 <__gdtoa+0xd3c>
10005c0e:	4776                	lw	a4,92(sp)
10005c10:	5a26                	lw	s4,104(sp)
10005c12:	4801                	li	a6,0
10005c14:	c8ba                	sw	a4,80(sp)
10005c16:	5752                	lw	a4,52(sp)
10005c18:	0e074263          	bltz	a4,10005cfc <__gdtoa+0x796>
10005c1c:	4762                	lw	a4,24(sp)
10005c1e:	00f72713          	slti	a4,a4,15
10005c22:	cf69                	beqz	a4,10005cfc <__gdtoa+0x796>
10005c24:	100088b7          	lui	a7,0x10008
10005c28:	cb088893          	addi	a7,a7,-848 # 10007cb0 <__mprec_tens>
10005c2c:	4762                	lw	a4,24(sp)
10005c2e:	211768b3          	sh3add	a7,a4,a7
10005c32:	0048a703          	lw	a4,4(a7)
10005c36:	0008a683          	lw	a3,0(a7)
10005c3a:	c23a                	sw	a4,4(sp)
10005c3c:	4722                	lw	a4,8(sp)
10005c3e:	c036                	sw	a3,0(sp)
10005c40:	2a075363          	bgez	a4,10005ee6 <__gdtoa+0x980>
10005c44:	5712                	lw	a4,36(sp)
10005c46:	2ae04063          	bgtz	a4,10005ee6 <__gdtoa+0x980>
10005c4a:	64071c63          	bnez	a4,100062a2 <__gdtoa+0xd3c>
10005c4e:	10008737          	lui	a4,0x10008
10005c52:	dd072603          	lw	a2,-560(a4) # 10007dd0 <__mprec_tens+0x120>
10005c56:	dd472683          	lw	a3,-556(a4)
10005c5a:	4502                	lw	a0,0(sp)
10005c5c:	4592                	lw	a1,4(sp)
10005c5e:	ca3e                	sw	a5,20(sp)
10005c60:	0fffb097          	auipc	ra,0xfffb
10005c64:	f44080e7          	jalr	-188(ra) # 20000ba4 <__muldf3>
10005c68:	4646                	lw	a2,80(sp)
10005c6a:	86d2                	mv	a3,s4
10005c6c:	0fffb097          	auipc	ra,0xfffb
10005c70:	dcc080e7          	jalr	-564(ra) # 20000a38 <__gedf2>
10005c74:	47d2                	lw	a5,20(sp)
10005c76:	62055663          	bgez	a0,100062a2 <__gdtoa+0xd3c>
10005c7a:	03100713          	li	a4,49
10005c7e:	00e78023          	sb	a4,0(a5)
10005c82:	4581                	li	a1,0
10005c84:	856e                	mv	a0,s11
10005c86:	00178993          	addi	s3,a5,1
10005c8a:	c03e                	sw	a5,0(sp)
10005c8c:	02c010ef          	jal	10006cb8 <_Bfree>
10005c90:	47e2                	lw	a5,24(sp)
10005c92:	02000d13          	li	s10,32
10005c96:	00278c13          	addi	s8,a5,2
10005c9a:	4782                	lw	a5,0(sp)
10005c9c:	b549                	j	10005b1e <__gdtoa+0x5b8>
10005c9e:	3fdc0793          	addi	a5,s8,1021
10005ca2:	7f87ba93          	sltiu	s5,a5,2040
10005ca6:	c002                	sw	zero,0(sp)
10005ca8:	854a                	mv	a0,s2
10005caa:	0fffc097          	auipc	ra,0xfffc
10005cae:	90c080e7          	jalr	-1780(ra) # 200015b6 <__floatsidf>
10005cb2:	100087b7          	lui	a5,0x10008
10005cb6:	da87a603          	lw	a2,-600(a5) # 10007da8 <__mprec_tens+0xf8>
10005cba:	dac7a683          	lw	a3,-596(a5)
10005cbe:	0fffb097          	auipc	ra,0xfffb
10005cc2:	ee6080e7          	jalr	-282(ra) # 20000ba4 <__muldf3>
10005cc6:	0fffc097          	auipc	ra,0xfffc
10005cca:	890080e7          	jalr	-1904(ra) # 20001556 <__fixdfsi>
10005cce:	577d                	li	a4,-1
10005cd0:	57fd                	li	a5,-1
10005cd2:	00350593          	addi	a1,a0,3
10005cd6:	d23a                	sw	a4,36(sp)
10005cd8:	4705                	li	a4,1
10005cda:	c4be                	sw	a5,72(sp)
10005cdc:	c402                	sw	zero,8(sp)
10005cde:	87ae                	mv	a5,a1
10005ce0:	ccba                	sw	a4,88(sp)
10005ce2:	bec5                	j	100058d2 <__gdtoa+0x36c>
10005ce4:	4785                	li	a5,1
10005ce6:	4a81                	li	s5,0
10005ce8:	ccbe                	sw	a5,88(sp)
10005cea:	47a2                	lw	a5,8(sp)
10005cec:	4585                	li	a1,1
10005cee:	0ab7e5b3          	max	a1,a5,a1
10005cf2:	87ae                	mv	a5,a1
10005cf4:	c4ae                	sw	a1,72(sp)
10005cf6:	d22e                	sw	a1,36(sp)
10005cf8:	c42e                	sw	a1,8(sp)
10005cfa:	bee1                	j	100058d2 <__gdtoa+0x36c>
10005cfc:	4766                	lw	a4,88(sp)
10005cfe:	42070263          	beqz	a4,10006122 <__gdtoa+0xbbc>
10005d02:	5732                	lw	a4,44(sp)
10005d04:	5652                	lw	a2,52(sp)
10005d06:	40990933          	sub	s2,s2,s1
10005d0a:	4358                	lw	a4,4(a4)
10005d0c:	00190693          	addi	a3,s2,1
10005d10:	c736                	sw	a3,140(sp)
10005d12:	41260933          	sub	s2,a2,s2
10005d16:	68e95963          	bge	s2,a4,100063a8 <__gdtoa+0xe42>
10005d1a:	4682                	lw	a3,0(sp)
10005d1c:	16f5                	addi	a3,a3,-3
10005d1e:	9af5                	andi	a3,a3,-3
10005d20:	5c068a63          	beqz	a3,100062f4 <__gdtoa+0xd8e>
10005d24:	4682                	lw	a3,0(sp)
10005d26:	40e60733          	sub	a4,a2,a4
10005d2a:	5612                	lw	a2,36(sp)
10005d2c:	0026a693          	slti	a3,a3,2
10005d30:	0705                	addi	a4,a4,1
10005d32:	0016b693          	seqz	a3,a3
10005d36:	00c02633          	sgtz	a2,a2
10005d3a:	c73a                	sw	a4,140(sp)
10005d3c:	8ef1                	and	a3,a3,a2
10005d3e:	c681                	beqz	a3,10005d46 <__gdtoa+0x7e0>
10005d40:	5692                	lw	a3,36(sp)
10005d42:	32e6c7e3          	blt	a3,a4,10006870 <__gdtoa+0x130a>
10005d46:	56c2                	lw	a3,48(sp)
10005d48:	5a72                	lw	s4,60(sp)
10005d4a:	96ba                	add	a3,a3,a4
10005d4c:	d836                	sw	a3,48(sp)
10005d4e:	56e2                	lw	a3,56(sp)
10005d50:	00d709b3          	add	s3,a4,a3
10005d54:	4585                	li	a1,1
10005d56:	856e                	mv	a0,s11
10005d58:	c0be                	sw	a5,64(sp)
10005d5a:	da42                	sw	a6,52(sp)
10005d5c:	158010ef          	jal	10006eb4 <__i2b>
10005d60:	892a                	mv	s2,a0
10005d62:	12050f63          	beqz	a0,10005ea0 <__gdtoa+0x93a>
10005d66:	5762                	lw	a4,56(sp)
10005d68:	5852                	lw	a6,52(sp)
10005d6a:	4786                	lw	a5,64(sp)
10005d6c:	c315                	beqz	a4,10005d90 <__gdtoa+0x82a>
10005d6e:	5742                	lw	a4,48(sp)
10005d70:	02e05063          	blez	a4,10005d90 <__gdtoa+0x82a>
10005d74:	56c2                	lw	a3,48(sp)
10005d76:	5762                	lw	a4,56(sp)
10005d78:	0ad74733          	min	a4,a4,a3
10005d7c:	56e2                	lw	a3,56(sp)
10005d7e:	c73a                	sw	a4,140(sp)
10005d80:	40e989b3          	sub	s3,s3,a4
10005d84:	8e99                	sub	a3,a3,a4
10005d86:	dc36                	sw	a3,56(sp)
10005d88:	56c2                	lw	a3,48(sp)
10005d8a:	40e68733          	sub	a4,a3,a4
10005d8e:	d83a                	sw	a4,48(sp)
10005d90:	5772                	lw	a4,60(sp)
10005d92:	cf19                	beqz	a4,10005db0 <__gdtoa+0x84a>
10005d94:	740a1463          	bnez	s4,100064dc <__gdtoa+0xf76>
10005d98:	5672                	lw	a2,60(sp)
10005d9a:	85a2                	mv	a1,s0
10005d9c:	856e                	mv	a0,s11
10005d9e:	c0be                	sw	a5,64(sp)
10005da0:	da42                	sw	a6,52(sp)
10005da2:	322010ef          	jal	100070c4 <__pow5mult>
10005da6:	5852                	lw	a6,52(sp)
10005da8:	4786                	lw	a5,64(sp)
10005daa:	842a                	mv	s0,a0
10005dac:	0e050a63          	beqz	a0,10005ea0 <__gdtoa+0x93a>
10005db0:	4585                	li	a1,1
10005db2:	856e                	mv	a0,s11
10005db4:	de3e                	sw	a5,60(sp)
10005db6:	da42                	sw	a6,52(sp)
10005db8:	0fc010ef          	jal	10006eb4 <__i2b>
10005dbc:	832a                	mv	t1,a0
10005dbe:	c16d                	beqz	a0,10005ea0 <__gdtoa+0x93a>
10005dc0:	4716                	lw	a4,68(sp)
10005dc2:	5852                	lw	a6,52(sp)
10005dc4:	57f2                	lw	a5,60(sp)
10005dc6:	54071863          	bnez	a4,10006316 <__gdtoa+0xdb0>
10005dca:	4702                	lw	a4,0(sp)
10005dcc:	00272713          	slti	a4,a4,2
10005dd0:	c319                	beqz	a4,10005dd6 <__gdtoa+0x870>
10005dd2:	14fd                	addi	s1,s1,-1
10005dd4:	ccd9                	beqz	s1,10005e72 <__gdtoa+0x90c>
10005dd6:	457d                	li	a0,31
10005dd8:	5742                	lw	a4,48(sp)
10005dda:	40e504b3          	sub	s1,a0,a4
10005dde:	14f1                	addi	s1,s1,-4
10005de0:	88fd                	andi	s1,s1,31
10005de2:	c726                	sw	s1,140(sp)
10005de4:	01348633          	add	a2,s1,s3
10005de8:	8726                	mv	a4,s1
10005dea:	4cc04f63          	bgtz	a2,100062c8 <__gdtoa+0xd62>
10005dee:	56c2                	lw	a3,48(sp)
10005df0:	00e68633          	add	a2,a3,a4
10005df4:	08c04c63          	bgtz	a2,10005e8c <__gdtoa+0x926>
10005df8:	4736                	lw	a4,76(sp)
10005dfa:	5c071363          	bnez	a4,100063c0 <__gdtoa+0xe5a>
10005dfe:	5712                	lw	a4,36(sp)
10005e00:	34e04963          	bgtz	a4,10006152 <__gdtoa+0xbec>
10005e04:	4702                	lw	a4,0(sp)
10005e06:	00372713          	slti	a4,a4,3
10005e0a:	34071463          	bnez	a4,10006152 <__gdtoa+0xbec>
10005e0e:	859a                	mv	a1,t1
10005e10:	4681                	li	a3,0
10005e12:	4615                	li	a2,5
10005e14:	856e                	mv	a0,s11
10005e16:	c03e                	sw	a5,0(sp)
10005e18:	6b3000ef          	jal	10006cca <__multadd>
10005e1c:	85aa                	mv	a1,a0
10005e1e:	c149                	beqz	a0,10005ea0 <__gdtoa+0x93a>
10005e20:	5712                	lw	a4,36(sp)
10005e22:	4782                	lw	a5,0(sp)
10005e24:	66071c63          	bnez	a4,1000649c <__gdtoa+0xf36>
10005e28:	c02a                	sw	a0,0(sp)
10005e2a:	8522                	mv	a0,s0
10005e2c:	ca3e                	sw	a5,20(sp)
10005e2e:	484010ef          	jal	100072b2 <__mcmp>
10005e32:	4582                	lw	a1,0(sp)
10005e34:	47d2                	lw	a5,20(sp)
10005e36:	66a05363          	blez	a0,1000649c <__gdtoa+0xf36>
10005e3a:	03100713          	li	a4,49
10005e3e:	00e78023          	sb	a4,0(a5)
10005e42:	4762                	lw	a4,24(sp)
10005e44:	00178993          	addi	s3,a5,1
10005e48:	02000d13          	li	s10,32
10005e4c:	0705                	addi	a4,a4,1
10005e4e:	cc3a                	sw	a4,24(sp)
10005e50:	856e                	mv	a0,s11
10005e52:	c03e                	sw	a5,0(sp)
10005e54:	665000ef          	jal	10006cb8 <_Bfree>
10005e58:	4782                	lw	a5,0(sp)
10005e5a:	2c0905e3          	beqz	s2,10006924 <__gdtoa+0x13be>
10005e5e:	85ca                	mv	a1,s2
10005e60:	856e                	mv	a0,s11
10005e62:	c03e                	sw	a5,0(sp)
10005e64:	655000ef          	jal	10006cb8 <_Bfree>
10005e68:	47e2                	lw	a5,24(sp)
10005e6a:	00178c13          	addi	s8,a5,1
10005e6e:	4782                	lw	a5,0(sp)
10005e70:	b17d                	j	10005b1e <__gdtoa+0x5b8>
10005e72:	5732                	lw	a4,44(sp)
10005e74:	5682                	lw	a3,32(sp)
10005e76:	4358                	lw	a4,4(a4)
10005e78:	0705                	addi	a4,a4,1
10005e7a:	f4d75ee3          	bge	a4,a3,10005dd6 <__gdtoa+0x870>
10005e7e:	5742                	lw	a4,48(sp)
10005e80:	0985                	addi	s3,s3,1 # fcc00001 <__StackTop+0xdcb7e001>
10005e82:	0705                	addi	a4,a4,1
10005e84:	d83a                	sw	a4,48(sp)
10005e86:	4705                	li	a4,1
10005e88:	c2ba                	sw	a4,68(sp)
10005e8a:	b7b1                	j	10005dd6 <__gdtoa+0x870>
10005e8c:	859a                	mv	a1,t1
10005e8e:	856e                	mv	a0,s11
10005e90:	d63e                	sw	a5,44(sp)
10005e92:	d042                	sw	a6,32(sp)
10005e94:	314010ef          	jal	100071a8 <__lshift>
10005e98:	5802                	lw	a6,32(sp)
10005e9a:	57b2                	lw	a5,44(sp)
10005e9c:	832a                	mv	t1,a0
10005e9e:	fd29                	bnez	a0,10005df8 <__gdtoa+0x892>
10005ea0:	449e                	lw	s1,196(sp)
10005ea2:	490e                	lw	s2,192(sp)
10005ea4:	5a6a                	lw	s4,184(sp)
10005ea6:	5ada                	lw	s5,180(sp)
10005ea8:	5b4a                	lw	s6,176(sp)
10005eaa:	5bba                	lw	s7,172(sp)
10005eac:	5c2a                	lw	s8,168(sp)
10005eae:	4dfa                	lw	s11,156(sp)
10005eb0:	ba89                	j	10005802 <__gdtoa+0x29c>
10005eb2:	3fdc0793          	addi	a5,s8,1021
10005eb6:	7f87ba93          	sltiu	s5,a5,2040
10005eba:	4782                	lw	a5,0(sp)
10005ebc:	4691                	li	a3,4
10005ebe:	5ed78963          	beq	a5,a3,100064b0 <__gdtoa+0xf4a>
10005ec2:	42e78363          	beq	a5,a4,100062e8 <__gdtoa+0xd82>
10005ec6:	4702                	lw	a4,0(sp)
10005ec8:	4789                	li	a5,2
10005eca:	5ef70063          	beq	a4,a5,100064aa <__gdtoa+0xf44>
10005ece:	478d                	li	a5,3
10005ed0:	cc82                	sw	zero,88(sp)
10005ed2:	9ef707e3          	beq	a4,a5,100058c0 <__gdtoa+0x35a>
10005ed6:	bbc9                	j	10005ca8 <__gdtoa+0x742>
10005ed8:	cb082683          	lw	a3,-848(a6)
10005edc:	cb482703          	lw	a4,-844(a6)
10005ee0:	4801                	li	a6,0
10005ee2:	c036                	sw	a3,0(sp)
10005ee4:	c23a                	sw	a4,4(sp)
10005ee6:	4946                	lw	s2,80(sp)
10005ee8:	89d2                	mv	s3,s4
10005eea:	4a92                	lw	s5,4(sp)
10005eec:	85d2                	mv	a1,s4
10005eee:	4a02                	lw	s4,0(sp)
10005ef0:	4705                	li	a4,1
10005ef2:	86d6                	mv	a3,s5
10005ef4:	8652                	mv	a2,s4
10005ef6:	854a                	mv	a0,s2
10005ef8:	c43e                	sw	a5,8(sp)
10005efa:	ca42                	sw	a6,20(sp)
10005efc:	c73a                	sw	a4,140(sp)
10005efe:	0fffa097          	auipc	ra,0xfffa
10005f02:	680080e7          	jalr	1664(ra) # 2000057e <__divdf3>
10005f06:	0fffb097          	auipc	ra,0xfffb
10005f0a:	650080e7          	jalr	1616(ra) # 20001556 <__fixdfsi>
10005f0e:	84aa                	mv	s1,a0
10005f10:	0fffb097          	auipc	ra,0xfffb
10005f14:	6a6080e7          	jalr	1702(ra) # 200015b6 <__floatsidf>
10005f18:	8652                	mv	a2,s4
10005f1a:	86d6                	mv	a3,s5
10005f1c:	0fffb097          	auipc	ra,0xfffb
10005f20:	c88080e7          	jalr	-888(ra) # 20000ba4 <__muldf3>
10005f24:	862a                	mv	a2,a0
10005f26:	86ae                	mv	a3,a1
10005f28:	854a                	mv	a0,s2
10005f2a:	85ce                	mv	a1,s3
10005f2c:	0fffb097          	auipc	ra,0xfffb
10005f30:	098080e7          	jalr	152(ra) # 20000fc4 <__subdf3>
10005f34:	47a2                	lw	a5,8(sp)
10005f36:	03048713          	addi	a4,s1,48
10005f3a:	4601                	li	a2,0
10005f3c:	00e78023          	sb	a4,0(a5)
10005f40:	00178993          	addi	s3,a5,1
10005f44:	47e2                	lw	a5,24(sp)
10005f46:	4681                	li	a3,0
10005f48:	8a2a                	mv	s4,a0
10005f4a:	00178c13          	addi	s8,a5,1
10005f4e:	892e                	mv	s2,a1
10005f50:	0fffb097          	auipc	ra,0xfffb
10005f54:	7ce080e7          	jalr	1998(ra) # 2000171e <__eqdf2>
10005f58:	47a2                	lw	a5,8(sp)
10005f5a:	bc0502e3          	beqz	a0,10005b1e <__gdtoa+0x5b8>
10005f5e:	100086b7          	lui	a3,0x10008
10005f62:	dbc6a703          	lw	a4,-580(a3) # 10007dbc <__mprec_tens+0x10c>
10005f66:	4852                	lw	a6,20(sp)
10005f68:	db86a683          	lw	a3,-584(a3)
10005f6c:	ca22                	sw	s0,20(sp)
10005f6e:	c63a                	sw	a4,12(sp)
10005f70:	c436                	sw	a3,8(sp)
10005f72:	d642                	sw	a6,44(sp)
10005f74:	d03e                	sw	a5,32(sp)
10005f76:	8452                	mv	s0,s4
10005f78:	a0b5                	j	10005fe4 <__gdtoa+0xa7e>
10005f7a:	c742                	sw	a6,140(sp)
10005f7c:	0fffb097          	auipc	ra,0xfffb
10005f80:	c28080e7          	jalr	-984(ra) # 20000ba4 <__muldf3>
10005f84:	4a02                	lw	s4,0(sp)
10005f86:	4a92                	lw	s5,4(sp)
10005f88:	8b2a                	mv	s6,a0
10005f8a:	8652                	mv	a2,s4
10005f8c:	86d6                	mv	a3,s5
10005f8e:	8bae                	mv	s7,a1
10005f90:	0fffa097          	auipc	ra,0xfffa
10005f94:	5ee080e7          	jalr	1518(ra) # 2000057e <__divdf3>
10005f98:	0fffb097          	auipc	ra,0xfffb
10005f9c:	5be080e7          	jalr	1470(ra) # 20001556 <__fixdfsi>
10005fa0:	84aa                	mv	s1,a0
10005fa2:	0fffb097          	auipc	ra,0xfffb
10005fa6:	614080e7          	jalr	1556(ra) # 200015b6 <__floatsidf>
10005faa:	8652                	mv	a2,s4
10005fac:	86d6                	mv	a3,s5
10005fae:	0fffb097          	auipc	ra,0xfffb
10005fb2:	bf6080e7          	jalr	-1034(ra) # 20000ba4 <__muldf3>
10005fb6:	862a                	mv	a2,a0
10005fb8:	86ae                	mv	a3,a1
10005fba:	855a                	mv	a0,s6
10005fbc:	85de                	mv	a1,s7
10005fbe:	0fffb097          	auipc	ra,0xfffb
10005fc2:	006080e7          	jalr	6(ra) # 20000fc4 <__subdf3>
10005fc6:	0985                	addi	s3,s3,1
10005fc8:	03048793          	addi	a5,s1,48
10005fcc:	fef98fa3          	sb	a5,-1(s3)
10005fd0:	4601                	li	a2,0
10005fd2:	4681                	li	a3,0
10005fd4:	842a                	mv	s0,a0
10005fd6:	892e                	mv	s2,a1
10005fd8:	0fffb097          	auipc	ra,0xfffb
10005fdc:	746080e7          	jalr	1862(ra) # 2000171e <__eqdf2>
10005fe0:	4a050a63          	beqz	a0,10006494 <__gdtoa+0xf2e>
10005fe4:	473a                	lw	a4,140(sp)
10005fe6:	5792                	lw	a5,36(sp)
10005fe8:	4622                	lw	a2,8(sp)
10005fea:	46b2                	lw	a3,12(sp)
10005fec:	8522                	mv	a0,s0
10005fee:	85ca                	mv	a1,s2
10005ff0:	00170813          	addi	a6,a4,1
10005ff4:	f8f713e3          	bne	a4,a5,10005f7a <__gdtoa+0xa14>
10005ff8:	5832                	lw	a6,44(sp)
10005ffa:	5782                	lw	a5,32(sp)
10005ffc:	4452                	lw	s0,20(sp)
10005ffe:	60080963          	beqz	a6,10006610 <__gdtoa+0x10aa>
10006002:	4685                	li	a3,1
10006004:	4d41                	li	s10,16
10006006:	b0d81ce3          	bne	a6,a3,10005b1e <__gdtoa+0x5b8>
1000600a:	4762                	lw	a4,24(sp)
1000600c:	d6ba                	sw	a4,108(sp)
1000600e:	fff9c903          	lbu	s2,-1(s3)
10006012:	b4d5                	j	10005af6 <__gdtoa+0x590>
10006014:	85ce                	mv	a1,s3
10006016:	851a                	mv	a0,t1
10006018:	d8c2                	sw	a6,112(sp)
1000601a:	d0be                	sw	a5,96(sp)
1000601c:	0fffb097          	auipc	ra,0xfffb
10006020:	b88080e7          	jalr	-1144(ra) # 20000ba4 <__muldf3>
10006024:	10008737          	lui	a4,0x10008
10006028:	db872783          	lw	a5,-584(a4) # 10007db8 <__mprec_tens+0x108>
1000602c:	dbc72803          	lw	a6,-580(a4)
10006030:	48c6                	lw	a7,80(sp)
10006032:	8ed2                	mv	t4,s4
10006034:	4705                	li	a4,1
10006036:	8a22                	mv	s4,s0
10006038:	c8a6                	sw	s1,80(sp)
1000603a:	5986                	lw	s3,96(sp)
1000603c:	8baa                	mv	s7,a0
1000603e:	8c2e                	mv	s8,a1
10006040:	8abe                	mv	s5,a5
10006042:	8b42                	mv	s6,a6
10006044:	c73a                	sw	a4,140(sp)
10006046:	8446                	mv	s0,a7
10006048:	84f6                	mv	s1,t4
1000604a:	a801                	j	1000605a <__gdtoa+0xaf4>
1000604c:	c73a                	sw	a4,140(sp)
1000604e:	0fffb097          	auipc	ra,0xfffb
10006052:	b56080e7          	jalr	-1194(ra) # 20000ba4 <__muldf3>
10006056:	842a                	mv	s0,a0
10006058:	84ae                	mv	s1,a1
1000605a:	8522                	mv	a0,s0
1000605c:	85a6                	mv	a1,s1
1000605e:	0fffb097          	auipc	ra,0xfffb
10006062:	4f8080e7          	jalr	1272(ra) # 20001556 <__fixdfsi>
10006066:	892a                	mv	s2,a0
10006068:	cd19                	beqz	a0,10006086 <__gdtoa+0xb20>
1000606a:	0fffb097          	auipc	ra,0xfffb
1000606e:	54c080e7          	jalr	1356(ra) # 200015b6 <__floatsidf>
10006072:	862a                	mv	a2,a0
10006074:	86ae                	mv	a3,a1
10006076:	8522                	mv	a0,s0
10006078:	85a6                	mv	a1,s1
1000607a:	0fffb097          	auipc	ra,0xfffb
1000607e:	f4a080e7          	jalr	-182(ra) # 20000fc4 <__subdf3>
10006082:	842a                	mv	s0,a0
10006084:	84ae                	mv	s1,a1
10006086:	03090913          	addi	s2,s2,48
1000608a:	0ff97913          	zext.b	s2,s2
1000608e:	01298023          	sb	s2,0(s3)
10006092:	47ba                	lw	a5,140(sp)
10006094:	4806                	lw	a6,64(sp)
10006096:	0985                	addi	s3,s3,1
10006098:	8522                	mv	a0,s0
1000609a:	85a6                	mv	a1,s1
1000609c:	8656                	mv	a2,s5
1000609e:	86da                	mv	a3,s6
100060a0:	00178713          	addi	a4,a5,1
100060a4:	fb0794e3          	bne	a5,a6,1000604c <__gdtoa+0xae6>
100060a8:	10008337          	lui	t1,0x10008
100060ac:	5786                	lw	a5,96(sp)
100060ae:	dd832603          	lw	a2,-552(t1) # 10007dd8 <__mprec_tens+0x128>
100060b2:	ddc32683          	lw	a3,-548(t1)
100060b6:	855e                	mv	a0,s7
100060b8:	85e2                	mv	a1,s8
100060ba:	dabe                	sw	a5,116(sp)
100060bc:	d0a2                	sw	s0,96(sp)
100060be:	c0a6                	sw	s1,64(sp)
100060c0:	0fffa097          	auipc	ra,0xfffa
100060c4:	f40080e7          	jalr	-192(ra) # 20000000 <__adddf3>
100060c8:	5886                	lw	a7,96(sp)
100060ca:	4686                	lw	a3,64(sp)
100060cc:	44c6                	lw	s1,80(sp)
100060ce:	8646                	mv	a2,a7
100060d0:	c8c6                	sw	a7,80(sp)
100060d2:	0fffb097          	auipc	ra,0xfffb
100060d6:	a1c080e7          	jalr	-1508(ra) # 20000aee <__ledf2>
100060da:	57d6                	lw	a5,116(sp)
100060dc:	8452                	mv	s0,s4
100060de:	a0054ce3          	bltz	a0,10005af6 <__gdtoa+0x590>
100060e2:	10008337          	lui	t1,0x10008
100060e6:	dd832503          	lw	a0,-552(t1) # 10007dd8 <__mprec_tens+0x128>
100060ea:	ddc32583          	lw	a1,-548(t1)
100060ee:	865e                	mv	a2,s7
100060f0:	86e2                	mv	a3,s8
100060f2:	d0be                	sw	a5,96(sp)
100060f4:	0fffb097          	auipc	ra,0xfffb
100060f8:	ed0080e7          	jalr	-304(ra) # 20000fc4 <__subdf3>
100060fc:	4646                	lw	a2,80(sp)
100060fe:	4686                	lw	a3,64(sp)
10006100:	0fffb097          	auipc	ra,0xfffb
10006104:	938080e7          	jalr	-1736(ra) # 20000a38 <__gedf2>
10006108:	4e86                	lw	t4,64(sp)
1000610a:	48c6                	lw	a7,80(sp)
1000610c:	5786                	lw	a5,96(sp)
1000610e:	5846                	lw	a6,112(sp)
10006110:	6aa04d63          	bgtz	a0,100067ca <__gdtoa+0x1264>
10006114:	4776                	lw	a4,92(sp)
10006116:	5a26                	lw	s4,104(sp)
10006118:	c8ba                	sw	a4,80(sp)
1000611a:	5752                	lw	a4,52(sp)
1000611c:	da075ee3          	bgez	a4,10005ed8 <__gdtoa+0x972>
10006120:	4801                	li	a6,0
10006122:	5762                	lw	a4,56(sp)
10006124:	24070f63          	beqz	a4,10006382 <__gdtoa+0xe1c>
10006128:	5742                	lw	a4,48(sp)
1000612a:	24070c63          	beqz	a4,10006382 <__gdtoa+0xe1c>
1000612e:	56c2                	lw	a3,48(sp)
10006130:	5762                	lw	a4,56(sp)
10006132:	0ad74733          	min	a4,a4,a3
10006136:	56e2                	lw	a3,56(sp)
10006138:	c73a                	sw	a4,140(sp)
1000613a:	40e689b3          	sub	s3,a3,a4
1000613e:	56c2                	lw	a3,48(sp)
10006140:	40e68733          	sub	a4,a3,a4
10006144:	d83a                	sw	a4,48(sp)
10006146:	5772                	lw	a4,60(sp)
10006148:	24071163          	bnez	a4,1000638a <__gdtoa+0xe24>
1000614c:	dc4e                	sw	s3,56(sp)
1000614e:	4901                	li	s2,0
10006150:	b185                	j	10005db0 <__gdtoa+0x84a>
10006152:	4766                	lw	a4,88(sp)
10006154:	2c070363          	beqz	a4,1000641a <__gdtoa+0xeb4>
10006158:	5762                	lw	a4,56(sp)
1000615a:	00e48633          	add	a2,s1,a4
1000615e:	46c04263          	bgtz	a2,100065c2 <__gdtoa+0x105c>
10006162:	4716                	lw	a4,68(sp)
10006164:	8a4a                	mv	s4,s2
10006166:	50071a63          	bnez	a4,1000667a <__gdtoa+0x1114>
1000616a:	ffe80713          	addi	a4,a6,-2
1000616e:	d63a                	sw	a4,44(sp)
10006170:	4685                	li	a3,1
10006172:	c442                	sw	a6,8(sp)
10006174:	89d2                	mv	s3,s4
10006176:	8b3e                	mv	s6,a5
10006178:	8b9a                	mv	s7,t1
1000617a:	d83e                	sw	a5,48(sp)
1000617c:	85de                	mv	a1,s7
1000617e:	8522                	mv	a0,s0
10006180:	c736                	sw	a3,140(sp)
10006182:	081000ef          	jal	10006a02 <__quorem_D2A>
10006186:	85ca                	mv	a1,s2
10006188:	8aaa                	mv	s5,a0
1000618a:	8c2a                	mv	s8,a0
1000618c:	8522                	mv	a0,s0
1000618e:	124010ef          	jal	100072b2 <__mcmp>
10006192:	85de                	mv	a1,s7
10006194:	84aa                	mv	s1,a0
10006196:	864e                	mv	a2,s3
10006198:	856e                	mv	a0,s11
1000619a:	154010ef          	jal	100072ee <__mdiff>
1000619e:	85aa                	mv	a1,a0
100061a0:	d00500e3          	beqz	a0,10005ea0 <__gdtoa+0x93a>
100061a4:	455c                	lw	a5,12(a0)
100061a6:	030a8a93          	addi	s5,s5,48
100061aa:	cfb5                	beqz	a5,10006226 <__gdtoa+0xcc0>
100061ac:	856e                	mv	a0,s11
100061ae:	30b000ef          	jal	10006cb8 <_Bfree>
100061b2:	4585                	li	a1,1
100061b4:	5804c663          	bltz	s1,10006740 <__gdtoa+0x11da>
100061b8:	4782                	lw	a5,0(sp)
100061ba:	8cdd                	or	s1,s1,a5
100061bc:	e491                	bnez	s1,100061c8 <__gdtoa+0xc62>
100061be:	47d2                	lw	a5,20(sp)
100061c0:	439c                	lw	a5,0(a5)
100061c2:	8b85                	andi	a5,a5,1
100061c4:	56078e63          	beqz	a5,10006740 <__gdtoa+0x11da>
100061c8:	001b0493          	addi	s1,s6,1
100061cc:	86a6                	mv	a3,s1
100061ce:	00b05563          	blez	a1,100061d8 <__gdtoa+0xc72>
100061d2:	57b2                	lw	a5,44(sp)
100061d4:	62079463          	bnez	a5,100067fc <__gdtoa+0x1296>
100061d8:	ff548fa3          	sb	s5,-1(s1)
100061dc:	47ba                	lw	a5,140(sp)
100061de:	5712                	lw	a4,36(sp)
100061e0:	60e78563          	beq	a5,a4,100067ea <__gdtoa+0x1284>
100061e4:	85a2                	mv	a1,s0
100061e6:	4681                	li	a3,0
100061e8:	4629                	li	a2,10
100061ea:	856e                	mv	a0,s11
100061ec:	2df000ef          	jal	10006cca <__multadd>
100061f0:	842a                	mv	s0,a0
100061f2:	ca0507e3          	beqz	a0,10005ea0 <__gdtoa+0x93a>
100061f6:	85ca                	mv	a1,s2
100061f8:	4681                	li	a3,0
100061fa:	4629                	li	a2,10
100061fc:	856e                	mv	a0,s11
100061fe:	0b390e63          	beq	s2,s3,100062ba <__gdtoa+0xd54>
10006202:	2c9000ef          	jal	10006cca <__multadd>
10006206:	892a                	mv	s2,a0
10006208:	c8050ce3          	beqz	a0,10005ea0 <__gdtoa+0x93a>
1000620c:	85ce                	mv	a1,s3
1000620e:	4681                	li	a3,0
10006210:	4629                	li	a2,10
10006212:	856e                	mv	a0,s11
10006214:	2b7000ef          	jal	10006cca <__multadd>
10006218:	89aa                	mv	s3,a0
1000621a:	c80503e3          	beqz	a0,10005ea0 <__gdtoa+0x93a>
1000621e:	46ba                	lw	a3,140(sp)
10006220:	8b26                	mv	s6,s1
10006222:	0685                	addi	a3,a3,1
10006224:	bfa1                	j	1000617c <__gdtoa+0xc16>
10006226:	d02a                	sw	a0,32(sp)
10006228:	8522                	mv	a0,s0
1000622a:	088010ef          	jal	100072b2 <__mcmp>
1000622e:	5582                	lw	a1,32(sp)
10006230:	8a2a                	mv	s4,a0
10006232:	856e                	mv	a0,s11
10006234:	285000ef          	jal	10006cb8 <_Bfree>
10006238:	4702                	lw	a4,0(sp)
1000623a:	00ea65b3          	or	a1,s4,a4
1000623e:	3a059063          	bnez	a1,100065de <__gdtoa+0x1078>
10006242:	47d2                	lw	a5,20(sp)
10006244:	4722                	lw	a4,8(sp)
10006246:	439c                	lw	a5,0(a5)
10006248:	8b85                	andi	a5,a5,1
1000624a:	8fd9                	or	a5,a5,a4
1000624c:	f7a5                	bnez	a5,100061b4 <__gdtoa+0xc4e>
1000624e:	03900693          	li	a3,57
10006252:	8a4e                	mv	s4,s3
10006254:	57c2                	lw	a5,48(sp)
10006256:	89d6                	mv	s3,s5
10006258:	875a                	mv	a4,s6
1000625a:	835e                	mv	t1,s7
1000625c:	32da8963          	beq	s5,a3,1000658e <__gdtoa+0x1028>
10006260:	6a905763          	blez	s1,1000690e <__gdtoa+0x13a8>
10006264:	031c0993          	addi	s3,s8,49
10006268:	02000d13          	li	s10,32
1000626c:	88ca                	mv	a7,s2
1000626e:	01370023          	sb	s3,0(a4)
10006272:	8952                	mv	s2,s4
10006274:	00170993          	addi	s3,a4,1
10006278:	859a                	mv	a1,t1
1000627a:	856e                	mv	a0,s11
1000627c:	c43e                	sw	a5,8(sp)
1000627e:	c046                	sw	a7,0(sp)
10006280:	239000ef          	jal	10006cb8 <_Bfree>
10006284:	4882                	lw	a7,0(sp)
10006286:	47a2                	lw	a5,8(sp)
10006288:	68090e63          	beqz	s2,10006924 <__gdtoa+0x13be>
1000628c:	bc0889e3          	beqz	a7,10005e5e <__gdtoa+0x8f8>
10006290:	bd2887e3          	beq	a7,s2,10005e5e <__gdtoa+0x8f8>
10006294:	85c6                	mv	a1,a7
10006296:	856e                	mv	a0,s11
10006298:	c03e                	sw	a5,0(sp)
1000629a:	21f000ef          	jal	10006cb8 <_Bfree>
1000629e:	4782                	lw	a5,0(sp)
100062a0:	be7d                	j	10005e5e <__gdtoa+0x8f8>
100062a2:	4581                	li	a1,0
100062a4:	856e                	mv	a0,s11
100062a6:	c03e                	sw	a5,0(sp)
100062a8:	211000ef          	jal	10006cb8 <_Bfree>
100062ac:	47a2                	lw	a5,8(sp)
100062ae:	4d41                	li	s10,16
100062b0:	40f00c33          	neg	s8,a5
100062b4:	4782                	lw	a5,0(sp)
100062b6:	89be                	mv	s3,a5
100062b8:	b09d                	j	10005b1e <__gdtoa+0x5b8>
100062ba:	211000ef          	jal	10006cca <__multadd>
100062be:	892a                	mv	s2,a0
100062c0:	be0500e3          	beqz	a0,10005ea0 <__gdtoa+0x93a>
100062c4:	89aa                	mv	s3,a0
100062c6:	bfa1                	j	1000621e <__gdtoa+0xcb8>
100062c8:	85a2                	mv	a1,s0
100062ca:	856e                	mv	a0,s11
100062cc:	da3e                	sw	a5,52(sp)
100062ce:	d61a                	sw	t1,44(sp)
100062d0:	d042                	sw	a6,32(sp)
100062d2:	6d7000ef          	jal	100071a8 <__lshift>
100062d6:	842a                	mv	s0,a0
100062d8:	bc0504e3          	beqz	a0,10005ea0 <__gdtoa+0x93a>
100062dc:	473a                	lw	a4,140(sp)
100062de:	57d2                	lw	a5,52(sp)
100062e0:	5332                	lw	t1,44(sp)
100062e2:	5802                	lw	a6,32(sp)
100062e4:	b629                	j	10005dee <__gdtoa+0x888>
100062e6:	4a81                	li	s5,0
100062e8:	4795                	li	a5,5
100062ea:	c03e                	sw	a5,0(sp)
100062ec:	4785                	li	a5,1
100062ee:	ccbe                	sw	a5,88(sp)
100062f0:	dd0ff06f          	j	100058c0 <__gdtoa+0x35a>
100062f4:	5712                	lw	a4,36(sp)
100062f6:	56f2                	lw	a3,60(sp)
100062f8:	177d                	addi	a4,a4,-1
100062fa:	1ae6cf63          	blt	a3,a4,100064b8 <__gdtoa+0xf52>
100062fe:	40e68a33          	sub	s4,a3,a4
10006302:	5712                	lw	a4,36(sp)
10006304:	5a075f63          	bgez	a4,100068c2 <__gdtoa+0x135c>
10006308:	5762                	lw	a4,56(sp)
1000630a:	5692                	lw	a3,36(sp)
1000630c:	c702                	sw	zero,140(sp)
1000630e:	89ba                	mv	s3,a4
10006310:	8f15                	sub	a4,a4,a3
10006312:	dc3a                	sw	a4,56(sp)
10006314:	b481                	j	10005d54 <__gdtoa+0x7ee>
10006316:	85aa                	mv	a1,a0
10006318:	863a                	mv	a2,a4
1000631a:	856e                	mv	a0,s11
1000631c:	5a9000ef          	jal	100070c4 <__pow5mult>
10006320:	832a                	mv	t1,a0
10006322:	b6050fe3          	beqz	a0,10005ea0 <__gdtoa+0x93a>
10006326:	4782                	lw	a5,0(sp)
10006328:	5852                	lw	a6,52(sp)
1000632a:	0027a713          	slti	a4,a5,2
1000632e:	57f2                	lw	a5,60(sp)
10006330:	c319                	beqz	a4,10006336 <__gdtoa+0xdd0>
10006332:	14fd                	addi	s1,s1,-1
10006334:	c085                	beqz	s1,10006354 <__gdtoa+0xdee>
10006336:	c282                	sw	zero,68(sp)
10006338:	01032703          	lw	a4,16(t1)
1000633c:	da3e                	sw	a5,52(sp)
1000633e:	d642                	sw	a6,44(sp)
10006340:	20674733          	sh2add	a4,a4,t1
10006344:	4b08                	lw	a0,16(a4)
10006346:	d01a                	sw	t1,32(sp)
10006348:	263000ef          	jal	10006daa <__hi0bits>
1000634c:	57d2                	lw	a5,52(sp)
1000634e:	5832                	lw	a6,44(sp)
10006350:	5302                	lw	t1,32(sp)
10006352:	b459                	j	10005dd8 <__gdtoa+0x872>
10006354:	5732                	lw	a4,44(sp)
10006356:	5682                	lw	a3,32(sp)
10006358:	4358                	lw	a4,4(a4)
1000635a:	0705                	addi	a4,a4,1
1000635c:	fcd75de3          	bge	a4,a3,10006336 <__gdtoa+0xdd0>
10006360:	5742                	lw	a4,48(sp)
10006362:	0985                	addi	s3,s3,1
10006364:	0705                	addi	a4,a4,1
10006366:	d83a                	sw	a4,48(sp)
10006368:	4705                	li	a4,1
1000636a:	c2ba                	sw	a4,68(sp)
1000636c:	b7f1                	j	10006338 <__gdtoa+0xdd2>
1000636e:	4785                	li	a5,1
10006370:	8f99                	sub	a5,a5,a4
10006372:	dc3e                	sw	a5,56(sp)
10006374:	47e2                	lw	a5,24(sp)
10006376:	c682                	sw	zero,76(sp)
10006378:	de02                	sw	zero,60(sp)
1000637a:	d83e                	sw	a5,48(sp)
1000637c:	c2be                	sw	a5,68(sp)
1000637e:	d14ff06f          	j	10005892 <__gdtoa+0x32c>
10006382:	5772                	lw	a4,60(sp)
10006384:	59e2                	lw	s3,56(sp)
10006386:	dc0704e3          	beqz	a4,1000614e <__gdtoa+0xbe8>
1000638a:	5672                	lw	a2,60(sp)
1000638c:	85a2                	mv	a1,s0
1000638e:	856e                	mv	a0,s11
10006390:	c0be                	sw	a5,64(sp)
10006392:	da42                	sw	a6,52(sp)
10006394:	531000ef          	jal	100070c4 <__pow5mult>
10006398:	842a                	mv	s0,a0
1000639a:	b00503e3          	beqz	a0,10005ea0 <__gdtoa+0x93a>
1000639e:	4786                	lw	a5,64(sp)
100063a0:	5852                	lw	a6,52(sp)
100063a2:	dc4e                	sw	s3,56(sp)
100063a4:	4901                	li	s2,0
100063a6:	b429                	j	10005db0 <__gdtoa+0x84a>
100063a8:	4602                	lw	a2,0(sp)
100063aa:	4705                	li	a4,1
100063ac:	f4c744e3          	blt	a4,a2,100062f4 <__gdtoa+0xd8e>
100063b0:	5742                	lw	a4,48(sp)
100063b2:	5a72                	lw	s4,60(sp)
100063b4:	9736                	add	a4,a4,a3
100063b6:	d83a                	sw	a4,48(sp)
100063b8:	5762                	lw	a4,56(sp)
100063ba:	00e689b3          	add	s3,a3,a4
100063be:	ba59                	j	10005d54 <__gdtoa+0x7ee>
100063c0:	859a                	mv	a1,t1
100063c2:	8522                	mv	a0,s0
100063c4:	d83e                	sw	a5,48(sp)
100063c6:	d642                	sw	a6,44(sp)
100063c8:	d01a                	sw	t1,32(sp)
100063ca:	6e9000ef          	jal	100072b2 <__mcmp>
100063ce:	5302                	lw	t1,32(sp)
100063d0:	5832                	lw	a6,44(sp)
100063d2:	57c2                	lw	a5,48(sp)
100063d4:	a20555e3          	bgez	a0,10005dfe <__gdtoa+0x898>
100063d8:	85a2                	mv	a1,s0
100063da:	4681                	li	a3,0
100063dc:	4629                	li	a2,10
100063de:	856e                	mv	a0,s11
100063e0:	d63e                	sw	a5,44(sp)
100063e2:	d21a                	sw	t1,36(sp)
100063e4:	d042                	sw	a6,32(sp)
100063e6:	0e5000ef          	jal	10006cca <__multadd>
100063ea:	842a                	mv	s0,a0
100063ec:	aa050ae3          	beqz	a0,10005ea0 <__gdtoa+0x93a>
100063f0:	47e2                	lw	a5,24(sp)
100063f2:	4766                	lw	a4,88(sp)
100063f4:	5802                	lw	a6,32(sp)
100063f6:	17fd                	addi	a5,a5,-1
100063f8:	cc3e                	sw	a5,24(sp)
100063fa:	5312                	lw	t1,36(sp)
100063fc:	57b2                	lw	a5,44(sp)
100063fe:	48071b63          	bnez	a4,10006894 <__gdtoa+0x132e>
10006402:	4726                	lw	a4,72(sp)
10006404:	00e04963          	bgtz	a4,10006416 <__gdtoa+0xeb0>
10006408:	4702                	lw	a4,0(sp)
1000640a:	00372713          	slti	a4,a4,3
1000640e:	e701                	bnez	a4,10006416 <__gdtoa+0xeb0>
10006410:	4726                	lw	a4,72(sp)
10006412:	d23a                	sw	a4,36(sp)
10006414:	baed                	j	10005e0e <__gdtoa+0x8a8>
10006416:	4726                	lw	a4,72(sp)
10006418:	d23a                	sw	a4,36(sp)
1000641a:	8b4a                	mv	s6,s2
1000641c:	84be                	mv	s1,a5
1000641e:	5912                	lw	s2,36(sp)
10006420:	4705                	li	a4,1
10006422:	8ac2                	mv	s5,a6
10006424:	8a1a                	mv	s4,t1
10006426:	8bbe                	mv	s7,a5
10006428:	a811                	j	1000643c <__gdtoa+0xed6>
1000642a:	85a2                	mv	a1,s0
1000642c:	856e                	mv	a0,s11
1000642e:	09d000ef          	jal	10006cca <__multadd>
10006432:	842a                	mv	s0,a0
10006434:	a60506e3          	beqz	a0,10005ea0 <__gdtoa+0x93a>
10006438:	473a                	lw	a4,140(sp)
1000643a:	0705                	addi	a4,a4,1
1000643c:	85d2                	mv	a1,s4
1000643e:	8522                	mv	a0,s0
10006440:	c73a                	sw	a4,140(sp)
10006442:	23c1                	jal	10006a02 <__quorem_D2A>
10006444:	0485                	addi	s1,s1,1
10006446:	03050993          	addi	s3,a0,48
1000644a:	ff348fa3          	sb	s3,-1(s1)
1000644e:	47ba                	lw	a5,140(sp)
10006450:	4681                	li	a3,0
10006452:	4629                	li	a2,10
10006454:	fd27cbe3          	blt	a5,s2,1000642a <__gdtoa+0xec4>
10006458:	8856                	mv	a6,s5
1000645a:	895a                	mv	s2,s6
1000645c:	8352                	mv	t1,s4
1000645e:	87de                	mv	a5,s7
10006460:	4881                	li	a7,0
10006462:	26080663          	beqz	a6,100066ce <__gdtoa+0x1168>
10006466:	4709                	li	a4,2
10006468:	28e80b63          	beq	a6,a4,100066fe <__gdtoa+0x1198>
1000646c:	4814                	lw	a3,16(s0)
1000646e:	4705                	li	a4,1
10006470:	12d74863          	blt	a4,a3,100065a0 <__gdtoa+0x103a>
10006474:	4858                	lw	a4,20(s0)
10006476:	12071563          	bnez	a4,100065a0 <__gdtoa+0x103a>
1000647a:	00e03733          	snez	a4,a4
1000647e:	00471d13          	slli	s10,a4,0x4
10006482:	03000613          	li	a2,48
10006486:	89a6                	mv	s3,s1
10006488:	fff4c703          	lbu	a4,-1(s1)
1000648c:	14fd                	addi	s1,s1,-1
1000648e:	fec70ce3          	beq	a4,a2,10006486 <__gdtoa+0xf20>
10006492:	b3dd                	j	10006278 <__gdtoa+0xd12>
10006494:	4452                	lw	s0,20(sp)
10006496:	5782                	lw	a5,32(sp)
10006498:	e86ff06f          	j	10005b1e <__gdtoa+0x5b8>
1000649c:	4722                	lw	a4,8(sp)
1000649e:	89be                	mv	s3,a5
100064a0:	4d41                	li	s10,16
100064a2:	fff74713          	not	a4,a4
100064a6:	cc3a                	sw	a4,24(sp)
100064a8:	b265                	j	10005e50 <__gdtoa+0x8ea>
100064aa:	cc82                	sw	zero,88(sp)
100064ac:	83fff06f          	j	10005cea <__gdtoa+0x784>
100064b0:	4785                	li	a5,1
100064b2:	ccbe                	sw	a5,88(sp)
100064b4:	837ff06f          	j	10005cea <__gdtoa+0x784>
100064b8:	56f2                	lw	a3,60(sp)
100064ba:	4616                	lw	a2,68(sp)
100064bc:	de3a                	sw	a4,60(sp)
100064be:	40d706b3          	sub	a3,a4,a3
100064c2:	96b2                	add	a3,a3,a2
100064c4:	c2b6                	sw	a3,68(sp)
100064c6:	5692                	lw	a3,36(sp)
100064c8:	5612                	lw	a2,36(sp)
100064ca:	5762                	lw	a4,56(sp)
100064cc:	c736                	sw	a3,140(sp)
100064ce:	56c2                	lw	a3,48(sp)
100064d0:	00c709b3          	add	s3,a4,a2
100064d4:	4a01                	li	s4,0
100064d6:	96b2                	add	a3,a3,a2
100064d8:	d836                	sw	a3,48(sp)
100064da:	b8ad                	j	10005d54 <__gdtoa+0x7ee>
100064dc:	85ca                	mv	a1,s2
100064de:	8652                	mv	a2,s4
100064e0:	856e                	mv	a0,s11
100064e2:	c0be                	sw	a5,64(sp)
100064e4:	da42                	sw	a6,52(sp)
100064e6:	3df000ef          	jal	100070c4 <__pow5mult>
100064ea:	892a                	mv	s2,a0
100064ec:	9a050ae3          	beqz	a0,10005ea0 <__gdtoa+0x93a>
100064f0:	85aa                	mv	a1,a0
100064f2:	8622                	mv	a2,s0
100064f4:	856e                	mv	a0,s11
100064f6:	23d000ef          	jal	10006f32 <__multiply>
100064fa:	9a0503e3          	beqz	a0,10005ea0 <__gdtoa+0x93a>
100064fe:	85a2                	mv	a1,s0
10006500:	c8aa                	sw	a0,80(sp)
10006502:	856e                	mv	a0,s11
10006504:	7b4000ef          	jal	10006cb8 <_Bfree>
10006508:	5772                	lw	a4,60(sp)
1000650a:	4446                	lw	s0,80(sp)
1000650c:	5852                	lw	a6,52(sp)
1000650e:	414707b3          	sub	a5,a4,s4
10006512:	de3e                	sw	a5,60(sp)
10006514:	873e                	mv	a4,a5
10006516:	4786                	lw	a5,64(sp)
10006518:	88070ce3          	beqz	a4,10005db0 <__gdtoa+0x84a>
1000651c:	87dff06f          	j	10005d98 <__gdtoa+0x832>
10006520:	5692                	lw	a3,36(sp)
10006522:	5706                	lw	a4,96(sp)
10006524:	e6068863          	beqz	a3,10005b94 <__gdtoa+0x62e>
10006528:	46a6                	lw	a3,72(sp)
1000652a:	eed05263          	blez	a3,10005c0e <__gdtoa+0x6a8>
1000652e:	853a                	mv	a0,a4
10006530:	10008737          	lui	a4,0x10008
10006534:	db872603          	lw	a2,-584(a4) # 10007db8 <__mprec_tens+0x108>
10006538:	dbc72683          	lw	a3,-580(a4)
1000653c:	85d2                	mv	a1,s4
1000653e:	d0be                	sw	a5,96(sp)
10006540:	0fffa097          	auipc	ra,0xfffa
10006544:	664080e7          	jalr	1636(ra) # 20000ba4 <__muldf3>
10006548:	10008737          	lui	a4,0x10008
1000654c:	dc072603          	lw	a2,-576(a4) # 10007dc0 <__mprec_tens+0x110>
10006550:	dc472683          	lw	a3,-572(a4)
10006554:	8aaa                	mv	s5,a0
10006556:	8b2e                	mv	s6,a1
10006558:	c8aa                	sw	a0,80(sp)
1000655a:	8a2e                	mv	s4,a1
1000655c:	0fffa097          	auipc	ra,0xfffa
10006560:	648080e7          	jalr	1608(ra) # 20000ba4 <__muldf3>
10006564:	10008737          	lui	a4,0x10008
10006568:	dc872603          	lw	a2,-568(a4) # 10007dc8 <__mprec_tens+0x118>
1000656c:	dcc72683          	lw	a3,-564(a4)
10006570:	fcc009b7          	lui	s3,0xfcc00
10006574:	0fffa097          	auipc	ra,0xfffa
10006578:	a8c080e7          	jalr	-1396(ra) # 20000000 <__adddf3>
1000657c:	47a6                	lw	a5,72(sp)
1000657e:	99ae                	add	s3,s3,a1
10006580:	832a                	mv	t1,a0
10006582:	c0be                	sw	a5,64(sp)
10006584:	57fd                	li	a5,-1
10006586:	d6be                	sw	a5,108(sp)
10006588:	5786                	lw	a5,96(sp)
1000658a:	c00ff06f          	j	1000598a <__gdtoa+0x424>
1000658e:	00170613          	addi	a2,a4,1
10006592:	03900693          	li	a3,57
10006596:	88ca                	mv	a7,s2
10006598:	84b2                	mv	s1,a2
1000659a:	8952                	mv	s2,s4
1000659c:	00d70023          	sb	a3,0(a4)
100065a0:	03900613          	li	a2,57
100065a4:	a019                	j	100065aa <__gdtoa+0x1044>
100065a6:	10978a63          	beq	a5,s1,100066ba <__gdtoa+0x1154>
100065aa:	fff4c683          	lbu	a3,-1(s1)
100065ae:	89a6                	mv	s3,s1
100065b0:	14fd                	addi	s1,s1,-1
100065b2:	fec68ae3          	beq	a3,a2,100065a6 <__gdtoa+0x1040>
100065b6:	0685                	addi	a3,a3,1
100065b8:	00d48023          	sb	a3,0(s1)
100065bc:	02000d13          	li	s10,32
100065c0:	b965                	j	10006278 <__gdtoa+0xd12>
100065c2:	85ca                	mv	a1,s2
100065c4:	856e                	mv	a0,s11
100065c6:	d63e                	sw	a5,44(sp)
100065c8:	d01a                	sw	t1,32(sp)
100065ca:	c442                	sw	a6,8(sp)
100065cc:	3dd000ef          	jal	100071a8 <__lshift>
100065d0:	4822                	lw	a6,8(sp)
100065d2:	5302                	lw	t1,32(sp)
100065d4:	57b2                	lw	a5,44(sp)
100065d6:	892a                	mv	s2,a0
100065d8:	b80515e3          	bnez	a0,10006162 <__gdtoa+0xbfc>
100065dc:	b0d1                	j	10005ea0 <__gdtoa+0x93a>
100065de:	85d2                	mv	a1,s4
100065e0:	bed1                	j	100061b4 <__gdtoa+0xc4e>
100065e2:	5736                	lw	a4,108(sp)
100065e4:	03100913          	li	s2,49
100065e8:	0705                	addi	a4,a4,1
100065ea:	d6ba                	sw	a4,108(sp)
100065ec:	d24ff06f          	j	10005b10 <__gdtoa+0x5aa>
100065f0:	03100713          	li	a4,49
100065f4:	00e78023          	sb	a4,0(a5)
100065f8:	4581                	li	a1,0
100065fa:	856e                	mv	a0,s11
100065fc:	00178993          	addi	s3,a5,1
10006600:	c03e                	sw	a5,0(sp)
10006602:	2d5d                	jal	10006cb8 <_Bfree>
10006604:	4782                	lw	a5,0(sp)
10006606:	4c09                	li	s8,2
10006608:	02000d13          	li	s10,32
1000660c:	d12ff06f          	j	10005b1e <__gdtoa+0x5b8>
10006610:	86ca                	mv	a3,s2
10006612:	862a                	mv	a2,a0
10006614:	c43e                	sw	a5,8(sp)
10006616:	0fffa097          	auipc	ra,0xfffa
1000661a:	9ea080e7          	jalr	-1558(ra) # 20000000 <__adddf3>
1000661e:	4a02                	lw	s4,0(sp)
10006620:	4a92                	lw	s5,4(sp)
10006622:	8b2a                	mv	s6,a0
10006624:	8652                	mv	a2,s4
10006626:	86d6                	mv	a3,s5
10006628:	8bae                	mv	s7,a1
1000662a:	0fffa097          	auipc	ra,0xfffa
1000662e:	40e080e7          	jalr	1038(ra) # 20000a38 <__gedf2>
10006632:	fff9c903          	lbu	s2,-1(s3) # fcbfffff <__StackTop+0xdcb7dfff>
10006636:	47a2                	lw	a5,8(sp)
10006638:	0ca04a63          	bgtz	a0,1000670c <__gdtoa+0x11a6>
1000663c:	8652                	mv	a2,s4
1000663e:	86d6                	mv	a3,s5
10006640:	855a                	mv	a0,s6
10006642:	85de                	mv	a1,s7
10006644:	c03e                	sw	a5,0(sp)
10006646:	0fffb097          	auipc	ra,0xfffb
1000664a:	0d8080e7          	jalr	216(ra) # 2000171e <__eqdf2>
1000664e:	4782                	lw	a5,0(sp)
10006650:	e501                	bnez	a0,10006658 <__gdtoa+0x10f2>
10006652:	0014f693          	andi	a3,s1,1
10006656:	eadd                	bnez	a3,1000670c <__gdtoa+0x11a6>
10006658:	4762                	lw	a4,24(sp)
1000665a:	86ce                	mv	a3,s3
1000665c:	4d41                	li	s10,16
1000665e:	d6ba                	sw	a4,108(sp)
10006660:	03000593          	li	a1,48
10006664:	fff6c703          	lbu	a4,-1(a3)
10006668:	89b6                	mv	s3,a3
1000666a:	16fd                	addi	a3,a3,-1
1000666c:	feb70ce3          	beq	a4,a1,10006664 <__gdtoa+0x10fe>
10006670:	5736                	lw	a4,108(sp)
10006672:	00170c13          	addi	s8,a4,1
10006676:	ca8ff06f          	j	10005b1e <__gdtoa+0x5b8>
1000667a:	00492583          	lw	a1,4(s2)
1000667e:	856e                	mv	a0,s11
10006680:	d63e                	sw	a5,44(sp)
10006682:	d01a                	sw	t1,32(sp)
10006684:	c442                	sw	a6,8(sp)
10006686:	23f9                	jal	10006c54 <_Balloc>
10006688:	84aa                	mv	s1,a0
1000668a:	80050be3          	beqz	a0,10005ea0 <__gdtoa+0x93a>
1000668e:	01092603          	lw	a2,16(s2)
10006692:	00c90593          	addi	a1,s2,12
10006696:	0531                	addi	a0,a0,12
10006698:	0609                	addi	a2,a2,2
1000669a:	060a                	slli	a2,a2,0x2
1000669c:	9f7fb0ef          	jal	10002092 <memcpy>
100066a0:	85a6                	mv	a1,s1
100066a2:	856e                	mv	a0,s11
100066a4:	4605                	li	a2,1
100066a6:	303000ef          	jal	100071a8 <__lshift>
100066aa:	4822                	lw	a6,8(sp)
100066ac:	5302                	lw	t1,32(sp)
100066ae:	57b2                	lw	a5,44(sp)
100066b0:	8a2a                	mv	s4,a0
100066b2:	aa051ce3          	bnez	a0,1000616a <__gdtoa+0xc04>
100066b6:	feaff06f          	j	10005ea0 <__gdtoa+0x93a>
100066ba:	4762                	lw	a4,24(sp)
100066bc:	03100693          	li	a3,49
100066c0:	00d78023          	sb	a3,0(a5)
100066c4:	0705                	addi	a4,a4,1
100066c6:	cc3a                	sw	a4,24(sp)
100066c8:	02000d13          	li	s10,32
100066cc:	b675                	j	10006278 <__gdtoa+0xd12>
100066ce:	85a2                	mv	a1,s0
100066d0:	4605                	li	a2,1
100066d2:	856e                	mv	a0,s11
100066d4:	ca3e                	sw	a5,20(sp)
100066d6:	c01a                	sw	t1,0(sp)
100066d8:	c446                	sw	a7,8(sp)
100066da:	2cf000ef          	jal	100071a8 <__lshift>
100066de:	842a                	mv	s0,a0
100066e0:	fc050063          	beqz	a0,10005ea0 <__gdtoa+0x93a>
100066e4:	4582                	lw	a1,0(sp)
100066e6:	3cd000ef          	jal	100072b2 <__mcmp>
100066ea:	4302                	lw	t1,0(sp)
100066ec:	48a2                	lw	a7,8(sp)
100066ee:	47d2                	lw	a5,20(sp)
100066f0:	eaa048e3          	bgtz	a0,100065a0 <__gdtoa+0x103a>
100066f4:	e509                	bnez	a0,100066fe <__gdtoa+0x1198>
100066f6:	0019f993          	andi	s3,s3,1
100066fa:	ea0993e3          	bnez	s3,100065a0 <__gdtoa+0x103a>
100066fe:	4814                	lw	a3,16(s0)
10006700:	4705                	li	a4,1
10006702:	4d41                	li	s10,16
10006704:	d6d74fe3          	blt	a4,a3,10006482 <__gdtoa+0xf1c>
10006708:	4858                	lw	a4,20(s0)
1000670a:	bb85                	j	1000647a <__gdtoa+0xf14>
1000670c:	4762                	lw	a4,24(sp)
1000670e:	d6ba                	sw	a4,108(sp)
10006710:	be6ff06f          	j	10005af6 <__gdtoa+0x590>
10006714:	57c6                	lw	a5,112(sp)
10006716:	8a22                	mv	s4,s0
10006718:	8462                	mv	s0,s8
1000671a:	4681                	li	a3,0
1000671c:	8552                	mv	a0,s4
1000671e:	85de                	mv	a1,s7
10006720:	4601                	li	a2,0
10006722:	c03e                	sw	a5,0(sp)
10006724:	0fffb097          	auipc	ra,0xfffb
10006728:	ffa080e7          	jalr	-6(ra) # 2000171e <__eqdf2>
1000672c:	57b6                	lw	a5,108(sp)
1000672e:	00a036b3          	snez	a3,a0
10006732:	00469d13          	slli	s10,a3,0x4
10006736:	00178c13          	addi	s8,a5,1
1000673a:	4782                	lw	a5,0(sp)
1000673c:	be2ff06f          	j	10005b1e <__gdtoa+0x5b8>
10006740:	4822                	lw	a6,8(sp)
10006742:	8a4e                	mv	s4,s3
10006744:	57c2                	lw	a5,48(sp)
10006746:	89d6                	mv	s3,s5
10006748:	875a                	mv	a4,s6
1000674a:	835e                	mv	t1,s7
1000674c:	0c080b63          	beqz	a6,10006822 <__gdtoa+0x12bc>
10006750:	4810                	lw	a2,16(s0)
10006752:	4685                	li	a3,1
10006754:	18c6d163          	bge	a3,a2,100068d6 <__gdtoa+0x1370>
10006758:	4689                	li	a3,2
1000675a:	18d80463          	beq	a6,a3,100068e2 <__gdtoa+0x137c>
1000675e:	8b4a                	mv	s6,s2
10006760:	84d2                	mv	s1,s4
10006762:	893a                	mv	s2,a4
10006764:	8a9a                	mv	s5,t1
10006766:	8bbe                	mv	s7,a5
10006768:	a819                	j	1000677e <__gdtoa+0x1218>
1000676a:	2385                	jal	10006cca <__multadd>
1000676c:	85d6                	mv	a1,s5
1000676e:	842a                	mv	s0,a0
10006770:	0905                	addi	s2,s2,1
10006772:	f2050763          	beqz	a0,10005ea0 <__gdtoa+0x93a>
10006776:	2471                	jal	10006a02 <__quorem_D2A>
10006778:	84ce                	mv	s1,s3
1000677a:	03050993          	addi	s3,a0,48
1000677e:	85a6                	mv	a1,s1
10006780:	8556                	mv	a0,s5
10006782:	331000ef          	jal	100072b2 <__mcmp>
10006786:	4681                	li	a3,0
10006788:	4629                	li	a2,10
1000678a:	14a05e63          	blez	a0,100068e6 <__gdtoa+0x1380>
1000678e:	01390023          	sb	s3,0(s2)
10006792:	85a6                	mv	a1,s1
10006794:	856e                	mv	a0,s11
10006796:	2b15                	jal	10006cca <__multadd>
10006798:	89aa                	mv	s3,a0
1000679a:	4681                	li	a3,0
1000679c:	4629                	li	a2,10
1000679e:	85a2                	mv	a1,s0
100067a0:	856e                	mv	a0,s11
100067a2:	ee098f63          	beqz	s3,10005ea0 <__gdtoa+0x93a>
100067a6:	fc9b12e3          	bne	s6,s1,1000676a <__gdtoa+0x1204>
100067aa:	8b4e                	mv	s6,s3
100067ac:	bf7d                	j	1000676a <__gdtoa+0x1204>
100067ae:	4776                	lw	a4,92(sp)
100067b0:	5966                	lw	s2,120(sp)
100067b2:	54f6                	lw	s1,124(sp)
100067b4:	c8ba                	sw	a4,80(sp)
100067b6:	5752                	lw	a4,52(sp)
100067b8:	57c6                	lw	a5,112(sp)
100067ba:	58d6                	lw	a7,116(sp)
100067bc:	5a26                	lw	s4,104(sp)
100067be:	8462                	mv	s0,s8
100067c0:	4801                	li	a6,0
100067c2:	c6075563          	bgez	a4,10005c2c <__gdtoa+0x6c6>
100067c6:	d3cff06f          	j	10005d02 <__gdtoa+0x79c>
100067ca:	4601                	li	a2,0
100067cc:	4681                	li	a3,0
100067ce:	8546                	mv	a0,a7
100067d0:	85f6                	mv	a1,t4
100067d2:	c03e                	sw	a5,0(sp)
100067d4:	0fffb097          	auipc	ra,0xfffb
100067d8:	f4a080e7          	jalr	-182(ra) # 2000171e <__eqdf2>
100067dc:	00a03633          	snez	a2,a0
100067e0:	4782                	lw	a5,0(sp)
100067e2:	86ce                	mv	a3,s3
100067e4:	00461d13          	slli	s10,a2,0x4
100067e8:	bda5                	j	10006660 <__gdtoa+0x10fa>
100067ea:	874e                	mv	a4,s3
100067ec:	88ca                	mv	a7,s2
100067ee:	4822                	lw	a6,8(sp)
100067f0:	57c2                	lw	a5,48(sp)
100067f2:	89d6                	mv	s3,s5
100067f4:	84b6                	mv	s1,a3
100067f6:	835e                	mv	t1,s7
100067f8:	893a                	mv	s2,a4
100067fa:	b1a5                	j	10006462 <__gdtoa+0xefc>
100067fc:	03900693          	li	a3,57
10006800:	57c2                	lw	a5,48(sp)
10006802:	8a4e                	mv	s4,s3
10006804:	875a                	mv	a4,s6
10006806:	835e                	mv	t1,s7
10006808:	8626                	mv	a2,s1
1000680a:	d8da84e3          	beq	s5,a3,10006592 <__gdtoa+0x102c>
1000680e:	001a8993          	addi	s3,s5,1
10006812:	013b0023          	sb	s3,0(s6)
10006816:	88ca                	mv	a7,s2
10006818:	89a6                	mv	s3,s1
1000681a:	8952                	mv	s2,s4
1000681c:	02000d13          	li	s10,32
10006820:	bca1                	j	10006278 <__gdtoa+0xd12>
10006822:	02b05d63          	blez	a1,1000685c <__gdtoa+0x12f6>
10006826:	85a2                	mv	a1,s0
10006828:	4605                	li	a2,1
1000682a:	856e                	mv	a0,s11
1000682c:	ca3e                	sw	a5,20(sp)
1000682e:	c01a                	sw	t1,0(sp)
10006830:	c43a                	sw	a4,8(sp)
10006832:	177000ef          	jal	100071a8 <__lshift>
10006836:	842a                	mv	s0,a0
10006838:	e6050463          	beqz	a0,10005ea0 <__gdtoa+0x93a>
1000683c:	4582                	lw	a1,0(sp)
1000683e:	275000ef          	jal	100072b2 <__mcmp>
10006842:	4302                	lw	t1,0(sp)
10006844:	4722                	lw	a4,8(sp)
10006846:	47d2                	lw	a5,20(sp)
10006848:	0aa05c63          	blez	a0,10006900 <__gdtoa+0x139a>
1000684c:	03900693          	li	a3,57
10006850:	d2d98fe3          	beq	s3,a3,1000658e <__gdtoa+0x1028>
10006854:	031c0993          	addi	s3,s8,49
10006858:	02000813          	li	a6,32
1000685c:	4810                	lw	a2,16(s0)
1000685e:	4685                	li	a3,1
10006860:	4d41                	li	s10,16
10006862:	a0c6c5e3          	blt	a3,a2,1000626c <__gdtoa+0xd06>
10006866:	4854                	lw	a3,20(s0)
10006868:	a00692e3          	bnez	a3,1000626c <__gdtoa+0xd06>
1000686c:	8d42                	mv	s10,a6
1000686e:	bafd                	j	1000626c <__gdtoa+0xd06>
10006870:	5712                	lw	a4,36(sp)
10006872:	56f2                	lw	a3,60(sp)
10006874:	177d                	addi	a4,a4,-1
10006876:	c4e6c1e3          	blt	a3,a4,100064b8 <__gdtoa+0xf52>
1000687a:	5612                	lw	a2,36(sp)
1000687c:	56c2                	lw	a3,48(sp)
1000687e:	c732                	sw	a2,140(sp)
10006880:	96b2                	add	a3,a3,a2
10006882:	d836                	sw	a3,48(sp)
10006884:	56f2                	lw	a3,60(sp)
10006886:	40e68a33          	sub	s4,a3,a4
1000688a:	5762                	lw	a4,56(sp)
1000688c:	00c709b3          	add	s3,a4,a2
10006890:	cc4ff06f          	j	10005d54 <__gdtoa+0x7ee>
10006894:	85ca                	mv	a1,s2
10006896:	4681                	li	a3,0
10006898:	4629                	li	a2,10
1000689a:	856e                	mv	a0,s11
1000689c:	213d                	jal	10006cca <__multadd>
1000689e:	892a                	mv	s2,a0
100068a0:	e0050063          	beqz	a0,10005ea0 <__gdtoa+0x93a>
100068a4:	4726                	lw	a4,72(sp)
100068a6:	5802                	lw	a6,32(sp)
100068a8:	5312                	lw	t1,36(sp)
100068aa:	57b2                	lw	a5,44(sp)
100068ac:	00e04763          	bgtz	a4,100068ba <__gdtoa+0x1354>
100068b0:	4702                	lw	a4,0(sp)
100068b2:	00372713          	slti	a4,a4,3
100068b6:	b4070de3          	beqz	a4,10006410 <__gdtoa+0xeaa>
100068ba:	4726                	lw	a4,72(sp)
100068bc:	d23a                	sw	a4,36(sp)
100068be:	89bff06f          	j	10006158 <__gdtoa+0xbf2>
100068c2:	5692                	lw	a3,36(sp)
100068c4:	c73a                	sw	a4,140(sp)
100068c6:	5742                	lw	a4,48(sp)
100068c8:	9736                	add	a4,a4,a3
100068ca:	d83a                	sw	a4,48(sp)
100068cc:	5762                	lw	a4,56(sp)
100068ce:	00d709b3          	add	s3,a4,a3
100068d2:	c82ff06f          	j	10005d54 <__gdtoa+0x7ee>
100068d6:	4854                	lw	a3,20(s0)
100068d8:	e80690e3          	bnez	a3,10006758 <__gdtoa+0x11f2>
100068dc:	f4b045e3          	bgtz	a1,10006826 <__gdtoa+0x12c0>
100068e0:	b271                	j	1000626c <__gdtoa+0xd06>
100068e2:	4d41                	li	s10,16
100068e4:	b261                	j	1000626c <__gdtoa+0xd06>
100068e6:	03900693          	li	a3,57
100068ea:	874a                	mv	a4,s2
100068ec:	8a26                	mv	s4,s1
100068ee:	895a                	mv	s2,s6
100068f0:	8356                	mv	t1,s5
100068f2:	87de                	mv	a5,s7
100068f4:	c8d98de3          	beq	s3,a3,1000658e <__gdtoa+0x1028>
100068f8:	0985                	addi	s3,s3,1
100068fa:	02000d13          	li	s10,32
100068fe:	b2bd                	j	1000626c <__gdtoa+0xd06>
10006900:	e501                	bnez	a0,10006908 <__gdtoa+0x13a2>
10006902:	0019f693          	andi	a3,s3,1
10006906:	f2b9                	bnez	a3,1000684c <__gdtoa+0x12e6>
10006908:	02000813          	li	a6,32
1000690c:	bf81                	j	1000685c <__gdtoa+0x12f6>
1000690e:	4810                	lw	a2,16(s0)
10006910:	4685                	li	a3,1
10006912:	4d41                	li	s10,16
10006914:	94c6cce3          	blt	a3,a2,1000626c <__gdtoa+0xd06>
10006918:	4854                	lw	a3,20(s0)
1000691a:	00d036b3          	snez	a3,a3
1000691e:	00469d13          	slli	s10,a3,0x4
10006922:	b2a9                	j	1000626c <__gdtoa+0xd06>
10006924:	4762                	lw	a4,24(sp)
10006926:	00170c13          	addi	s8,a4,1
1000692a:	9f4ff06f          	j	10005b1e <__gdtoa+0x5b8>

1000692e <__rv_alloc_D2A.part.0>:
1000692e:	100086b7          	lui	a3,0x10008
10006932:	10008537          	lui	a0,0x10008
10006936:	1141                	addi	sp,sp,-16
10006938:	90c68693          	addi	a3,a3,-1780 # 1000790c <__EH_FRAME_BEGIN__+0x160>
1000693c:	92050513          	addi	a0,a0,-1760 # 10007920 <__EH_FRAME_BEGIN__+0x174>
10006940:	4601                	li	a2,0
10006942:	03900593          	li	a1,57
10006946:	c606                	sw	ra,12(sp)
10006948:	935fa0ef          	jal	1000127c <__assert_func>

1000694c <__rv_alloc_D2A>:
1000694c:	1141                	addi	sp,sp,-16
1000694e:	c422                	sw	s0,8(sp)
10006950:	c606                	sw	ra,12(sp)
10006952:	46dd                	li	a3,23
10006954:	842a                	mv	s0,a0
10006956:	4705                	li	a4,1
10006958:	4791                	li	a5,4
1000695a:	02b6f363          	bgeu	a3,a1,10006980 <__rv_alloc_D2A+0x34>
1000695e:	0786                	slli	a5,a5,0x1
10006960:	01478693          	addi	a3,a5,20
10006964:	863a                	mv	a2,a4
10006966:	0705                	addi	a4,a4,1
10006968:	fed5fbe3          	bgeu	a1,a3,1000695e <__rv_alloc_D2A+0x12>
1000696c:	85b2                	mv	a1,a2
1000696e:	dc50                	sw	a2,60(s0)
10006970:	8522                	mv	a0,s0
10006972:	24cd                	jal	10006c54 <_Balloc>
10006974:	c911                	beqz	a0,10006988 <__rv_alloc_D2A+0x3c>
10006976:	40b2                	lw	ra,12(sp)
10006978:	dc08                	sw	a0,56(s0)
1000697a:	4422                	lw	s0,8(sp)
1000697c:	0141                	addi	sp,sp,16
1000697e:	8082                	ret
10006980:	02052e23          	sw	zero,60(a0)
10006984:	4581                	li	a1,0
10006986:	b7ed                	j	10006970 <__rv_alloc_D2A+0x24>
10006988:	375d                	jal	1000692e <__rv_alloc_D2A.part.0>

1000698a <__nrv_alloc_D2A>:
1000698a:	1101                	addi	sp,sp,-32
1000698c:	cc22                	sw	s0,24(sp)
1000698e:	ca26                	sw	s1,20(sp)
10006990:	ce06                	sw	ra,28(sp)
10006992:	485d                	li	a6,23
10006994:	84aa                	mv	s1,a0
10006996:	842e                	mv	s0,a1
10006998:	4705                	li	a4,1
1000699a:	4791                	li	a5,4
1000699c:	04d87663          	bgeu	a6,a3,100069e8 <__nrv_alloc_D2A+0x5e>
100069a0:	0786                	slli	a5,a5,0x1
100069a2:	01478513          	addi	a0,a5,20
100069a6:	85ba                	mv	a1,a4
100069a8:	0705                	addi	a4,a4,1
100069aa:	fea6fbe3          	bgeu	a3,a0,100069a0 <__nrv_alloc_D2A+0x16>
100069ae:	dccc                	sw	a1,60(s1)
100069b0:	8526                	mv	a0,s1
100069b2:	c632                	sw	a2,12(sp)
100069b4:	2445                	jal	10006c54 <_Balloc>
100069b6:	4632                	lw	a2,12(sp)
100069b8:	cd15                	beqz	a0,100069f4 <__nrv_alloc_D2A+0x6a>
100069ba:	dc88                	sw	a0,56(s1)
100069bc:	00044783          	lbu	a5,0(s0)
100069c0:	00f50023          	sb	a5,0(a0)
100069c4:	c795                	beqz	a5,100069f0 <__nrv_alloc_D2A+0x66>
100069c6:	00140593          	addi	a1,s0,1
100069ca:	87aa                	mv	a5,a0
100069cc:	0005c703          	lbu	a4,0(a1)
100069d0:	0585                	addi	a1,a1,1
100069d2:	0785                	addi	a5,a5,1
100069d4:	00e78023          	sb	a4,0(a5)
100069d8:	fb75                	bnez	a4,100069cc <__nrv_alloc_D2A+0x42>
100069da:	c211                	beqz	a2,100069de <__nrv_alloc_D2A+0x54>
100069dc:	c21c                	sw	a5,0(a2)
100069de:	40f2                	lw	ra,28(sp)
100069e0:	4462                	lw	s0,24(sp)
100069e2:	44d2                	lw	s1,20(sp)
100069e4:	6105                	addi	sp,sp,32
100069e6:	8082                	ret
100069e8:	02052e23          	sw	zero,60(a0)
100069ec:	4581                	li	a1,0
100069ee:	b7c9                	j	100069b0 <__nrv_alloc_D2A+0x26>
100069f0:	87aa                	mv	a5,a0
100069f2:	b7e5                	j	100069da <__nrv_alloc_D2A+0x50>
100069f4:	3f2d                	jal	1000692e <__rv_alloc_D2A.part.0>

100069f6 <__freedtoa>:
100069f6:	5d5c                	lw	a5,60(a0)
100069f8:	28f01733          	bset	a4,zero,a5
100069fc:	c598                	sw	a4,8(a1)
100069fe:	c1dc                	sw	a5,4(a1)
10006a00:	ac65                	j	10006cb8 <_Bfree>

10006a02 <__quorem_D2A>:
10006a02:	0105a803          	lw	a6,16(a1)
10006a06:	491c                	lw	a5,16(a0)
10006a08:	1307c563          	blt	a5,a6,10006b32 <__quorem_D2A+0x130>
10006a0c:	187d                	addi	a6,a6,-1
10006a0e:	01458613          	addi	a2,a1,20
10006a12:	20c84333          	sh2add	t1,a6,a2
10006a16:	01450e13          	addi	t3,a0,20
10006a1a:	00032783          	lw	a5,0(t1)
10006a1e:	21c843b3          	sh2add	t2,a6,t3
10006a22:	0003a703          	lw	a4,0(t2)
10006a26:	7179                	addi	sp,sp,-48
10006a28:	0785                	addi	a5,a5,1
10006a2a:	d606                	sw	ra,44(sp)
10006a2c:	d422                	sw	s0,40(sp)
10006a2e:	02f758b3          	divu	a7,a4,a5
10006a32:	08f76063          	bltu	a4,a5,10006ab2 <__quorem_D2A+0xb0>
10006a36:	8fb2                	mv	t6,a2
10006a38:	8f72                	mv	t5,t3
10006a3a:	4401                	li	s0,0
10006a3c:	4281                	li	t0,0
10006a3e:	000fa783          	lw	a5,0(t6)
10006a42:	000f2e83          	lw	t4,0(t5)
10006a46:	0f11                	addi	t5,t5,4
10006a48:	0807c6b3          	zext.h	a3,a5
10006a4c:	83c1                	srli	a5,a5,0x10
10006a4e:	080ec733          	zext.h	a4,t4
10006a52:	010ede93          	srli	t4,t4,0x10
10006a56:	0f91                	addi	t6,t6,4
10006a58:	031686b3          	mul	a3,a3,a7
10006a5c:	031787b3          	mul	a5,a5,a7
10006a60:	96a2                	add	a3,a3,s0
10006a62:	0806c433          	zext.h	s0,a3
10006a66:	8f01                	sub	a4,a4,s0
10006a68:	82c1                	srli	a3,a3,0x10
10006a6a:	40570733          	sub	a4,a4,t0
10006a6e:	49075293          	bexti	t0,a4,0x10
10006a72:	97b6                	add	a5,a5,a3
10006a74:	0807c6b3          	zext.h	a3,a5
10006a78:	9696                	add	a3,a3,t0
10006a7a:	40de86b3          	sub	a3,t4,a3
10006a7e:	08d74733          	pack	a4,a4,a3
10006a82:	feef2e23          	sw	a4,-4(t5)
10006a86:	4906d293          	bexti	t0,a3,0x10
10006a8a:	0107d413          	srli	s0,a5,0x10
10006a8e:	fbf378e3          	bgeu	t1,t6,10006a3e <__quorem_D2A+0x3c>
10006a92:	0003a783          	lw	a5,0(t2)
10006a96:	ef91                	bnez	a5,10006ab2 <__quorem_D2A+0xb0>
10006a98:	ffc38793          	addi	a5,t2,-4
10006a9c:	00fe6663          	bltu	t3,a5,10006aa8 <__quorem_D2A+0xa6>
10006aa0:	a039                	j	10006aae <__quorem_D2A+0xac>
10006aa2:	187d                	addi	a6,a6,-1
10006aa4:	00fe7563          	bgeu	t3,a5,10006aae <__quorem_D2A+0xac>
10006aa8:	4398                	lw	a4,0(a5)
10006aaa:	17f1                	addi	a5,a5,-4
10006aac:	db7d                	beqz	a4,10006aa2 <__quorem_D2A+0xa0>
10006aae:	01052823          	sw	a6,16(a0)
10006ab2:	c646                	sw	a7,12(sp)
10006ab4:	ce72                	sw	t3,28(sp)
10006ab6:	cc1a                	sw	t1,24(sp)
10006ab8:	ca32                	sw	a2,20(sp)
10006aba:	c842                	sw	a6,16(sp)
10006abc:	842a                	mv	s0,a0
10006abe:	7f4000ef          	jal	100072b2 <__mcmp>
10006ac2:	48b2                	lw	a7,12(sp)
10006ac4:	06054263          	bltz	a0,10006b28 <__quorem_D2A+0x126>
10006ac8:	4e72                	lw	t3,28(sp)
10006aca:	4362                	lw	t1,24(sp)
10006acc:	4652                	lw	a2,20(sp)
10006ace:	4842                	lw	a6,16(sp)
10006ad0:	0885                	addi	a7,a7,1
10006ad2:	85f2                	mv	a1,t3
10006ad4:	4501                	li	a0,0
10006ad6:	4198                	lw	a4,0(a1)
10006ad8:	4214                	lw	a3,0(a2)
10006ada:	0591                	addi	a1,a1,4
10006adc:	080747b3          	zext.h	a5,a4
10006ae0:	0806ceb3          	zext.h	t4,a3
10006ae4:	41d787b3          	sub	a5,a5,t4
10006ae8:	8f89                	sub	a5,a5,a0
10006aea:	4907d513          	bexti	a0,a5,0x10
10006aee:	82c1                	srli	a3,a3,0x10
10006af0:	96aa                	add	a3,a3,a0
10006af2:	8341                	srli	a4,a4,0x10
10006af4:	8f15                	sub	a4,a4,a3
10006af6:	08e7c7b3          	pack	a5,a5,a4
10006afa:	0611                	addi	a2,a2,4
10006afc:	fef5ae23          	sw	a5,-4(a1)
10006b00:	49075513          	bexti	a0,a4,0x10
10006b04:	fcc379e3          	bgeu	t1,a2,10006ad6 <__quorem_D2A+0xd4>
10006b08:	21c847b3          	sh2add	a5,a6,t3
10006b0c:	4398                	lw	a4,0(a5)
10006b0e:	ef09                	bnez	a4,10006b28 <__quorem_D2A+0x126>
10006b10:	17f1                	addi	a5,a5,-4
10006b12:	00fe6663          	bltu	t3,a5,10006b1e <__quorem_D2A+0x11c>
10006b16:	a039                	j	10006b24 <__quorem_D2A+0x122>
10006b18:	187d                	addi	a6,a6,-1
10006b1a:	00fe7563          	bgeu	t3,a5,10006b24 <__quorem_D2A+0x122>
10006b1e:	4398                	lw	a4,0(a5)
10006b20:	17f1                	addi	a5,a5,-4
10006b22:	db7d                	beqz	a4,10006b18 <__quorem_D2A+0x116>
10006b24:	01042823          	sw	a6,16(s0)
10006b28:	50b2                	lw	ra,44(sp)
10006b2a:	5422                	lw	s0,40(sp)
10006b2c:	8546                	mv	a0,a7
10006b2e:	6145                	addi	sp,sp,48
10006b30:	8082                	ret
10006b32:	4501                	li	a0,0
10006b34:	8082                	ret

10006b36 <__rshift_D2A>:
10006b36:	01052803          	lw	a6,16(a0)
10006b3a:	4055de13          	srai	t3,a1,0x5
10006b3e:	010e4763          	blt	t3,a6,10006b4c <__rshift_D2A+0x16>
10006b42:	00052823          	sw	zero,16(a0)
10006b46:	00052a23          	sw	zero,20(a0)
10006b4a:	8082                	ret
10006b4c:	01450313          	addi	t1,a0,20
10006b50:	89fd                	andi	a1,a1,31
10006b52:	206848b3          	sh2add	a7,a6,t1
10006b56:	206e47b3          	sh2add	a5,t3,t1
10006b5a:	c5a1                	beqz	a1,10006ba2 <__rshift_D2A+0x6c>
10006b5c:	4394                	lw	a3,0(a5)
10006b5e:	0791                	addi	a5,a5,4
10006b60:	00b6d6b3          	srl	a3,a3,a1
10006b64:	0717f463          	bgeu	a5,a7,10006bcc <__rshift_D2A+0x96>
10006b68:	02000e93          	li	t4,32
10006b6c:	40be8eb3          	sub	t4,t4,a1
10006b70:	861a                	mv	a2,t1
10006b72:	4398                	lw	a4,0(a5)
10006b74:	0611                	addi	a2,a2,4
10006b76:	0791                	addi	a5,a5,4
10006b78:	01d71733          	sll	a4,a4,t4
10006b7c:	8f55                	or	a4,a4,a3
10006b7e:	fee62e23          	sw	a4,-4(a2)
10006b82:	ffc7a683          	lw	a3,-4(a5)
10006b86:	00b6d6b3          	srl	a3,a3,a1
10006b8a:	ff17e4e3          	bltu	a5,a7,10006b72 <__rshift_D2A+0x3c>
10006b8e:	41c80833          	sub	a6,a6,t3
10006b92:	20684833          	sh2add	a6,a6,t1
10006b96:	fed82e23          	sw	a3,-4(a6)
10006b9a:	1871                	addi	a6,a6,-4
10006b9c:	c28d                	beqz	a3,10006bbe <__rshift_D2A+0x88>
10006b9e:	0811                	addi	a6,a6,4
10006ba0:	a839                	j	10006bbe <__rshift_D2A+0x88>
10006ba2:	871a                	mv	a4,t1
10006ba4:	f917ffe3          	bgeu	a5,a7,10006b42 <__rshift_D2A+0xc>
10006ba8:	4394                	lw	a3,0(a5)
10006baa:	0791                	addi	a5,a5,4
10006bac:	0711                	addi	a4,a4,4
10006bae:	fed72e23          	sw	a3,-4(a4)
10006bb2:	ff17ebe3          	bltu	a5,a7,10006ba8 <__rshift_D2A+0x72>
10006bb6:	41c80833          	sub	a6,a6,t3
10006bba:	20684833          	sh2add	a6,a6,t1
10006bbe:	406807b3          	sub	a5,a6,t1
10006bc2:	8789                	srai	a5,a5,0x2
10006bc4:	c91c                	sw	a5,16(a0)
10006bc6:	f86800e3          	beq	a6,t1,10006b46 <__rshift_D2A+0x10>
10006bca:	8082                	ret
10006bcc:	c954                	sw	a3,20(a0)
10006bce:	dab5                	beqz	a3,10006b42 <__rshift_D2A+0xc>
10006bd0:	881a                	mv	a6,t1
10006bd2:	0811                	addi	a6,a6,4
10006bd4:	b7ed                	j	10006bbe <__rshift_D2A+0x88>

10006bd6 <__trailz_D2A>:
10006bd6:	4914                	lw	a3,16(a0)
10006bd8:	0551                	addi	a0,a0,20
10006bda:	4781                	li	a5,0
10006bdc:	20a6c6b3          	sh2add	a3,a3,a0
10006be0:	00d56863          	bltu	a0,a3,10006bf0 <__trailz_D2A+0x1a>
10006be4:	a035                	j	10006c10 <__trailz_D2A+0x3a>
10006be6:	0511                	addi	a0,a0,4
10006be8:	02078793          	addi	a5,a5,32
10006bec:	02d57263          	bgeu	a0,a3,10006c10 <__trailz_D2A+0x3a>
10006bf0:	4118                	lw	a4,0(a0)
10006bf2:	db75                	beqz	a4,10006be6 <__trailz_D2A+0x10>
10006bf4:	00d57e63          	bgeu	a0,a3,10006c10 <__trailz_D2A+0x3a>
10006bf8:	7179                	addi	sp,sp,-48
10006bfa:	0868                	addi	a0,sp,28
10006bfc:	d606                	sw	ra,44(sp)
10006bfe:	c63e                	sw	a5,12(sp)
10006c00:	ce3a                	sw	a4,28(sp)
10006c02:	2c01                	jal	10006e12 <__lo0bits>
10006c04:	47b2                	lw	a5,12(sp)
10006c06:	50b2                	lw	ra,44(sp)
10006c08:	97aa                	add	a5,a5,a0
10006c0a:	853e                	mv	a0,a5
10006c0c:	6145                	addi	sp,sp,48
10006c0e:	8082                	ret
10006c10:	853e                	mv	a0,a5
10006c12:	8082                	ret

10006c14 <__ascii_mbtowc>:
10006c14:	c999                	beqz	a1,10006c2a <__ascii_mbtowc+0x16>
10006c16:	c61d                	beqz	a2,10006c44 <__ascii_mbtowc+0x30>
10006c18:	ca95                	beqz	a3,10006c4c <__ascii_mbtowc+0x38>
10006c1a:	00064783          	lbu	a5,0(a2)
10006c1e:	c19c                	sw	a5,0(a1)
10006c20:	00064503          	lbu	a0,0(a2)
10006c24:	00a03533          	snez	a0,a0
10006c28:	8082                	ret
10006c2a:	1141                	addi	sp,sp,-16
10006c2c:	006c                	addi	a1,sp,12
10006c2e:	ce09                	beqz	a2,10006c48 <__ascii_mbtowc+0x34>
10006c30:	c285                	beqz	a3,10006c50 <__ascii_mbtowc+0x3c>
10006c32:	00064783          	lbu	a5,0(a2)
10006c36:	c19c                	sw	a5,0(a1)
10006c38:	00064503          	lbu	a0,0(a2)
10006c3c:	00a03533          	snez	a0,a0
10006c40:	0141                	addi	sp,sp,16
10006c42:	8082                	ret
10006c44:	4501                	li	a0,0
10006c46:	8082                	ret
10006c48:	4501                	li	a0,0
10006c4a:	bfdd                	j	10006c40 <__ascii_mbtowc+0x2c>
10006c4c:	5579                	li	a0,-2
10006c4e:	8082                	ret
10006c50:	5579                	li	a0,-2
10006c52:	b7fd                	j	10006c40 <__ascii_mbtowc+0x2c>

10006c54 <_Balloc>:
10006c54:	417c                	lw	a5,68(a0)
10006c56:	1101                	addi	sp,sp,-32
10006c58:	ce06                	sw	ra,28(sp)
10006c5a:	872a                	mv	a4,a0
10006c5c:	86ae                	mv	a3,a1
10006c5e:	cf91                	beqz	a5,10006c7a <_Balloc+0x26>
10006c60:	20f6c7b3          	sh2add	a5,a3,a5
10006c64:	4388                	lw	a0,0(a5)
10006c66:	c905                	beqz	a0,10006c96 <_Balloc+0x42>
10006c68:	4118                	lw	a4,0(a0)
10006c6a:	c398                	sw	a4,0(a5)
10006c6c:	00052823          	sw	zero,16(a0)
10006c70:	00052623          	sw	zero,12(a0)
10006c74:	40f2                	lw	ra,28(sp)
10006c76:	6105                	addi	sp,sp,32
10006c78:	8082                	ret
10006c7a:	c62e                	sw	a1,12(sp)
10006c7c:	02100613          	li	a2,33
10006c80:	4591                	li	a1,4
10006c82:	c42a                	sw	a0,8(sp)
10006c84:	e8efa0ef          	jal	10001312 <_calloc_r>
10006c88:	4722                	lw	a4,8(sp)
10006c8a:	46b2                	lw	a3,12(sp)
10006c8c:	87aa                	mv	a5,a0
10006c8e:	c368                	sw	a0,68(a4)
10006c90:	f961                	bnez	a0,10006c60 <_Balloc+0xc>
10006c92:	4501                	li	a0,0
10006c94:	b7c5                	j	10006c74 <_Balloc+0x20>
10006c96:	28d017b3          	bset	a5,zero,a3
10006c9a:	00578613          	addi	a2,a5,5
10006c9e:	853a                	mv	a0,a4
10006ca0:	060a                	slli	a2,a2,0x2
10006ca2:	4585                	li	a1,1
10006ca4:	c636                	sw	a3,12(sp)
10006ca6:	c43e                	sw	a5,8(sp)
10006ca8:	e6afa0ef          	jal	10001312 <_calloc_r>
10006cac:	d17d                	beqz	a0,10006c92 <_Balloc+0x3e>
10006cae:	46b2                	lw	a3,12(sp)
10006cb0:	47a2                	lw	a5,8(sp)
10006cb2:	c154                	sw	a3,4(a0)
10006cb4:	c51c                	sw	a5,8(a0)
10006cb6:	bf5d                	j	10006c6c <_Balloc+0x18>

10006cb8 <_Bfree>:
10006cb8:	c981                	beqz	a1,10006cc8 <_Bfree+0x10>
10006cba:	4178                	lw	a4,68(a0)
10006cbc:	41dc                	lw	a5,4(a1)
10006cbe:	20e7c7b3          	sh2add	a5,a5,a4
10006cc2:	4398                	lw	a4,0(a5)
10006cc4:	c198                	sw	a4,0(a1)
10006cc6:	c38c                	sw	a1,0(a5)
10006cc8:	8082                	ret

10006cca <__multadd>:
10006cca:	0105a303          	lw	t1,16(a1)
10006cce:	8e2e                	mv	t3,a1
10006cd0:	01458813          	addi	a6,a1,20
10006cd4:	4881                	li	a7,0
10006cd6:	00082783          	lw	a5,0(a6)
10006cda:	0811                	addi	a6,a6,4
10006cdc:	0885                	addi	a7,a7,1
10006cde:	0807c733          	zext.h	a4,a5
10006ce2:	02c70733          	mul	a4,a4,a2
10006ce6:	83c1                	srli	a5,a5,0x10
10006ce8:	02c787b3          	mul	a5,a5,a2
10006cec:	9736                	add	a4,a4,a3
10006cee:	01075693          	srli	a3,a4,0x10
10006cf2:	08074733          	zext.h	a4,a4
10006cf6:	97b6                	add	a5,a5,a3
10006cf8:	01079693          	slli	a3,a5,0x10
10006cfc:	9736                	add	a4,a4,a3
10006cfe:	fee82e23          	sw	a4,-4(a6)
10006d02:	0107d693          	srli	a3,a5,0x10
10006d06:	fc68c8e3          	blt	a7,t1,10006cd6 <__multadd+0xc>
10006d0a:	ca99                	beqz	a3,10006d20 <__multadd+0x56>
10006d0c:	008e2783          	lw	a5,8(t3)
10006d10:	00f35a63          	bge	t1,a5,10006d24 <__multadd+0x5a>
10006d14:	21c347b3          	sh2add	a5,t1,t3
10006d18:	cbd4                	sw	a3,20(a5)
10006d1a:	0305                	addi	t1,t1,1
10006d1c:	006e2823          	sw	t1,16(t3)
10006d20:	8572                	mv	a0,t3
10006d22:	8082                	ret
10006d24:	004e2583          	lw	a1,4(t3)
10006d28:	1101                	addi	sp,sp,-32
10006d2a:	cc22                	sw	s0,24(sp)
10006d2c:	0585                	addi	a1,a1,1
10006d2e:	c436                	sw	a3,8(sp)
10006d30:	c21a                	sw	t1,4(sp)
10006d32:	c072                	sw	t3,0(sp)
10006d34:	ce06                	sw	ra,28(sp)
10006d36:	842a                	mv	s0,a0
10006d38:	3f31                	jal	10006c54 <_Balloc>
10006d3a:	4e02                	lw	t3,0(sp)
10006d3c:	4312                	lw	t1,4(sp)
10006d3e:	46a2                	lw	a3,8(sp)
10006d40:	872a                	mv	a4,a0
10006d42:	c539                	beqz	a0,10006d90 <__multadd+0xc6>
10006d44:	010e2603          	lw	a2,16(t3)
10006d48:	00ce0593          	addi	a1,t3,12
10006d4c:	0531                	addi	a0,a0,12
10006d4e:	0609                	addi	a2,a2,2
10006d50:	060a                	slli	a2,a2,0x2
10006d52:	c636                	sw	a3,12(sp)
10006d54:	c41a                	sw	t1,8(sp)
10006d56:	c272                	sw	t3,4(sp)
10006d58:	c03a                	sw	a4,0(sp)
10006d5a:	b38fb0ef          	jal	10002092 <memcpy>
10006d5e:	4e12                	lw	t3,4(sp)
10006d60:	4070                	lw	a2,68(s0)
10006d62:	4322                	lw	t1,8(sp)
10006d64:	004e2783          	lw	a5,4(t3)
10006d68:	46b2                	lw	a3,12(sp)
10006d6a:	40f2                	lw	ra,28(sp)
10006d6c:	20c7c7b3          	sh2add	a5,a5,a2
10006d70:	4390                	lw	a2,0(a5)
10006d72:	4462                	lw	s0,24(sp)
10006d74:	00ce2023          	sw	a2,0(t3)
10006d78:	01c7a023          	sw	t3,0(a5)
10006d7c:	4e02                	lw	t3,0(sp)
10006d7e:	21c347b3          	sh2add	a5,t1,t3
10006d82:	cbd4                	sw	a3,20(a5)
10006d84:	0305                	addi	t1,t1,1
10006d86:	006e2823          	sw	t1,16(t3)
10006d8a:	8572                	mv	a0,t3
10006d8c:	6105                	addi	sp,sp,32
10006d8e:	8082                	ret
10006d90:	100086b7          	lui	a3,0x10008
10006d94:	10008537          	lui	a0,0x10008
10006d98:	90c68693          	addi	a3,a3,-1780 # 1000790c <__EH_FRAME_BEGIN__+0x160>
10006d9c:	96850513          	addi	a0,a0,-1688 # 10007968 <__EH_FRAME_BEGIN__+0x1bc>
10006da0:	4601                	li	a2,0
10006da2:	0ba00593          	li	a1,186
10006da6:	cd6fa0ef          	jal	1000127c <__assert_func>

10006daa <__hi0bits>:
10006daa:	87aa                	mv	a5,a0
10006dac:	6741                	lui	a4,0x10
10006dae:	4501                	li	a0,0
10006db0:	00e7f463          	bgeu	a5,a4,10006db8 <__hi0bits+0xe>
10006db4:	07c2                	slli	a5,a5,0x10
10006db6:	4541                	li	a0,16
10006db8:	01000737          	lui	a4,0x1000
10006dbc:	00e7f463          	bgeu	a5,a4,10006dc4 <__hi0bits+0x1a>
10006dc0:	0521                	addi	a0,a0,8
10006dc2:	07a2                	slli	a5,a5,0x8
10006dc4:	10000737          	lui	a4,0x10000
10006dc8:	00e7ec63          	bltu	a5,a4,10006de0 <__hi0bits+0x36>
10006dcc:	40000737          	lui	a4,0x40000
10006dd0:	02e7f963          	bgeu	a5,a4,10006e02 <__hi0bits+0x58>
10006dd4:	00279713          	slli	a4,a5,0x2
10006dd8:	02074b63          	bltz	a4,10006e0e <__hi0bits+0x64>
10006ddc:	050d                	addi	a0,a0,3
10006dde:	8082                	ret
10006de0:	00479713          	slli	a4,a5,0x4
10006de4:	400006b7          	lui	a3,0x40000
10006de8:	0511                	addi	a0,a0,4
10006dea:	00d77d63          	bgeu	a4,a3,10006e04 <__hi0bits+0x5a>
10006dee:	079a                	slli	a5,a5,0x6
10006df0:	0007cf63          	bltz	a5,10006e0e <__hi0bits+0x64>
10006df4:	00179713          	slli	a4,a5,0x1
10006df8:	fe0742e3          	bltz	a4,10006ddc <__hi0bits+0x32>
10006dfc:	02000513          	li	a0,32
10006e00:	8082                	ret
10006e02:	873e                	mv	a4,a5
10006e04:	fff74713          	not	a4,a4
10006e08:	837d                	srli	a4,a4,0x1f
10006e0a:	953a                	add	a0,a0,a4
10006e0c:	8082                	ret
10006e0e:	0509                	addi	a0,a0,2
10006e10:	8082                	ret

10006e12 <__lo0bits>:
10006e12:	411c                	lw	a5,0(a0)
10006e14:	0077f713          	andi	a4,a5,7
10006e18:	cf09                	beqz	a4,10006e32 <__lo0bits+0x20>
10006e1a:	0017f693          	andi	a3,a5,1
10006e1e:	4701                	li	a4,0
10006e20:	e699                	bnez	a3,10006e2e <__lo0bits+0x1c>
10006e22:	0027f713          	andi	a4,a5,2
10006e26:	c735                	beqz	a4,10006e92 <__lo0bits+0x80>
10006e28:	8385                	srli	a5,a5,0x1
10006e2a:	c11c                	sw	a5,0(a0)
10006e2c:	4705                	li	a4,1
10006e2e:	853a                	mv	a0,a4
10006e30:	8082                	ret
10006e32:	0807c733          	zext.h	a4,a5
10006e36:	e715                	bnez	a4,10006e62 <__lo0bits+0x50>
10006e38:	83c1                	srli	a5,a5,0x10
10006e3a:	0ff7f693          	zext.b	a3,a5
10006e3e:	4741                	li	a4,16
10006e40:	e299                	bnez	a3,10006e46 <__lo0bits+0x34>
10006e42:	4761                	li	a4,24
10006e44:	83a1                	srli	a5,a5,0x8
10006e46:	00f7f693          	andi	a3,a5,15
10006e4a:	ce95                	beqz	a3,10006e86 <__lo0bits+0x74>
10006e4c:	0037f693          	andi	a3,a5,3
10006e50:	c685                	beqz	a3,10006e78 <__lo0bits+0x66>
10006e52:	0017f693          	andi	a3,a5,1
10006e56:	e299                	bnez	a3,10006e5c <__lo0bits+0x4a>
10006e58:	0705                	addi	a4,a4,1 # 40000001 <__StackTop+0x1ff7e001>
10006e5a:	8385                	srli	a5,a5,0x1
10006e5c:	c11c                	sw	a5,0(a0)
10006e5e:	853a                	mv	a0,a4
10006e60:	8082                	ret
10006e62:	0ff7f713          	zext.b	a4,a5
10006e66:	c31d                	beqz	a4,10006e8c <__lo0bits+0x7a>
10006e68:	00f7f713          	andi	a4,a5,15
10006e6c:	ef0d                	bnez	a4,10006ea6 <__lo0bits+0x94>
10006e6e:	4711                	li	a4,4
10006e70:	8391                	srli	a5,a5,0x4
10006e72:	0037f693          	andi	a3,a5,3
10006e76:	fef1                	bnez	a3,10006e52 <__lo0bits+0x40>
10006e78:	4827d693          	bexti	a3,a5,0x2
10006e7c:	c285                	beqz	a3,10006e9c <__lo0bits+0x8a>
10006e7e:	8389                	srli	a5,a5,0x2
10006e80:	0709                	addi	a4,a4,2
10006e82:	c11c                	sw	a5,0(a0)
10006e84:	bfe9                	j	10006e5e <__lo0bits+0x4c>
10006e86:	0711                	addi	a4,a4,4
10006e88:	8391                	srli	a5,a5,0x4
10006e8a:	b7e5                	j	10006e72 <__lo0bits+0x60>
10006e8c:	4721                	li	a4,8
10006e8e:	83a1                	srli	a5,a5,0x8
10006e90:	bf5d                	j	10006e46 <__lo0bits+0x34>
10006e92:	8389                	srli	a5,a5,0x2
10006e94:	4709                	li	a4,2
10006e96:	c11c                	sw	a5,0(a0)
10006e98:	853a                	mv	a0,a4
10006e9a:	8082                	ret
10006e9c:	838d                	srli	a5,a5,0x3
10006e9e:	eb81                	bnez	a5,10006eae <__lo0bits+0x9c>
10006ea0:	02000713          	li	a4,32
10006ea4:	b769                	j	10006e2e <__lo0bits+0x1c>
10006ea6:	838d                	srli	a5,a5,0x3
10006ea8:	470d                	li	a4,3
10006eaa:	c11c                	sw	a5,0(a0)
10006eac:	bf4d                	j	10006e5e <__lo0bits+0x4c>
10006eae:	070d                	addi	a4,a4,3
10006eb0:	c11c                	sw	a5,0(a0)
10006eb2:	b775                	j	10006e5e <__lo0bits+0x4c>

10006eb4 <__i2b>:
10006eb4:	417c                	lw	a5,68(a0)
10006eb6:	1101                	addi	sp,sp,-32
10006eb8:	ce06                	sw	ra,28(sp)
10006eba:	872a                	mv	a4,a0
10006ebc:	86ae                	mv	a3,a1
10006ebe:	cf89                	beqz	a5,10006ed8 <__i2b+0x24>
10006ec0:	43c8                	lw	a0,4(a5)
10006ec2:	c521                	beqz	a0,10006f0a <__i2b+0x56>
10006ec4:	4118                	lw	a4,0(a0)
10006ec6:	40f2                	lw	ra,28(sp)
10006ec8:	c3d8                	sw	a4,4(a5)
10006eca:	4785                	li	a5,1
10006ecc:	00052623          	sw	zero,12(a0)
10006ed0:	c954                	sw	a3,20(a0)
10006ed2:	c91c                	sw	a5,16(a0)
10006ed4:	6105                	addi	sp,sp,32
10006ed6:	8082                	ret
10006ed8:	c62e                	sw	a1,12(sp)
10006eda:	02100613          	li	a2,33
10006ede:	4591                	li	a1,4
10006ee0:	c42a                	sw	a0,8(sp)
10006ee2:	c30fa0ef          	jal	10001312 <_calloc_r>
10006ee6:	4722                	lw	a4,8(sp)
10006ee8:	46b2                	lw	a3,12(sp)
10006eea:	87aa                	mv	a5,a0
10006eec:	c368                	sw	a0,68(a4)
10006eee:	f969                	bnez	a0,10006ec0 <__i2b+0xc>
10006ef0:	100086b7          	lui	a3,0x10008
10006ef4:	10008537          	lui	a0,0x10008
10006ef8:	90c68693          	addi	a3,a3,-1780 # 1000790c <__EH_FRAME_BEGIN__+0x160>
10006efc:	96850513          	addi	a0,a0,-1688 # 10007968 <__EH_FRAME_BEGIN__+0x1bc>
10006f00:	4601                	li	a2,0
10006f02:	14500593          	li	a1,325
10006f06:	b76fa0ef          	jal	1000127c <__assert_func>
10006f0a:	853a                	mv	a0,a4
10006f0c:	4671                	li	a2,28
10006f0e:	4585                	li	a1,1
10006f10:	c436                	sw	a3,8(sp)
10006f12:	c00fa0ef          	jal	10001312 <_calloc_r>
10006f16:	dd69                	beqz	a0,10006ef0 <__i2b+0x3c>
10006f18:	46a2                	lw	a3,8(sp)
10006f1a:	40f2                	lw	ra,28(sp)
10006f1c:	4789                	li	a5,2
10006f1e:	c51c                	sw	a5,8(a0)
10006f20:	4705                	li	a4,1
10006f22:	4785                	li	a5,1
10006f24:	c158                	sw	a4,4(a0)
10006f26:	00052623          	sw	zero,12(a0)
10006f2a:	c954                	sw	a3,20(a0)
10006f2c:	c91c                	sw	a5,16(a0)
10006f2e:	6105                	addi	sp,sp,32
10006f30:	8082                	ret

10006f32 <__multiply>:
10006f32:	1101                	addi	sp,sp,-32
10006f34:	c64e                	sw	s3,12(sp)
10006f36:	c452                	sw	s4,8(sp)
10006f38:	0105a983          	lw	s3,16(a1)
10006f3c:	01062a03          	lw	s4,16(a2)
10006f40:	ca26                	sw	s1,20(sp)
10006f42:	c84a                	sw	s2,16(sp)
10006f44:	ce06                	sw	ra,28(sp)
10006f46:	cc22                	sw	s0,24(sp)
10006f48:	892e                	mv	s2,a1
10006f4a:	84b2                	mv	s1,a2
10006f4c:	0149c763          	blt	s3,s4,10006f5a <__multiply+0x28>
10006f50:	8752                	mv	a4,s4
10006f52:	84ae                	mv	s1,a1
10006f54:	8a4e                	mv	s4,s3
10006f56:	8932                	mv	s2,a2
10006f58:	89ba                	mv	s3,a4
10006f5a:	449c                	lw	a5,8(s1)
10006f5c:	40cc                	lw	a1,4(s1)
10006f5e:	013a0433          	add	s0,s4,s3
10006f62:	0087a7b3          	slt	a5,a5,s0
10006f66:	95be                	add	a1,a1,a5
10006f68:	cedff0ef          	jal	10006c54 <_Balloc>
10006f6c:	12050f63          	beqz	a0,100070aa <__multiply+0x178>
10006f70:	01450893          	addi	a7,a0,20
10006f74:	21144833          	sh2add	a6,s0,a7
10006f78:	87c6                	mv	a5,a7
10006f7a:	0108f763          	bgeu	a7,a6,10006f88 <__multiply+0x56>
10006f7e:	0007a023          	sw	zero,0(a5)
10006f82:	0791                	addi	a5,a5,4
10006f84:	ff07ede3          	bltu	a5,a6,10006f7e <__multiply+0x4c>
10006f88:	01490593          	addi	a1,s2,20
10006f8c:	20b9c333          	sh2add	t1,s3,a1
10006f90:	0e65fb63          	bgeu	a1,t1,10007086 <__multiply+0x154>
10006f94:	01448e93          	addi	t4,s1,20
10006f98:	21da46b3          	sh2add	a3,s4,t4
10006f9c:	01548e13          	addi	t3,s1,21
10006fa0:	01c6be33          	sltu	t3,a3,t3
10006fa4:	40968633          	sub	a2,a3,s1
10006fa8:	001e4e13          	xori	t3,t3,1
10006fac:	162d                	addi	a2,a2,-21
10006fae:	a809                	j	10006fc0 <__multiply+0x8e>
10006fb0:	010fdf93          	srli	t6,t6,0x10
10006fb4:	060f9b63          	bnez	t6,1000702a <__multiply+0xf8>
10006fb8:	0591                	addi	a1,a1,4
10006fba:	0891                	addi	a7,a7,4
10006fbc:	0c65f563          	bgeu	a1,t1,10007086 <__multiply+0x154>
10006fc0:	0005af83          	lw	t6,0(a1)
10006fc4:	080fc3b3          	zext.h	t2,t6
10006fc8:	fe0384e3          	beqz	t2,10006fb0 <__multiply+0x7e>
10006fcc:	82c6                	mv	t0,a7
10006fce:	8ff6                	mv	t6,t4
10006fd0:	4481                	li	s1,0
10006fd2:	000fa783          	lw	a5,0(t6)
10006fd6:	0002af03          	lw	t5,0(t0)
10006fda:	0291                	addi	t0,t0,4
10006fdc:	0807c733          	zext.h	a4,a5
10006fe0:	02770733          	mul	a4,a4,t2
10006fe4:	83c1                	srli	a5,a5,0x10
10006fe6:	080f4933          	zext.h	s2,t5
10006fea:	010f5f13          	srli	t5,t5,0x10
10006fee:	0f91                	addi	t6,t6,4
10006ff0:	027787b3          	mul	a5,a5,t2
10006ff4:	974a                	add	a4,a4,s2
10006ff6:	9726                	add	a4,a4,s1
10006ff8:	01075493          	srli	s1,a4,0x10
10006ffc:	97fa                	add	a5,a5,t5
10006ffe:	97a6                	add	a5,a5,s1
10007000:	08f74733          	pack	a4,a4,a5
10007004:	fee2ae23          	sw	a4,-4(t0)
10007008:	0107d493          	srli	s1,a5,0x10
1000700c:	fcdfe3e3          	bltu	t6,a3,10006fd2 <__multiply+0xa0>
10007010:	4781                	li	a5,0
10007012:	000e0463          	beqz	t3,1000701a <__multiply+0xe8>
10007016:	ffc67793          	andi	a5,a2,-4
1000701a:	97c6                	add	a5,a5,a7
1000701c:	c3c4                	sw	s1,4(a5)
1000701e:	0005af83          	lw	t6,0(a1)
10007022:	010fdf93          	srli	t6,t6,0x10
10007026:	f80f89e3          	beqz	t6,10006fb8 <__multiply+0x86>
1000702a:	0008a783          	lw	a5,0(a7)
1000702e:	82c6                	mv	t0,a7
10007030:	8f76                	mv	t5,t4
10007032:	83be                	mv	t2,a5
10007034:	4481                	li	s1,0
10007036:	000f5703          	lhu	a4,0(t5)
1000703a:	0103d993          	srli	s3,t2,0x10
1000703e:	0f11                	addi	t5,t5,4
10007040:	03f70733          	mul	a4,a4,t6
10007044:	0042a383          	lw	t2,4(t0)
10007048:	0291                	addi	t0,t0,4
1000704a:	0803c933          	zext.h	s2,t2
1000704e:	9726                	add	a4,a4,s1
10007050:	974e                	add	a4,a4,s3
10007052:	08e7c7b3          	pack	a5,a5,a4
10007056:	fef2ae23          	sw	a5,-4(t0)
1000705a:	ffef5783          	lhu	a5,-2(t5)
1000705e:	8341                	srli	a4,a4,0x10
10007060:	03f787b3          	mul	a5,a5,t6
10007064:	97ca                	add	a5,a5,s2
10007066:	97ba                	add	a5,a5,a4
10007068:	0107d493          	srli	s1,a5,0x10
1000706c:	fcdf65e3          	bltu	t5,a3,10007036 <__multiply+0x104>
10007070:	4701                	li	a4,0
10007072:	000e0463          	beqz	t3,1000707a <__multiply+0x148>
10007076:	ffc67713          	andi	a4,a2,-4
1000707a:	9746                	add	a4,a4,a7
1000707c:	c35c                	sw	a5,4(a4)
1000707e:	0591                	addi	a1,a1,4
10007080:	0891                	addi	a7,a7,4
10007082:	f265efe3          	bltu	a1,t1,10006fc0 <__multiply+0x8e>
10007086:	00804563          	bgtz	s0,10007090 <__multiply+0x15e>
1000708a:	a039                	j	10007098 <__multiply+0x166>
1000708c:	147d                	addi	s0,s0,-1
1000708e:	c409                	beqz	s0,10007098 <__multiply+0x166>
10007090:	ffc82783          	lw	a5,-4(a6)
10007094:	1871                	addi	a6,a6,-4
10007096:	dbfd                	beqz	a5,1000708c <__multiply+0x15a>
10007098:	40f2                	lw	ra,28(sp)
1000709a:	c900                	sw	s0,16(a0)
1000709c:	4462                	lw	s0,24(sp)
1000709e:	44d2                	lw	s1,20(sp)
100070a0:	4942                	lw	s2,16(sp)
100070a2:	49b2                	lw	s3,12(sp)
100070a4:	4a22                	lw	s4,8(sp)
100070a6:	6105                	addi	sp,sp,32
100070a8:	8082                	ret
100070aa:	100086b7          	lui	a3,0x10008
100070ae:	10008537          	lui	a0,0x10008
100070b2:	90c68693          	addi	a3,a3,-1780 # 1000790c <__EH_FRAME_BEGIN__+0x160>
100070b6:	96850513          	addi	a0,a0,-1688 # 10007968 <__EH_FRAME_BEGIN__+0x1bc>
100070ba:	4601                	li	a2,0
100070bc:	16200593          	li	a1,354
100070c0:	9bcfa0ef          	jal	1000127c <__assert_func>

100070c4 <__pow5mult>:
100070c4:	1101                	addi	sp,sp,-32
100070c6:	cc22                	sw	s0,24(sp)
100070c8:	c84a                	sw	s2,16(sp)
100070ca:	c64e                	sw	s3,12(sp)
100070cc:	ce06                	sw	ra,28(sp)
100070ce:	00367793          	andi	a5,a2,3
100070d2:	8432                	mv	s0,a2
100070d4:	89aa                	mv	s3,a0
100070d6:	892e                	mv	s2,a1
100070d8:	efb5                	bnez	a5,10007154 <__pow5mult+0x90>
100070da:	8409                	srai	s0,s0,0x2
100070dc:	c42d                	beqz	s0,10007146 <__pow5mult+0x82>
100070de:	ca26                	sw	s1,20(sp)
100070e0:	0409a483          	lw	s1,64(s3)
100070e4:	c4c9                	beqz	s1,1000716e <__pow5mult+0xaa>
100070e6:	00147793          	andi	a5,s0,1
100070ea:	8405                	srai	s0,s0,0x1
100070ec:	eb81                	bnez	a5,100070fc <__pow5mult+0x38>
100070ee:	4088                	lw	a0,0(s1)
100070f0:	c91d                	beqz	a0,10007126 <__pow5mult+0x62>
100070f2:	84aa                	mv	s1,a0
100070f4:	00147793          	andi	a5,s0,1
100070f8:	8405                	srai	s0,s0,0x1
100070fa:	dbf5                	beqz	a5,100070ee <__pow5mult+0x2a>
100070fc:	8626                	mv	a2,s1
100070fe:	85ca                	mv	a1,s2
10007100:	854e                	mv	a0,s3
10007102:	3d05                	jal	10006f32 <__multiply>
10007104:	00090d63          	beqz	s2,1000711e <__pow5mult+0x5a>
10007108:	0449a703          	lw	a4,68(s3)
1000710c:	00492783          	lw	a5,4(s2)
10007110:	20e7c7b3          	sh2add	a5,a5,a4
10007114:	4398                	lw	a4,0(a5)
10007116:	00e92023          	sw	a4,0(s2)
1000711a:	0127a023          	sw	s2,0(a5)
1000711e:	cc09                	beqz	s0,10007138 <__pow5mult+0x74>
10007120:	892a                	mv	s2,a0
10007122:	4088                	lw	a0,0(s1)
10007124:	f579                	bnez	a0,100070f2 <__pow5mult+0x2e>
10007126:	8626                	mv	a2,s1
10007128:	85a6                	mv	a1,s1
1000712a:	854e                	mv	a0,s3
1000712c:	3519                	jal	10006f32 <__multiply>
1000712e:	c088                	sw	a0,0(s1)
10007130:	00052023          	sw	zero,0(a0)
10007134:	84aa                	mv	s1,a0
10007136:	bf7d                	j	100070f4 <__pow5mult+0x30>
10007138:	40f2                	lw	ra,28(sp)
1000713a:	4462                	lw	s0,24(sp)
1000713c:	44d2                	lw	s1,20(sp)
1000713e:	4942                	lw	s2,16(sp)
10007140:	49b2                	lw	s3,12(sp)
10007142:	6105                	addi	sp,sp,32
10007144:	8082                	ret
10007146:	40f2                	lw	ra,28(sp)
10007148:	4462                	lw	s0,24(sp)
1000714a:	49b2                	lw	s3,12(sp)
1000714c:	854a                	mv	a0,s2
1000714e:	4942                	lw	s2,16(sp)
10007150:	6105                	addi	sp,sp,32
10007152:	8082                	ret
10007154:	10008737          	lui	a4,0x10008
10007158:	ca070713          	addi	a4,a4,-864 # 10007ca0 <p05.0>
1000715c:	20e7c7b3          	sh2add	a5,a5,a4
10007160:	ffc7a603          	lw	a2,-4(a5)
10007164:	4681                	li	a3,0
10007166:	b65ff0ef          	jal	10006cca <__multadd>
1000716a:	892a                	mv	s2,a0
1000716c:	b7bd                	j	100070da <__pow5mult+0x16>
1000716e:	4585                	li	a1,1
10007170:	854e                	mv	a0,s3
10007172:	ae3ff0ef          	jal	10006c54 <_Balloc>
10007176:	84aa                	mv	s1,a0
10007178:	c919                	beqz	a0,1000718e <__pow5mult+0xca>
1000717a:	27100713          	li	a4,625
1000717e:	4785                	li	a5,1
10007180:	c958                	sw	a4,20(a0)
10007182:	c91c                	sw	a5,16(a0)
10007184:	04a9a023          	sw	a0,64(s3)
10007188:	00052023          	sw	zero,0(a0)
1000718c:	bfa9                	j	100070e6 <__pow5mult+0x22>
1000718e:	100086b7          	lui	a3,0x10008
10007192:	10008537          	lui	a0,0x10008
10007196:	90c68693          	addi	a3,a3,-1780 # 1000790c <__EH_FRAME_BEGIN__+0x160>
1000719a:	96850513          	addi	a0,a0,-1688 # 10007968 <__EH_FRAME_BEGIN__+0x1bc>
1000719e:	4601                	li	a2,0
100071a0:	14500593          	li	a1,325
100071a4:	8d8fa0ef          	jal	1000127c <__assert_func>

100071a8 <__lshift>:
100071a8:	7179                	addi	sp,sp,-48
100071aa:	d04a                	sw	s2,32(sp)
100071ac:	0105a903          	lw	s2,16(a1)
100071b0:	459c                	lw	a5,8(a1)
100071b2:	cc52                	sw	s4,24(sp)
100071b4:	40565a13          	srai	s4,a2,0x5
100071b8:	9952                	add	s2,s2,s4
100071ba:	d422                	sw	s0,40(sp)
100071bc:	d226                	sw	s1,36(sp)
100071be:	ce4e                	sw	s3,28(sp)
100071c0:	d606                	sw	ra,44(sp)
100071c2:	00190413          	addi	s0,s2,1
100071c6:	84ae                	mv	s1,a1
100071c8:	89aa                	mv	s3,a0
100071ca:	41cc                	lw	a1,4(a1)
100071cc:	0087d663          	bge	a5,s0,100071d8 <__lshift+0x30>
100071d0:	0786                	slli	a5,a5,0x1
100071d2:	0585                	addi	a1,a1,1
100071d4:	fe87cee3          	blt	a5,s0,100071d0 <__lshift+0x28>
100071d8:	854e                	mv	a0,s3
100071da:	c632                	sw	a2,12(sp)
100071dc:	a79ff0ef          	jal	10006c54 <_Balloc>
100071e0:	4632                	lw	a2,12(sp)
100071e2:	c95d                	beqz	a0,10007298 <__lshift+0xf0>
100071e4:	01450593          	addi	a1,a0,20
100071e8:	01405e63          	blez	s4,10007204 <__lshift+0x5c>
100071ec:	005a0713          	addi	a4,s4,5
100071f0:	20a74733          	sh2add	a4,a4,a0
100071f4:	87ae                	mv	a5,a1
100071f6:	0791                	addi	a5,a5,4
100071f8:	fe07ae23          	sw	zero,-4(a5)
100071fc:	fee79de3          	bne	a5,a4,100071f6 <__lshift+0x4e>
10007200:	20ba45b3          	sh2add	a1,s4,a1
10007204:	0104a883          	lw	a7,16(s1)
10007208:	01448793          	addi	a5,s1,20
1000720c:	8a7d                	andi	a2,a2,31
1000720e:	20f8c8b3          	sh2add	a7,a7,a5
10007212:	c625                	beqz	a2,1000727a <__lshift+0xd2>
10007214:	02000313          	li	t1,32
10007218:	40c30333          	sub	t1,t1,a2
1000721c:	882e                	mv	a6,a1
1000721e:	4681                	li	a3,0
10007220:	4398                	lw	a4,0(a5)
10007222:	0811                	addi	a6,a6,4
10007224:	0791                	addi	a5,a5,4
10007226:	00c71733          	sll	a4,a4,a2
1000722a:	8f55                	or	a4,a4,a3
1000722c:	fee82e23          	sw	a4,-4(a6)
10007230:	ffc7a683          	lw	a3,-4(a5)
10007234:	0066d6b3          	srl	a3,a3,t1
10007238:	ff17e4e3          	bltu	a5,a7,10007220 <__lshift+0x78>
1000723c:	01548793          	addi	a5,s1,21
10007240:	4701                	li	a4,0
10007242:	00f8e763          	bltu	a7,a5,10007250 <__lshift+0xa8>
10007246:	409888b3          	sub	a7,a7,s1
1000724a:	18ad                	addi	a7,a7,-21
1000724c:	ffc8f713          	andi	a4,a7,-4
10007250:	95ba                	add	a1,a1,a4
10007252:	c1d4                	sw	a3,4(a1)
10007254:	e291                	bnez	a3,10007258 <__lshift+0xb0>
10007256:	844a                	mv	s0,s2
10007258:	0449a703          	lw	a4,68(s3)
1000725c:	40dc                	lw	a5,4(s1)
1000725e:	50b2                	lw	ra,44(sp)
10007260:	c900                	sw	s0,16(a0)
10007262:	20e7c7b3          	sh2add	a5,a5,a4
10007266:	4398                	lw	a4,0(a5)
10007268:	5422                	lw	s0,40(sp)
1000726a:	5902                	lw	s2,32(sp)
1000726c:	c098                	sw	a4,0(s1)
1000726e:	c384                	sw	s1,0(a5)
10007270:	49f2                	lw	s3,28(sp)
10007272:	5492                	lw	s1,36(sp)
10007274:	4a62                	lw	s4,24(sp)
10007276:	6145                	addi	sp,sp,48
10007278:	8082                	ret
1000727a:	4398                	lw	a4,0(a5)
1000727c:	0791                	addi	a5,a5,4
1000727e:	0591                	addi	a1,a1,4
10007280:	fee5ae23          	sw	a4,-4(a1)
10007284:	fd17f9e3          	bgeu	a5,a7,10007256 <__lshift+0xae>
10007288:	4398                	lw	a4,0(a5)
1000728a:	0791                	addi	a5,a5,4
1000728c:	0591                	addi	a1,a1,4
1000728e:	fee5ae23          	sw	a4,-4(a1)
10007292:	ff17e4e3          	bltu	a5,a7,1000727a <__lshift+0xd2>
10007296:	b7c1                	j	10007256 <__lshift+0xae>
10007298:	100086b7          	lui	a3,0x10008
1000729c:	10008537          	lui	a0,0x10008
100072a0:	90c68693          	addi	a3,a3,-1780 # 1000790c <__EH_FRAME_BEGIN__+0x160>
100072a4:	96850513          	addi	a0,a0,-1688 # 10007968 <__EH_FRAME_BEGIN__+0x1bc>
100072a8:	4601                	li	a2,0
100072aa:	1de00593          	li	a1,478
100072ae:	fcff90ef          	jal	1000127c <__assert_func>

100072b2 <__mcmp>:
100072b2:	4918                	lw	a4,16(a0)
100072b4:	499c                	lw	a5,16(a1)
100072b6:	862a                	mv	a2,a0
100072b8:	40f70533          	sub	a0,a4,a5
100072bc:	02f71863          	bne	a4,a5,100072ec <__mcmp+0x3a>
100072c0:	0651                	addi	a2,a2,20
100072c2:	05d1                	addi	a1,a1,20
100072c4:	20b7c5b3          	sh2add	a1,a5,a1
100072c8:	20c7c7b3          	sh2add	a5,a5,a2
100072cc:	a019                	j	100072d2 <__mcmp+0x20>
100072ce:	00f67f63          	bgeu	a2,a5,100072ec <__mcmp+0x3a>
100072d2:	ffc7a683          	lw	a3,-4(a5)
100072d6:	ffc5a703          	lw	a4,-4(a1)
100072da:	17f1                	addi	a5,a5,-4
100072dc:	15f1                	addi	a1,a1,-4
100072de:	fee688e3          	beq	a3,a4,100072ce <__mcmp+0x1c>
100072e2:	4505                	li	a0,1
100072e4:	00e6f463          	bgeu	a3,a4,100072ec <__mcmp+0x3a>
100072e8:	557d                	li	a0,-1
100072ea:	8082                	ret
100072ec:	8082                	ret

100072ee <__mdiff>:
100072ee:	499c                	lw	a5,16(a1)
100072f0:	4a18                	lw	a4,16(a2)
100072f2:	1101                	addi	sp,sp,-32
100072f4:	ce06                	sw	ra,28(sp)
100072f6:	8fae                	mv	t6,a1
100072f8:	40e788b3          	sub	a7,a5,a4
100072fc:	02e79863          	bne	a5,a4,1000732c <__mdiff+0x3e>
10007300:	05d1                	addi	a1,a1,20
10007302:	01460693          	addi	a3,a2,20
10007306:	20b747b3          	sh2add	a5,a4,a1
1000730a:	20d74733          	sh2add	a4,a4,a3
1000730e:	a019                	j	10007314 <__mdiff+0x26>
10007310:	10f5f763          	bgeu	a1,a5,1000741e <__mdiff+0x130>
10007314:	ffc7a803          	lw	a6,-4(a5)
10007318:	ffc72683          	lw	a3,-4(a4)
1000731c:	17f1                	addi	a5,a5,-4
1000731e:	1771                	addi	a4,a4,-4
10007320:	fed808e3          	beq	a6,a3,10007310 <__mdiff+0x22>
10007324:	10d87863          	bgeu	a6,a3,10007434 <__mdiff+0x146>
10007328:	4885                	li	a7,1
1000732a:	a039                	j	10007338 <__mdiff+0x4a>
1000732c:	fe08cee3          	bltz	a7,10007328 <__mdiff+0x3a>
10007330:	87b2                	mv	a5,a2
10007332:	4881                	li	a7,0
10007334:	862e                	mv	a2,a1
10007336:	8fbe                	mv	t6,a5
10007338:	424c                	lw	a1,4(a2)
1000733a:	c67e                	sw	t6,12(sp)
1000733c:	c446                	sw	a7,8(sp)
1000733e:	c232                	sw	a2,4(sp)
10007340:	915ff0ef          	jal	10006c54 <_Balloc>
10007344:	4612                	lw	a2,4(sp)
10007346:	48a2                	lw	a7,8(sp)
10007348:	4fb2                	lw	t6,12(sp)
1000734a:	10050663          	beqz	a0,10007456 <__mdiff+0x168>
1000734e:	01062e03          	lw	t3,16(a2)
10007352:	010fa583          	lw	a1,16(t6)
10007356:	01460293          	addi	t0,a2,20
1000735a:	014f8813          	addi	a6,t6,20
1000735e:	01450393          	addi	t2,a0,20
10007362:	01152623          	sw	a7,12(a0)
10007366:	205e4eb3          	sh2add	t4,t3,t0
1000736a:	8316                	mv	t1,t0
1000736c:	2105c5b3          	sh2add	a1,a1,a6
10007370:	889e                	mv	a7,t2
10007372:	4681                	li	a3,0
10007374:	00032703          	lw	a4,0(t1)
10007378:	00082603          	lw	a2,0(a6)
1000737c:	0891                	addi	a7,a7,4
1000737e:	080747b3          	zext.h	a5,a4
10007382:	08064f33          	zext.h	t5,a2
10007386:	41e787b3          	sub	a5,a5,t5
1000738a:	97b6                	add	a5,a5,a3
1000738c:	8341                	srli	a4,a4,0x10
1000738e:	8241                	srli	a2,a2,0x10
10007390:	4107d693          	srai	a3,a5,0x10
10007394:	8f11                	sub	a4,a4,a2
10007396:	9736                	add	a4,a4,a3
10007398:	08e7c7b3          	pack	a5,a5,a4
1000739c:	0811                	addi	a6,a6,4
1000739e:	fef8ae23          	sw	a5,-4(a7)
100073a2:	0311                	addi	t1,t1,4
100073a4:	41075693          	srai	a3,a4,0x10
100073a8:	fcb866e3          	bltu	a6,a1,10007374 <__mdiff+0x86>
100073ac:	015f8613          	addi	a2,t6,21
100073b0:	4701                	li	a4,0
100073b2:	00c5e763          	bltu	a1,a2,100073c0 <__mdiff+0xd2>
100073b6:	41f585b3          	sub	a1,a1,t6
100073ba:	15ad                	addi	a1,a1,-21
100073bc:	ffc5f713          	andi	a4,a1,-4
100073c0:	00e28333          	add	t1,t0,a4
100073c4:	0311                	addi	t1,t1,4
100073c6:	971e                	add	a4,a4,t2
100073c8:	405388b3          	sub	a7,t2,t0
100073cc:	861a                	mv	a2,t1
100073ce:	00470f13          	addi	t5,a4,4
100073d2:	03d37b63          	bgeu	t1,t4,10007408 <__mdiff+0x11a>
100073d6:	421c                	lw	a5,0(a2)
100073d8:	011605b3          	add	a1,a2,a7
100073dc:	0611                	addi	a2,a2,4
100073de:	0807c733          	zext.h	a4,a5
100073e2:	9736                	add	a4,a4,a3
100073e4:	0107d813          	srli	a6,a5,0x10
100073e8:	8741                	srai	a4,a4,0x10
100073ea:	97b6                	add	a5,a5,a3
100073ec:	9742                	add	a4,a4,a6
100073ee:	08e7c7b3          	pack	a5,a5,a4
100073f2:	c19c                	sw	a5,0(a1)
100073f4:	41075693          	srai	a3,a4,0x10
100073f8:	fdd66fe3          	bltu	a2,t4,100073d6 <__mdiff+0xe8>
100073fc:	fffe8713          	addi	a4,t4,-1
10007400:	40670733          	sub	a4,a4,t1
10007404:	9b71                	andi	a4,a4,-4
10007406:	977a                	add	a4,a4,t5
10007408:	e791                	bnez	a5,10007414 <__mdiff+0x126>
1000740a:	ffc72783          	lw	a5,-4(a4)
1000740e:	1771                	addi	a4,a4,-4
10007410:	1e7d                	addi	t3,t3,-1
10007412:	dfe5                	beqz	a5,1000740a <__mdiff+0x11c>
10007414:	40f2                	lw	ra,28(sp)
10007416:	01c52823          	sw	t3,16(a0)
1000741a:	6105                	addi	sp,sp,32
1000741c:	8082                	ret
1000741e:	4581                	li	a1,0
10007420:	835ff0ef          	jal	10006c54 <_Balloc>
10007424:	cd01                	beqz	a0,1000743c <__mdiff+0x14e>
10007426:	40f2                	lw	ra,28(sp)
10007428:	4785                	li	a5,1
1000742a:	00052a23          	sw	zero,20(a0)
1000742e:	c91c                	sw	a5,16(a0)
10007430:	6105                	addi	sp,sp,32
10007432:	8082                	ret
10007434:	87b2                	mv	a5,a2
10007436:	867e                	mv	a2,t6
10007438:	8fbe                	mv	t6,a5
1000743a:	bdfd                	j	10007338 <__mdiff+0x4a>
1000743c:	100086b7          	lui	a3,0x10008
10007440:	10008537          	lui	a0,0x10008
10007444:	90c68693          	addi	a3,a3,-1780 # 1000790c <__EH_FRAME_BEGIN__+0x160>
10007448:	96850513          	addi	a0,a0,-1688 # 10007968 <__EH_FRAME_BEGIN__+0x1bc>
1000744c:	4601                	li	a2,0
1000744e:	23700593          	li	a1,567
10007452:	e2bf90ef          	jal	1000127c <__assert_func>
10007456:	100086b7          	lui	a3,0x10008
1000745a:	10008537          	lui	a0,0x10008
1000745e:	90c68693          	addi	a3,a3,-1780 # 1000790c <__EH_FRAME_BEGIN__+0x160>
10007462:	96850513          	addi	a0,a0,-1688 # 10007968 <__EH_FRAME_BEGIN__+0x1bc>
10007466:	4601                	li	a2,0
10007468:	24500593          	li	a1,581
1000746c:	e11f90ef          	jal	1000127c <__assert_func>

10007470 <__b2d>:
10007470:	7179                	addi	sp,sp,-48
10007472:	d226                	sw	s1,36(sp)
10007474:	4904                	lw	s1,16(a0)
10007476:	d422                	sw	s0,40(sp)
10007478:	01450413          	addi	s0,a0,20
1000747c:	2084c4b3          	sh2add	s1,s1,s0
10007480:	d04a                	sw	s2,32(sp)
10007482:	ffc4a903          	lw	s2,-4(s1)
10007486:	ce4e                	sw	s3,28(sp)
10007488:	c62e                	sw	a1,12(sp)
1000748a:	854a                	mv	a0,s2
1000748c:	d606                	sw	ra,44(sp)
1000748e:	91dff0ef          	jal	10006daa <__hi0bits>
10007492:	45b2                	lw	a1,12(sp)
10007494:	02000713          	li	a4,32
10007498:	40a707b3          	sub	a5,a4,a0
1000749c:	c19c                	sw	a5,0(a1)
1000749e:	47a9                	li	a5,10
100074a0:	ffc48993          	addi	s3,s1,-4
100074a4:	06a7da63          	bge	a5,a0,10007518 <__b2d+0xa8>
100074a8:	ff550613          	addi	a2,a0,-11
100074ac:	03347d63          	bgeu	s0,s3,100074e6 <__b2d+0x76>
100074b0:	ff84a783          	lw	a5,-8(s1)
100074b4:	c629                	beqz	a2,100074fe <__b2d+0x8e>
100074b6:	40c706b3          	sub	a3,a4,a2
100074ba:	00d7d733          	srl	a4,a5,a3
100074be:	00c91933          	sll	s2,s2,a2
100074c2:	00e96933          	or	s2,s2,a4
100074c6:	00c797b3          	sll	a5,a5,a2
100074ca:	3ff00737          	lui	a4,0x3ff00
100074ce:	ff848613          	addi	a2,s1,-8
100074d2:	00e96733          	or	a4,s2,a4
100074d6:	02c47863          	bgeu	s0,a2,10007506 <__b2d+0x96>
100074da:	ff44a603          	lw	a2,-12(s1)
100074de:	00d656b3          	srl	a3,a2,a3
100074e2:	8fd5                	or	a5,a5,a3
100074e4:	a00d                	j	10007506 <__b2d+0x96>
100074e6:	47ad                	li	a5,11
100074e8:	00f50a63          	beq	a0,a5,100074fc <__b2d+0x8c>
100074ec:	00c91933          	sll	s2,s2,a2
100074f0:	3ff00737          	lui	a4,0x3ff00
100074f4:	00e96733          	or	a4,s2,a4
100074f8:	4781                	li	a5,0
100074fa:	a031                	j	10007506 <__b2d+0x96>
100074fc:	4781                	li	a5,0
100074fe:	3ff00737          	lui	a4,0x3ff00
10007502:	00e96733          	or	a4,s2,a4
10007506:	50b2                	lw	ra,44(sp)
10007508:	5422                	lw	s0,40(sp)
1000750a:	5492                	lw	s1,36(sp)
1000750c:	5902                	lw	s2,32(sp)
1000750e:	49f2                	lw	s3,28(sp)
10007510:	853e                	mv	a0,a5
10007512:	85ba                	mv	a1,a4
10007514:	6145                	addi	sp,sp,48
10007516:	8082                	ret
10007518:	46ad                	li	a3,11
1000751a:	8e89                	sub	a3,a3,a0
1000751c:	3ff007b7          	lui	a5,0x3ff00
10007520:	00d95733          	srl	a4,s2,a3
10007524:	8f5d                	or	a4,a4,a5
10007526:	4781                	li	a5,0
10007528:	01347663          	bgeu	s0,s3,10007534 <__b2d+0xc4>
1000752c:	ff84a783          	lw	a5,-8(s1)
10007530:	00d7d7b3          	srl	a5,a5,a3
10007534:	0555                	addi	a0,a0,21
10007536:	00a91933          	sll	s2,s2,a0
1000753a:	00f967b3          	or	a5,s2,a5
1000753e:	b7e1                	j	10007506 <__b2d+0x96>

10007540 <__ascii_wctomb>:
10007540:	cd91                	beqz	a1,1000755c <__ascii_wctomb+0x1c>
10007542:	0ff00793          	li	a5,255
10007546:	00c7e663          	bltu	a5,a2,10007552 <__ascii_wctomb+0x12>
1000754a:	00c58023          	sb	a2,0(a1)
1000754e:	4505                	li	a0,1
10007550:	8082                	ret
10007552:	08a00793          	li	a5,138
10007556:	c11c                	sw	a5,0(a0)
10007558:	557d                	li	a0,-1
1000755a:	8082                	ret
1000755c:	4501                	li	a0,0
1000755e:	8082                	ret

10007560 <_fclose_r>:
10007560:	1141                	addi	sp,sp,-16
10007562:	c606                	sw	ra,12(sp)
10007564:	c04a                	sw	s2,0(sp)
10007566:	cd89                	beqz	a1,10007580 <_fclose_r+0x20>
10007568:	c422                	sw	s0,8(sp)
1000756a:	c226                	sw	s1,4(sp)
1000756c:	842e                	mv	s0,a1
1000756e:	84aa                	mv	s1,a0
10007570:	c119                	beqz	a0,10007576 <_fclose_r+0x16>
10007572:	595c                	lw	a5,52(a0)
10007574:	c7d9                	beqz	a5,10007602 <_fclose_r+0xa2>
10007576:	00c41783          	lh	a5,12(s0)
1000757a:	eb89                	bnez	a5,1000758c <_fclose_r+0x2c>
1000757c:	4422                	lw	s0,8(sp)
1000757e:	4492                	lw	s1,4(sp)
10007580:	40b2                	lw	ra,12(sp)
10007582:	4901                	li	s2,0
10007584:	854a                	mv	a0,s2
10007586:	4902                	lw	s2,0(sp)
10007588:	0141                	addi	sp,sp,16
1000758a:	8082                	ret
1000758c:	85a2                	mv	a1,s0
1000758e:	8526                	mv	a0,s1
10007590:	8a2fd0ef          	jal	10004632 <__sflush_r>
10007594:	545c                	lw	a5,44(s0)
10007596:	892a                	mv	s2,a0
10007598:	c791                	beqz	a5,100075a4 <_fclose_r+0x44>
1000759a:	4c4c                	lw	a1,28(s0)
1000759c:	8526                	mv	a0,s1
1000759e:	9782                	jalr	a5
100075a0:	04054663          	bltz	a0,100075ec <_fclose_r+0x8c>
100075a4:	00c45783          	lhu	a5,12(s0)
100075a8:	0807f793          	andi	a5,a5,128
100075ac:	e7b1                	bnez	a5,100075f8 <_fclose_r+0x98>
100075ae:	580c                	lw	a1,48(s0)
100075b0:	c991                	beqz	a1,100075c4 <_fclose_r+0x64>
100075b2:	04040793          	addi	a5,s0,64
100075b6:	00f58563          	beq	a1,a5,100075c0 <_fclose_r+0x60>
100075ba:	8526                	mv	a0,s1
100075bc:	cf1fa0ef          	jal	100022ac <_free_r>
100075c0:	02042823          	sw	zero,48(s0)
100075c4:	406c                	lw	a1,68(s0)
100075c6:	c591                	beqz	a1,100075d2 <_fclose_r+0x72>
100075c8:	8526                	mv	a0,s1
100075ca:	ce3fa0ef          	jal	100022ac <_free_r>
100075ce:	04042223          	sw	zero,68(s0)
100075d2:	bdafd0ef          	jal	100049ac <__sfp_lock_acquire>
100075d6:	00041623          	sh	zero,12(s0)
100075da:	bd4fd0ef          	jal	100049ae <__sfp_lock_release>
100075de:	40b2                	lw	ra,12(sp)
100075e0:	4422                	lw	s0,8(sp)
100075e2:	4492                	lw	s1,4(sp)
100075e4:	854a                	mv	a0,s2
100075e6:	4902                	lw	s2,0(sp)
100075e8:	0141                	addi	sp,sp,16
100075ea:	8082                	ret
100075ec:	00c45783          	lhu	a5,12(s0)
100075f0:	597d                	li	s2,-1
100075f2:	0807f793          	andi	a5,a5,128
100075f6:	dfc5                	beqz	a5,100075ae <_fclose_r+0x4e>
100075f8:	480c                	lw	a1,16(s0)
100075fa:	8526                	mv	a0,s1
100075fc:	cb1fa0ef          	jal	100022ac <_free_r>
10007600:	b77d                	j	100075ae <_fclose_r+0x4e>
10007602:	b92fd0ef          	jal	10004994 <__sinit>
10007606:	bf85                	j	10007576 <_fclose_r+0x16>

10007608 <__smakebuf_r>:
10007608:	00c59703          	lh	a4,12(a1)
1000760c:	00277793          	andi	a5,a4,2
10007610:	cb81                	beqz	a5,10007620 <__smakebuf_r+0x18>
10007612:	04358793          	addi	a5,a1,67
10007616:	4705                	li	a4,1
10007618:	c19c                	sw	a5,0(a1)
1000761a:	c99c                	sw	a5,16(a1)
1000761c:	c9d8                	sw	a4,20(a1)
1000761e:	8082                	ret
10007620:	87ae                	mv	a5,a1
10007622:	00e59583          	lh	a1,14(a1)
10007626:	7119                	addi	sp,sp,-128
10007628:	dca2                	sw	s0,120(sp)
1000762a:	de86                	sw	ra,124(sp)
1000762c:	842a                	mv	s0,a0
1000762e:	0605c563          	bltz	a1,10007698 <__smakebuf_r+0x90>
10007632:	0830                	addi	a2,sp,24
10007634:	c43e                	sw	a5,8(sp)
10007636:	20e9                	jal	10007700 <_fstat_r>
10007638:	47a2                	lw	a5,8(sp)
1000763a:	04054d63          	bltz	a0,10007694 <__smakebuf_r+0x8c>
1000763e:	40000593          	li	a1,1024
10007642:	8522                	mv	a0,s0
10007644:	daa6                	sw	s1,116(sp)
10007646:	c43e                	sw	a5,8(sp)
10007648:	44f2                	lw	s1,28(sp)
1000764a:	d6bf90ef          	jal	100013b4 <_malloc_r>
1000764e:	47a2                	lw	a5,8(sp)
10007650:	00c79703          	lh	a4,12(a5) # 3ff0000c <__StackTop+0x1fe7e00c>
10007654:	c141                	beqz	a0,100076d4 <__smakebuf_r+0xcc>
10007656:	40000693          	li	a3,1024
1000765a:	08076713          	ori	a4,a4,128
1000765e:	cbd4                	sw	a3,20(a5)
10007660:	40c4d693          	srai	a3,s1,0xc
10007664:	00e79623          	sh	a4,12(a5)
10007668:	c388                	sw	a0,0(a5)
1000766a:	cb88                	sw	a0,16(a5)
1000766c:	8abd                	andi	a3,a3,15
1000766e:	4609                	li	a2,2
10007670:	08c69463          	bne	a3,a2,100076f8 <__smakebuf_r+0xf0>
10007674:	00e79583          	lh	a1,14(a5)
10007678:	8522                	mv	a0,s0
1000767a:	c43e                	sw	a5,8(sp)
1000767c:	287d                	jal	1000773a <_isatty_r>
1000767e:	47a2                	lw	a5,8(sp)
10007680:	28b01693          	bseti	a3,zero,0xb
10007684:	00c79703          	lh	a4,12(a5)
10007688:	c535                	beqz	a0,100076f4 <__smakebuf_r+0xec>
1000768a:	9b71                	andi	a4,a4,-4
1000768c:	54d6                	lw	s1,116(sp)
1000768e:	00176713          	ori	a4,a4,1
10007692:	a815                	j	100076c6 <__smakebuf_r+0xbe>
10007694:	00c79703          	lh	a4,12(a5)
10007698:	48775593          	bexti	a1,a4,0x7
1000769c:	15fd                	addi	a1,a1,-1
1000769e:	3c05f593          	andi	a1,a1,960
100076a2:	04058593          	addi	a1,a1,64
100076a6:	8522                	mv	a0,s0
100076a8:	c63e                	sw	a5,12(sp)
100076aa:	c42e                	sw	a1,8(sp)
100076ac:	d09f90ef          	jal	100013b4 <_malloc_r>
100076b0:	47b2                	lw	a5,12(sp)
100076b2:	45a2                	lw	a1,8(sp)
100076b4:	00c79703          	lh	a4,12(a5)
100076b8:	cd19                	beqz	a0,100076d6 <__smakebuf_r+0xce>
100076ba:	08076713          	ori	a4,a4,128
100076be:	c388                	sw	a0,0(a5)
100076c0:	cb88                	sw	a0,16(a5)
100076c2:	cbcc                	sw	a1,20(a5)
100076c4:	4681                	li	a3,0
100076c6:	8f55                	or	a4,a4,a3
100076c8:	00e79623          	sh	a4,12(a5)
100076cc:	50f6                	lw	ra,124(sp)
100076ce:	5466                	lw	s0,120(sp)
100076d0:	6109                	addi	sp,sp,128
100076d2:	8082                	ret
100076d4:	54d6                	lw	s1,116(sp)
100076d6:	20077693          	andi	a3,a4,512
100076da:	faed                	bnez	a3,100076cc <__smakebuf_r+0xc4>
100076dc:	9b71                	andi	a4,a4,-4
100076de:	04378693          	addi	a3,a5,67
100076e2:	00276713          	ori	a4,a4,2
100076e6:	4605                	li	a2,1
100076e8:	00e79623          	sh	a4,12(a5)
100076ec:	c394                	sw	a3,0(a5)
100076ee:	cb94                	sw	a3,16(a5)
100076f0:	cbd0                	sw	a2,20(a5)
100076f2:	bfe9                	j	100076cc <__smakebuf_r+0xc4>
100076f4:	54d6                	lw	s1,116(sp)
100076f6:	bfc1                	j	100076c6 <__smakebuf_r+0xbe>
100076f8:	54d6                	lw	s1,116(sp)
100076fa:	28b01693          	bseti	a3,zero,0xb
100076fe:	b7e1                	j	100076c6 <__smakebuf_r+0xbe>

10007700 <_fstat_r>:
10007700:	1141                	addi	sp,sp,-16
10007702:	87ae                	mv	a5,a1
10007704:	c422                	sw	s0,8(sp)
10007706:	c226                	sw	s1,4(sp)
10007708:	85b2                	mv	a1,a2
1000770a:	84aa                	mv	s1,a0
1000770c:	853e                	mv	a0,a5
1000770e:	c606                	sw	ra,12(sp)
10007710:	8201a023          	sw	zero,-2016(gp) # 2000415c <errno>
10007714:	b59f90ef          	jal	1000126c <_fstat>
10007718:	57fd                	li	a5,-1
1000771a:	00f50763          	beq	a0,a5,10007728 <_fstat_r+0x28>
1000771e:	40b2                	lw	ra,12(sp)
10007720:	4422                	lw	s0,8(sp)
10007722:	4492                	lw	s1,4(sp)
10007724:	0141                	addi	sp,sp,16
10007726:	8082                	ret
10007728:	8201a783          	lw	a5,-2016(gp) # 2000415c <errno>
1000772c:	dbed                	beqz	a5,1000771e <_fstat_r+0x1e>
1000772e:	40b2                	lw	ra,12(sp)
10007730:	4422                	lw	s0,8(sp)
10007732:	c09c                	sw	a5,0(s1)
10007734:	4492                	lw	s1,4(sp)
10007736:	0141                	addi	sp,sp,16
10007738:	8082                	ret

1000773a <_isatty_r>:
1000773a:	1141                	addi	sp,sp,-16
1000773c:	c422                	sw	s0,8(sp)
1000773e:	c226                	sw	s1,4(sp)
10007740:	84aa                	mv	s1,a0
10007742:	852e                	mv	a0,a1
10007744:	c606                	sw	ra,12(sp)
10007746:	8201a023          	sw	zero,-2016(gp) # 2000415c <errno>
1000774a:	b27f90ef          	jal	10001270 <_isatty>
1000774e:	57fd                	li	a5,-1
10007750:	00f50763          	beq	a0,a5,1000775e <_isatty_r+0x24>
10007754:	40b2                	lw	ra,12(sp)
10007756:	4422                	lw	s0,8(sp)
10007758:	4492                	lw	s1,4(sp)
1000775a:	0141                	addi	sp,sp,16
1000775c:	8082                	ret
1000775e:	8201a783          	lw	a5,-2016(gp) # 2000415c <errno>
10007762:	dbed                	beqz	a5,10007754 <_isatty_r+0x1a>
10007764:	40b2                	lw	ra,12(sp)
10007766:	4422                	lw	s0,8(sp)
10007768:	c09c                	sw	a5,0(s1)
1000776a:	4492                	lw	s1,4(sp)
1000776c:	0141                	addi	sp,sp,16
1000776e:	8082                	ret

10007770 <__pre_init_runtime_init_bootrom_reset>:
10007770:	036c 1000                                   l...

10007774 <__pre_init_runtime_init_early_resets>:
10007774:	030c 1000                                   ....

10007778 <__pre_init_runtime_init_usb_power_down>:
10007778:	0336 1000                                   6...

1000777c <__pre_init_runtime_init_clocks>:
1000777c:	039e 1000                                   ....

10007780 <__pre_init_runtime_init_post_clock_resets>:
10007780:	0350 1000                                   P...

10007784 <__pre_init_runtime_init_spin_locks_reset>:
10007784:	039c 1000                                   ....

10007788 <__pre_init_runtime_init_boot_locks_reset>:
10007788:	105e 1000                                   ^...

1000778c <__pre_init_runtime_init_bootrom_locking_enable>:
1000778c:	104c 1000                                   L...

10007790 <__pre_init_runtime_init_mutex>:
10007790:	0812 1000                                   ....

10007794 <__pre_init_runtime_init_default_alarm_pool>:
10007794:	0c4e 1000                                   N...

10007798 <__pre_init_first_per_core_initializer>:
10007798:	02cc 1000                                   ....

1000779c <__pre_init_runtime_init_per_core_bootrom_reset>:
1000779c:	0384 1000                                   ....

100077a0 <__pre_init_runtime_init_per_core_h3_irq_registers>:
100077a0:	1200 1000                                   ....

100077a4 <__pre_init_runtime_init_per_core_irq_priorities>:
100077a4:	0716 1000                                   ....

100077a8 <__frame_dummy_init_array_entry>:
100077a8:	0104 1000                                   ....

Disassembly of section .data:

20000000 <__adddf3>:
20000000:	00100837          	lui	a6,0x100
20000004:	187d                	addi	a6,a6,-1 # fffff <HeapSize+0xff7ff>
20000006:	00b877b3          	and	a5,a6,a1
2000000a:	0145d713          	srli	a4,a1,0x14
2000000e:	00d87833          	and	a6,a6,a3
20000012:	0146de13          	srli	t3,a3,0x14
20000016:	01d55893          	srli	a7,a0,0x1d
2000001a:	080e                	slli	a6,a6,0x3
2000001c:	01d65313          	srli	t1,a2,0x1d
20000020:	7ff77713          	andi	a4,a4,2047
20000024:	078e                	slli	a5,a5,0x3
20000026:	7ffe7e13          	andi	t3,t3,2047
2000002a:	81fd                	srli	a1,a1,0x1f
2000002c:	82fd                	srli	a3,a3,0x1f
2000002e:	00f8e7b3          	or	a5,a7,a5
20000032:	01036333          	or	t1,t1,a6
20000036:	050e                	slli	a0,a0,0x3
20000038:	060e                	slli	a2,a2,0x3
2000003a:	41c70833          	sub	a6,a4,t3
2000003e:	7ff00893          	li	a7,2047
20000042:	24d59263          	bne	a1,a3,20000286 <__adddf3+0x286>
20000046:	0d005863          	blez	a6,20000116 <__adddf3+0x116>
2000004a:	020e1463          	bnez	t3,20000072 <__adddf3+0x72>
2000004e:	00c366b3          	or	a3,t1,a2
20000052:	ce91                	beqz	a3,2000006e <__adddf3+0x6e>
20000054:	fff70813          	addi	a6,a4,-1 # 3fefffff <__StackTop+0x1fe7dfff>
20000058:	00081963          	bnez	a6,2000006a <__adddf3+0x6a>
2000005c:	962a                	add	a2,a2,a0
2000005e:	979a                	add	a5,a5,t1
20000060:	00a63533          	sltu	a0,a2,a0
20000064:	97aa                	add	a5,a5,a0
20000066:	4705                	li	a4,1
20000068:	a889                	j	200000ba <__adddf3+0xba>
2000006a:	01171863          	bne	a4,a7,2000007a <__adddf3+0x7a>
2000006e:	862a                	mv	a2,a0
20000070:	aab5                	j	200001ec <__adddf3+0x1ec>
20000072:	ff170ee3          	beq	a4,a7,2000006e <__adddf3+0x6e>
20000076:	29731313          	bseti	t1,t1,0x17
2000007a:	03800693          	li	a3,56
2000007e:	0906c763          	blt	a3,a6,2000010c <__adddf3+0x10c>
20000082:	46fd                	li	a3,31
20000084:	02000e13          	li	t3,32
20000088:	0506cd63          	blt	a3,a6,200000e2 <__adddf3+0xe2>
2000008c:	410e0e33          	sub	t3,t3,a6
20000090:	01c316b3          	sll	a3,t1,t3
20000094:	010658b3          	srl	a7,a2,a6
20000098:	01c61e33          	sll	t3,a2,t3
2000009c:	0116e6b3          	or	a3,a3,a7
200000a0:	01c03e33          	snez	t3,t3
200000a4:	01c6e6b3          	or	a3,a3,t3
200000a8:	01035833          	srl	a6,t1,a6
200000ac:	00a68633          	add	a2,a3,a0
200000b0:	983e                	add	a6,a6,a5
200000b2:	00d636b3          	sltu	a3,a2,a3
200000b6:	00d807b3          	add	a5,a6,a3
200000ba:	00879693          	slli	a3,a5,0x8
200000be:	1806d863          	bgez	a3,2000024e <__adddf3+0x24e>
200000c2:	0705                	addi	a4,a4,1
200000c4:	7ff00693          	li	a3,2047
200000c8:	1ad70c63          	beq	a4,a3,20000280 <__adddf3+0x280>
200000cc:	00165693          	srli	a3,a2,0x1
200000d0:	8a05                	andi	a2,a2,1
200000d2:	49779513          	bclri	a0,a5,0x17
200000d6:	8e55                	or	a2,a2,a3
200000d8:	07fe                	slli	a5,a5,0x1f
200000da:	8e5d                	or	a2,a2,a5
200000dc:	00155793          	srli	a5,a0,0x1
200000e0:	a2bd                	j	2000024e <__adddf3+0x24e>
200000e2:	fe080693          	addi	a3,a6,-32
200000e6:	00d356b3          	srl	a3,t1,a3
200000ea:	4881                	li	a7,0
200000ec:	01c80863          	beq	a6,t3,200000fc <__adddf3+0xfc>
200000f0:	04000893          	li	a7,64
200000f4:	410888b3          	sub	a7,a7,a6
200000f8:	011318b3          	sll	a7,t1,a7
200000fc:	00c8e8b3          	or	a7,a7,a2
20000100:	011038b3          	snez	a7,a7
20000104:	0116e6b3          	or	a3,a3,a7
20000108:	4801                	li	a6,0
2000010a:	b74d                	j	200000ac <__adddf3+0xac>
2000010c:	00c366b3          	or	a3,t1,a2
20000110:	00d036b3          	snez	a3,a3
20000114:	bfd5                	j	20000108 <__adddf3+0x108>
20000116:	0a080063          	beqz	a6,200001b6 <__adddf3+0x1b6>
2000011a:	40ee0833          	sub	a6,t3,a4
2000011e:	ef01                	bnez	a4,20000136 <__adddf3+0x136>
20000120:	00a7e733          	or	a4,a5,a0
20000124:	c711                	beqz	a4,20000130 <__adddf3+0x130>
20000126:	fff80693          	addi	a3,a6,-1
2000012a:	da8d                	beqz	a3,2000005c <__adddf3+0x5c>
2000012c:	01181a63          	bne	a6,a7,20000140 <__adddf3+0x140>
20000130:	879a                	mv	a5,t1
20000132:	8742                	mv	a4,a6
20000134:	a865                	j	200001ec <__adddf3+0x1ec>
20000136:	431e0e63          	beq	t3,a7,20000572 <__adddf3+0x572>
2000013a:	29779793          	bseti	a5,a5,0x17
2000013e:	86c2                	mv	a3,a6
20000140:	03800713          	li	a4,56
20000144:	06d74463          	blt	a4,a3,200001ac <__adddf3+0x1ac>
20000148:	477d                	li	a4,31
2000014a:	02000893          	li	a7,32
2000014e:	02d74a63          	blt	a4,a3,20000182 <__adddf3+0x182>
20000152:	40d888b3          	sub	a7,a7,a3
20000156:	01179733          	sll	a4,a5,a7
2000015a:	00d55833          	srl	a6,a0,a3
2000015e:	011518b3          	sll	a7,a0,a7
20000162:	01076733          	or	a4,a4,a6
20000166:	011038b3          	snez	a7,a7
2000016a:	01176733          	or	a4,a4,a7
2000016e:	00d7d6b3          	srl	a3,a5,a3
20000172:	963a                	add	a2,a2,a4
20000174:	00e63733          	sltu	a4,a2,a4
20000178:	969a                	add	a3,a3,t1
2000017a:	00e687b3          	add	a5,a3,a4
2000017e:	8772                	mv	a4,t3
20000180:	bf2d                	j	200000ba <__adddf3+0xba>
20000182:	fe068713          	addi	a4,a3,-32
20000186:	00e7d733          	srl	a4,a5,a4
2000018a:	4801                	li	a6,0
2000018c:	01168863          	beq	a3,a7,2000019c <__adddf3+0x19c>
20000190:	04000813          	li	a6,64
20000194:	40d80833          	sub	a6,a6,a3
20000198:	01079833          	sll	a6,a5,a6
2000019c:	00a86833          	or	a6,a6,a0
200001a0:	01003833          	snez	a6,a6
200001a4:	01076733          	or	a4,a4,a6
200001a8:	4681                	li	a3,0
200001aa:	b7e1                	j	20000172 <__adddf3+0x172>
200001ac:	00a7e733          	or	a4,a5,a0
200001b0:	00e03733          	snez	a4,a4
200001b4:	bfd5                	j	200001a8 <__adddf3+0x1a8>
200001b6:	00170693          	addi	a3,a4,1
200001ba:	7fe6f813          	andi	a6,a3,2046
200001be:	06081b63          	bnez	a6,20000234 <__adddf3+0x234>
200001c2:	00a7e6b3          	or	a3,a5,a0
200001c6:	ef39                	bnez	a4,20000224 <__adddf3+0x224>
200001c8:	38068b63          	beqz	a3,2000055e <__adddf3+0x55e>
200001cc:	00c36733          	or	a4,t1,a2
200001d0:	38070963          	beqz	a4,20000562 <__adddf3+0x562>
200001d4:	962a                	add	a2,a2,a0
200001d6:	979a                	add	a5,a5,t1
200001d8:	00a63533          	sltu	a0,a2,a0
200001dc:	97aa                	add	a5,a5,a0
200001de:	00879713          	slli	a4,a5,0x8
200001e2:	26075a63          	bgez	a4,20000456 <__adddf3+0x456>
200001e6:	49779793          	bclri	a5,a5,0x17
200001ea:	4705                	li	a4,1
200001ec:	820d                	srli	a2,a2,0x3
200001ee:	01d79693          	slli	a3,a5,0x1d
200001f2:	8ed1                	or	a3,a3,a2
200001f4:	7ff00613          	li	a2,2047
200001f8:	838d                	srli	a5,a5,0x3
200001fa:	00c71963          	bne	a4,a2,2000020c <__adddf3+0x20c>
200001fe:	8edd                	or	a3,a3,a5
20000200:	4781                	li	a5,0
20000202:	c689                	beqz	a3,2000020c <__adddf3+0x20c>
20000204:	000807b7          	lui	a5,0x80
20000208:	4681                	li	a3,0
2000020a:	4581                	li	a1,0
2000020c:	7ff77713          	andi	a4,a4,2047
20000210:	07b2                	slli	a5,a5,0xc
20000212:	83b1                	srli	a5,a5,0xc
20000214:	0752                	slli	a4,a4,0x14
20000216:	8f5d                	or	a4,a4,a5
20000218:	05fe                	slli	a1,a1,0x1f
2000021a:	00b767b3          	or	a5,a4,a1
2000021e:	8536                	mv	a0,a3
20000220:	85be                	mv	a1,a5
20000222:	8082                	ret
20000224:	34068163          	beqz	a3,20000566 <__adddf3+0x566>
20000228:	00c36333          	or	t1,t1,a2
2000022c:	24031763          	bnez	t1,2000047a <__adddf3+0x47a>
20000230:	862a                	mv	a2,a0
20000232:	ae1d                	j	20000568 <__adddf3+0x568>
20000234:	33168c63          	beq	a3,a7,2000056c <__adddf3+0x56c>
20000238:	962a                	add	a2,a2,a0
2000023a:	00a63533          	sltu	a0,a2,a0
2000023e:	979a                	add	a5,a5,t1
20000240:	97aa                	add	a5,a5,a0
20000242:	01f79713          	slli	a4,a5,0x1f
20000246:	8205                	srli	a2,a2,0x1
20000248:	8e59                	or	a2,a2,a4
2000024a:	8385                	srli	a5,a5,0x1
2000024c:	8736                	mv	a4,a3
2000024e:	00767693          	andi	a3,a2,7
20000252:	ce81                	beqz	a3,2000026a <__adddf3+0x26a>
20000254:	00f67693          	andi	a3,a2,15
20000258:	4511                	li	a0,4
2000025a:	00a68863          	beq	a3,a0,2000026a <__adddf3+0x26a>
2000025e:	00a606b3          	add	a3,a2,a0
20000262:	00c6b533          	sltu	a0,a3,a2
20000266:	97aa                	add	a5,a5,a0
20000268:	8636                	mv	a2,a3
2000026a:	00879693          	slli	a3,a5,0x8
2000026e:	f606dfe3          	bgez	a3,200001ec <__adddf3+0x1ec>
20000272:	0705                	addi	a4,a4,1
20000274:	7ff00693          	li	a3,2047
20000278:	49779793          	bclri	a5,a5,0x17
2000027c:	f6d718e3          	bne	a4,a3,200001ec <__adddf3+0x1ec>
20000280:	4781                	li	a5,0
20000282:	4601                	li	a2,0
20000284:	b7a5                	j	200001ec <__adddf3+0x1ec>
20000286:	0d005263          	blez	a6,2000034a <__adddf3+0x34a>
2000028a:	080e1163          	bnez	t3,2000030c <__adddf3+0x30c>
2000028e:	00c366b3          	or	a3,t1,a2
20000292:	dc068ee3          	beqz	a3,2000006e <__adddf3+0x6e>
20000296:	fff70813          	addi	a6,a4,-1
2000029a:	00081b63          	bnez	a6,200002b0 <__adddf3+0x2b0>
2000029e:	40c50633          	sub	a2,a0,a2
200002a2:	406787b3          	sub	a5,a5,t1
200002a6:	00c53533          	sltu	a0,a0,a2
200002aa:	8f89                	sub	a5,a5,a0
200002ac:	4705                	li	a4,1
200002ae:	a0a1                	j	200002f6 <__adddf3+0x2f6>
200002b0:	db170fe3          	beq	a4,a7,2000006e <__adddf3+0x6e>
200002b4:	03800693          	li	a3,56
200002b8:	0906c463          	blt	a3,a6,20000340 <__adddf3+0x340>
200002bc:	46fd                	li	a3,31
200002be:	02000e13          	li	t3,32
200002c2:	0506ca63          	blt	a3,a6,20000316 <__adddf3+0x316>
200002c6:	410e0e33          	sub	t3,t3,a6
200002ca:	01c316b3          	sll	a3,t1,t3
200002ce:	010658b3          	srl	a7,a2,a6
200002d2:	01c61e33          	sll	t3,a2,t3
200002d6:	0116e6b3          	or	a3,a3,a7
200002da:	01c03e33          	snez	t3,t3
200002de:	01c6e6b3          	or	a3,a3,t3
200002e2:	01035833          	srl	a6,t1,a6
200002e6:	40d50633          	sub	a2,a0,a3
200002ea:	41078833          	sub	a6,a5,a6
200002ee:	00c53533          	sltu	a0,a0,a2
200002f2:	40a807b3          	sub	a5,a6,a0
200002f6:	00879693          	slli	a3,a5,0x8
200002fa:	f406dae3          	bgez	a3,2000024e <__adddf3+0x24e>
200002fe:	008008b7          	lui	a7,0x800
20000302:	18fd                	addi	a7,a7,-1 # 7fffff <HeapSize+0x7ff7ff>
20000304:	0117f8b3          	and	a7,a5,a7
20000308:	8832                	mv	a6,a2
2000030a:	a275                	j	200004b6 <__adddf3+0x4b6>
2000030c:	d71701e3          	beq	a4,a7,2000006e <__adddf3+0x6e>
20000310:	29731313          	bseti	t1,t1,0x17
20000314:	b745                	j	200002b4 <__adddf3+0x2b4>
20000316:	fe080693          	addi	a3,a6,-32
2000031a:	00d356b3          	srl	a3,t1,a3
2000031e:	4881                	li	a7,0
20000320:	01c80863          	beq	a6,t3,20000330 <__adddf3+0x330>
20000324:	04000893          	li	a7,64
20000328:	410888b3          	sub	a7,a7,a6
2000032c:	011318b3          	sll	a7,t1,a7
20000330:	00c8e8b3          	or	a7,a7,a2
20000334:	011038b3          	snez	a7,a7
20000338:	0116e6b3          	or	a3,a3,a7
2000033c:	4801                	li	a6,0
2000033e:	b765                	j	200002e6 <__adddf3+0x2e6>
20000340:	00c366b3          	or	a3,t1,a2
20000344:	00d036b3          	snez	a3,a3
20000348:	bfd5                	j	2000033c <__adddf3+0x33c>
2000034a:	0a080d63          	beqz	a6,20000404 <__adddf3+0x404>
2000034e:	40ee0833          	sub	a6,t3,a4
20000352:	e70d                	bnez	a4,2000037c <__adddf3+0x37c>
20000354:	00a7e733          	or	a4,a5,a0
20000358:	c305                	beqz	a4,20000378 <__adddf3+0x378>
2000035a:	fff80713          	addi	a4,a6,-1
2000035e:	eb19                	bnez	a4,20000374 <__adddf3+0x374>
20000360:	40a60533          	sub	a0,a2,a0
20000364:	00a63733          	sltu	a4,a2,a0
20000368:	40f307b3          	sub	a5,t1,a5
2000036c:	862a                	mv	a2,a0
2000036e:	8f99                	sub	a5,a5,a4
20000370:	85b6                	mv	a1,a3
20000372:	bf2d                	j	200002ac <__adddf3+0x2ac>
20000374:	01181963          	bne	a6,a7,20000386 <__adddf3+0x386>
20000378:	85b6                	mv	a1,a3
2000037a:	bb5d                	j	20000130 <__adddf3+0x130>
2000037c:	1f1e0a63          	beq	t3,a7,20000570 <__adddf3+0x570>
20000380:	29779793          	bseti	a5,a5,0x17
20000384:	8742                	mv	a4,a6
20000386:	03800593          	li	a1,56
2000038a:	06e5c863          	blt	a1,a4,200003fa <__adddf3+0x3fa>
2000038e:	45fd                	li	a1,31
20000390:	02000893          	li	a7,32
20000394:	02e5ce63          	blt	a1,a4,200003d0 <__adddf3+0x3d0>
20000398:	40e888b3          	sub	a7,a7,a4
2000039c:	011795b3          	sll	a1,a5,a7
200003a0:	00e55833          	srl	a6,a0,a4
200003a4:	011518b3          	sll	a7,a0,a7
200003a8:	0105e5b3          	or	a1,a1,a6
200003ac:	011038b3          	snez	a7,a7
200003b0:	0115e5b3          	or	a1,a1,a7
200003b4:	00e7d733          	srl	a4,a5,a4
200003b8:	40b605b3          	sub	a1,a2,a1
200003bc:	00b637b3          	sltu	a5,a2,a1
200003c0:	40e30733          	sub	a4,t1,a4
200003c4:	862e                	mv	a2,a1
200003c6:	40f707b3          	sub	a5,a4,a5
200003ca:	85b6                	mv	a1,a3
200003cc:	8772                	mv	a4,t3
200003ce:	b725                	j	200002f6 <__adddf3+0x2f6>
200003d0:	fe070593          	addi	a1,a4,-32
200003d4:	00b7d5b3          	srl	a1,a5,a1
200003d8:	4801                	li	a6,0
200003da:	01170863          	beq	a4,a7,200003ea <__adddf3+0x3ea>
200003de:	04000813          	li	a6,64
200003e2:	40e80833          	sub	a6,a6,a4
200003e6:	01079833          	sll	a6,a5,a6
200003ea:	00a86833          	or	a6,a6,a0
200003ee:	01003833          	snez	a6,a6
200003f2:	0105e5b3          	or	a1,a1,a6
200003f6:	4701                	li	a4,0
200003f8:	b7c1                	j	200003b8 <__adddf3+0x3b8>
200003fa:	00a7e5b3          	or	a1,a5,a0
200003fe:	00b035b3          	snez	a1,a1
20000402:	bfd5                	j	200003f6 <__adddf3+0x3f6>
20000404:	00170813          	addi	a6,a4,1
20000408:	7fe87813          	andi	a6,a6,2046
2000040c:	06081f63          	bnez	a6,2000048a <__adddf3+0x48a>
20000410:	00a7ee33          	or	t3,a5,a0
20000414:	00c36833          	or	a6,t1,a2
20000418:	ef21                	bnez	a4,20000470 <__adddf3+0x470>
2000041a:	000e1763          	bnez	t3,20000428 <__adddf3+0x428>
2000041e:	879a                	mv	a5,t1
20000420:	02081a63          	bnez	a6,20000454 <__adddf3+0x454>
20000424:	4581                	li	a1,0
20000426:	bda9                	j	20000280 <__adddf3+0x280>
20000428:	12080d63          	beqz	a6,20000562 <__adddf3+0x562>
2000042c:	40c508b3          	sub	a7,a0,a2
20000430:	01153e33          	sltu	t3,a0,a7
20000434:	40678833          	sub	a6,a5,t1
20000438:	41c80833          	sub	a6,a6,t3
2000043c:	00881e13          	slli	t3,a6,0x8
20000440:	020e5163          	bgez	t3,20000462 <__adddf3+0x462>
20000444:	40a60533          	sub	a0,a2,a0
20000448:	00a63733          	sltu	a4,a2,a0
2000044c:	40f307b3          	sub	a5,t1,a5
20000450:	862a                	mv	a2,a0
20000452:	8f99                	sub	a5,a5,a4
20000454:	85b6                	mv	a1,a3
20000456:	00f66733          	or	a4,a2,a5
2000045a:	e20703e3          	beqz	a4,20000280 <__adddf3+0x280>
2000045e:	4701                	li	a4,0
20000460:	b3fd                	j	2000024e <__adddf3+0x24e>
20000462:	0108e633          	or	a2,a7,a6
20000466:	10060963          	beqz	a2,20000578 <__adddf3+0x578>
2000046a:	87c2                	mv	a5,a6
2000046c:	8646                	mv	a2,a7
2000046e:	b7e5                	j	20000456 <__adddf3+0x456>
20000470:	000e1a63          	bnez	t3,20000484 <__adddf3+0x484>
20000474:	85b6                	mv	a1,a3
20000476:	0e081863          	bnez	a6,20000566 <__adddf3+0x566>
2000047a:	4581                	li	a1,0
2000047c:	004007b7          	lui	a5,0x400
20000480:	4601                	li	a2,0
20000482:	a0dd                	j	20000568 <__adddf3+0x568>
20000484:	da0806e3          	beqz	a6,20000230 <__adddf3+0x230>
20000488:	bfcd                	j	2000047a <__adddf3+0x47a>
2000048a:	40c50e33          	sub	t3,a0,a2
2000048e:	01c53eb3          	sltu	t4,a0,t3
20000492:	406788b3          	sub	a7,a5,t1
20000496:	41d888b3          	sub	a7,a7,t4
2000049a:	00889e93          	slli	t4,a7,0x8
2000049e:	8872                	mv	a6,t3
200004a0:	060ed563          	bgez	t4,2000050a <__adddf3+0x50a>
200004a4:	40a60833          	sub	a6,a2,a0
200004a8:	40f308b3          	sub	a7,t1,a5
200004ac:	01063633          	sltu	a2,a2,a6
200004b0:	40c888b3          	sub	a7,a7,a2
200004b4:	85b6                	mv	a1,a3
200004b6:	06088163          	beqz	a7,20000518 <__adddf3+0x518>
200004ba:	60089693          	clz	a3,a7
200004be:	16e1                	addi	a3,a3,-8
200004c0:	02000793          	li	a5,32
200004c4:	8f95                	sub	a5,a5,a3
200004c6:	00d898b3          	sll	a7,a7,a3
200004ca:	00f857b3          	srl	a5,a6,a5
200004ce:	0117e7b3          	or	a5,a5,a7
200004d2:	00d81633          	sll	a2,a6,a3
200004d6:	08e6c063          	blt	a3,a4,20000556 <__adddf3+0x556>
200004da:	8e99                	sub	a3,a3,a4
200004dc:	00168813          	addi	a6,a3,1
200004e0:	477d                	li	a4,31
200004e2:	02000513          	li	a0,32
200004e6:	05074563          	blt	a4,a6,20000530 <__adddf3+0x530>
200004ea:	41050533          	sub	a0,a0,a6
200004ee:	00a79733          	sll	a4,a5,a0
200004f2:	010656b3          	srl	a3,a2,a6
200004f6:	00a61533          	sll	a0,a2,a0
200004fa:	8f55                	or	a4,a4,a3
200004fc:	00a03533          	snez	a0,a0
20000500:	00a76633          	or	a2,a4,a0
20000504:	0107d7b3          	srl	a5,a5,a6
20000508:	b7b9                	j	20000456 <__adddf3+0x456>
2000050a:	011e6633          	or	a2,t3,a7
2000050e:	f645                	bnez	a2,200004b6 <__adddf3+0x4b6>
20000510:	4581                	li	a1,0
20000512:	4781                	li	a5,0
20000514:	4701                	li	a4,0
20000516:	b9d9                	j	200001ec <__adddf3+0x1ec>
20000518:	60081793          	clz	a5,a6
2000051c:	01878693          	addi	a3,a5,24 # 400018 <HeapSize+0x3ff818>
20000520:	467d                	li	a2,31
20000522:	f8d65fe3          	bge	a2,a3,200004c0 <__adddf3+0x4c0>
20000526:	17e1                	addi	a5,a5,-8
20000528:	00f817b3          	sll	a5,a6,a5
2000052c:	4601                	li	a2,0
2000052e:	b765                	j	200004d6 <__adddf3+0x4d6>
20000530:	1685                	addi	a3,a3,-31
20000532:	00d7d6b3          	srl	a3,a5,a3
20000536:	4701                	li	a4,0
20000538:	00a80863          	beq	a6,a0,20000548 <__adddf3+0x548>
2000053c:	04000713          	li	a4,64
20000540:	41070733          	sub	a4,a4,a6
20000544:	00e79733          	sll	a4,a5,a4
20000548:	8f51                	or	a4,a4,a2
2000054a:	00e03733          	snez	a4,a4
2000054e:	00e6e633          	or	a2,a3,a4
20000552:	4781                	li	a5,0
20000554:	b709                	j	20000456 <__adddf3+0x456>
20000556:	8f15                	sub	a4,a4,a3
20000558:	49779793          	bclri	a5,a5,0x17
2000055c:	b9cd                	j	2000024e <__adddf3+0x24e>
2000055e:	879a                	mv	a5,t1
20000560:	bddd                	j	20000456 <__adddf3+0x456>
20000562:	862a                	mv	a2,a0
20000564:	bdcd                	j	20000456 <__adddf3+0x456>
20000566:	879a                	mv	a5,t1
20000568:	8746                	mv	a4,a7
2000056a:	b149                	j	200001ec <__adddf3+0x1ec>
2000056c:	8736                	mv	a4,a3
2000056e:	bb09                	j	20000280 <__adddf3+0x280>
20000570:	85b6                	mv	a1,a3
20000572:	879a                	mv	a5,t1
20000574:	8772                	mv	a4,t3
20000576:	b99d                	j	200001ec <__adddf3+0x1ec>
20000578:	4581                	li	a1,0
2000057a:	4781                	li	a5,0
2000057c:	b985                	j	200001ec <__adddf3+0x1ec>

2000057e <__divdf3>:
2000057e:	1141                	addi	sp,sp,-16
20000580:	0145d893          	srli	a7,a1,0x14
20000584:	00c59793          	slli	a5,a1,0xc
20000588:	c622                	sw	s0,12(sp)
2000058a:	c426                	sw	s1,8(sp)
2000058c:	7ff8f893          	andi	a7,a7,2047
20000590:	83b1                	srli	a5,a5,0xc
20000592:	81fd                	srli	a1,a1,0x1f
20000594:	06088e63          	beqz	a7,20000610 <__divdf3+0x92>
20000598:	7ff00713          	li	a4,2047
2000059c:	0ce88363          	beq	a7,a4,20000662 <__divdf3+0xe4>
200005a0:	01d55813          	srli	a6,a0,0x1d
200005a4:	078e                	slli	a5,a5,0x3
200005a6:	00f86833          	or	a6,a6,a5
200005aa:	29781813          	bseti	a6,a6,0x17
200005ae:	00351f13          	slli	t5,a0,0x3
200005b2:	c0188893          	addi	a7,a7,-1023
200005b6:	4e01                	li	t3,0
200005b8:	0146d713          	srli	a4,a3,0x14
200005bc:	00c69793          	slli	a5,a3,0xc
200005c0:	7ff77713          	andi	a4,a4,2047
200005c4:	83b1                	srli	a5,a5,0xc
200005c6:	82fd                	srli	a3,a3,0x1f
200005c8:	cf45                	beqz	a4,20000680 <__divdf3+0x102>
200005ca:	7ff00513          	li	a0,2047
200005ce:	10a70163          	beq	a4,a0,200006d0 <__divdf3+0x152>
200005d2:	01d65513          	srli	a0,a2,0x1d
200005d6:	078e                	slli	a5,a5,0x3
200005d8:	8fc9                	or	a5,a5,a0
200005da:	29779793          	bseti	a5,a5,0x17
200005de:	00361513          	slli	a0,a2,0x3
200005e2:	c0170713          	addi	a4,a4,-1023
200005e6:	4301                	li	t1,0
200005e8:	40e888b3          	sub	a7,a7,a4
200005ec:	002e1713          	slli	a4,t3,0x2
200005f0:	00676733          	or	a4,a4,t1
200005f4:	177d                	addi	a4,a4,-1
200005f6:	4eb9                	li	t4,14
200005f8:	00d5c633          	xor	a2,a1,a3
200005fc:	0eeee763          	bltu	t4,a4,200006ea <__divdf3+0x16c>
20000600:	20003eb7          	lui	t4,0x20003
20000604:	50ce8e93          	addi	t4,t4,1292 # 2000350c <__extenddftf2+0x142>
20000608:	21d74733          	sh2add	a4,a4,t4
2000060c:	4318                	lw	a4,0(a4)
2000060e:	8702                	jr	a4
20000610:	00a7e833          	or	a6,a5,a0
20000614:	04080e63          	beqz	a6,20000670 <__divdf3+0xf2>
20000618:	cb85                	beqz	a5,20000648 <__divdf3+0xca>
2000061a:	60079713          	clz	a4,a5
2000061e:	ff570893          	addi	a7,a4,-11
20000622:	4875                	li	a6,29
20000624:	ff870313          	addi	t1,a4,-8
20000628:	41180833          	sub	a6,a6,a7
2000062c:	006797b3          	sll	a5,a5,t1
20000630:	01055833          	srl	a6,a0,a6
20000634:	00f86833          	or	a6,a6,a5
20000638:	006517b3          	sll	a5,a0,t1
2000063c:	c0d00893          	li	a7,-1011
20000640:	40e888b3          	sub	a7,a7,a4
20000644:	8f3e                	mv	t5,a5
20000646:	bf85                	j	200005b6 <__divdf3+0x38>
20000648:	60051813          	clz	a6,a0
2000064c:	01580893          	addi	a7,a6,21
20000650:	4371                	li	t1,28
20000652:	02080713          	addi	a4,a6,32
20000656:	fd1356e3          	bge	t1,a7,20000622 <__divdf3+0xa4>
2000065a:	1861                	addi	a6,a6,-8
2000065c:	01051833          	sll	a6,a0,a6
20000660:	bff1                	j	2000063c <__divdf3+0xbe>
20000662:	00a7e833          	or	a6,a5,a0
20000666:	00081963          	bnez	a6,20000678 <__divdf3+0xfa>
2000066a:	4f01                	li	t5,0
2000066c:	4e09                	li	t3,2
2000066e:	b7a9                	j	200005b8 <__divdf3+0x3a>
20000670:	4f01                	li	t5,0
20000672:	4881                	li	a7,0
20000674:	4e05                	li	t3,1
20000676:	b789                	j	200005b8 <__divdf3+0x3a>
20000678:	8f2a                	mv	t5,a0
2000067a:	883e                	mv	a6,a5
2000067c:	4e0d                	li	t3,3
2000067e:	bf2d                	j	200005b8 <__divdf3+0x3a>
20000680:	00c7e533          	or	a0,a5,a2
20000684:	cd21                	beqz	a0,200006dc <__divdf3+0x15e>
20000686:	cb85                	beqz	a5,200006b6 <__divdf3+0x138>
20000688:	60079513          	clz	a0,a5
2000068c:	ff550e93          	addi	t4,a0,-11
20000690:	4375                	li	t1,29
20000692:	ff850713          	addi	a4,a0,-8
20000696:	41d30333          	sub	t1,t1,t4
2000069a:	00e797b3          	sll	a5,a5,a4
2000069e:	00665333          	srl	t1,a2,t1
200006a2:	00f36333          	or	t1,t1,a5
200006a6:	00e617b3          	sll	a5,a2,a4
200006aa:	c0d00713          	li	a4,-1011
200006ae:	8f09                	sub	a4,a4,a0
200006b0:	853e                	mv	a0,a5
200006b2:	879a                	mv	a5,t1
200006b4:	bf0d                	j	200005e6 <__divdf3+0x68>
200006b6:	60061713          	clz	a4,a2
200006ba:	01570e93          	addi	t4,a4,21
200006be:	4371                	li	t1,28
200006c0:	02070513          	addi	a0,a4,32
200006c4:	fdd356e3          	bge	t1,t4,20000690 <__divdf3+0x112>
200006c8:	1761                	addi	a4,a4,-8
200006ca:	00e61333          	sll	t1,a2,a4
200006ce:	bff1                	j	200006aa <__divdf3+0x12c>
200006d0:	00c7e533          	or	a0,a5,a2
200006d4:	e901                	bnez	a0,200006e4 <__divdf3+0x166>
200006d6:	4781                	li	a5,0
200006d8:	4309                	li	t1,2
200006da:	b739                	j	200005e8 <__divdf3+0x6a>
200006dc:	4781                	li	a5,0
200006de:	4701                	li	a4,0
200006e0:	4305                	li	t1,1
200006e2:	b719                	j	200005e8 <__divdf3+0x6a>
200006e4:	8532                	mv	a0,a2
200006e6:	430d                	li	t1,3
200006e8:	b701                	j	200005e8 <__divdf3+0x6a>
200006ea:	0107e663          	bltu	a5,a6,200006f6 <__divdf3+0x178>
200006ee:	24f81863          	bne	a6,a5,2000093e <__divdf3+0x3c0>
200006f2:	24af6663          	bltu	t5,a0,2000093e <__divdf3+0x3c0>
200006f6:	01f81593          	slli	a1,a6,0x1f
200006fa:	001f5713          	srli	a4,t5,0x1
200006fe:	01ff1693          	slli	a3,t5,0x1f
20000702:	00185813          	srli	a6,a6,0x1
20000706:	00e5ef33          	or	t5,a1,a4
2000070a:	00879e13          	slli	t3,a5,0x8
2000070e:	01855593          	srli	a1,a0,0x18
20000712:	01c5e5b3          	or	a1,a1,t3
20000716:	010e5e13          	srli	t3,t3,0x10
2000071a:	00851313          	slli	t1,a0,0x8
2000071e:	03c85533          	divu	a0,a6,t3
20000722:	0805ceb3          	zext.h	t4,a1
20000726:	010f5793          	srli	a5,t5,0x10
2000072a:	03c87833          	remu	a6,a6,t3
2000072e:	02ae8733          	mul	a4,t4,a0
20000732:	0842                	slli	a6,a6,0x10
20000734:	0107e7b3          	or	a5,a5,a6
20000738:	00e7f863          	bgeu	a5,a4,20000748 <__divdf3+0x1ca>
2000073c:	97ae                	add	a5,a5,a1
2000073e:	00b7e463          	bltu	a5,a1,20000746 <__divdf3+0x1c8>
20000742:	20e7e163          	bltu	a5,a4,20000944 <__divdf3+0x3c6>
20000746:	157d                	addi	a0,a0,-1
20000748:	8f99                	sub	a5,a5,a4
2000074a:	03c7d833          	divu	a6,a5,t3
2000074e:	03c7f733          	remu	a4,a5,t3
20000752:	030e8fb3          	mul	t6,t4,a6
20000756:	08ef4733          	pack	a4,t5,a4
2000075a:	01f77863          	bgeu	a4,t6,2000076a <__divdf3+0x1ec>
2000075e:	972e                	add	a4,a4,a1
20000760:	01f77463          	bgeu	a4,t6,20000768 <__divdf3+0x1ea>
20000764:	1eb77363          	bgeu	a4,a1,2000094a <__divdf3+0x3cc>
20000768:	187d                	addi	a6,a6,-1
2000076a:	0542                	slli	a0,a0,0x10
2000076c:	010562b3          	or	t0,a0,a6
20000770:	0102d793          	srli	a5,t0,0x10
20000774:	01035813          	srli	a6,t1,0x10
20000778:	0802c533          	zext.h	a0,t0
2000077c:	08034f33          	zext.h	t5,t1
20000780:	03e503b3          	mul	t2,a0,t5
20000784:	41f70733          	sub	a4,a4,t6
20000788:	03e78433          	mul	s0,a5,t5
2000078c:	02a80533          	mul	a0,a6,a0
20000790:	00850fb3          	add	t6,a0,s0
20000794:	0103d513          	srli	a0,t2,0x10
20000798:	957e                	add	a0,a0,t6
2000079a:	030787b3          	mul	a5,a5,a6
2000079e:	00857463          	bgeu	a0,s0,200007a6 <__divdf3+0x228>
200007a2:	6fc1                	lui	t6,0x10
200007a4:	97fe                	add	a5,a5,t6
200007a6:	01055f93          	srli	t6,a0,0x10
200007aa:	0803c3b3          	zext.h	t2,t2
200007ae:	0542                	slli	a0,a0,0x10
200007b0:	9fbe                	add	t6,t6,a5
200007b2:	951e                	add	a0,a0,t2
200007b4:	01f76663          	bltu	a4,t6,200007c0 <__divdf3+0x242>
200007b8:	19f71c63          	bne	a4,t6,20000950 <__divdf3+0x3d2>
200007bc:	18a6fa63          	bgeu	a3,a0,20000950 <__divdf3+0x3d2>
200007c0:	006683b3          	add	t2,a3,t1
200007c4:	00d3b433          	sltu	s0,t2,a3
200007c8:	00b404b3          	add	s1,s0,a1
200007cc:	9726                	add	a4,a4,s1
200007ce:	fff28793          	addi	a5,t0,-1
200007d2:	869e                	mv	a3,t2
200007d4:	00e5e563          	bltu	a1,a4,200007de <__divdf3+0x260>
200007d8:	e00d                	bnez	s0,200007fa <__divdf3+0x27c>
200007da:	02e59063          	bne	a1,a4,200007fa <__divdf3+0x27c>
200007de:	01f76663          	bltu	a4,t6,200007ea <__divdf3+0x26c>
200007e2:	00ef9c63          	bne	t6,a4,200007fa <__divdf3+0x27c>
200007e6:	00a3fa63          	bgeu	t2,a0,200007fa <__divdf3+0x27c>
200007ea:	007306b3          	add	a3,t1,t2
200007ee:	ffe28793          	addi	a5,t0,-2
200007f2:	0066b2b3          	sltu	t0,a3,t1
200007f6:	92ae                	add	t0,t0,a1
200007f8:	9716                	add	a4,a4,t0
200007fa:	40a682b3          	sub	t0,a3,a0
200007fe:	41f70733          	sub	a4,a4,t6
20000802:	0056b6b3          	sltu	a3,a3,t0
20000806:	8f15                	sub	a4,a4,a3
20000808:	557d                	li	a0,-1
2000080a:	0ce58c63          	beq	a1,a4,200008e2 <__divdf3+0x364>
2000080e:	03c75533          	divu	a0,a4,t3
20000812:	03c77733          	remu	a4,a4,t3
20000816:	02ae8fb3          	mul	t6,t4,a0
2000081a:	01071693          	slli	a3,a4,0x10
2000081e:	0102d713          	srli	a4,t0,0x10
20000822:	8f55                	or	a4,a4,a3
20000824:	01f77863          	bgeu	a4,t6,20000834 <__divdf3+0x2b6>
20000828:	972e                	add	a4,a4,a1
2000082a:	00b76463          	bltu	a4,a1,20000832 <__divdf3+0x2b4>
2000082e:	13f76363          	bltu	a4,t6,20000954 <__divdf3+0x3d6>
20000832:	157d                	addi	a0,a0,-1
20000834:	41f70733          	sub	a4,a4,t6
20000838:	03c75fb3          	divu	t6,a4,t3
2000083c:	03c77733          	remu	a4,a4,t3
20000840:	03fe8eb3          	mul	t4,t4,t6
20000844:	08e2c733          	pack	a4,t0,a4
20000848:	01d77863          	bgeu	a4,t4,20000858 <__divdf3+0x2da>
2000084c:	972e                	add	a4,a4,a1
2000084e:	01d77463          	bgeu	a4,t4,20000856 <__divdf3+0x2d8>
20000852:	10b77463          	bgeu	a4,a1,2000095a <__divdf3+0x3dc>
20000856:	1ffd                	addi	t6,t6,-1 # ffff <HeapSize+0xf7ff>
20000858:	01051693          	slli	a3,a0,0x10
2000085c:	01f6e6b3          	or	a3,a3,t6
20000860:	0806c533          	zext.h	a0,a3
20000864:	41d70733          	sub	a4,a4,t4
20000868:	0106de93          	srli	t4,a3,0x10
2000086c:	02af0fb3          	mul	t6,t5,a0
20000870:	03ee8f33          	mul	t5,t4,t5
20000874:	03d80eb3          	mul	t4,a6,t4
20000878:	02a80833          	mul	a6,a6,a0
2000087c:	01e80533          	add	a0,a6,t5
20000880:	010fd813          	srli	a6,t6,0x10
20000884:	982a                	add	a6,a6,a0
20000886:	01e87463          	bgeu	a6,t5,2000088e <__divdf3+0x310>
2000088a:	6541                	lui	a0,0x10
2000088c:	9eaa                	add	t4,t4,a0
2000088e:	01085e13          	srli	t3,a6,0x10
20000892:	080fcfb3          	zext.h	t6,t6
20000896:	0842                	slli	a6,a6,0x10
20000898:	9e76                	add	t3,t3,t4
2000089a:	987e                	add	a6,a6,t6
2000089c:	01c76663          	bltu	a4,t3,200008a8 <__divdf3+0x32a>
200008a0:	03c71f63          	bne	a4,t3,200008de <__divdf3+0x360>
200008a4:	0a080e63          	beqz	a6,20000960 <__divdf3+0x3e2>
200008a8:	00e58eb3          	add	t4,a1,a4
200008ac:	fff68513          	addi	a0,a3,-1
200008b0:	8776                	mv	a4,t4
200008b2:	02bee163          	bltu	t4,a1,200008d4 <__divdf3+0x356>
200008b6:	01cee663          	bltu	t4,t3,200008c2 <__divdf3+0x344>
200008ba:	03ce9163          	bne	t4,t3,200008dc <__divdf3+0x35e>
200008be:	01037b63          	bgeu	t1,a6,200008d4 <__divdf3+0x356>
200008c2:	ffe68513          	addi	a0,a3,-2
200008c6:	00131693          	slli	a3,t1,0x1
200008ca:	0066b733          	sltu	a4,a3,t1
200008ce:	972e                	add	a4,a4,a1
200008d0:	9776                	add	a4,a4,t4
200008d2:	8336                	mv	t1,a3
200008d4:	01031463          	bne	t1,a6,200008dc <__divdf3+0x35e>
200008d8:	01c70563          	beq	a4,t3,200008e2 <__divdf3+0x364>
200008dc:	86aa                	mv	a3,a0
200008de:	0016e513          	ori	a0,a3,1
200008e2:	3ff88713          	addi	a4,a7,1023
200008e6:	0ae05263          	blez	a4,2000098a <__divdf3+0x40c>
200008ea:	00757693          	andi	a3,a0,7
200008ee:	ce81                	beqz	a3,20000906 <__divdf3+0x388>
200008f0:	00f57693          	andi	a3,a0,15
200008f4:	4591                	li	a1,4
200008f6:	00b68863          	beq	a3,a1,20000906 <__divdf3+0x388>
200008fa:	00b506b3          	add	a3,a0,a1
200008fe:	00a6b5b3          	sltu	a1,a3,a0
20000902:	97ae                	add	a5,a5,a1
20000904:	8536                	mv	a0,a3
20000906:	00779693          	slli	a3,a5,0x7
2000090a:	0006d663          	bgez	a3,20000916 <__divdf3+0x398>
2000090e:	49879793          	bclri	a5,a5,0x18
20000912:	40088713          	addi	a4,a7,1024
20000916:	7fe00693          	li	a3,2046
2000091a:	10e6c663          	blt	a3,a4,20000a26 <__divdf3+0x4a8>
2000091e:	01d79693          	slli	a3,a5,0x1d
20000922:	810d                	srli	a0,a0,0x3
20000924:	8d55                	or	a0,a0,a3
20000926:	838d                	srli	a5,a5,0x3
20000928:	4432                	lw	s0,12(sp)
2000092a:	07b2                	slli	a5,a5,0xc
2000092c:	0752                	slli	a4,a4,0x14
2000092e:	83b1                	srli	a5,a5,0xc
20000930:	8f5d                	or	a4,a4,a5
20000932:	067e                	slli	a2,a2,0x1f
20000934:	44a2                	lw	s1,8(sp)
20000936:	00c765b3          	or	a1,a4,a2
2000093a:	0141                	addi	sp,sp,16
2000093c:	8082                	ret
2000093e:	18fd                	addi	a7,a7,-1
20000940:	4681                	li	a3,0
20000942:	b3e1                	j	2000070a <__divdf3+0x18c>
20000944:	1579                	addi	a0,a0,-2 # fffe <HeapSize+0xf7fe>
20000946:	97ae                	add	a5,a5,a1
20000948:	b501                	j	20000748 <__divdf3+0x1ca>
2000094a:	1879                	addi	a6,a6,-2
2000094c:	972e                	add	a4,a4,a1
2000094e:	bd31                	j	2000076a <__divdf3+0x1ec>
20000950:	8796                	mv	a5,t0
20000952:	b565                	j	200007fa <__divdf3+0x27c>
20000954:	1579                	addi	a0,a0,-2
20000956:	972e                	add	a4,a4,a1
20000958:	bdf1                	j	20000834 <__divdf3+0x2b6>
2000095a:	1ff9                	addi	t6,t6,-2
2000095c:	972e                	add	a4,a4,a1
2000095e:	bded                	j	20000858 <__divdf3+0x2da>
20000960:	4301                	li	t1,0
20000962:	8536                	mv	a0,a3
20000964:	bf85                	j	200008d4 <__divdf3+0x356>
20000966:	8636                	mv	a2,a3
20000968:	8e1a                	mv	t3,t1
2000096a:	4709                	li	a4,2
2000096c:	0aee0d63          	beq	t3,a4,20000a26 <__divdf3+0x4a8>
20000970:	470d                	li	a4,3
20000972:	0aee0363          	beq	t3,a4,20000a18 <__divdf3+0x49a>
20000976:	4705                	li	a4,1
20000978:	f6ee15e3          	bne	t3,a4,200008e2 <__divdf3+0x364>
2000097c:	4781                	li	a5,0
2000097e:	4501                	li	a0,0
20000980:	a0ad                	j	200009ea <__divdf3+0x46c>
20000982:	862e                	mv	a2,a1
20000984:	87c2                	mv	a5,a6
20000986:	857a                	mv	a0,t5
20000988:	b7cd                	j	2000096a <__divdf3+0x3ec>
2000098a:	c335                	beqz	a4,200009ee <__divdf3+0x470>
2000098c:	fc900693          	li	a3,-55
20000990:	fed746e3          	blt	a4,a3,2000097c <__divdf3+0x3fe>
20000994:	5689                	li	a3,-30
20000996:	04d74e63          	blt	a4,a3,200009f2 <__divdf3+0x474>
2000099a:	4685                	li	a3,1
2000099c:	8e99                	sub	a3,a3,a4
2000099e:	41e88893          	addi	a7,a7,1054
200009a2:	00d55733          	srl	a4,a0,a3
200009a6:	01151533          	sll	a0,a0,a7
200009aa:	00a03533          	snez	a0,a0
200009ae:	011798b3          	sll	a7,a5,a7
200009b2:	01156533          	or	a0,a0,a7
200009b6:	8f49                	or	a4,a4,a0
200009b8:	00d7d7b3          	srl	a5,a5,a3
200009bc:	00777693          	andi	a3,a4,7
200009c0:	ce81                	beqz	a3,200009d8 <__divdf3+0x45a>
200009c2:	00f77693          	andi	a3,a4,15
200009c6:	4591                	li	a1,4
200009c8:	00b68863          	beq	a3,a1,200009d8 <__divdf3+0x45a>
200009cc:	00b706b3          	add	a3,a4,a1
200009d0:	00e6b5b3          	sltu	a1,a3,a4
200009d4:	97ae                	add	a5,a5,a1
200009d6:	8736                	mv	a4,a3
200009d8:	00879693          	slli	a3,a5,0x8
200009dc:	0406ca63          	bltz	a3,20000a30 <__divdf3+0x4b2>
200009e0:	01d79513          	slli	a0,a5,0x1d
200009e4:	830d                	srli	a4,a4,0x3
200009e6:	8d59                	or	a0,a0,a4
200009e8:	838d                	srli	a5,a5,0x3
200009ea:	4701                	li	a4,0
200009ec:	bf35                	j	20000928 <__divdf3+0x3aa>
200009ee:	4685                	li	a3,1
200009f0:	b77d                	j	2000099e <__divdf3+0x420>
200009f2:	5805                	li	a6,-31
200009f4:	40e806b3          	sub	a3,a6,a4
200009f8:	00d7d6b3          	srl	a3,a5,a3
200009fc:	4581                	li	a1,0
200009fe:	01070663          	beq	a4,a6,20000a0a <__divdf3+0x48c>
20000a02:	43e88893          	addi	a7,a7,1086
20000a06:	011795b3          	sll	a1,a5,a7
20000a0a:	8dc9                	or	a1,a1,a0
20000a0c:	00b035b3          	snez	a1,a1
20000a10:	00b6e733          	or	a4,a3,a1
20000a14:	4781                	li	a5,0
20000a16:	b75d                	j	200009bc <__divdf3+0x43e>
20000a18:	000807b7          	lui	a5,0x80
20000a1c:	4501                	li	a0,0
20000a1e:	7ff00713          	li	a4,2047
20000a22:	4601                	li	a2,0
20000a24:	b711                	j	20000928 <__divdf3+0x3aa>
20000a26:	4781                	li	a5,0
20000a28:	4501                	li	a0,0
20000a2a:	7ff00713          	li	a4,2047
20000a2e:	bded                	j	20000928 <__divdf3+0x3aa>
20000a30:	4781                	li	a5,0
20000a32:	4501                	li	a0,0
20000a34:	4705                	li	a4,1
20000a36:	bdcd                	j	20000928 <__divdf3+0x3aa>

20000a38 <__gedf2>:
20000a38:	0145d893          	srli	a7,a1,0x14
20000a3c:	00100737          	lui	a4,0x100
20000a40:	177d                	addi	a4,a4,-1 # fffff <HeapSize+0xff7ff>
20000a42:	0146d813          	srli	a6,a3,0x14
20000a46:	7ff8f893          	andi	a7,a7,2047
20000a4a:	7ff00793          	li	a5,2047
20000a4e:	00b77333          	and	t1,a4,a1
20000a52:	7ff87813          	andi	a6,a6,2047
20000a56:	8f75                	and	a4,a4,a3
20000a58:	81fd                	srli	a1,a1,0x1f
20000a5a:	82fd                	srli	a3,a3,0x1f
20000a5c:	00f88d63          	beq	a7,a5,20000a76 <__gedf2+0x3e>
20000a60:	7ff00e13          	li	t3,2047
20000a64:	87c2                	mv	a5,a6
20000a66:	01c81f63          	bne	a6,t3,20000a84 <__gedf2+0x4c>
20000a6a:	00c76e33          	or	t3,a4,a2
20000a6e:	000e0b63          	beqz	t3,20000a84 <__gedf2+0x4c>
20000a72:	57f9                	li	a5,-2
20000a74:	a031                	j	20000a80 <__gedf2+0x48>
20000a76:	00a36e33          	or	t3,t1,a0
20000a7a:	57f9                	li	a5,-2
20000a7c:	fe0e02e3          	beqz	t3,20000a60 <__gedf2+0x28>
20000a80:	853e                	mv	a0,a5
20000a82:	8082                	ret
20000a84:	4e01                	li	t3,0
20000a86:	00089663          	bnez	a7,20000a92 <__gedf2+0x5a>
20000a8a:	00a36e33          	or	t3,t1,a0
20000a8e:	001e3e13          	seqz	t3,t3
20000a92:	04081363          	bnez	a6,20000ad8 <__gedf2+0xa0>
20000a96:	00c76eb3          	or	t4,a4,a2
20000a9a:	000e0863          	beqz	t3,20000aaa <__gedf2+0x72>
20000a9e:	fe0e81e3          	beqz	t4,20000a80 <__gedf2+0x48>
20000aa2:	00169793          	slli	a5,a3,0x1
20000aa6:	17fd                	addi	a5,a5,-1 # 7ffff <HeapSize+0x7f7ff>
20000aa8:	bfe1                	j	20000a80 <__gedf2+0x48>
20000aaa:	020e9963          	bnez	t4,20000adc <__gedf2+0xa4>
20000aae:	40b005b3          	neg	a1,a1
20000ab2:	0015e793          	ori	a5,a1,1
20000ab6:	b7e9                	j	20000a80 <__gedf2+0x48>
20000ab8:	ff08c5e3          	blt	a7,a6,20000aa2 <__gedf2+0x6a>
20000abc:	fe6769e3          	bltu	a4,t1,20000aae <__gedf2+0x76>
20000ac0:	00a67463          	bgeu	a2,a0,20000ac8 <__gedf2+0x90>
20000ac4:	fee305e3          	beq	t1,a4,20000aae <__gedf2+0x76>
20000ac8:	00c56563          	bltu	a0,a2,20000ad2 <__gedf2+0x9a>
20000acc:	4781                	li	a5,0
20000ace:	fae379e3          	bgeu	t1,a4,20000a80 <__gedf2+0x48>
20000ad2:	00159793          	slli	a5,a1,0x1
20000ad6:	bfc1                	j	20000aa6 <__gedf2+0x6e>
20000ad8:	fc0e15e3          	bnez	t3,20000aa2 <__gedf2+0x6a>
20000adc:	fcb699e3          	bne	a3,a1,20000aae <__gedf2+0x76>
20000ae0:	fd185ce3          	bge	a6,a7,20000ab8 <__gedf2+0x80>
20000ae4:	40d006b3          	neg	a3,a3
20000ae8:	0016e793          	ori	a5,a3,1
20000aec:	bf51                	j	20000a80 <__gedf2+0x48>

20000aee <__ledf2>:
20000aee:	0145d893          	srli	a7,a1,0x14
20000af2:	00100737          	lui	a4,0x100
20000af6:	177d                	addi	a4,a4,-1 # fffff <HeapSize+0xff7ff>
20000af8:	0146d813          	srli	a6,a3,0x14
20000afc:	7ff8f893          	andi	a7,a7,2047
20000b00:	7ff00793          	li	a5,2047
20000b04:	00b77333          	and	t1,a4,a1
20000b08:	7ff87813          	andi	a6,a6,2047
20000b0c:	8f75                	and	a4,a4,a3
20000b0e:	81fd                	srli	a1,a1,0x1f
20000b10:	82fd                	srli	a3,a3,0x1f
20000b12:	00f88d63          	beq	a7,a5,20000b2c <__ledf2+0x3e>
20000b16:	7ff00e13          	li	t3,2047
20000b1a:	87c2                	mv	a5,a6
20000b1c:	01c81f63          	bne	a6,t3,20000b3a <__ledf2+0x4c>
20000b20:	00c76e33          	or	t3,a4,a2
20000b24:	000e0b63          	beqz	t3,20000b3a <__ledf2+0x4c>
20000b28:	4789                	li	a5,2
20000b2a:	a031                	j	20000b36 <__ledf2+0x48>
20000b2c:	00a36e33          	or	t3,t1,a0
20000b30:	4789                	li	a5,2
20000b32:	fe0e02e3          	beqz	t3,20000b16 <__ledf2+0x28>
20000b36:	853e                	mv	a0,a5
20000b38:	8082                	ret
20000b3a:	4e01                	li	t3,0
20000b3c:	00089663          	bnez	a7,20000b48 <__ledf2+0x5a>
20000b40:	00a36e33          	or	t3,t1,a0
20000b44:	001e3e13          	seqz	t3,t3
20000b48:	04081363          	bnez	a6,20000b8e <__ledf2+0xa0>
20000b4c:	00c76eb3          	or	t4,a4,a2
20000b50:	000e0863          	beqz	t3,20000b60 <__ledf2+0x72>
20000b54:	fe0e81e3          	beqz	t4,20000b36 <__ledf2+0x48>
20000b58:	00169793          	slli	a5,a3,0x1
20000b5c:	17fd                	addi	a5,a5,-1
20000b5e:	bfe1                	j	20000b36 <__ledf2+0x48>
20000b60:	020e9963          	bnez	t4,20000b92 <__ledf2+0xa4>
20000b64:	40b005b3          	neg	a1,a1
20000b68:	0015e793          	ori	a5,a1,1
20000b6c:	b7e9                	j	20000b36 <__ledf2+0x48>
20000b6e:	ff08c5e3          	blt	a7,a6,20000b58 <__ledf2+0x6a>
20000b72:	fe6769e3          	bltu	a4,t1,20000b64 <__ledf2+0x76>
20000b76:	00a67463          	bgeu	a2,a0,20000b7e <__ledf2+0x90>
20000b7a:	fee305e3          	beq	t1,a4,20000b64 <__ledf2+0x76>
20000b7e:	00c56563          	bltu	a0,a2,20000b88 <__ledf2+0x9a>
20000b82:	4781                	li	a5,0
20000b84:	fae379e3          	bgeu	t1,a4,20000b36 <__ledf2+0x48>
20000b88:	00159793          	slli	a5,a1,0x1
20000b8c:	bfc1                	j	20000b5c <__ledf2+0x6e>
20000b8e:	fc0e15e3          	bnez	t3,20000b58 <__ledf2+0x6a>
20000b92:	fcb699e3          	bne	a3,a1,20000b64 <__ledf2+0x76>
20000b96:	fd185ce3          	bge	a6,a7,20000b6e <__ledf2+0x80>
20000b9a:	40d006b3          	neg	a3,a3
20000b9e:	0016e793          	ori	a5,a3,1
20000ba2:	bf51                	j	20000b36 <__ledf2+0x48>

20000ba4 <__muldf3>:
20000ba4:	1141                	addi	sp,sp,-16
20000ba6:	0145d793          	srli	a5,a1,0x14
20000baa:	00c59813          	slli	a6,a1,0xc
20000bae:	c622                	sw	s0,12(sp)
20000bb0:	c426                	sw	s1,8(sp)
20000bb2:	c24a                	sw	s2,4(sp)
20000bb4:	7ff7f793          	andi	a5,a5,2047
20000bb8:	00c85813          	srli	a6,a6,0xc
20000bbc:	81fd                	srli	a1,a1,0x1f
20000bbe:	cbc9                	beqz	a5,20000c50 <__muldf3+0xac>
20000bc0:	7ff00713          	li	a4,2047
20000bc4:	0ee78163          	beq	a5,a4,20000ca6 <__muldf3+0x102>
20000bc8:	01d55713          	srli	a4,a0,0x1d
20000bcc:	080e                	slli	a6,a6,0x3
20000bce:	01076833          	or	a6,a4,a6
20000bd2:	29781813          	bseti	a6,a6,0x17
20000bd6:	00351e93          	slli	t4,a0,0x3
20000bda:	c0178313          	addi	t1,a5,-1023
20000bde:	4f01                	li	t5,0
20000be0:	0146d513          	srli	a0,a3,0x14
20000be4:	00c69793          	slli	a5,a3,0xc
20000be8:	7ff57513          	andi	a0,a0,2047
20000bec:	83b1                	srli	a5,a5,0xc
20000bee:	82fd                	srli	a3,a3,0x1f
20000bf0:	c979                	beqz	a0,20000cc6 <__muldf3+0x122>
20000bf2:	7ff00713          	li	a4,2047
20000bf6:	12e50163          	beq	a0,a4,20000d18 <__muldf3+0x174>
20000bfa:	01d65713          	srli	a4,a2,0x1d
20000bfe:	078e                	slli	a5,a5,0x3
20000c00:	8fd9                	or	a5,a5,a4
20000c02:	29779793          	bseti	a5,a5,0x17
20000c06:	00361713          	slli	a4,a2,0x3
20000c0a:	c0150513          	addi	a0,a0,-1023
20000c0e:	4e01                	li	t3,0
20000c10:	00a30633          	add	a2,t1,a0
20000c14:	002f1513          	slli	a0,t5,0x2
20000c18:	01c56533          	or	a0,a0,t3
20000c1c:	48a9                	li	a7,10
20000c1e:	00160313          	addi	t1,a2,1
20000c22:	12a8c763          	blt	a7,a0,20000d50 <__muldf3+0x1ac>
20000c26:	4889                	li	a7,2
20000c28:	8db5                	xor	a1,a1,a3
20000c2a:	10a8c463          	blt	a7,a0,20000d32 <__muldf3+0x18e>
20000c2e:	157d                	addi	a0,a0,-1
20000c30:	4685                	li	a3,1
20000c32:	12a6e863          	bltu	a3,a0,20000d62 <__muldf3+0x1be>
20000c36:	8f72                	mv	t5,t3
20000c38:	4689                	li	a3,2
20000c3a:	36df0c63          	beq	t5,a3,20000fb2 <__muldf3+0x40e>
20000c3e:	468d                	li	a3,3
20000c40:	36df0563          	beq	t5,a3,20000faa <__muldf3+0x406>
20000c44:	4685                	li	a3,1
20000c46:	26df1063          	bne	t5,a3,20000ea6 <__muldf3+0x302>
20000c4a:	4781                	li	a5,0
20000c4c:	4881                	li	a7,0
20000c4e:	a615                	j	20000f72 <__muldf3+0x3ce>
20000c50:	00a86eb3          	or	t4,a6,a0
20000c54:	060e8163          	beqz	t4,20000cb6 <__muldf3+0x112>
20000c58:	02080a63          	beqz	a6,20000c8c <__muldf3+0xe8>
20000c5c:	60081713          	clz	a4,a6
20000c60:	ff570893          	addi	a7,a4,-11
20000c64:	47f5                	li	a5,29
20000c66:	ff870313          	addi	t1,a4,-8
20000c6a:	411787b3          	sub	a5,a5,a7
20000c6e:	00681833          	sll	a6,a6,t1
20000c72:	00f557b3          	srl	a5,a0,a5
20000c76:	0107e7b3          	or	a5,a5,a6
20000c7a:	00651833          	sll	a6,a0,t1
20000c7e:	c0d00313          	li	t1,-1011
20000c82:	8ec2                	mv	t4,a6
20000c84:	40e30333          	sub	t1,t1,a4
20000c88:	883e                	mv	a6,a5
20000c8a:	bf91                	j	20000bde <__muldf3+0x3a>
20000c8c:	60051793          	clz	a5,a0
20000c90:	01578893          	addi	a7,a5,21
20000c94:	4371                	li	t1,28
20000c96:	02078713          	addi	a4,a5,32
20000c9a:	fd1355e3          	bge	t1,a7,20000c64 <__muldf3+0xc0>
20000c9e:	17e1                	addi	a5,a5,-8
20000ca0:	00f517b3          	sll	a5,a0,a5
20000ca4:	bfe9                	j	20000c7e <__muldf3+0xda>
20000ca6:	00a86eb3          	or	t4,a6,a0
20000caa:	000e9a63          	bnez	t4,20000cbe <__muldf3+0x11a>
20000cae:	4801                	li	a6,0
20000cb0:	833e                	mv	t1,a5
20000cb2:	4f09                	li	t5,2
20000cb4:	b735                	j	20000be0 <__muldf3+0x3c>
20000cb6:	4801                	li	a6,0
20000cb8:	4301                	li	t1,0
20000cba:	4f05                	li	t5,1
20000cbc:	b715                	j	20000be0 <__muldf3+0x3c>
20000cbe:	8eaa                	mv	t4,a0
20000cc0:	833e                	mv	t1,a5
20000cc2:	4f0d                	li	t5,3
20000cc4:	bf31                	j	20000be0 <__muldf3+0x3c>
20000cc6:	00c7e733          	or	a4,a5,a2
20000cca:	cf29                	beqz	a4,20000d24 <__muldf3+0x180>
20000ccc:	cb8d                	beqz	a5,20000cfe <__muldf3+0x15a>
20000cce:	60079e13          	clz	t3,a5
20000cd2:	ff5e0513          	addi	a0,t3,-11
20000cd6:	48f5                	li	a7,29
20000cd8:	ff8e0713          	addi	a4,t3,-8
20000cdc:	40a888b3          	sub	a7,a7,a0
20000ce0:	00e797b3          	sll	a5,a5,a4
20000ce4:	011658b3          	srl	a7,a2,a7
20000ce8:	00f8e8b3          	or	a7,a7,a5
20000cec:	00e617b3          	sll	a5,a2,a4
20000cf0:	c0d00513          	li	a0,-1011
20000cf4:	873e                	mv	a4,a5
20000cf6:	41c50533          	sub	a0,a0,t3
20000cfa:	87c6                	mv	a5,a7
20000cfc:	bf09                	j	20000c0e <__muldf3+0x6a>
20000cfe:	60061713          	clz	a4,a2
20000d02:	01570513          	addi	a0,a4,21
20000d06:	48f1                	li	a7,28
20000d08:	02070e13          	addi	t3,a4,32
20000d0c:	fca8d5e3          	bge	a7,a0,20000cd6 <__muldf3+0x132>
20000d10:	1761                	addi	a4,a4,-8
20000d12:	00e618b3          	sll	a7,a2,a4
20000d16:	bfe9                	j	20000cf0 <__muldf3+0x14c>
20000d18:	00c7e733          	or	a4,a5,a2
20000d1c:	eb01                	bnez	a4,20000d2c <__muldf3+0x188>
20000d1e:	4781                	li	a5,0
20000d20:	4e09                	li	t3,2
20000d22:	b5fd                	j	20000c10 <__muldf3+0x6c>
20000d24:	4781                	li	a5,0
20000d26:	4501                	li	a0,0
20000d28:	4e05                	li	t3,1
20000d2a:	b5dd                	j	20000c10 <__muldf3+0x6c>
20000d2c:	8732                	mv	a4,a2
20000d2e:	4e0d                	li	t3,3
20000d30:	b5c5                	j	20000c10 <__muldf3+0x6c>
20000d32:	28a01533          	bset	a0,zero,a0
20000d36:	53057893          	andi	a7,a0,1328
20000d3a:	02089163          	bnez	a7,20000d5c <__muldf3+0x1b8>
20000d3e:	24057f13          	andi	t5,a0,576
20000d42:	240f1e63          	bnez	t5,20000f9e <__muldf3+0x3fa>
20000d46:	08857513          	andi	a0,a0,136
20000d4a:	cd01                	beqz	a0,20000d62 <__muldf3+0x1be>
20000d4c:	85b6                	mv	a1,a3
20000d4e:	b5e5                	j	20000c36 <__muldf3+0x92>
20000d50:	463d                	li	a2,15
20000d52:	24c50c63          	beq	a0,a2,20000faa <__muldf3+0x406>
20000d56:	462d                	li	a2,11
20000d58:	fec50ae3          	beq	a0,a2,20000d4c <__muldf3+0x1a8>
20000d5c:	87c2                	mv	a5,a6
20000d5e:	8776                	mv	a4,t4
20000d60:	bde1                	j	20000c38 <__muldf3+0x94>
20000d62:	010ede13          	srli	t3,t4,0x10
20000d66:	01075693          	srli	a3,a4,0x10
20000d6a:	080eceb3          	zext.h	t4,t4
20000d6e:	080743b3          	zext.h	t2,a4
20000d72:	027e8733          	mul	a4,t4,t2
20000d76:	027e0fb3          	mul	t6,t3,t2
20000d7a:	01075893          	srli	a7,a4,0x10
20000d7e:	03d68f33          	mul	t5,a3,t4
20000d82:	9f7e                	add	t5,t5,t6
20000d84:	98fa                	add	a7,a7,t5
20000d86:	02de0533          	mul	a0,t3,a3
20000d8a:	01f8f463          	bgeu	a7,t6,20000d92 <__muldf3+0x1ee>
20000d8e:	6f41                	lui	t5,0x10
20000d90:	957a                	add	a0,a0,t5
20000d92:	08074733          	zext.h	a4,a4
20000d96:	0108d413          	srli	s0,a7,0x10
20000d9a:	08c2                	slli	a7,a7,0x10
20000d9c:	0807cfb3          	zext.h	t6,a5
20000da0:	98ba                	add	a7,a7,a4
20000da2:	0107d713          	srli	a4,a5,0x10
20000da6:	03fe82b3          	mul	t0,t4,t6
20000daa:	03fe07b3          	mul	a5,t3,t6
20000dae:	0102df13          	srli	t5,t0,0x10
20000db2:	03d70eb3          	mul	t4,a4,t4
20000db6:	9ebe                	add	t4,t4,a5
20000db8:	9f76                	add	t5,t5,t4
20000dba:	02ee0e33          	mul	t3,t3,a4
20000dbe:	00ff7463          	bgeu	t5,a5,20000dc6 <__muldf3+0x222>
20000dc2:	67c1                	lui	a5,0x10
20000dc4:	9e3e                	add	t3,t3,a5
20000dc6:	080844b3          	zext.h	s1,a6
20000dca:	010f5e93          	srli	t4,t5,0x10
20000dce:	010f1793          	slli	a5,t5,0x10
20000dd2:	01085f13          	srli	t5,a6,0x10
20000dd6:	0802c2b3          	zext.h	t0,t0
20000dda:	9796                	add	a5,a5,t0
20000ddc:	02748933          	mul	s2,s1,t2
20000de0:	9ef2                	add	t4,t4,t3
20000de2:	943e                	add	s0,s0,a5
20000de4:	027f03b3          	mul	t2,t5,t2
20000de8:	01095293          	srli	t0,s2,0x10
20000dec:	03e68833          	mul	a6,a3,t5
20000df0:	029686b3          	mul	a3,a3,s1
20000df4:	969e                	add	a3,a3,t2
20000df6:	9696                	add	a3,a3,t0
20000df8:	0076f463          	bgeu	a3,t2,20000e00 <__muldf3+0x25c>
20000dfc:	6e41                	lui	t3,0x10
20000dfe:	9872                	add	a6,a6,t3
20000e00:	03f482b3          	mul	t0,s1,t6
20000e04:	0106de13          	srli	t3,a3,0x10
20000e08:	9e42                	add	t3,t3,a6
20000e0a:	01069813          	slli	a6,a3,0x10
20000e0e:	08094933          	zext.h	s2,s2
20000e12:	984a                	add	a6,a6,s2
20000e14:	03ff0fb3          	mul	t6,t5,t6
20000e18:	0102d693          	srli	a3,t0,0x10
20000e1c:	03e70f33          	mul	t5,a4,t5
20000e20:	02970733          	mul	a4,a4,s1
20000e24:	977e                	add	a4,a4,t6
20000e26:	96ba                	add	a3,a3,a4
20000e28:	01f6f463          	bgeu	a3,t6,20000e30 <__muldf3+0x28c>
20000e2c:	6741                	lui	a4,0x10
20000e2e:	9f3a                	add	t5,t5,a4
20000e30:	01069713          	slli	a4,a3,0x10
20000e34:	0802c2b3          	zext.h	t0,t0
20000e38:	9522                	add	a0,a0,s0
20000e3a:	9716                	add	a4,a4,t0
20000e3c:	9eba                	add	t4,t4,a4
20000e3e:	00f537b3          	sltu	a5,a0,a5
20000e42:	97f6                	add	a5,a5,t4
20000e44:	982a                	add	a6,a6,a0
20000e46:	9e3e                	add	t3,t3,a5
20000e48:	00eeb733          	sltu	a4,t4,a4
20000e4c:	00a83533          	sltu	a0,a6,a0
20000e50:	01d7beb3          	sltu	t4,a5,t4
20000e54:	9572                	add	a0,a0,t3
20000e56:	82c1                	srli	a3,a3,0x10
20000e58:	01d76733          	or	a4,a4,t4
20000e5c:	9736                	add	a4,a4,a3
20000e5e:	00fe36b3          	sltu	a3,t3,a5
20000e62:	01c53e33          	sltu	t3,a0,t3
20000e66:	01c6e6b3          	or	a3,a3,t3
20000e6a:	96ba                	add	a3,a3,a4
20000e6c:	00981713          	slli	a4,a6,0x9
20000e70:	01176733          	or	a4,a4,a7
20000e74:	96fa                	add	a3,a3,t5
20000e76:	00e03733          	snez	a4,a4
20000e7a:	01785813          	srli	a6,a6,0x17
20000e7e:	06a6                	slli	a3,a3,0x9
20000e80:	01755793          	srli	a5,a0,0x17
20000e84:	01076733          	or	a4,a4,a6
20000e88:	0526                	slli	a0,a0,0x9
20000e8a:	8f49                	or	a4,a4,a0
20000e8c:	00769513          	slli	a0,a3,0x7
20000e90:	8fd5                	or	a5,a5,a3
20000e92:	06055c63          	bgez	a0,20000f0a <__muldf3+0x366>
20000e96:	00175693          	srli	a3,a4,0x1
20000e9a:	8b05                	andi	a4,a4,1
20000e9c:	8ed9                	or	a3,a3,a4
20000e9e:	01f79713          	slli	a4,a5,0x1f
20000ea2:	8f55                	or	a4,a4,a3
20000ea4:	8385                	srli	a5,a5,0x1
20000ea6:	3ff30693          	addi	a3,t1,1023
20000eaa:	06d05263          	blez	a3,20000f0e <__muldf3+0x36a>
20000eae:	00777613          	andi	a2,a4,7
20000eb2:	ce01                	beqz	a2,20000eca <__muldf3+0x326>
20000eb4:	00f77613          	andi	a2,a4,15
20000eb8:	4511                	li	a0,4
20000eba:	00a60863          	beq	a2,a0,20000eca <__muldf3+0x326>
20000ebe:	00a70633          	add	a2,a4,a0
20000ec2:	00e63533          	sltu	a0,a2,a4
20000ec6:	97aa                	add	a5,a5,a0
20000ec8:	8732                	mv	a4,a2
20000eca:	00779613          	slli	a2,a5,0x7
20000ece:	00065663          	bgez	a2,20000eda <__muldf3+0x336>
20000ed2:	49879793          	bclri	a5,a5,0x18
20000ed6:	40030693          	addi	a3,t1,1024
20000eda:	7fe00613          	li	a2,2046
20000ede:	0cd64a63          	blt	a2,a3,20000fb2 <__muldf3+0x40e>
20000ee2:	01d79893          	slli	a7,a5,0x1d
20000ee6:	830d                	srli	a4,a4,0x3
20000ee8:	00e8e8b3          	or	a7,a7,a4
20000eec:	838d                	srli	a5,a5,0x3
20000eee:	07b2                	slli	a5,a5,0xc
20000ef0:	4432                	lw	s0,12(sp)
20000ef2:	83b1                	srli	a5,a5,0xc
20000ef4:	06d2                	slli	a3,a3,0x14
20000ef6:	05fe                	slli	a1,a1,0x1f
20000ef8:	8edd                	or	a3,a3,a5
20000efa:	00b6e7b3          	or	a5,a3,a1
20000efe:	44a2                	lw	s1,8(sp)
20000f00:	4912                	lw	s2,4(sp)
20000f02:	8546                	mv	a0,a7
20000f04:	85be                	mv	a1,a5
20000f06:	0141                	addi	sp,sp,16
20000f08:	8082                	ret
20000f0a:	8332                	mv	t1,a2
20000f0c:	bf69                	j	20000ea6 <__muldf3+0x302>
20000f0e:	c6a5                	beqz	a3,20000f76 <__muldf3+0x3d2>
20000f10:	fc900613          	li	a2,-55
20000f14:	d2c6cbe3          	blt	a3,a2,20000c4a <__muldf3+0xa6>
20000f18:	5609                	li	a2,-30
20000f1a:	06c6c063          	blt	a3,a2,20000f7a <__muldf3+0x3d6>
20000f1e:	4605                	li	a2,1
20000f20:	40d606b3          	sub	a3,a2,a3
20000f24:	41e30313          	addi	t1,t1,1054
20000f28:	00d75633          	srl	a2,a4,a3
20000f2c:	00671733          	sll	a4,a4,t1
20000f30:	00e03733          	snez	a4,a4
20000f34:	00679333          	sll	t1,a5,t1
20000f38:	00676733          	or	a4,a4,t1
20000f3c:	8f51                	or	a4,a4,a2
20000f3e:	00d7d7b3          	srl	a5,a5,a3
20000f42:	00777693          	andi	a3,a4,7
20000f46:	ce81                	beqz	a3,20000f5e <__muldf3+0x3ba>
20000f48:	00f77693          	andi	a3,a4,15
20000f4c:	4611                	li	a2,4
20000f4e:	00c68863          	beq	a3,a2,20000f5e <__muldf3+0x3ba>
20000f52:	00c706b3          	add	a3,a4,a2
20000f56:	00e6b633          	sltu	a2,a3,a4
20000f5a:	97b2                	add	a5,a5,a2
20000f5c:	8736                	mv	a4,a3
20000f5e:	00879693          	slli	a3,a5,0x8
20000f62:	0406cd63          	bltz	a3,20000fbc <__muldf3+0x418>
20000f66:	01d79893          	slli	a7,a5,0x1d
20000f6a:	830d                	srli	a4,a4,0x3
20000f6c:	00e8e8b3          	or	a7,a7,a4
20000f70:	838d                	srli	a5,a5,0x3
20000f72:	4681                	li	a3,0
20000f74:	bfad                	j	20000eee <__muldf3+0x34a>
20000f76:	4685                	li	a3,1
20000f78:	b775                	j	20000f24 <__muldf3+0x380>
20000f7a:	5805                	li	a6,-31
20000f7c:	40d80633          	sub	a2,a6,a3
20000f80:	00c7d633          	srl	a2,a5,a2
20000f84:	4501                	li	a0,0
20000f86:	01068663          	beq	a3,a6,20000f92 <__muldf3+0x3ee>
20000f8a:	43e30313          	addi	t1,t1,1086
20000f8e:	00679533          	sll	a0,a5,t1
20000f92:	8f49                	or	a4,a4,a0
20000f94:	00e03733          	snez	a4,a4
20000f98:	8f51                	or	a4,a4,a2
20000f9a:	4781                	li	a5,0
20000f9c:	b75d                	j	20000f42 <__muldf3+0x39e>
20000f9e:	000807b7          	lui	a5,0x80
20000fa2:	7ff00693          	li	a3,2047
20000fa6:	4581                	li	a1,0
20000fa8:	b799                	j	20000eee <__muldf3+0x34a>
20000faa:	000807b7          	lui	a5,0x80
20000fae:	4881                	li	a7,0
20000fb0:	bfcd                	j	20000fa2 <__muldf3+0x3fe>
20000fb2:	4781                	li	a5,0
20000fb4:	4881                	li	a7,0
20000fb6:	7ff00693          	li	a3,2047
20000fba:	bf15                	j	20000eee <__muldf3+0x34a>
20000fbc:	4781                	li	a5,0
20000fbe:	4881                	li	a7,0
20000fc0:	4685                	li	a3,1
20000fc2:	b735                	j	20000eee <__muldf3+0x34a>

20000fc4 <__subdf3>:
20000fc4:	00100837          	lui	a6,0x100
20000fc8:	187d                	addi	a6,a6,-1 # fffff <HeapSize+0xff7ff>
20000fca:	00b877b3          	and	a5,a6,a1
20000fce:	00d87833          	and	a6,a6,a3
20000fd2:	0146de13          	srli	t3,a3,0x14
20000fd6:	080e                	slli	a6,a6,0x3
20000fd8:	01d65313          	srli	t1,a2,0x1d
20000fdc:	0145d713          	srli	a4,a1,0x14
20000fe0:	01d55893          	srli	a7,a0,0x1d
20000fe4:	078e                	slli	a5,a5,0x3
20000fe6:	01036333          	or	t1,t1,a6
20000fea:	7ffe7e13          	andi	t3,t3,2047
20000fee:	7ff00813          	li	a6,2047
20000ff2:	7ff77713          	andi	a4,a4,2047
20000ff6:	81fd                	srli	a1,a1,0x1f
20000ff8:	00f8e7b3          	or	a5,a7,a5
20000ffc:	050e                	slli	a0,a0,0x3
20000ffe:	82fd                	srli	a3,a3,0x1f
20001000:	060e                	slli	a2,a2,0x3
20001002:	010e1663          	bne	t3,a6,2000100e <__subdf3+0x4a>
20001006:	00c36833          	or	a6,t1,a2
2000100a:	00081463          	bnez	a6,20001012 <__subdf3+0x4e>
2000100e:	0016c693          	xori	a3,a3,1
20001012:	41c70833          	sub	a6,a4,t3
20001016:	7ff00893          	li	a7,2047
2000101a:	24b69263          	bne	a3,a1,2000125e <__subdf3+0x29a>
2000101e:	0d005863          	blez	a6,200010ee <__subdf3+0x12a>
20001022:	020e1463          	bnez	t3,2000104a <__subdf3+0x86>
20001026:	00c366b3          	or	a3,t1,a2
2000102a:	ce91                	beqz	a3,20001046 <__subdf3+0x82>
2000102c:	fff70813          	addi	a6,a4,-1 # ffff <HeapSize+0xf7ff>
20001030:	00081963          	bnez	a6,20001042 <__subdf3+0x7e>
20001034:	962a                	add	a2,a2,a0
20001036:	979a                	add	a5,a5,t1
20001038:	00a63533          	sltu	a0,a2,a0
2000103c:	97aa                	add	a5,a5,a0
2000103e:	4705                	li	a4,1
20001040:	a889                	j	20001092 <__subdf3+0xce>
20001042:	01171863          	bne	a4,a7,20001052 <__subdf3+0x8e>
20001046:	862a                	mv	a2,a0
20001048:	aab5                	j	200011c4 <__subdf3+0x200>
2000104a:	ff170ee3          	beq	a4,a7,20001046 <__subdf3+0x82>
2000104e:	29731313          	bseti	t1,t1,0x17
20001052:	03800693          	li	a3,56
20001056:	0906c763          	blt	a3,a6,200010e4 <__subdf3+0x120>
2000105a:	46fd                	li	a3,31
2000105c:	02000e13          	li	t3,32
20001060:	0506cd63          	blt	a3,a6,200010ba <__subdf3+0xf6>
20001064:	410e0e33          	sub	t3,t3,a6
20001068:	01c316b3          	sll	a3,t1,t3
2000106c:	010658b3          	srl	a7,a2,a6
20001070:	01c61e33          	sll	t3,a2,t3
20001074:	0116e6b3          	or	a3,a3,a7
20001078:	01c03e33          	snez	t3,t3
2000107c:	01c6e6b3          	or	a3,a3,t3
20001080:	01035833          	srl	a6,t1,a6
20001084:	00a68633          	add	a2,a3,a0
20001088:	983e                	add	a6,a6,a5
2000108a:	00d636b3          	sltu	a3,a2,a3
2000108e:	00d807b3          	add	a5,a6,a3
20001092:	00879693          	slli	a3,a5,0x8
20001096:	1806d863          	bgez	a3,20001226 <__subdf3+0x262>
2000109a:	0705                	addi	a4,a4,1
2000109c:	7ff00693          	li	a3,2047
200010a0:	1ad70c63          	beq	a4,a3,20001258 <__subdf3+0x294>
200010a4:	00165693          	srli	a3,a2,0x1
200010a8:	8a05                	andi	a2,a2,1
200010aa:	49779513          	bclri	a0,a5,0x17
200010ae:	8e55                	or	a2,a2,a3
200010b0:	07fe                	slli	a5,a5,0x1f
200010b2:	8e5d                	or	a2,a2,a5
200010b4:	00155793          	srli	a5,a0,0x1
200010b8:	a2bd                	j	20001226 <__subdf3+0x262>
200010ba:	fe080693          	addi	a3,a6,-32
200010be:	00d356b3          	srl	a3,t1,a3
200010c2:	4881                	li	a7,0
200010c4:	01c80863          	beq	a6,t3,200010d4 <__subdf3+0x110>
200010c8:	04000893          	li	a7,64
200010cc:	410888b3          	sub	a7,a7,a6
200010d0:	011318b3          	sll	a7,t1,a7
200010d4:	00c8e8b3          	or	a7,a7,a2
200010d8:	011038b3          	snez	a7,a7
200010dc:	0116e6b3          	or	a3,a3,a7
200010e0:	4801                	li	a6,0
200010e2:	b74d                	j	20001084 <__subdf3+0xc0>
200010e4:	00c366b3          	or	a3,t1,a2
200010e8:	00d036b3          	snez	a3,a3
200010ec:	bfd5                	j	200010e0 <__subdf3+0x11c>
200010ee:	0a080063          	beqz	a6,2000118e <__subdf3+0x1ca>
200010f2:	40ee0833          	sub	a6,t3,a4
200010f6:	ef01                	bnez	a4,2000110e <__subdf3+0x14a>
200010f8:	00a7e733          	or	a4,a5,a0
200010fc:	c711                	beqz	a4,20001108 <__subdf3+0x144>
200010fe:	fff80693          	addi	a3,a6,-1
20001102:	da8d                	beqz	a3,20001034 <__subdf3+0x70>
20001104:	01181a63          	bne	a6,a7,20001118 <__subdf3+0x154>
20001108:	879a                	mv	a5,t1
2000110a:	8742                	mv	a4,a6
2000110c:	a865                	j	200011c4 <__subdf3+0x200>
2000110e:	431e0e63          	beq	t3,a7,2000154a <__subdf3+0x586>
20001112:	29779793          	bseti	a5,a5,0x17
20001116:	86c2                	mv	a3,a6
20001118:	03800713          	li	a4,56
2000111c:	06d74463          	blt	a4,a3,20001184 <__subdf3+0x1c0>
20001120:	477d                	li	a4,31
20001122:	02000893          	li	a7,32
20001126:	02d74a63          	blt	a4,a3,2000115a <__subdf3+0x196>
2000112a:	40d888b3          	sub	a7,a7,a3
2000112e:	01179733          	sll	a4,a5,a7
20001132:	00d55833          	srl	a6,a0,a3
20001136:	011518b3          	sll	a7,a0,a7
2000113a:	01076733          	or	a4,a4,a6
2000113e:	011038b3          	snez	a7,a7
20001142:	01176733          	or	a4,a4,a7
20001146:	00d7d6b3          	srl	a3,a5,a3
2000114a:	963a                	add	a2,a2,a4
2000114c:	00e63733          	sltu	a4,a2,a4
20001150:	969a                	add	a3,a3,t1
20001152:	00e687b3          	add	a5,a3,a4
20001156:	8772                	mv	a4,t3
20001158:	bf2d                	j	20001092 <__subdf3+0xce>
2000115a:	fe068713          	addi	a4,a3,-32
2000115e:	00e7d733          	srl	a4,a5,a4
20001162:	4801                	li	a6,0
20001164:	01168863          	beq	a3,a7,20001174 <__subdf3+0x1b0>
20001168:	04000813          	li	a6,64
2000116c:	40d80833          	sub	a6,a6,a3
20001170:	01079833          	sll	a6,a5,a6
20001174:	00a86833          	or	a6,a6,a0
20001178:	01003833          	snez	a6,a6
2000117c:	01076733          	or	a4,a4,a6
20001180:	4681                	li	a3,0
20001182:	b7e1                	j	2000114a <__subdf3+0x186>
20001184:	00a7e733          	or	a4,a5,a0
20001188:	00e03733          	snez	a4,a4
2000118c:	bfd5                	j	20001180 <__subdf3+0x1bc>
2000118e:	00170693          	addi	a3,a4,1
20001192:	7fe6f813          	andi	a6,a3,2046
20001196:	06081b63          	bnez	a6,2000120c <__subdf3+0x248>
2000119a:	00a7e6b3          	or	a3,a5,a0
2000119e:	ef39                	bnez	a4,200011fc <__subdf3+0x238>
200011a0:	38068b63          	beqz	a3,20001536 <__subdf3+0x572>
200011a4:	00c36733          	or	a4,t1,a2
200011a8:	38070963          	beqz	a4,2000153a <__subdf3+0x576>
200011ac:	962a                	add	a2,a2,a0
200011ae:	979a                	add	a5,a5,t1
200011b0:	00a63533          	sltu	a0,a2,a0
200011b4:	97aa                	add	a5,a5,a0
200011b6:	00879713          	slli	a4,a5,0x8
200011ba:	26075a63          	bgez	a4,2000142e <__subdf3+0x46a>
200011be:	49779793          	bclri	a5,a5,0x17
200011c2:	4705                	li	a4,1
200011c4:	820d                	srli	a2,a2,0x3
200011c6:	01d79693          	slli	a3,a5,0x1d
200011ca:	8ed1                	or	a3,a3,a2
200011cc:	7ff00613          	li	a2,2047
200011d0:	838d                	srli	a5,a5,0x3
200011d2:	00c71963          	bne	a4,a2,200011e4 <__subdf3+0x220>
200011d6:	8edd                	or	a3,a3,a5
200011d8:	4781                	li	a5,0
200011da:	c689                	beqz	a3,200011e4 <__subdf3+0x220>
200011dc:	000807b7          	lui	a5,0x80
200011e0:	4681                	li	a3,0
200011e2:	4581                	li	a1,0
200011e4:	7ff77713          	andi	a4,a4,2047
200011e8:	07b2                	slli	a5,a5,0xc
200011ea:	83b1                	srli	a5,a5,0xc
200011ec:	0752                	slli	a4,a4,0x14
200011ee:	8f5d                	or	a4,a4,a5
200011f0:	05fe                	slli	a1,a1,0x1f
200011f2:	00b767b3          	or	a5,a4,a1
200011f6:	8536                	mv	a0,a3
200011f8:	85be                	mv	a1,a5
200011fa:	8082                	ret
200011fc:	34068163          	beqz	a3,2000153e <__subdf3+0x57a>
20001200:	00c36333          	or	t1,t1,a2
20001204:	24031763          	bnez	t1,20001452 <__subdf3+0x48e>
20001208:	862a                	mv	a2,a0
2000120a:	ae1d                	j	20001540 <__subdf3+0x57c>
2000120c:	33168c63          	beq	a3,a7,20001544 <__subdf3+0x580>
20001210:	962a                	add	a2,a2,a0
20001212:	00a63533          	sltu	a0,a2,a0
20001216:	979a                	add	a5,a5,t1
20001218:	97aa                	add	a5,a5,a0
2000121a:	01f79713          	slli	a4,a5,0x1f
2000121e:	8205                	srli	a2,a2,0x1
20001220:	8e59                	or	a2,a2,a4
20001222:	8385                	srli	a5,a5,0x1
20001224:	8736                	mv	a4,a3
20001226:	00767693          	andi	a3,a2,7
2000122a:	ce81                	beqz	a3,20001242 <__subdf3+0x27e>
2000122c:	00f67693          	andi	a3,a2,15
20001230:	4511                	li	a0,4
20001232:	00a68863          	beq	a3,a0,20001242 <__subdf3+0x27e>
20001236:	00a606b3          	add	a3,a2,a0
2000123a:	00c6b533          	sltu	a0,a3,a2
2000123e:	97aa                	add	a5,a5,a0
20001240:	8636                	mv	a2,a3
20001242:	00879693          	slli	a3,a5,0x8
20001246:	f606dfe3          	bgez	a3,200011c4 <__subdf3+0x200>
2000124a:	0705                	addi	a4,a4,1
2000124c:	7ff00693          	li	a3,2047
20001250:	49779793          	bclri	a5,a5,0x17
20001254:	f6d718e3          	bne	a4,a3,200011c4 <__subdf3+0x200>
20001258:	4781                	li	a5,0
2000125a:	4601                	li	a2,0
2000125c:	b7a5                	j	200011c4 <__subdf3+0x200>
2000125e:	0d005263          	blez	a6,20001322 <__subdf3+0x35e>
20001262:	080e1163          	bnez	t3,200012e4 <__subdf3+0x320>
20001266:	00c366b3          	or	a3,t1,a2
2000126a:	dc068ee3          	beqz	a3,20001046 <__subdf3+0x82>
2000126e:	fff70813          	addi	a6,a4,-1
20001272:	00081b63          	bnez	a6,20001288 <__subdf3+0x2c4>
20001276:	40c50633          	sub	a2,a0,a2
2000127a:	406787b3          	sub	a5,a5,t1
2000127e:	00c53533          	sltu	a0,a0,a2
20001282:	8f89                	sub	a5,a5,a0
20001284:	4705                	li	a4,1
20001286:	a0a1                	j	200012ce <__subdf3+0x30a>
20001288:	db170fe3          	beq	a4,a7,20001046 <__subdf3+0x82>
2000128c:	03800693          	li	a3,56
20001290:	0906c463          	blt	a3,a6,20001318 <__subdf3+0x354>
20001294:	46fd                	li	a3,31
20001296:	02000e13          	li	t3,32
2000129a:	0506ca63          	blt	a3,a6,200012ee <__subdf3+0x32a>
2000129e:	410e0e33          	sub	t3,t3,a6
200012a2:	01c316b3          	sll	a3,t1,t3
200012a6:	010658b3          	srl	a7,a2,a6
200012aa:	01c61e33          	sll	t3,a2,t3
200012ae:	0116e6b3          	or	a3,a3,a7
200012b2:	01c03e33          	snez	t3,t3
200012b6:	01c6e6b3          	or	a3,a3,t3
200012ba:	01035833          	srl	a6,t1,a6
200012be:	40d50633          	sub	a2,a0,a3
200012c2:	41078833          	sub	a6,a5,a6
200012c6:	00c53533          	sltu	a0,a0,a2
200012ca:	40a807b3          	sub	a5,a6,a0
200012ce:	00879693          	slli	a3,a5,0x8
200012d2:	f406dae3          	bgez	a3,20001226 <__subdf3+0x262>
200012d6:	008008b7          	lui	a7,0x800
200012da:	18fd                	addi	a7,a7,-1 # 7fffff <HeapSize+0x7ff7ff>
200012dc:	0117f8b3          	and	a7,a5,a7
200012e0:	8832                	mv	a6,a2
200012e2:	a275                	j	2000148e <__subdf3+0x4ca>
200012e4:	d71701e3          	beq	a4,a7,20001046 <__subdf3+0x82>
200012e8:	29731313          	bseti	t1,t1,0x17
200012ec:	b745                	j	2000128c <__subdf3+0x2c8>
200012ee:	fe080693          	addi	a3,a6,-32
200012f2:	00d356b3          	srl	a3,t1,a3
200012f6:	4881                	li	a7,0
200012f8:	01c80863          	beq	a6,t3,20001308 <__subdf3+0x344>
200012fc:	04000893          	li	a7,64
20001300:	410888b3          	sub	a7,a7,a6
20001304:	011318b3          	sll	a7,t1,a7
20001308:	00c8e8b3          	or	a7,a7,a2
2000130c:	011038b3          	snez	a7,a7
20001310:	0116e6b3          	or	a3,a3,a7
20001314:	4801                	li	a6,0
20001316:	b765                	j	200012be <__subdf3+0x2fa>
20001318:	00c366b3          	or	a3,t1,a2
2000131c:	00d036b3          	snez	a3,a3
20001320:	bfd5                	j	20001314 <__subdf3+0x350>
20001322:	0a080d63          	beqz	a6,200013dc <__subdf3+0x418>
20001326:	40ee0833          	sub	a6,t3,a4
2000132a:	e70d                	bnez	a4,20001354 <__subdf3+0x390>
2000132c:	00a7e733          	or	a4,a5,a0
20001330:	c305                	beqz	a4,20001350 <__subdf3+0x38c>
20001332:	fff80713          	addi	a4,a6,-1
20001336:	eb19                	bnez	a4,2000134c <__subdf3+0x388>
20001338:	40a60533          	sub	a0,a2,a0
2000133c:	00a63733          	sltu	a4,a2,a0
20001340:	40f307b3          	sub	a5,t1,a5
20001344:	862a                	mv	a2,a0
20001346:	8f99                	sub	a5,a5,a4
20001348:	85b6                	mv	a1,a3
2000134a:	bf2d                	j	20001284 <__subdf3+0x2c0>
2000134c:	01181963          	bne	a6,a7,2000135e <__subdf3+0x39a>
20001350:	85b6                	mv	a1,a3
20001352:	bb5d                	j	20001108 <__subdf3+0x144>
20001354:	1f1e0a63          	beq	t3,a7,20001548 <__subdf3+0x584>
20001358:	29779793          	bseti	a5,a5,0x17
2000135c:	8742                	mv	a4,a6
2000135e:	03800593          	li	a1,56
20001362:	06e5c863          	blt	a1,a4,200013d2 <__subdf3+0x40e>
20001366:	45fd                	li	a1,31
20001368:	02000893          	li	a7,32
2000136c:	02e5ce63          	blt	a1,a4,200013a8 <__subdf3+0x3e4>
20001370:	40e888b3          	sub	a7,a7,a4
20001374:	011795b3          	sll	a1,a5,a7
20001378:	00e55833          	srl	a6,a0,a4
2000137c:	011518b3          	sll	a7,a0,a7
20001380:	0105e5b3          	or	a1,a1,a6
20001384:	011038b3          	snez	a7,a7
20001388:	0115e5b3          	or	a1,a1,a7
2000138c:	00e7d733          	srl	a4,a5,a4
20001390:	40b605b3          	sub	a1,a2,a1
20001394:	00b637b3          	sltu	a5,a2,a1
20001398:	40e30733          	sub	a4,t1,a4
2000139c:	862e                	mv	a2,a1
2000139e:	40f707b3          	sub	a5,a4,a5
200013a2:	85b6                	mv	a1,a3
200013a4:	8772                	mv	a4,t3
200013a6:	b725                	j	200012ce <__subdf3+0x30a>
200013a8:	fe070593          	addi	a1,a4,-32
200013ac:	00b7d5b3          	srl	a1,a5,a1
200013b0:	4801                	li	a6,0
200013b2:	01170863          	beq	a4,a7,200013c2 <__subdf3+0x3fe>
200013b6:	04000813          	li	a6,64
200013ba:	40e80833          	sub	a6,a6,a4
200013be:	01079833          	sll	a6,a5,a6
200013c2:	00a86833          	or	a6,a6,a0
200013c6:	01003833          	snez	a6,a6
200013ca:	0105e5b3          	or	a1,a1,a6
200013ce:	4701                	li	a4,0
200013d0:	b7c1                	j	20001390 <__subdf3+0x3cc>
200013d2:	00a7e5b3          	or	a1,a5,a0
200013d6:	00b035b3          	snez	a1,a1
200013da:	bfd5                	j	200013ce <__subdf3+0x40a>
200013dc:	00170813          	addi	a6,a4,1
200013e0:	7fe87813          	andi	a6,a6,2046
200013e4:	06081f63          	bnez	a6,20001462 <__subdf3+0x49e>
200013e8:	00c36833          	or	a6,t1,a2
200013ec:	00a7ee33          	or	t3,a5,a0
200013f0:	ef21                	bnez	a4,20001448 <__subdf3+0x484>
200013f2:	000e1763          	bnez	t3,20001400 <__subdf3+0x43c>
200013f6:	879a                	mv	a5,t1
200013f8:	02081a63          	bnez	a6,2000142c <__subdf3+0x468>
200013fc:	4581                	li	a1,0
200013fe:	bda9                	j	20001258 <__subdf3+0x294>
20001400:	12080d63          	beqz	a6,2000153a <__subdf3+0x576>
20001404:	40c508b3          	sub	a7,a0,a2
20001408:	01153e33          	sltu	t3,a0,a7
2000140c:	40678833          	sub	a6,a5,t1
20001410:	41c80833          	sub	a6,a6,t3
20001414:	00881e13          	slli	t3,a6,0x8
20001418:	020e5163          	bgez	t3,2000143a <__subdf3+0x476>
2000141c:	40a60533          	sub	a0,a2,a0
20001420:	00a63733          	sltu	a4,a2,a0
20001424:	40f307b3          	sub	a5,t1,a5
20001428:	862a                	mv	a2,a0
2000142a:	8f99                	sub	a5,a5,a4
2000142c:	85b6                	mv	a1,a3
2000142e:	00f66733          	or	a4,a2,a5
20001432:	e20703e3          	beqz	a4,20001258 <__subdf3+0x294>
20001436:	4701                	li	a4,0
20001438:	b3fd                	j	20001226 <__subdf3+0x262>
2000143a:	0108e633          	or	a2,a7,a6
2000143e:	10060963          	beqz	a2,20001550 <__subdf3+0x58c>
20001442:	87c2                	mv	a5,a6
20001444:	8646                	mv	a2,a7
20001446:	b7e5                	j	2000142e <__subdf3+0x46a>
20001448:	000e1a63          	bnez	t3,2000145c <__subdf3+0x498>
2000144c:	85b6                	mv	a1,a3
2000144e:	0e081863          	bnez	a6,2000153e <__subdf3+0x57a>
20001452:	4581                	li	a1,0
20001454:	004007b7          	lui	a5,0x400
20001458:	4601                	li	a2,0
2000145a:	a0dd                	j	20001540 <__subdf3+0x57c>
2000145c:	da0806e3          	beqz	a6,20001208 <__subdf3+0x244>
20001460:	bfcd                	j	20001452 <__subdf3+0x48e>
20001462:	40c50e33          	sub	t3,a0,a2
20001466:	01c53eb3          	sltu	t4,a0,t3
2000146a:	406788b3          	sub	a7,a5,t1
2000146e:	41d888b3          	sub	a7,a7,t4
20001472:	00889e93          	slli	t4,a7,0x8
20001476:	8872                	mv	a6,t3
20001478:	060ed563          	bgez	t4,200014e2 <__subdf3+0x51e>
2000147c:	40a60833          	sub	a6,a2,a0
20001480:	40f308b3          	sub	a7,t1,a5
20001484:	01063633          	sltu	a2,a2,a6
20001488:	40c888b3          	sub	a7,a7,a2
2000148c:	85b6                	mv	a1,a3
2000148e:	06088163          	beqz	a7,200014f0 <__subdf3+0x52c>
20001492:	60089693          	clz	a3,a7
20001496:	16e1                	addi	a3,a3,-8
20001498:	02000793          	li	a5,32
2000149c:	8f95                	sub	a5,a5,a3
2000149e:	00d898b3          	sll	a7,a7,a3
200014a2:	00f857b3          	srl	a5,a6,a5
200014a6:	0117e7b3          	or	a5,a5,a7
200014aa:	00d81633          	sll	a2,a6,a3
200014ae:	08e6c063          	blt	a3,a4,2000152e <__subdf3+0x56a>
200014b2:	8e99                	sub	a3,a3,a4
200014b4:	00168813          	addi	a6,a3,1
200014b8:	477d                	li	a4,31
200014ba:	02000513          	li	a0,32
200014be:	05074563          	blt	a4,a6,20001508 <__subdf3+0x544>
200014c2:	41050533          	sub	a0,a0,a6
200014c6:	00a79733          	sll	a4,a5,a0
200014ca:	010656b3          	srl	a3,a2,a6
200014ce:	00a61533          	sll	a0,a2,a0
200014d2:	8f55                	or	a4,a4,a3
200014d4:	00a03533          	snez	a0,a0
200014d8:	00a76633          	or	a2,a4,a0
200014dc:	0107d7b3          	srl	a5,a5,a6
200014e0:	b7b9                	j	2000142e <__subdf3+0x46a>
200014e2:	011e6633          	or	a2,t3,a7
200014e6:	f645                	bnez	a2,2000148e <__subdf3+0x4ca>
200014e8:	4581                	li	a1,0
200014ea:	4781                	li	a5,0
200014ec:	4701                	li	a4,0
200014ee:	b9d9                	j	200011c4 <__subdf3+0x200>
200014f0:	60081793          	clz	a5,a6
200014f4:	01878693          	addi	a3,a5,24 # 400018 <HeapSize+0x3ff818>
200014f8:	467d                	li	a2,31
200014fa:	f8d65fe3          	bge	a2,a3,20001498 <__subdf3+0x4d4>
200014fe:	17e1                	addi	a5,a5,-8
20001500:	00f817b3          	sll	a5,a6,a5
20001504:	4601                	li	a2,0
20001506:	b765                	j	200014ae <__subdf3+0x4ea>
20001508:	1685                	addi	a3,a3,-31
2000150a:	00d7d6b3          	srl	a3,a5,a3
2000150e:	4701                	li	a4,0
20001510:	00a80863          	beq	a6,a0,20001520 <__subdf3+0x55c>
20001514:	04000713          	li	a4,64
20001518:	41070733          	sub	a4,a4,a6
2000151c:	00e79733          	sll	a4,a5,a4
20001520:	8f51                	or	a4,a4,a2
20001522:	00e03733          	snez	a4,a4
20001526:	00e6e633          	or	a2,a3,a4
2000152a:	4781                	li	a5,0
2000152c:	b709                	j	2000142e <__subdf3+0x46a>
2000152e:	8f15                	sub	a4,a4,a3
20001530:	49779793          	bclri	a5,a5,0x17
20001534:	b9cd                	j	20001226 <__subdf3+0x262>
20001536:	879a                	mv	a5,t1
20001538:	bddd                	j	2000142e <__subdf3+0x46a>
2000153a:	862a                	mv	a2,a0
2000153c:	bdcd                	j	2000142e <__subdf3+0x46a>
2000153e:	879a                	mv	a5,t1
20001540:	8746                	mv	a4,a7
20001542:	b149                	j	200011c4 <__subdf3+0x200>
20001544:	8736                	mv	a4,a3
20001546:	bb09                	j	20001258 <__subdf3+0x294>
20001548:	85b6                	mv	a1,a3
2000154a:	879a                	mv	a5,t1
2000154c:	8772                	mv	a4,t3
2000154e:	b99d                	j	200011c4 <__subdf3+0x200>
20001550:	4581                	li	a1,0
20001552:	4781                	li	a5,0
20001554:	b985                	j	200011c4 <__subdf3+0x200>

20001556 <__fixdfsi>:
20001556:	0145d713          	srli	a4,a1,0x14
2000155a:	00c59793          	slli	a5,a1,0xc
2000155e:	7ff77713          	andi	a4,a4,2047
20001562:	3fe00693          	li	a3,1022
20001566:	83b1                	srli	a5,a5,0xc
20001568:	81fd                	srli	a1,a1,0x1f
2000156a:	04e6d463          	bge	a3,a4,200015b2 <__fixdfsi+0x5c>
2000156e:	41d00693          	li	a3,1053
20001572:	00e6d763          	bge	a3,a4,20001580 <__fixdfsi+0x2a>
20001576:	80000537          	lui	a0,0x80000
2000157a:	157d                	addi	a0,a0,-1 # 7fffffff <__StackTop+0x5ff7dfff>
2000157c:	952e                	add	a0,a0,a1
2000157e:	8082                	ret
20001580:	41300693          	li	a3,1043
20001584:	29479793          	bseti	a5,a5,0x14
20001588:	02e6d163          	bge	a3,a4,200015aa <__fixdfsi+0x54>
2000158c:	bed70693          	addi	a3,a4,-1043
20001590:	00d797b3          	sll	a5,a5,a3
20001594:	43300693          	li	a3,1075
20001598:	40e68733          	sub	a4,a3,a4
2000159c:	00e55533          	srl	a0,a0,a4
200015a0:	8d5d                	or	a0,a0,a5
200015a2:	c989                	beqz	a1,200015b4 <__fixdfsi+0x5e>
200015a4:	40a00533          	neg	a0,a0
200015a8:	8082                	ret
200015aa:	8e99                	sub	a3,a3,a4
200015ac:	00d7d533          	srl	a0,a5,a3
200015b0:	bfcd                	j	200015a2 <__fixdfsi+0x4c>
200015b2:	4501                	li	a0,0
200015b4:	8082                	ret

200015b6 <__floatsidf>:
200015b6:	c529                	beqz	a0,20001600 <__floatsidf+0x4a>
200015b8:	40a00733          	neg	a4,a0
200015bc:	0ae56733          	max	a4,a0,a4
200015c0:	01f55613          	srli	a2,a0,0x1f
200015c4:	60071693          	clz	a3,a4
200015c8:	41e00513          	li	a0,1054
200015cc:	47a9                	li	a5,10
200015ce:	8d15                	sub	a0,a0,a3
200015d0:	02d7c363          	blt	a5,a3,200015f6 <__floatsidf+0x40>
200015d4:	47ad                	li	a5,11
200015d6:	8f95                	sub	a5,a5,a3
200015d8:	06d5                	addi	a3,a3,21
200015da:	00f757b3          	srl	a5,a4,a5
200015de:	00d71733          	sll	a4,a4,a3
200015e2:	07b2                	slli	a5,a5,0xc
200015e4:	83b1                	srli	a5,a5,0xc
200015e6:	0552                	slli	a0,a0,0x14
200015e8:	8d5d                	or	a0,a0,a5
200015ea:	067e                	slli	a2,a2,0x1f
200015ec:	00c567b3          	or	a5,a0,a2
200015f0:	85be                	mv	a1,a5
200015f2:	853a                	mv	a0,a4
200015f4:	8082                	ret
200015f6:	16d5                	addi	a3,a3,-11
200015f8:	00d717b3          	sll	a5,a4,a3
200015fc:	4701                	li	a4,0
200015fe:	b7d5                	j	200015e2 <__floatsidf+0x2c>
20001600:	4601                	li	a2,0
20001602:	4781                	li	a5,0
20001604:	bfe5                	j	200015fc <__floatsidf+0x46>

20001606 <__floatsisf>:
20001606:	c559                	beqz	a0,20001694 <__floatsisf+0x8e>
20001608:	40a007b3          	neg	a5,a0
2000160c:	0af567b3          	max	a5,a0,a5
20001610:	01f55613          	srli	a2,a0,0x1f
20001614:	60079713          	clz	a4,a5
20001618:	09e00513          	li	a0,158
2000161c:	469d                	li	a3,7
2000161e:	8d19                	sub	a0,a0,a4
20001620:	00e6df63          	bge	a3,a4,2000163e <__floatsisf+0x38>
20001624:	46a1                	li	a3,8
20001626:	06d70a63          	beq	a4,a3,2000169a <__floatsisf+0x94>
2000162a:	1761                	addi	a4,a4,-8
2000162c:	00e797b3          	sll	a5,a5,a4
20001630:	07a6                	slli	a5,a5,0x9
20001632:	83a5                	srli	a5,a5,0x9
20001634:	055e                	slli	a0,a0,0x17
20001636:	8d5d                	or	a0,a0,a5
20001638:	067e                	slli	a2,a2,0x1f
2000163a:	8d51                	or	a0,a0,a2
2000163c:	8082                	ret
2000163e:	4691                	li	a3,4
20001640:	4595                	li	a1,5
20001642:	04e6c263          	blt	a3,a4,20001686 <__floatsisf+0x80>
20001646:	01b70693          	addi	a3,a4,27
2000164a:	00d796b3          	sll	a3,a5,a3
2000164e:	8d99                	sub	a1,a1,a4
20001650:	00d036b3          	snez	a3,a3
20001654:	00b7d7b3          	srl	a5,a5,a1
20001658:	8fd5                	or	a5,a5,a3
2000165a:	0077f593          	andi	a1,a5,7
2000165e:	49a79693          	bclri	a3,a5,0x1a
20001662:	cd99                	beqz	a1,20001680 <__floatsisf+0x7a>
20001664:	8bbd                	andi	a5,a5,15
20001666:	4591                	li	a1,4
20001668:	00b78c63          	beq	a5,a1,20001680 <__floatsisf+0x7a>
2000166c:	96ae                	add	a3,a3,a1
2000166e:	00569793          	slli	a5,a3,0x5
20001672:	0007d763          	bgez	a5,20001680 <__floatsisf+0x7a>
20001676:	09f00513          	li	a0,159
2000167a:	49a69693          	bclri	a3,a3,0x1a
2000167e:	8d19                	sub	a0,a0,a4
20001680:	0036d793          	srli	a5,a3,0x3
20001684:	b775                	j	20001630 <__floatsisf+0x2a>
20001686:	fcb70ae3          	beq	a4,a1,2000165a <__floatsisf+0x54>
2000168a:	ffb70693          	addi	a3,a4,-5
2000168e:	00d797b3          	sll	a5,a5,a3
20001692:	b7e1                	j	2000165a <__floatsisf+0x54>
20001694:	4601                	li	a2,0
20001696:	4781                	li	a5,0
20001698:	bf61                	j	20001630 <__floatsisf+0x2a>
2000169a:	09600513          	li	a0,150
2000169e:	bf49                	j	20001630 <__floatsisf+0x2a>

200016a0 <__extendsfdf2>:
200016a0:	01755693          	srli	a3,a0,0x17
200016a4:	0ff6f693          	zext.b	a3,a3
200016a8:	00168793          	addi	a5,a3,1
200016ac:	00951713          	slli	a4,a0,0x9
200016b0:	0fe7f793          	andi	a5,a5,254
200016b4:	8325                	srli	a4,a4,0x9
200016b6:	817d                	srli	a0,a0,0x1f
200016b8:	c385                	beqz	a5,200016d8 <__extendsfdf2+0x38>
200016ba:	00375793          	srli	a5,a4,0x3
200016be:	38068693          	addi	a3,a3,896
200016c2:	0776                	slli	a4,a4,0x1d
200016c4:	07b2                	slli	a5,a5,0xc
200016c6:	83b1                	srli	a5,a5,0xc
200016c8:	06d2                	slli	a3,a3,0x14
200016ca:	8edd                	or	a3,a3,a5
200016cc:	057e                	slli	a0,a0,0x1f
200016ce:	00a6e7b3          	or	a5,a3,a0
200016d2:	85be                	mv	a1,a5
200016d4:	853a                	mv	a0,a4
200016d6:	8082                	ret
200016d8:	ea8d                	bnez	a3,2000170a <__extendsfdf2+0x6a>
200016da:	d76d                	beqz	a4,200016c4 <__extendsfdf2+0x24>
200016dc:	60071613          	clz	a2,a4
200016e0:	47a9                	li	a5,10
200016e2:	00c7ce63          	blt	a5,a2,200016fe <__extendsfdf2+0x5e>
200016e6:	47ad                	li	a5,11
200016e8:	8f91                	sub	a5,a5,a2
200016ea:	01560693          	addi	a3,a2,21
200016ee:	00f757b3          	srl	a5,a4,a5
200016f2:	00d71733          	sll	a4,a4,a3
200016f6:	38900693          	li	a3,905
200016fa:	8e91                	sub	a3,a3,a2
200016fc:	b7e1                	j	200016c4 <__extendsfdf2+0x24>
200016fe:	ff560793          	addi	a5,a2,-11
20001702:	00f717b3          	sll	a5,a4,a5
20001706:	4701                	li	a4,0
20001708:	b7fd                	j	200016f6 <__extendsfdf2+0x56>
2000170a:	4781                	li	a5,0
2000170c:	c711                	beqz	a4,20001718 <__extendsfdf2+0x78>
2000170e:	00375793          	srli	a5,a4,0x3
20001712:	29379793          	bseti	a5,a5,0x13
20001716:	0776                	slli	a4,a4,0x1d
20001718:	7ff00693          	li	a3,2047
2000171c:	b765                	j	200016c4 <__extendsfdf2+0x24>

2000171e <__eqdf2>:
2000171e:	001007b7          	lui	a5,0x100
20001722:	0145d813          	srli	a6,a1,0x14
20001726:	17fd                	addi	a5,a5,-1 # fffff <HeapSize+0xff7ff>
20001728:	0146d313          	srli	t1,a3,0x14
2000172c:	7ff87813          	andi	a6,a6,2047
20001730:	7ff00e93          	li	t4,2047
20001734:	00b7f733          	and	a4,a5,a1
20001738:	88aa                	mv	a7,a0
2000173a:	01f5df93          	srli	t6,a1,0x1f
2000173e:	8ff5                	and	a5,a5,a3
20001740:	7ff37313          	andi	t1,t1,2047
20001744:	01f6df13          	srli	t5,a3,0x1f
20001748:	01d81763          	bne	a6,t4,20001756 <__eqdf2+0x38>
2000174c:	00a76e33          	or	t3,a4,a0
20001750:	4505                	li	a0,1
20001752:	020e1963          	bnez	t3,20001784 <__eqdf2+0x66>
20001756:	01d31563          	bne	t1,t4,20001760 <__eqdf2+0x42>
2000175a:	8fd1                	or	a5,a5,a2
2000175c:	4505                	li	a0,1
2000175e:	e39d                	bnez	a5,20001784 <__eqdf2+0x66>
20001760:	8ead                	xor	a3,a3,a1
20001762:	00169793          	slli	a5,a3,0x1
20001766:	ef91                	bnez	a5,20001782 <__eqdf2+0x64>
20001768:	01161d63          	bne	a2,a7,20001782 <__eqdf2+0x64>
2000176c:	4501                	li	a0,0
2000176e:	01ef8b63          	beq	t6,t5,20001784 <__eqdf2+0x66>
20001772:	4505                	li	a0,1
20001774:	00081863          	bnez	a6,20001784 <__eqdf2+0x66>
20001778:	01176733          	or	a4,a4,a7
2000177c:	00e03533          	snez	a0,a4
20001780:	8082                	ret
20001782:	4505                	li	a0,1
20001784:	8082                	ret

20001786 <__eqtf2>:
20001786:	00c52883          	lw	a7,12(a0)
2000178a:	00c5a303          	lw	t1,12(a1)
2000178e:	4194                	lw	a3,0(a1)
20001790:	41d0                	lw	a2,4(a1)
20001792:	4598                	lw	a4,8(a1)
20001794:	65a1                	lui	a1,0x8
20001796:	0108d813          	srli	a6,a7,0x10
2000179a:	15fd                	addi	a1,a1,-1 # 7fff <HeapSize+0x77ff>
2000179c:	01035793          	srli	a5,t1,0x10
200017a0:	00b87833          	and	a6,a6,a1
200017a4:	0808ce33          	zext.h	t3,a7
200017a8:	080342b3          	zext.h	t0,t1
200017ac:	00052e83          	lw	t4,0(a0)
200017b0:	00452f83          	lw	t6,4(a0)
200017b4:	00852f03          	lw	t5,8(a0)
200017b8:	1141                	addi	sp,sp,-16
200017ba:	01f8d893          	srli	a7,a7,0x1f
200017be:	8fed                	and	a5,a5,a1
200017c0:	01f35313          	srli	t1,t1,0x1f
200017c4:	00b81d63          	bne	a6,a1,200017de <__eqtf2+0x58>
200017c8:	01dfe5b3          	or	a1,t6,t4
200017cc:	01e5e5b3          	or	a1,a1,t5
200017d0:	01c5e5b3          	or	a1,a1,t3
200017d4:	4505                	li	a0,1
200017d6:	e1ad                	bnez	a1,20001838 <__eqtf2+0xb2>
200017d8:	07079063          	bne	a5,a6,20001838 <__eqtf2+0xb2>
200017dc:	a019                	j	200017e2 <__eqtf2+0x5c>
200017de:	00b79963          	bne	a5,a1,200017f0 <__eqtf2+0x6a>
200017e2:	00c6e5b3          	or	a1,a3,a2
200017e6:	8dd9                	or	a1,a1,a4
200017e8:	0055e5b3          	or	a1,a1,t0
200017ec:	4505                	li	a0,1
200017ee:	e5a9                	bnez	a1,20001838 <__eqtf2+0xb2>
200017f0:	41d686b3          	sub	a3,a3,t4
200017f4:	40cf8633          	sub	a2,t6,a2
200017f8:	00d036b3          	snez	a3,a3
200017fc:	00c03633          	snez	a2,a2
20001800:	410787b3          	sub	a5,a5,a6
20001804:	8ed1                	or	a3,a3,a2
20001806:	00f037b3          	snez	a5,a5
2000180a:	40ef0733          	sub	a4,t5,a4
2000180e:	8fd5                	or	a5,a5,a3
20001810:	00e03733          	snez	a4,a4
20001814:	8f5d                	or	a4,a4,a5
20001816:	e31d                	bnez	a4,2000183c <__eqtf2+0xb6>
20001818:	025e1263          	bne	t3,t0,2000183c <__eqtf2+0xb6>
2000181c:	4501                	li	a0,0
2000181e:	00688d63          	beq	a7,t1,20001838 <__eqtf2+0xb2>
20001822:	4505                	li	a0,1
20001824:	00081a63          	bnez	a6,20001838 <__eqtf2+0xb2>
20001828:	01dfe533          	or	a0,t6,t4
2000182c:	01e56533          	or	a0,a0,t5
20001830:	01c56533          	or	a0,a0,t3
20001834:	00a03533          	snez	a0,a0
20001838:	0141                	addi	sp,sp,16
2000183a:	8082                	ret
2000183c:	4505                	li	a0,1
2000183e:	bfed                	j	20001838 <__eqtf2+0xb2>

20001840 <__getf2>:
20001840:	455c                	lw	a5,12(a0)
20001842:	45d4                	lw	a3,12(a1)
20001844:	6721                	lui	a4,0x8
20001846:	177d                	addi	a4,a4,-1 # 7fff <HeapSize+0x77ff>
20001848:	0005a283          	lw	t0,0(a1)
2000184c:	0045a303          	lw	t1,4(a1)
20001850:	0085a383          	lw	t2,8(a1)
20001854:	0107d593          	srli	a1,a5,0x10
20001858:	0106d613          	srli	a2,a3,0x10
2000185c:	8df9                	and	a1,a1,a4
2000185e:	0807ce33          	zext.h	t3,a5
20001862:	00052f03          	lw	t5,0(a0)
20001866:	00452883          	lw	a7,4(a0)
2000186a:	00852f83          	lw	t6,8(a0)
2000186e:	1141                	addi	sp,sp,-16
20001870:	83fd                	srli	a5,a5,0x1f
20001872:	8e79                	and	a2,a2,a4
20001874:	01f6de93          	srli	t4,a3,0x1f
20001878:	00e59a63          	bne	a1,a4,2000188c <__getf2+0x4c>
2000187c:	01e8e733          	or	a4,a7,t5
20001880:	01f76733          	or	a4,a4,t6
20001884:	01c76733          	or	a4,a4,t3
20001888:	5579                	li	a0,-2
2000188a:	ef21                	bnez	a4,200018e2 <__getf2+0xa2>
2000188c:	6721                	lui	a4,0x8
2000188e:	177d                	addi	a4,a4,-1 # 7fff <HeapSize+0x77ff>
20001890:	0806c6b3          	zext.h	a3,a3
20001894:	8532                	mv	a0,a2
20001896:	00e61863          	bne	a2,a4,200018a6 <__getf2+0x66>
2000189a:	00536733          	or	a4,t1,t0
2000189e:	00776733          	or	a4,a4,t2
200018a2:	8f55                	or	a4,a4,a3
200018a4:	e329                	bnez	a4,200018e6 <__getf2+0xa6>
200018a6:	4701                	li	a4,0
200018a8:	e989                	bnez	a1,200018ba <__getf2+0x7a>
200018aa:	01e8e733          	or	a4,a7,t5
200018ae:	01f76733          	or	a4,a4,t6
200018b2:	01c76733          	or	a4,a4,t3
200018b6:	00173713          	seqz	a4,a4
200018ba:	ea15                	bnez	a2,200018ee <__getf2+0xae>
200018bc:	00536833          	or	a6,t1,t0
200018c0:	00786833          	or	a6,a6,t2
200018c4:	00d86833          	or	a6,a6,a3
200018c8:	c719                	beqz	a4,200018d6 <__getf2+0x96>
200018ca:	00080c63          	beqz	a6,200018e2 <__getf2+0xa2>
200018ce:	001e9513          	slli	a0,t4,0x1
200018d2:	157d                	addi	a0,a0,-1
200018d4:	a039                	j	200018e2 <__getf2+0xa2>
200018d6:	00081d63          	bnez	a6,200018f0 <__getf2+0xb0>
200018da:	40f00533          	neg	a0,a5
200018de:	00156513          	ori	a0,a0,1
200018e2:	0141                	addi	sp,sp,16
200018e4:	8082                	ret
200018e6:	5579                	li	a0,-2
200018e8:	bfed                	j	200018e2 <__getf2+0xa2>
200018ea:	4501                	li	a0,0
200018ec:	bfdd                	j	200018e2 <__getf2+0xa2>
200018ee:	f365                	bnez	a4,200018ce <__getf2+0x8e>
200018f0:	fefe95e3          	bne	t4,a5,200018da <__getf2+0x9a>
200018f4:	41d00533          	neg	a0,t4
200018f8:	feb643e3          	blt	a2,a1,200018de <__getf2+0x9e>
200018fc:	fcc5c9e3          	blt	a1,a2,200018ce <__getf2+0x8e>
20001900:	fdc6ede3          	bltu	a3,t3,200018da <__getf2+0x9a>
20001904:	02de1263          	bne	t3,a3,20001928 <__getf2+0xe8>
20001908:	fdf3e9e3          	bltu	t2,t6,200018da <__getf2+0x9a>
2000190c:	01f39e63          	bne	t2,t6,20001928 <__getf2+0xe8>
20001910:	fd1365e3          	bltu	t1,a7,200018da <__getf2+0x9a>
20001914:	41130733          	sub	a4,t1,a7
20001918:	01e2f363          	bgeu	t0,t5,2000191e <__getf2+0xde>
2000191c:	df5d                	beqz	a4,200018da <__getf2+0x9a>
2000191e:	0068e563          	bltu	a7,t1,20001928 <__getf2+0xe8>
20001922:	fc5f74e3          	bgeu	t5,t0,200018ea <__getf2+0xaa>
20001926:	f371                	bnez	a4,200018ea <__getf2+0xaa>
20001928:	00179513          	slli	a0,a5,0x1
2000192c:	b75d                	j	200018d2 <__getf2+0x92>

2000192e <__letf2>:
2000192e:	455c                	lw	a5,12(a0)
20001930:	45d4                	lw	a3,12(a1)
20001932:	6721                	lui	a4,0x8
20001934:	177d                	addi	a4,a4,-1 # 7fff <HeapSize+0x77ff>
20001936:	0005a283          	lw	t0,0(a1)
2000193a:	0045a303          	lw	t1,4(a1)
2000193e:	0085a383          	lw	t2,8(a1)
20001942:	0107d593          	srli	a1,a5,0x10
20001946:	0106d613          	srli	a2,a3,0x10
2000194a:	8df9                	and	a1,a1,a4
2000194c:	0807ce33          	zext.h	t3,a5
20001950:	00052f03          	lw	t5,0(a0)
20001954:	00452883          	lw	a7,4(a0)
20001958:	00852f83          	lw	t6,8(a0)
2000195c:	1141                	addi	sp,sp,-16
2000195e:	83fd                	srli	a5,a5,0x1f
20001960:	8e79                	and	a2,a2,a4
20001962:	01f6de93          	srli	t4,a3,0x1f
20001966:	00e59a63          	bne	a1,a4,2000197a <__letf2+0x4c>
2000196a:	01e8e733          	or	a4,a7,t5
2000196e:	01f76733          	or	a4,a4,t6
20001972:	01c76733          	or	a4,a4,t3
20001976:	4509                	li	a0,2
20001978:	ef21                	bnez	a4,200019d0 <__letf2+0xa2>
2000197a:	6721                	lui	a4,0x8
2000197c:	177d                	addi	a4,a4,-1 # 7fff <HeapSize+0x77ff>
2000197e:	0806c6b3          	zext.h	a3,a3
20001982:	8532                	mv	a0,a2
20001984:	00e61863          	bne	a2,a4,20001994 <__letf2+0x66>
20001988:	00536733          	or	a4,t1,t0
2000198c:	00776733          	or	a4,a4,t2
20001990:	8f55                	or	a4,a4,a3
20001992:	e329                	bnez	a4,200019d4 <__letf2+0xa6>
20001994:	4701                	li	a4,0
20001996:	e989                	bnez	a1,200019a8 <__letf2+0x7a>
20001998:	01e8e733          	or	a4,a7,t5
2000199c:	01f76733          	or	a4,a4,t6
200019a0:	01c76733          	or	a4,a4,t3
200019a4:	00173713          	seqz	a4,a4
200019a8:	ea15                	bnez	a2,200019dc <__letf2+0xae>
200019aa:	00536833          	or	a6,t1,t0
200019ae:	00786833          	or	a6,a6,t2
200019b2:	00d86833          	or	a6,a6,a3
200019b6:	c719                	beqz	a4,200019c4 <__letf2+0x96>
200019b8:	00080c63          	beqz	a6,200019d0 <__letf2+0xa2>
200019bc:	001e9513          	slli	a0,t4,0x1
200019c0:	157d                	addi	a0,a0,-1
200019c2:	a039                	j	200019d0 <__letf2+0xa2>
200019c4:	00081d63          	bnez	a6,200019de <__letf2+0xb0>
200019c8:	40f00533          	neg	a0,a5
200019cc:	00156513          	ori	a0,a0,1
200019d0:	0141                	addi	sp,sp,16
200019d2:	8082                	ret
200019d4:	4509                	li	a0,2
200019d6:	bfed                	j	200019d0 <__letf2+0xa2>
200019d8:	4501                	li	a0,0
200019da:	bfdd                	j	200019d0 <__letf2+0xa2>
200019dc:	f365                	bnez	a4,200019bc <__letf2+0x8e>
200019de:	fefe95e3          	bne	t4,a5,200019c8 <__letf2+0x9a>
200019e2:	41d00533          	neg	a0,t4
200019e6:	feb643e3          	blt	a2,a1,200019cc <__letf2+0x9e>
200019ea:	fcc5c9e3          	blt	a1,a2,200019bc <__letf2+0x8e>
200019ee:	fdc6ede3          	bltu	a3,t3,200019c8 <__letf2+0x9a>
200019f2:	02de1263          	bne	t3,a3,20001a16 <__letf2+0xe8>
200019f6:	fdf3e9e3          	bltu	t2,t6,200019c8 <__letf2+0x9a>
200019fa:	01f39e63          	bne	t2,t6,20001a16 <__letf2+0xe8>
200019fe:	fd1365e3          	bltu	t1,a7,200019c8 <__letf2+0x9a>
20001a02:	41130733          	sub	a4,t1,a7
20001a06:	01e2f363          	bgeu	t0,t5,20001a0c <__letf2+0xde>
20001a0a:	df5d                	beqz	a4,200019c8 <__letf2+0x9a>
20001a0c:	0068e563          	bltu	a7,t1,20001a16 <__letf2+0xe8>
20001a10:	fc5f74e3          	bgeu	t5,t0,200019d8 <__letf2+0xaa>
20001a14:	f371                	bnez	a4,200019d8 <__letf2+0xaa>
20001a16:	00179513          	slli	a0,a5,0x1
20001a1a:	b75d                	j	200019c0 <__letf2+0x92>

20001a1c <__multf3>:
20001a1c:	00c5af03          	lw	t5,12(a1)
20001a20:	0005af83          	lw	t6,0(a1)
20001a24:	41dc                	lw	a5,4(a1)
20001a26:	0085a803          	lw	a6,8(a1)
20001a2a:	68a1                	lui	a7,0x8
20001a2c:	7135                	addi	sp,sp,-160
20001a2e:	080f4733          	zext.h	a4,t5
20001a32:	010f5693          	srli	a3,t5,0x10
20001a36:	18fd                	addi	a7,a7,-1 # 7fff <HeapSize+0x77ff>
20001a38:	cf22                	sw	s0,156(sp)
20001a3a:	cd26                	sw	s1,152(sp)
20001a3c:	cb4a                	sw	s2,148(sp)
20001a3e:	c94e                	sw	s3,144(sp)
20001a40:	c752                	sw	s4,140(sp)
20001a42:	c556                	sw	s5,136(sp)
20001a44:	c35a                	sw	s6,132(sp)
20001a46:	c15e                	sw	s7,128(sp)
20001a48:	dee2                	sw	s8,124(sp)
20001a4a:	dce6                	sw	s9,120(sp)
20001a4c:	daea                	sw	s10,116(sp)
20001a4e:	d8ee                	sw	s11,112(sp)
20001a50:	c8fe                	sw	t6,80(sp)
20001a52:	cabe                	sw	a5,84(sp)
20001a54:	ccc2                	sw	a6,88(sp)
20001a56:	cefa                	sw	t5,92(sp)
20001a58:	d07e                	sw	t6,32(sp)
20001a5a:	d23e                	sw	a5,36(sp)
20001a5c:	d442                	sw	a6,40(sp)
20001a5e:	d63a                	sw	a4,44(sp)
20001a60:	0116f6b3          	and	a3,a3,a7
20001a64:	00062303          	lw	t1,0(a2)
20001a68:	424c                	lw	a1,4(a2)
20001a6a:	00862e03          	lw	t3,8(a2)
20001a6e:	00c62e83          	lw	t4,12(a2)
20001a72:	01ff5613          	srli	a2,t5,0x1f
20001a76:	68068363          	beqz	a3,200020fc <__multf3+0x6e0>
20001a7a:	75168b63          	beq	a3,a7,200021d0 <__multf3+0x7b4>
20001a7e:	29071713          	bseti	a4,a4,0x10
20001a82:	d63a                	sw	a4,44(sp)
20001a84:	101c                	addi	a5,sp,32
20001a86:	01410893          	addi	a7,sp,20
20001a8a:	47d8                	lw	a4,12(a5)
20001a8c:	0087a803          	lw	a6,8(a5)
20001a90:	17f1                	addi	a5,a5,-4
20001a92:	070e                	slli	a4,a4,0x3
20001a94:	01d85813          	srli	a6,a6,0x1d
20001a98:	01076733          	or	a4,a4,a6
20001a9c:	cb98                	sw	a4,16(a5)
20001a9e:	fef896e3          	bne	a7,a5,20001a8a <__multf3+0x6e>
20001aa2:	77f1                	lui	a5,0xffffc
20001aa4:	0f8e                	slli	t6,t6,0x3
20001aa6:	0785                	addi	a5,a5,1 # ffffc001 <__StackTop+0xdff7a001>
20001aa8:	d07e                	sw	t6,32(sp)
20001aaa:	96be                	add	a3,a3,a5
20001aac:	4881                	li	a7,0
20001aae:	6f21                	lui	t5,0x8
20001ab0:	080ec733          	zext.h	a4,t4
20001ab4:	010ed793          	srli	a5,t4,0x10
20001ab8:	1f7d                	addi	t5,t5,-1 # 7fff <HeapSize+0x77ff>
20001aba:	c89a                	sw	t1,80(sp)
20001abc:	caae                	sw	a1,84(sp)
20001abe:	ccf2                	sw	t3,88(sp)
20001ac0:	cef6                	sw	t4,92(sp)
20001ac2:	d81a                	sw	t1,48(sp)
20001ac4:	da2e                	sw	a1,52(sp)
20001ac6:	dc72                	sw	t3,56(sp)
20001ac8:	de3a                	sw	a4,60(sp)
20001aca:	01e7f7b3          	and	a5,a5,t5
20001ace:	01fed813          	srli	a6,t4,0x1f
20001ad2:	70078963          	beqz	a5,200021e4 <__multf3+0x7c8>
20001ad6:	7de78f63          	beq	a5,t5,200022b4 <__multf3+0x898>
20001ada:	29071713          	bseti	a4,a4,0x10
20001ade:	de3a                	sw	a4,60(sp)
20001ae0:	02410e93          	addi	t4,sp,36
20001ae4:	1818                	addi	a4,sp,48
20001ae6:	474c                	lw	a1,12(a4)
20001ae8:	00872e03          	lw	t3,8(a4)
20001aec:	1771                	addi	a4,a4,-4
20001aee:	058e                	slli	a1,a1,0x3
20001af0:	01de5e13          	srli	t3,t3,0x1d
20001af4:	01c5e5b3          	or	a1,a1,t3
20001af8:	cb0c                	sw	a1,16(a4)
20001afa:	feee96e3          	bne	t4,a4,20001ae6 <__multf3+0xca>
20001afe:	7771                	lui	a4,0xffffc
20001b00:	030e                	slli	t1,t1,0x3
20001b02:	0705                	addi	a4,a4,1 # ffffc001 <__StackTop+0xdff7a001>
20001b04:	d81a                	sw	t1,48(sp)
20001b06:	97ba                	add	a5,a5,a4
20001b08:	4701                	li	a4,0
20001b0a:	97b6                	add	a5,a5,a3
20001b0c:	c63e                	sw	a5,12(sp)
20001b0e:	0785                	addi	a5,a5,1
20001b10:	c43e                	sw	a5,8(sp)
20001b12:	00289793          	slli	a5,a7,0x2
20001b16:	8fd9                	or	a5,a5,a4
20001b18:	46a9                	li	a3,10
20001b1a:	7cf6cd63          	blt	a3,a5,200022f4 <__multf3+0x8d8>
20001b1e:	4689                	li	a3,2
20001b20:	01064db3          	xor	s11,a2,a6
20001b24:	7af6c463          	blt	a3,a5,200022cc <__multf3+0x8b0>
20001b28:	17fd                	addi	a5,a5,-1
20001b2a:	4685                	li	a3,1
20001b2c:	7cf6fc63          	bgeu	a3,a5,20002304 <__multf3+0x8e8>
20001b30:	5882                	lw	a7,32(sp)
20001b32:	5ec2                	lw	t4,48(sp)
20001b34:	0108d993          	srli	s3,a7,0x10
20001b38:	010ed693          	srli	a3,t4,0x10
20001b3c:	0808c8b3          	zext.h	a7,a7
20001b40:	080eceb3          	zext.h	t4,t4
20001b44:	031e8633          	mul	a2,t4,a7
20001b48:	03d985b3          	mul	a1,s3,t4
20001b4c:	01065793          	srli	a5,a2,0x10
20001b50:	03168733          	mul	a4,a3,a7
20001b54:	972e                	add	a4,a4,a1
20001b56:	97ba                	add	a5,a5,a4
20001b58:	02d98c33          	mul	s8,s3,a3
20001b5c:	00b7f463          	bgeu	a5,a1,20001b64 <__multf3+0x148>
20001b60:	6741                	lui	a4,0x10
20001b62:	9c3a                	add	s8,s8,a4
20001b64:	5e52                	lw	t3,52(sp)
20001b66:	08064633          	zext.h	a2,a2
20001b6a:	0107d713          	srli	a4,a5,0x10
20001b6e:	07c2                	slli	a5,a5,0x10
20001b70:	97b2                	add	a5,a5,a2
20001b72:	010e5493          	srli	s1,t3,0x10
20001b76:	080e4e33          	zext.h	t3,t3
20001b7a:	03c985b3          	mul	a1,s3,t3
20001b7e:	c83e                	sw	a5,16(sp)
20001b80:	c8be                	sw	a5,80(sp)
20001b82:	03148633          	mul	a2,s1,a7
20001b86:	031e07b3          	mul	a5,t3,a7
20001b8a:	962e                	add	a2,a2,a1
20001b8c:	0107df93          	srli	t6,a5,0x10
20001b90:	9fb2                	add	t6,t6,a2
20001b92:	02998bb3          	mul	s7,s3,s1
20001b96:	00bff463          	bgeu	t6,a1,20001b9e <__multf3+0x182>
20001b9a:	6641                	lui	a2,0x10
20001b9c:	9bb2                	add	s7,s7,a2
20001b9e:	5812                	lw	a6,36(sp)
20001ba0:	0807c7b3          	zext.h	a5,a5
20001ba4:	010fd613          	srli	a2,t6,0x10
20001ba8:	01085913          	srli	s2,a6,0x10
20001bac:	0fc2                	slli	t6,t6,0x10
20001bae:	08084833          	zext.h	a6,a6
20001bb2:	9fbe                	add	t6,t6,a5
20001bb4:	03d902b3          	mul	t0,s2,t4
20001bb8:	977e                	add	a4,a4,t6
20001bba:	03d807b3          	mul	a5,a6,t4
20001bbe:	03068333          	mul	t1,a3,a6
20001bc2:	0107df13          	srli	t5,a5,0x10
20001bc6:	9316                	add	t1,t1,t0
20001bc8:	9f1a                	add	t5,t5,t1
20001bca:	032685b3          	mul	a1,a3,s2
20001bce:	005f7463          	bgeu	t5,t0,20001bd6 <__multf3+0x1ba>
20001bd2:	6341                	lui	t1,0x10
20001bd4:	959a                	add	a1,a1,t1
20001bd6:	010f5a93          	srli	s5,t5,0x10
20001bda:	9aae                	add	s5,s5,a1
20001bdc:	0807c7b3          	zext.h	a5,a5
20001be0:	0f42                	slli	t5,t5,0x10
20001be2:	9f3e                	add	t5,t5,a5
20001be4:	030e05b3          	mul	a1,t3,a6
20001be8:	03c90333          	mul	t1,s2,t3
20001bec:	0105d793          	srli	a5,a1,0x10
20001bf0:	030483b3          	mul	t2,s1,a6
20001bf4:	939a                	add	t2,t2,t1
20001bf6:	979e                	add	a5,a5,t2
20001bf8:	032482b3          	mul	t0,s1,s2
20001bfc:	0067f463          	bgeu	a5,t1,20001c04 <__multf3+0x1e8>
20001c00:	6341                	lui	t1,0x10
20001c02:	929a                	add	t0,t0,t1
20001c04:	0107d313          	srli	t1,a5,0x10
20001c08:	00530433          	add	s0,t1,t0
20001c0c:	5362                	lw	t1,56(sp)
20001c0e:	0805c5b3          	zext.h	a1,a1
20001c12:	07c2                	slli	a5,a5,0x10
20001c14:	97ae                	add	a5,a5,a1
20001c16:	01035393          	srli	t2,t1,0x10
20001c1a:	08034333          	zext.h	t1,t1
20001c1e:	031305b3          	mul	a1,t1,a7
20001c22:	ca22                	sw	s0,20(sp)
20001c24:	cc3e                	sw	a5,24(sp)
20001c26:	02698433          	mul	s0,s3,t1
20001c2a:	0105da13          	srli	s4,a1,0x10
20001c2e:	031387b3          	mul	a5,t2,a7
20001c32:	97a2                	add	a5,a5,s0
20001c34:	97d2                	add	a5,a5,s4
20001c36:	027982b3          	mul	t0,s3,t2
20001c3a:	0087f463          	bgeu	a5,s0,20001c42 <__multf3+0x226>
20001c3e:	6441                	lui	s0,0x10
20001c40:	92a2                	add	t0,t0,s0
20001c42:	0107da13          	srli	s4,a5,0x10
20001c46:	0805c5b3          	zext.h	a1,a1
20001c4a:	07c2                	slli	a5,a5,0x10
20001c4c:	97ae                	add	a5,a5,a1
20001c4e:	55a2                	lw	a1,40(sp)
20001c50:	9a16                	add	s4,s4,t0
20001c52:	ce3e                	sw	a5,28(sp)
20001c54:	0105d413          	srli	s0,a1,0x10
20001c58:	0805c5b3          	zext.h	a1,a1
20001c5c:	03d582b3          	mul	t0,a1,t4
20001c60:	03d40d33          	mul	s10,s0,t4
20001c64:	0102d793          	srli	a5,t0,0x10
20001c68:	02b68b33          	mul	s6,a3,a1
20001c6c:	9b6a                	add	s6,s6,s10
20001c6e:	9b3e                	add	s6,s6,a5
20001c70:	02868cb3          	mul	s9,a3,s0
20001c74:	01ab7463          	bgeu	s6,s10,20001c7c <__multf3+0x260>
20001c78:	6d41                	lui	s10,0x10
20001c7a:	9cea                	add	s9,s9,s10
20001c7c:	9762                	add	a4,a4,s8
20001c7e:	01f73fb3          	sltu	t6,a4,t6
20001c82:	967e                	add	a2,a2,t6
20001c84:	965e                	add	a2,a2,s7
20001c86:	47e2                	lw	a5,24(sp)
20001c88:	9f3a                	add	t5,t5,a4
20001c8a:	9ab2                	add	s5,s5,a2
20001c8c:	00ef3733          	sltu	a4,t5,a4
20001c90:	9756                	add	a4,a4,s5
20001c92:	010b5d13          	srli	s10,s6,0x10
20001c96:	0802c2b3          	zext.h	t0,t0
20001c9a:	0b42                	slli	s6,s6,0x10
20001c9c:	92da                	add	t0,t0,s6
20001c9e:	00cabb33          	sltu	s6,s5,a2
20001ca2:	01573ab3          	sltu	s5,a4,s5
20001ca6:	01f63633          	sltu	a2,a2,t6
20001caa:	00f70fb3          	add	t6,a4,a5
20001cae:	47d2                	lw	a5,20(sp)
20001cb0:	015b6b33          	or	s6,s6,s5
20001cb4:	965a                	add	a2,a2,s6
20001cb6:	00f60ab3          	add	s5,a2,a5
20001cba:	47f2                	lw	a5,28(sp)
20001cbc:	00efb733          	sltu	a4,t6,a4
20001cc0:	9756                	add	a4,a4,s5
20001cc2:	97fe                	add	a5,a5,t6
20001cc4:	9a3a                	add	s4,s4,a4
20001cc6:	01f7bfb3          	sltu	t6,a5,t6
20001cca:	9fd2                	add	t6,t6,s4
20001ccc:	00cab633          	sltu	a2,s5,a2
20001cd0:	01573ab3          	sltu	s5,a4,s5
20001cd4:	00ea3733          	sltu	a4,s4,a4
20001cd8:	014fba33          	sltu	s4,t6,s4
20001cdc:	01476733          	or	a4,a4,s4
20001ce0:	5a72                	lw	s4,60(sp)
20001ce2:	01566633          	or	a2,a2,s5
20001ce6:	963a                	add	a2,a2,a4
20001ce8:	010a5a93          	srli	s5,s4,0x10
20001cec:	080a4a33          	zext.h	s4,s4
20001cf0:	031a0733          	mul	a4,s4,a7
20001cf4:	92be                	add	t0,t0,a5
20001cf6:	9cea                	add	s9,s9,s10
20001cf8:	9cfe                	add	s9,s9,t6
20001cfa:	00f2b7b3          	sltu	a5,t0,a5
20001cfe:	97e6                	add	a5,a5,s9
20001d00:	01fcbfb3          	sltu	t6,s9,t6
20001d04:	0197bcb3          	sltu	s9,a5,s9
20001d08:	019fefb3          	or	t6,t6,s9
20001d0c:	9fb2                	add	t6,t6,a2
20001d0e:	03498b33          	mul	s6,s3,s4
20001d12:	01075613          	srli	a2,a4,0x10
20001d16:	cafa                	sw	t5,84(sp)
20001d18:	cc96                	sw	t0,88(sp)
20001d1a:	031a88b3          	mul	a7,s5,a7
20001d1e:	98da                	add	a7,a7,s6
20001d20:	9646                	add	a2,a2,a7
20001d22:	035989b3          	mul	s3,s3,s5
20001d26:	01667463          	bgeu	a2,s6,20001d2e <__multf3+0x312>
20001d2a:	68c1                	lui	a7,0x10
20001d2c:	99c6                	add	s3,s3,a7
20001d2e:	5b32                	lw	s6,44(sp)
20001d30:	01065893          	srli	a7,a2,0x10
20001d34:	08074733          	zext.h	a4,a4
20001d38:	99c6                	add	s3,s3,a7
20001d3a:	0642                	slli	a2,a2,0x10
20001d3c:	010b5893          	srli	a7,s6,0x10
20001d40:	080b4b33          	zext.h	s6,s6
20001d44:	03168bb3          	mul	s7,a3,a7
20001d48:	963a                	add	a2,a2,a4
20001d4a:	036686b3          	mul	a3,a3,s6
20001d4e:	03db0733          	mul	a4,s6,t4
20001d52:	03d88eb3          	mul	t4,a7,t4
20001d56:	01075c13          	srli	s8,a4,0x10
20001d5a:	96f6                	add	a3,a3,t4
20001d5c:	96e2                	add	a3,a3,s8
20001d5e:	01d6f463          	bgeu	a3,t4,20001d66 <__multf3+0x34a>
20001d62:	6ec1                	lui	t4,0x10
20001d64:	9bf6                	add	s7,s7,t4
20001d66:	0106de93          	srli	t4,a3,0x10
20001d6a:	08074733          	zext.h	a4,a4
20001d6e:	06c2                	slli	a3,a3,0x10
20001d70:	9ede                	add	t4,t4,s7
20001d72:	9736                	add	a4,a4,a3
20001d74:	ca76                	sw	t4,20(sp)
20001d76:	026806b3          	mul	a3,a6,t1
20001d7a:	cc3a                	sw	a4,24(sp)
20001d7c:	02690eb3          	mul	t4,s2,t1
20001d80:	0106dc13          	srli	s8,a3,0x10
20001d84:	03038733          	mul	a4,t2,a6
20001d88:	9776                	add	a4,a4,t4
20001d8a:	9762                	add	a4,a4,s8
20001d8c:	02790bb3          	mul	s7,s2,t2
20001d90:	01d77463          	bgeu	a4,t4,20001d98 <__multf3+0x37c>
20001d94:	6ec1                	lui	t4,0x10
20001d96:	9bf6                	add	s7,s7,t4
20001d98:	01075e93          	srli	t4,a4,0x10
20001d9c:	0806c6b3          	zext.h	a3,a3
20001da0:	0742                	slli	a4,a4,0x10
20001da2:	9ede                	add	t4,t4,s7
20001da4:	9736                	add	a4,a4,a3
20001da6:	03c40c33          	mul	s8,s0,t3
20001daa:	02be06b3          	mul	a3,t3,a1
20001dae:	02b48bb3          	mul	s7,s1,a1
20001db2:	0106dd13          	srli	s10,a3,0x10
20001db6:	9be2                	add	s7,s7,s8
20001db8:	9bea                	add	s7,s7,s10
20001dba:	02848cb3          	mul	s9,s1,s0
20001dbe:	018bf463          	bgeu	s7,s8,20001dc6 <__multf3+0x3aa>
20001dc2:	6c41                	lui	s8,0x10
20001dc4:	9ce2                	add	s9,s9,s8
20001dc6:	010bdc13          	srli	s8,s7,0x10
20001dca:	0806c6b3          	zext.h	a3,a3
20001dce:	0bc2                	slli	s7,s7,0x10
20001dd0:	96de                	add	a3,a3,s7
20001dd2:	4be2                	lw	s7,24(sp)
20001dd4:	963e                	add	a2,a2,a5
20001dd6:	9c66                	add	s8,s8,s9
20001dd8:	4cd2                	lw	s9,20(sp)
20001dda:	99fe                	add	s3,s3,t6
20001ddc:	00f637b3          	sltu	a5,a2,a5
20001de0:	97ce                	add	a5,a5,s3
20001de2:	9bb2                	add	s7,s7,a2
20001de4:	9cbe                	add	s9,s9,a5
20001de6:	00cbb633          	sltu	a2,s7,a2
20001dea:	9666                	add	a2,a2,s9
20001dec:	975e                	add	a4,a4,s7
20001dee:	9eb2                	add	t4,t4,a2
20001df0:	01773bb3          	sltu	s7,a4,s7
20001df4:	9bf6                	add	s7,s7,t4
20001df6:	96ba                	add	a3,a3,a4
20001df8:	9c5e                	add	s8,s8,s7
20001dfa:	01f9bfb3          	sltu	t6,s3,t6
20001dfe:	00e6b733          	sltu	a4,a3,a4
20001e02:	0137b9b3          	sltu	s3,a5,s3
20001e06:	00fcb7b3          	sltu	a5,s9,a5
20001e0a:	01963cb3          	sltu	s9,a2,s9
20001e0e:	013fe9b3          	or	s3,t6,s3
20001e12:	00ceb633          	sltu	a2,t4,a2
20001e16:	0197e7b3          	or	a5,a5,s9
20001e1a:	01dbbeb3          	sltu	t4,s7,t4
20001e1e:	9762                	add	a4,a4,s8
20001e20:	97ce                	add	a5,a5,s3
20001e22:	01d66633          	or	a2,a2,t4
20001e26:	017c3eb3          	sltu	t4,s8,s7
20001e2a:	01873c33          	sltu	s8,a4,s8
20001e2e:	963e                	add	a2,a2,a5
20001e30:	018eeeb3          	or	t4,t4,s8
20001e34:	02640fb3          	mul	t6,s0,t1
20001e38:	9eb2                	add	t4,t4,a2
20001e3a:	ceb6                	sw	a3,92(sp)
20001e3c:	02b30633          	mul	a2,t1,a1
20001e40:	02b38bb3          	mul	s7,t2,a1
20001e44:	01065793          	srli	a5,a2,0x10
20001e48:	9bfe                	add	s7,s7,t6
20001e4a:	97de                	add	a5,a5,s7
20001e4c:	028389b3          	mul	s3,t2,s0
20001e50:	01f7f463          	bgeu	a5,t6,20001e58 <__multf3+0x43c>
20001e54:	6fc1                	lui	t6,0x10
20001e56:	99fe                	add	s3,s3,t6
20001e58:	0107df93          	srli	t6,a5,0x10
20001e5c:	08064633          	zext.h	a2,a2
20001e60:	07c2                	slli	a5,a5,0x10
20001e62:	97b2                	add	a5,a5,a2
20001e64:	9fce                	add	t6,t6,s3
20001e66:	030a0633          	mul	a2,s4,a6
20001e6a:	03490bb3          	mul	s7,s2,s4
20001e6e:	01065993          	srli	s3,a2,0x10
20001e72:	030a8833          	mul	a6,s5,a6
20001e76:	985e                	add	a6,a6,s7
20001e78:	99c2                	add	s3,s3,a6
20001e7a:	03590933          	mul	s2,s2,s5
20001e7e:	0179f463          	bgeu	s3,s7,20001e86 <__multf3+0x46a>
20001e82:	6841                	lui	a6,0x10
20001e84:	9942                	add	s2,s2,a6
20001e86:	0109d813          	srli	a6,s3,0x10
20001e8a:	08064633          	zext.h	a2,a2
20001e8e:	09c2                	slli	s3,s3,0x10
20001e90:	99b2                	add	s3,s3,a2
20001e92:	9942                	add	s2,s2,a6
20001e94:	03cb0633          	mul	a2,s6,t3
20001e98:	03148bb3          	mul	s7,s1,a7
20001e9c:	01065813          	srli	a6,a2,0x10
20001ea0:	03c88e33          	mul	t3,a7,t3
20001ea4:	036484b3          	mul	s1,s1,s6
20001ea8:	94f2                	add	s1,s1,t3
20001eaa:	9826                	add	a6,a6,s1
20001eac:	01c87463          	bgeu	a6,t3,20001eb4 <__multf3+0x498>
20001eb0:	6e41                	lui	t3,0x10
20001eb2:	9bf2                	add	s7,s7,t3
20001eb4:	01085e13          	srli	t3,a6,0x10
20001eb8:	08064633          	zext.h	a2,a2
20001ebc:	0842                	slli	a6,a6,0x10
20001ebe:	034404b3          	mul	s1,s0,s4
20001ec2:	9832                	add	a6,a6,a2
20001ec4:	9e5e                	add	t3,t3,s7
20001ec6:	02ba0633          	mul	a2,s4,a1
20001eca:	02ba85b3          	mul	a1,s5,a1
20001ece:	01065b93          	srli	s7,a2,0x10
20001ed2:	95a6                	add	a1,a1,s1
20001ed4:	95de                	add	a1,a1,s7
20001ed6:	03540433          	mul	s0,s0,s5
20001eda:	0095f463          	bgeu	a1,s1,20001ee2 <__multf3+0x4c6>
20001ede:	64c1                	lui	s1,0x10
20001ee0:	9426                	add	s0,s0,s1
20001ee2:	0105d493          	srli	s1,a1,0x10
20001ee6:	9426                	add	s0,s0,s1
20001ee8:	08064633          	zext.h	a2,a2
20001eec:	05c2                	slli	a1,a1,0x10
20001eee:	95b2                	add	a1,a1,a2
20001ef0:	026b04b3          	mul	s1,s6,t1
20001ef4:	03138bb3          	mul	s7,t2,a7
20001ef8:	0104d613          	srli	a2,s1,0x10
20001efc:	02688333          	mul	t1,a7,t1
20001f00:	036383b3          	mul	t2,t2,s6
20001f04:	939a                	add	t2,t2,t1
20001f06:	961e                	add	a2,a2,t2
20001f08:	00667463          	bgeu	a2,t1,20001f10 <__multf3+0x4f4>
20001f0c:	6341                	lui	t1,0x10
20001f0e:	9b9a                	add	s7,s7,t1
20001f10:	97ba                	add	a5,a5,a4
20001f12:	9ff6                	add	t6,t6,t4
20001f14:	00e7b733          	sltu	a4,a5,a4
20001f18:	977e                	add	a4,a4,t6
20001f1a:	99be                	add	s3,s3,a5
20001f1c:	993a                	add	s2,s2,a4
20001f1e:	00f9b7b3          	sltu	a5,s3,a5
20001f22:	00f903b3          	add	t2,s2,a5
20001f26:	010987b3          	add	a5,s3,a6
20001f2a:	036a0833          	mul	a6,s4,s6
20001f2e:	9e1e                	add	t3,t3,t2
20001f30:	d0be                	sw	a5,96(sp)
20001f32:	0137b7b3          	sltu	a5,a5,s3
20001f36:	97f2                	add	a5,a5,t3
20001f38:	01dfbeb3          	sltu	t4,t6,t4
20001f3c:	01f73fb3          	sltu	t6,a4,t6
20001f40:	00e93733          	sltu	a4,s2,a4
20001f44:	0123b933          	sltu	s2,t2,s2
20001f48:	01276733          	or	a4,a4,s2
20001f4c:	03488a33          	mul	s4,a7,s4
20001f50:	007e33b3          	sltu	t2,t3,t2
20001f54:	01feeeb3          	or	t4,t4,t6
20001f58:	01c7be33          	sltu	t3,a5,t3
20001f5c:	9eba                	add	t4,t4,a4
20001f5e:	01c3e3b3          	or	t2,t2,t3
20001f62:	95be                	add	a1,a1,a5
20001f64:	01065313          	srli	t1,a2,0x10
20001f68:	93f6                	add	t2,t2,t4
20001f6a:	0642                	slli	a2,a2,0x10
20001f6c:	031a88b3          	mul	a7,s5,a7
20001f70:	0804c4b3          	zext.h	s1,s1
20001f74:	941e                	add	s0,s0,t2
20001f76:	9626                	add	a2,a2,s1
20001f78:	00f5b7b3          	sltu	a5,a1,a5
20001f7c:	97a2                	add	a5,a5,s0
20001f7e:	962e                	add	a2,a2,a1
20001f80:	935e                	add	t1,t1,s7
20001f82:	933e                	add	t1,t1,a5
20001f84:	d2b2                	sw	a2,100(sp)
20001f86:	036a8ab3          	mul	s5,s5,s6
20001f8a:	00b63633          	sltu	a2,a2,a1
20001f8e:	961a                	add	a2,a2,t1
20001f90:	01085713          	srli	a4,a6,0x10
20001f94:	007433b3          	sltu	t2,s0,t2
20001f98:	0087b433          	sltu	s0,a5,s0
20001f9c:	00f337b3          	sltu	a5,t1,a5
20001fa0:	00663333          	sltu	t1,a2,t1
20001fa4:	0083e3b3          	or	t2,t2,s0
20001fa8:	0067e7b3          	or	a5,a5,t1
20001fac:	9ad2                	add	s5,s5,s4
20001fae:	9756                	add	a4,a4,s5
20001fb0:	01477463          	bgeu	a4,s4,20001fb8 <__multf3+0x59c>
20001fb4:	65c1                	lui	a1,0x10
20001fb6:	98ae                	add	a7,a7,a1
20001fb8:	01075593          	srli	a1,a4,0x10
20001fbc:	08084833          	zext.h	a6,a6
20001fc0:	0742                	slli	a4,a4,0x10
20001fc2:	9742                	add	a4,a4,a6
20001fc4:	959e                	add	a1,a1,t2
20001fc6:	9732                	add	a4,a4,a2
20001fc8:	97ae                	add	a5,a5,a1
20001fca:	00c73633          	sltu	a2,a4,a2
20001fce:	963e                	add	a2,a2,a5
20001fd0:	47c2                	lw	a5,16(sp)
20001fd2:	9646                	add	a2,a2,a7
20001fd4:	06b6                	slli	a3,a3,0xd
20001fd6:	01e7e7b3          	or	a5,a5,t5
20001fda:	00f2e2b3          	or	t0,t0,a5
20001fde:	d6b2                	sw	a2,108(sp)
20001fe0:	d4ba                	sw	a4,104(sp)
20001fe2:	0056e6b3          	or	a3,a3,t0
20001fe6:	089c                	addi	a5,sp,80
20001fe8:	108c                	addi	a1,sp,96
20001fea:	47d8                	lw	a4,12(a5)
20001fec:	4b90                	lw	a2,16(a5)
20001fee:	834d                	srli	a4,a4,0x13
20001ff0:	0636                	slli	a2,a2,0xd
20001ff2:	8f51                	or	a4,a4,a2
20001ff4:	c398                	sw	a4,0(a5)
20001ff6:	0791                	addi	a5,a5,4
20001ff8:	fef599e3          	bne	a1,a5,20001fea <__multf3+0x5ce>
20001ffc:	47c6                	lw	a5,80(sp)
20001ffe:	00d036b3          	snez	a3,a3
20002002:	4776                	lw	a4,92(sp)
20002004:	8edd                	or	a3,a3,a5
20002006:	47e6                	lw	a5,88(sp)
20002008:	c6ba                	sw	a4,76(sp)
2000200a:	c0b6                	sw	a3,64(sp)
2000200c:	c4be                	sw	a5,72(sp)
2000200e:	47d6                	lw	a5,84(sp)
20002010:	c2be                	sw	a5,68(sp)
20002012:	00b71793          	slli	a5,a4,0xb
20002016:	3207d663          	bgez	a5,20002342 <__multf3+0x926>
2000201a:	06fe                	slli	a3,a3,0x1f
2000201c:	009c                	addi	a5,sp,64
2000201e:	04c10813          	addi	a6,sp,76
20002022:	4390                	lw	a2,0(a5)
20002024:	43cc                	lw	a1,4(a5)
20002026:	8205                	srli	a2,a2,0x1
20002028:	05fe                	slli	a1,a1,0x1f
2000202a:	8e4d                	or	a2,a2,a1
2000202c:	c390                	sw	a2,0(a5)
2000202e:	0791                	addi	a5,a5,4
20002030:	fef819e3          	bne	a6,a5,20002022 <__multf3+0x606>
20002034:	4786                	lw	a5,64(sp)
20002036:	82fd                	srli	a3,a3,0x1f
20002038:	8305                	srli	a4,a4,0x1
2000203a:	8fd5                	or	a5,a5,a3
2000203c:	c6ba                	sw	a4,76(sp)
2000203e:	c0be                	sw	a5,64(sp)
20002040:	4722                	lw	a4,8(sp)
20002042:	6791                	lui	a5,0x4
20002044:	17fd                	addi	a5,a5,-1 # 3fff <HeapSize+0x37ff>
20002046:	97ba                	add	a5,a5,a4
20002048:	30f05063          	blez	a5,20002348 <__multf3+0x92c>
2000204c:	4706                	lw	a4,64(sp)
2000204e:	00777693          	andi	a3,a4,7
20002052:	ca95                	beqz	a3,20002086 <__multf3+0x66a>
20002054:	00f77693          	andi	a3,a4,15
20002058:	4611                	li	a2,4
2000205a:	02c68663          	beq	a3,a2,20002086 <__multf3+0x66a>
2000205e:	00c706b3          	add	a3,a4,a2
20002062:	ffc73713          	sltiu	a4,a4,-4
20002066:	c0b6                	sw	a3,64(sp)
20002068:	00173693          	seqz	a3,a4
2000206c:	4716                	lw	a4,68(sp)
2000206e:	9736                	add	a4,a4,a3
20002070:	c2ba                	sw	a4,68(sp)
20002072:	00d73733          	sltu	a4,a4,a3
20002076:	46a6                	lw	a3,72(sp)
20002078:	9736                	add	a4,a4,a3
2000207a:	c4ba                	sw	a4,72(sp)
2000207c:	00d73733          	sltu	a4,a4,a3
20002080:	46b6                	lw	a3,76(sp)
20002082:	9736                	add	a4,a4,a3
20002084:	c6ba                	sw	a4,76(sp)
20002086:	4736                	lw	a4,76(sp)
20002088:	00b71693          	slli	a3,a4,0xb
2000208c:	0006d863          	bgez	a3,2000209c <__multf3+0x680>
20002090:	46a2                	lw	a3,8(sp)
20002092:	49471713          	bclri	a4,a4,0x14
20002096:	6791                	lui	a5,0x4
20002098:	c6ba                	sw	a4,76(sp)
2000209a:	97b6                	add	a5,a5,a3
2000209c:	0094                	addi	a3,sp,64
2000209e:	04c10813          	addi	a6,sp,76
200020a2:	4290                	lw	a2,0(a3)
200020a4:	42cc                	lw	a1,4(a3)
200020a6:	820d                	srli	a2,a2,0x3
200020a8:	05f6                	slli	a1,a1,0x1d
200020aa:	8e4d                	or	a2,a2,a1
200020ac:	c290                	sw	a2,0(a3)
200020ae:	0691                	addi	a3,a3,4
200020b0:	fed819e3          	bne	a6,a3,200020a2 <__multf3+0x686>
200020b4:	66a1                	lui	a3,0x8
200020b6:	16f9                	addi	a3,a3,-2 # 7ffe <HeapSize+0x77fe>
200020b8:	3cf6cc63          	blt	a3,a5,20002490 <__multf3+0xa74>
200020bc:	830d                	srli	a4,a4,0x3
200020be:	c6ba                	sw	a4,76(sp)
200020c0:	4736                	lw	a4,76(sp)
200020c2:	4586                	lw	a1,64(sp)
200020c4:	4616                	lw	a2,68(sp)
200020c6:	04e11e23          	sh	a4,92(sp)
200020ca:	00fd9713          	slli	a4,s11,0xf
200020ce:	8fd9                	or	a5,a5,a4
200020d0:	04f11f23          	sh	a5,94(sp)
200020d4:	46a6                	lw	a3,72(sp)
200020d6:	47f6                	lw	a5,92(sp)
200020d8:	447a                	lw	s0,156(sp)
200020da:	c10c                	sw	a1,0(a0)
200020dc:	c150                	sw	a2,4(a0)
200020de:	c514                	sw	a3,8(a0)
200020e0:	c55c                	sw	a5,12(a0)
200020e2:	44ea                	lw	s1,152(sp)
200020e4:	495a                	lw	s2,148(sp)
200020e6:	49ca                	lw	s3,144(sp)
200020e8:	4a3a                	lw	s4,140(sp)
200020ea:	4aaa                	lw	s5,136(sp)
200020ec:	4b1a                	lw	s6,132(sp)
200020ee:	4b8a                	lw	s7,128(sp)
200020f0:	5c76                	lw	s8,124(sp)
200020f2:	5ce6                	lw	s9,120(sp)
200020f4:	5d56                	lw	s10,116(sp)
200020f6:	5dc6                	lw	s11,112(sp)
200020f8:	610d                	addi	sp,sp,160
200020fa:	8082                	ret
200020fc:	01f7e6b3          	or	a3,a5,t6
20002100:	0106e6b3          	or	a3,a3,a6
20002104:	8ed9                	or	a3,a3,a4
20002106:	4885                	li	a7,1
20002108:	9a0683e3          	beqz	a3,20001aae <__multf3+0x92>
2000210c:	c329                	beqz	a4,2000214e <__multf3+0x732>
2000210e:	60071713          	clz	a4,a4
20002112:	ff470813          	addi	a6,a4,-12 # fff4 <HeapSize+0xf7f4>
20002116:	40585693          	srai	a3,a6,0x5
2000211a:	01f87813          	andi	a6,a6,31
2000211e:	107c                	addi	a5,sp,44
20002120:	04080963          	beqz	a6,20002172 <__multf3+0x756>
20002124:	02000293          	li	t0,32
20002128:	00269f93          	slli	t6,a3,0x2
2000212c:	410282b3          	sub	t0,t0,a6
20002130:	02010f13          	addi	t5,sp,32
20002134:	41f787b3          	sub	a5,a5,t6
20002138:	06ff1663          	bne	t5,a5,200021a4 <__multf3+0x788>
2000213c:	fff68793          	addi	a5,a3,-1
20002140:	5682                	lw	a3,32(sp)
20002142:	9f7e                	add	t5,t5,t6
20002144:	010696b3          	sll	a3,a3,a6
20002148:	00df2023          	sw	a3,0(t5)
2000214c:	a099                	j	20002192 <__multf3+0x776>
2000214e:	00080763          	beqz	a6,2000215c <__multf3+0x740>
20002152:	60081813          	clz	a6,a6
20002156:	02080713          	addi	a4,a6,32 # 10020 <HeapSize+0xf820>
2000215a:	bf65                	j	20002112 <__multf3+0x6f6>
2000215c:	c791                	beqz	a5,20002168 <__multf3+0x74c>
2000215e:	60079793          	clz	a5,a5
20002162:	04078713          	addi	a4,a5,64 # 4040 <HeapSize+0x3840>
20002166:	b775                	j	20002112 <__multf3+0x6f6>
20002168:	600f9f93          	clz	t6,t6
2000216c:	060f8713          	addi	a4,t6,96 # 10060 <HeapSize+0xf860>
20002170:	b74d                	j	20002112 <__multf3+0x6f6>
20002172:	58f1                	li	a7,-4
20002174:	031688b3          	mul	a7,a3,a7
20002178:	480d                	li	a6,3
2000217a:	01178f33          	add	t5,a5,a7
2000217e:	000f2f03          	lw	t5,0(t5)
20002182:	187d                	addi	a6,a6,-1
20002184:	17f1                	addi	a5,a5,-4
20002186:	01e7a223          	sw	t5,4(a5)
2000218a:	fed858e3          	bge	a6,a3,2000217a <__multf3+0x75e>
2000218e:	fff68793          	addi	a5,a3,-1
20002192:	56fd                	li	a3,-1
20002194:	02010813          	addi	a6,sp,32
20002198:	02d79663          	bne	a5,a3,200021c4 <__multf3+0x7a8>
2000219c:	76f1                	lui	a3,0xffffc
2000219e:	06c5                	addi	a3,a3,17 # ffffc011 <__StackTop+0xdff7a011>
200021a0:	8e99                	sub	a3,a3,a4
200021a2:	b229                	j	20001aac <__multf3+0x90>
200021a4:	0007a883          	lw	a7,0(a5)
200021a8:	ffc7a383          	lw	t2,-4(a5)
200021ac:	01f78433          	add	s0,a5,t6
200021b0:	010898b3          	sll	a7,a7,a6
200021b4:	0053d3b3          	srl	t2,t2,t0
200021b8:	0078e8b3          	or	a7,a7,t2
200021bc:	01142023          	sw	a7,0(s0) # 10000 <HeapSize+0xf800>
200021c0:	17f1                	addi	a5,a5,-4
200021c2:	bf9d                	j	20002138 <__multf3+0x71c>
200021c4:	2107c8b3          	sh2add	a7,a5,a6
200021c8:	0008a023          	sw	zero,0(a7) # 10000 <HeapSize+0xf800>
200021cc:	17fd                	addi	a5,a5,-1
200021ce:	b7e9                	j	20002198 <__multf3+0x77c>
200021d0:	01f7e7b3          	or	a5,a5,t6
200021d4:	0107e7b3          	or	a5,a5,a6
200021d8:	8fd9                	or	a5,a5,a4
200021da:	4889                	li	a7,2
200021dc:	8c0789e3          	beqz	a5,20001aae <__multf3+0x92>
200021e0:	488d                	li	a7,3
200021e2:	b0f1                	j	20001aae <__multf3+0x92>
200021e4:	0065e7b3          	or	a5,a1,t1
200021e8:	01c7e7b3          	or	a5,a5,t3
200021ec:	8fd9                	or	a5,a5,a4
200021ee:	cbf9                	beqz	a5,200022c4 <__multf3+0x8a8>
200021f0:	c329                	beqz	a4,20002232 <__multf3+0x816>
200021f2:	60071713          	clz	a4,a4
200021f6:	ff470313          	addi	t1,a4,-12
200021fa:	40535593          	srai	a1,t1,0x5
200021fe:	01f37313          	andi	t1,t1,31
20002202:	187c                	addi	a5,sp,60
20002204:	04030963          	beqz	t1,20002256 <__multf3+0x83a>
20002208:	02000f93          	li	t6,32
2000220c:	00259f13          	slli	t5,a1,0x2
20002210:	406f8fb3          	sub	t6,t6,t1
20002214:	03010e93          	addi	t4,sp,48
20002218:	41e787b3          	sub	a5,a5,t5
2000221c:	06fe9663          	bne	t4,a5,20002288 <__multf3+0x86c>
20002220:	fff58793          	addi	a5,a1,-1 # ffff <HeapSize+0xf7ff>
20002224:	55c2                	lw	a1,48(sp)
20002226:	9efa                	add	t4,t4,t5
20002228:	006595b3          	sll	a1,a1,t1
2000222c:	00bea023          	sw	a1,0(t4) # 10000 <HeapSize+0xf800>
20002230:	a099                	j	20002276 <__multf3+0x85a>
20002232:	000e0763          	beqz	t3,20002240 <__multf3+0x824>
20002236:	600e1713          	clz	a4,t3
2000223a:	02070713          	addi	a4,a4,32
2000223e:	bf65                	j	200021f6 <__multf3+0x7da>
20002240:	c591                	beqz	a1,2000224c <__multf3+0x830>
20002242:	60059713          	clz	a4,a1
20002246:	04070713          	addi	a4,a4,64
2000224a:	b775                	j	200021f6 <__multf3+0x7da>
2000224c:	60031713          	clz	a4,t1
20002250:	06070713          	addi	a4,a4,96
20002254:	b74d                	j	200021f6 <__multf3+0x7da>
20002256:	5e71                	li	t3,-4
20002258:	03c58e33          	mul	t3,a1,t3
2000225c:	430d                	li	t1,3
2000225e:	01c78eb3          	add	t4,a5,t3
20002262:	000eae83          	lw	t4,0(t4)
20002266:	137d                	addi	t1,t1,-1 # ffff <HeapSize+0xf7ff>
20002268:	17f1                	addi	a5,a5,-4
2000226a:	01d7a223          	sw	t4,4(a5)
2000226e:	feb358e3          	bge	t1,a1,2000225e <__multf3+0x842>
20002272:	fff58793          	addi	a5,a1,-1
20002276:	55fd                	li	a1,-1
20002278:	03010313          	addi	t1,sp,48
2000227c:	02b79663          	bne	a5,a1,200022a8 <__multf3+0x88c>
20002280:	77f1                	lui	a5,0xffffc
20002282:	07c5                	addi	a5,a5,17 # ffffc011 <__StackTop+0xdff7a011>
20002284:	8f99                	sub	a5,a5,a4
20002286:	b049                	j	20001b08 <__multf3+0xec>
20002288:	0007ae03          	lw	t3,0(a5)
2000228c:	ffc7a283          	lw	t0,-4(a5)
20002290:	01e783b3          	add	t2,a5,t5
20002294:	006e1e33          	sll	t3,t3,t1
20002298:	01f2d2b3          	srl	t0,t0,t6
2000229c:	005e6e33          	or	t3,t3,t0
200022a0:	01c3a023          	sw	t3,0(t2)
200022a4:	17f1                	addi	a5,a5,-4
200022a6:	bf9d                	j	2000221c <__multf3+0x800>
200022a8:	2067ce33          	sh2add	t3,a5,t1
200022ac:	000e2023          	sw	zero,0(t3) # 10000 <HeapSize+0xf800>
200022b0:	17fd                	addi	a5,a5,-1
200022b2:	b7e9                	j	2000227c <__multf3+0x860>
200022b4:	0065e5b3          	or	a1,a1,t1
200022b8:	01c5e5b3          	or	a1,a1,t3
200022bc:	8f4d                	or	a4,a4,a1
200022be:	e709                	bnez	a4,200022c8 <__multf3+0x8ac>
200022c0:	4709                	li	a4,2
200022c2:	b0a1                	j	20001b0a <__multf3+0xee>
200022c4:	4705                	li	a4,1
200022c6:	b091                	j	20001b0a <__multf3+0xee>
200022c8:	470d                	li	a4,3
200022ca:	b081                	j	20001b0a <__multf3+0xee>
200022cc:	28f017b3          	bset	a5,zero,a5
200022d0:	5307f693          	andi	a3,a5,1328
200022d4:	e2a1                	bnez	a3,20002314 <__multf3+0x8f8>
200022d6:	0887f693          	andi	a3,a5,136
200022da:	e685                	bnez	a3,20002302 <__multf3+0x8e6>
200022dc:	2407f793          	andi	a5,a5,576
200022e0:	840788e3          	beqz	a5,20001b30 <__multf3+0x114>
200022e4:	67a1                	lui	a5,0x8
200022e6:	c6be                	sw	a5,76(sp)
200022e8:	c482                	sw	zero,72(sp)
200022ea:	c282                	sw	zero,68(sp)
200022ec:	c082                	sw	zero,64(sp)
200022ee:	17fd                	addi	a5,a5,-1 # 7fff <HeapSize+0x77ff>
200022f0:	4d81                	li	s11,0
200022f2:	b3f9                	j	200020c0 <__multf3+0x6a4>
200022f4:	46bd                	li	a3,15
200022f6:	fed787e3          	beq	a5,a3,200022e4 <__multf3+0x8c8>
200022fa:	46ad                	li	a3,11
200022fc:	8db2                	mv	s11,a2
200022fe:	00d79b63          	bne	a5,a3,20002314 <__multf3+0x8f8>
20002302:	8dc2                	mv	s11,a6
20002304:	57c2                	lw	a5,48(sp)
20002306:	c0be                	sw	a5,64(sp)
20002308:	57d2                	lw	a5,52(sp)
2000230a:	c2be                	sw	a5,68(sp)
2000230c:	57e2                	lw	a5,56(sp)
2000230e:	c4be                	sw	a5,72(sp)
20002310:	57f2                	lw	a5,60(sp)
20002312:	a809                	j	20002324 <__multf3+0x908>
20002314:	5782                	lw	a5,32(sp)
20002316:	8746                	mv	a4,a7
20002318:	c0be                	sw	a5,64(sp)
2000231a:	5792                	lw	a5,36(sp)
2000231c:	c2be                	sw	a5,68(sp)
2000231e:	57a2                	lw	a5,40(sp)
20002320:	c4be                	sw	a5,72(sp)
20002322:	57b2                	lw	a5,44(sp)
20002324:	c6be                	sw	a5,76(sp)
20002326:	4789                	li	a5,2
20002328:	16f70463          	beq	a4,a5,20002490 <__multf3+0xa74>
2000232c:	478d                	li	a5,3
2000232e:	faf70be3          	beq	a4,a5,200022e4 <__multf3+0x8c8>
20002332:	4785                	li	a5,1
20002334:	d0f716e3          	bne	a4,a5,20002040 <__multf3+0x624>
20002338:	c682                	sw	zero,76(sp)
2000233a:	c482                	sw	zero,72(sp)
2000233c:	c282                	sw	zero,68(sp)
2000233e:	c082                	sw	zero,64(sp)
20002340:	aa2d                	j	2000247a <__multf3+0xa5e>
20002342:	47b2                	lw	a5,12(sp)
20002344:	c43e                	sw	a5,8(sp)
20002346:	b9ed                	j	20002040 <__multf3+0x624>
20002348:	c7b1                	beqz	a5,20002394 <__multf3+0x978>
2000234a:	f8d00713          	li	a4,-115
2000234e:	12e7c863          	blt	a5,a4,2000247e <__multf3+0xa62>
20002352:	4685                	li	a3,1
20002354:	8e9d                	sub	a3,a3,a5
20002356:	4056d613          	srai	a2,a3,0x5
2000235a:	0098                	addi	a4,sp,64
2000235c:	8afd                	andi	a3,a3,31
2000235e:	00261e93          	slli	t4,a2,0x2
20002362:	20e64833          	sh2add	a6,a2,a4
20002366:	85ba                	mv	a1,a4
20002368:	4781                	li	a5,0
2000236a:	02b81763          	bne	a6,a1,20002398 <__multf3+0x97c>
2000236e:	480d                	li	a6,3
20002370:	40c80833          	sub	a6,a6,a2
20002374:	ea85                	bnez	a3,200023a4 <__multf3+0x988>
20002376:	85ba                	mv	a1,a4
20002378:	01d588b3          	add	a7,a1,t4
2000237c:	0008a883          	lw	a7,0(a7)
20002380:	0685                	addi	a3,a3,1
20002382:	0115a023          	sw	a7,0(a1)
20002386:	0591                	addi	a1,a1,4
20002388:	fed858e3          	bge	a6,a3,20002378 <__multf3+0x95c>
2000238c:	4691                	li	a3,4
2000238e:	40c68633          	sub	a2,a3,a2
20002392:	a091                	j	200023d6 <__multf3+0x9ba>
20002394:	4685                	li	a3,1
20002396:	b7c1                	j	20002356 <__multf3+0x93a>
20002398:	0005a883          	lw	a7,0(a1)
2000239c:	0591                	addi	a1,a1,4
2000239e:	0117e7b3          	or	a5,a5,a7
200023a2:	b7e1                	j	2000236a <__multf3+0x94e>
200023a4:	01d708b3          	add	a7,a4,t4
200023a8:	0008a883          	lw	a7,0(a7)
200023ac:	02000313          	li	t1,32
200023b0:	40d30333          	sub	t1,t1,a3
200023b4:	006898b3          	sll	a7,a7,t1
200023b8:	0117e7b3          	or	a5,a5,a7
200023bc:	4e01                	li	t3,0
200023be:	010e4e63          	blt	t3,a6,200023da <__multf3+0x9be>
200023c2:	4591                	li	a1,4
200023c4:	40c58633          	sub	a2,a1,a2
200023c8:	45b6                	lw	a1,76(sp)
200023ca:	20e84833          	sh2add	a6,a6,a4
200023ce:	00d5d6b3          	srl	a3,a1,a3
200023d2:	00d82023          	sw	a3,0(a6)
200023d6:	4691                	li	a3,4
200023d8:	a03d                	j	20002406 <__multf3+0x9ea>
200023da:	0005a883          	lw	a7,0(a1)
200023de:	0045af03          	lw	t5,4(a1)
200023e2:	41d58fb3          	sub	t6,a1,t4
200023e6:	00d8d8b3          	srl	a7,a7,a3
200023ea:	006f1f33          	sll	t5,t5,t1
200023ee:	01e8e8b3          	or	a7,a7,t5
200023f2:	011fa023          	sw	a7,0(t6)
200023f6:	0e05                	addi	t3,t3,1
200023f8:	0591                	addi	a1,a1,4
200023fa:	b7d1                	j	200023be <__multf3+0x9a2>
200023fc:	20e645b3          	sh2add	a1,a2,a4
20002400:	0005a023          	sw	zero,0(a1)
20002404:	0605                	addi	a2,a2,1 # 10001 <HeapSize+0xf801>
20002406:	fed61be3          	bne	a2,a3,200023fc <__multf3+0x9e0>
2000240a:	4686                	lw	a3,64(sp)
2000240c:	00f037b3          	snez	a5,a5
20002410:	8fd5                	or	a5,a5,a3
20002412:	c0be                	sw	a5,64(sp)
20002414:	0077f693          	andi	a3,a5,7
20002418:	ca8d                	beqz	a3,2000244a <__multf3+0xa2e>
2000241a:	00f7f693          	andi	a3,a5,15
2000241e:	02c68663          	beq	a3,a2,2000244a <__multf3+0xa2e>
20002422:	00478693          	addi	a3,a5,4
20002426:	c0b6                	sw	a3,64(sp)
20002428:	4696                	lw	a3,68(sp)
2000242a:	ffc7b793          	sltiu	a5,a5,-4
2000242e:	0017b793          	seqz	a5,a5
20002432:	97b6                	add	a5,a5,a3
20002434:	c2be                	sw	a5,68(sp)
20002436:	00d7b7b3          	sltu	a5,a5,a3
2000243a:	46a6                	lw	a3,72(sp)
2000243c:	97b6                	add	a5,a5,a3
2000243e:	c4be                	sw	a5,72(sp)
20002440:	00d7b7b3          	sltu	a5,a5,a3
20002444:	46b6                	lw	a3,76(sp)
20002446:	97b6                	add	a5,a5,a3
20002448:	c6be                	sw	a5,76(sp)
2000244a:	46b6                	lw	a3,76(sp)
2000244c:	00c69793          	slli	a5,a3,0xc
20002450:	0007d863          	bgez	a5,20002460 <__multf3+0xa44>
20002454:	c682                	sw	zero,76(sp)
20002456:	c482                	sw	zero,72(sp)
20002458:	c282                	sw	zero,68(sp)
2000245a:	c082                	sw	zero,64(sp)
2000245c:	4785                	li	a5,1
2000245e:	b18d                	j	200020c0 <__multf3+0x6a4>
20002460:	00c70593          	addi	a1,a4,12
20002464:	431c                	lw	a5,0(a4)
20002466:	4350                	lw	a2,4(a4)
20002468:	838d                	srli	a5,a5,0x3
2000246a:	0676                	slli	a2,a2,0x1d
2000246c:	8fd1                	or	a5,a5,a2
2000246e:	c31c                	sw	a5,0(a4)
20002470:	0711                	addi	a4,a4,4
20002472:	fee599e3          	bne	a1,a4,20002464 <__multf3+0xa48>
20002476:	828d                	srli	a3,a3,0x3
20002478:	c6b6                	sw	a3,76(sp)
2000247a:	4781                	li	a5,0
2000247c:	b191                	j	200020c0 <__multf3+0x6a4>
2000247e:	4716                	lw	a4,68(sp)
20002480:	4786                	lw	a5,64(sp)
20002482:	8fd9                	or	a5,a5,a4
20002484:	4726                	lw	a4,72(sp)
20002486:	8fd9                	or	a5,a5,a4
20002488:	4736                	lw	a4,76(sp)
2000248a:	8fd9                	or	a5,a5,a4
2000248c:	d7fd                	beqz	a5,2000247a <__multf3+0xa5e>
2000248e:	b56d                	j	20002338 <__multf3+0x91c>
20002490:	67a1                	lui	a5,0x8
20002492:	c682                	sw	zero,76(sp)
20002494:	c482                	sw	zero,72(sp)
20002496:	c282                	sw	zero,68(sp)
20002498:	c082                	sw	zero,64(sp)
2000249a:	17fd                	addi	a5,a5,-1 # 7fff <HeapSize+0x77ff>
2000249c:	b115                	j	200020c0 <__multf3+0x6a4>

2000249e <__subtf3>:
2000249e:	711d                	addi	sp,sp,-96
200024a0:	4598                	lw	a4,8(a1)
200024a2:	cca6                	sw	s1,88(sp)
200024a4:	45c4                	lw	s1,12(a1)
200024a6:	41d4                	lw	a3,4(a1)
200024a8:	0005a883          	lw	a7,0(a1)
200024ac:	dc3a                	sw	a4,56(sp)
200024ae:	cc3a                	sw	a4,24(sp)
200024b0:	0804c733          	zext.h	a4,s1
200024b4:	da36                	sw	a3,52(sp)
200024b6:	de26                	sw	s1,60(sp)
200024b8:	ca36                	sw	a3,20(sp)
200024ba:	ce3a                	sw	a4,28(sp)
200024bc:	0814                	addi	a3,sp,16
200024be:	00149713          	slli	a4,s1,0x1
200024c2:	80fd                	srli	s1,s1,0x1f
200024c4:	421c                	lw	a5,0(a2)
200024c6:	00462e03          	lw	t3,4(a2)
200024ca:	00862303          	lw	t1,8(a2)
200024ce:	00c62f83          	lw	t6,12(a2)
200024d2:	caca                	sw	s2,84(sp)
200024d4:	01175e93          	srli	t4,a4,0x11
200024d8:	cea2                	sw	s0,92(sp)
200024da:	c8ce                	sw	s3,80(sp)
200024dc:	c6d2                	sw	s4,76(sp)
200024de:	c4d6                	sw	s5,72(sp)
200024e0:	d846                	sw	a7,48(sp)
200024e2:	c846                	sw	a7,16(sp)
200024e4:	8626                	mv	a2,s1
200024e6:	00410f13          	addi	t5,sp,4
200024ea:	8736                	mv	a4,a3
200024ec:	8936                	mv	s2,a3
200024ee:	00c72803          	lw	a6,12(a4)
200024f2:	470c                	lw	a1,8(a4)
200024f4:	1771                	addi	a4,a4,-4
200024f6:	080e                	slli	a6,a6,0x3
200024f8:	81f5                	srli	a1,a1,0x1d
200024fa:	00b86833          	or	a6,a6,a1
200024fe:	01072823          	sw	a6,16(a4)
20002502:	feef16e3          	bne	t5,a4,200024ee <__subtf3+0x50>
20002506:	080fc733          	zext.h	a4,t6
2000250a:	02010393          	addi	t2,sp,32
2000250e:	00389593          	slli	a1,a7,0x3
20002512:	d63a                	sw	a4,44(sp)
20002514:	001f9713          	slli	a4,t6,0x1
20002518:	dc1a                	sw	t1,56(sp)
2000251a:	de7e                	sw	t6,60(sp)
2000251c:	d41a                	sw	t1,40(sp)
2000251e:	01175293          	srli	t0,a4,0x11
20002522:	c82e                	sw	a1,16(sp)
20002524:	d83e                	sw	a5,48(sp)
20002526:	da72                	sw	t3,52(sp)
20002528:	d03e                	sw	a5,32(sp)
2000252a:	d272                	sw	t3,36(sp)
2000252c:	01ffdf93          	srli	t6,t6,0x1f
20002530:	01410313          	addi	t1,sp,20
20002534:	871e                	mv	a4,t2
20002536:	841e                	mv	s0,t2
20002538:	00c72803          	lw	a6,12(a4)
2000253c:	00872883          	lw	a7,8(a4)
20002540:	1771                	addi	a4,a4,-4
20002542:	080e                	slli	a6,a6,0x3
20002544:	01d8d893          	srli	a7,a7,0x1d
20002548:	01186833          	or	a6,a6,a7
2000254c:	01072823          	sw	a6,16(a4)
20002550:	fee314e3          	bne	t1,a4,20002538 <__subtf3+0x9a>
20002554:	078e                	slli	a5,a5,0x3
20002556:	6721                	lui	a4,0x8
20002558:	d03e                	sw	a5,32(sp)
2000255a:	177d                	addi	a4,a4,-1 # 7fff <HeapSize+0x77ff>
2000255c:	00e29b63          	bne	t0,a4,20002572 <__subtf3+0xd4>
20002560:	5822                	lw	a6,40(sp)
20002562:	5712                	lw	a4,36(sp)
20002564:	01076733          	or	a4,a4,a6
20002568:	5832                	lw	a6,44(sp)
2000256a:	01076733          	or	a4,a4,a6
2000256e:	8f5d                	or	a4,a4,a5
20002570:	e319                	bnez	a4,20002576 <__subtf3+0xd8>
20002572:	001fcf93          	xori	t6,t6,1
20002576:	405e8833          	sub	a6,t4,t0
2000257a:	549f9f63          	bne	t6,s1,20002ad8 <__subtf3+0x63a>
2000257e:	25005363          	blez	a6,200027c4 <__subtf3+0x326>
20002582:	4352                	lw	t1,20(sp)
20002584:	4e62                	lw	t3,24(sp)
20002586:	4f72                	lw	t5,28(sp)
20002588:	06029263          	bnez	t0,200025ec <__subtf3+0x14e>
2000258c:	5f92                	lw	t6,36(sp)
2000258e:	56a2                	lw	a3,40(sp)
20002590:	52b2                	lw	t0,44(sp)
20002592:	00dfe733          	or	a4,t6,a3
20002596:	00576733          	or	a4,a4,t0
2000259a:	8f5d                	or	a4,a4,a5
2000259c:	e319                	bnez	a4,200025a2 <__subtf3+0x104>
2000259e:	d82e                	sw	a1,48(sp)
200025a0:	a4b9                	j	200027ee <__subtf3+0x350>
200025a2:	fff80713          	addi	a4,a6,-1
200025a6:	ef0d                	bnez	a4,200025e0 <__subtf3+0x142>
200025a8:	00f588b3          	add	a7,a1,a5
200025ac:	937e                	add	t1,t1,t6
200025ae:	00b8b5b3          	sltu	a1,a7,a1
200025b2:	959a                	add	a1,a1,t1
200025b4:	da2e                	sw	a1,52(sp)
200025b6:	01f33fb3          	sltu	t6,t1,t6
200025ba:	0065b5b3          	sltu	a1,a1,t1
200025be:	9e36                	add	t3,t3,a3
200025c0:	00bfefb3          	or	t6,t6,a1
200025c4:	9ff2                	add	t6,t6,t3
200025c6:	dc7e                	sw	t6,56(sp)
200025c8:	00de36b3          	sltu	a3,t3,a3
200025cc:	01cfbfb3          	sltu	t6,t6,t3
200025d0:	d846                	sw	a7,48(sp)
200025d2:	01f6e6b3          	or	a3,a3,t6
200025d6:	01e287b3          	add	a5,t0,t5
200025da:	96be                	add	a3,a3,a5
200025dc:	4805                	li	a6,1
200025de:	aae9                	j	200027b8 <__subtf3+0x31a>
200025e0:	67a1                	lui	a5,0x8
200025e2:	17fd                	addi	a5,a5,-1 # 7fff <HeapSize+0x77ff>
200025e4:	3ef81fe3          	bne	a6,a5,200031e2 <__subtf3+0xd44>
200025e8:	d82e                	sw	a1,48(sp)
200025ea:	a4b9                	j	20002838 <__subtf3+0x39a>
200025ec:	67a1                	lui	a5,0x8
200025ee:	17fd                	addi	a5,a5,-1 # 7fff <HeapSize+0x77ff>
200025f0:	0cfe9863          	bne	t4,a5,200026c0 <__subtf3+0x222>
200025f4:	d82e                	sw	a1,48(sp)
200025f6:	da1a                	sw	t1,52(sp)
200025f8:	dc72                	sw	t3,56(sp)
200025fa:	de7a                	sw	t5,60(sp)
200025fc:	8876                	mv	a6,t4
200025fe:	57c2                	lw	a5,48(sp)
20002600:	0077f713          	andi	a4,a5,7
20002604:	cb15                	beqz	a4,20002638 <__subtf3+0x19a>
20002606:	00f7f713          	andi	a4,a5,15
2000260a:	4691                	li	a3,4
2000260c:	02d70663          	beq	a4,a3,20002638 <__subtf3+0x19a>
20002610:	00d78733          	add	a4,a5,a3
20002614:	d83a                	sw	a4,48(sp)
20002616:	5752                	lw	a4,52(sp)
20002618:	ffc7b793          	sltiu	a5,a5,-4
2000261c:	0017b793          	seqz	a5,a5
20002620:	97ba                	add	a5,a5,a4
20002622:	da3e                	sw	a5,52(sp)
20002624:	00e7b7b3          	sltu	a5,a5,a4
20002628:	5762                	lw	a4,56(sp)
2000262a:	97ba                	add	a5,a5,a4
2000262c:	dc3e                	sw	a5,56(sp)
2000262e:	00e7b7b3          	sltu	a5,a5,a4
20002632:	5772                	lw	a4,60(sp)
20002634:	97ba                	add	a5,a5,a4
20002636:	de3e                	sw	a5,60(sp)
20002638:	57f2                	lw	a5,60(sp)
2000263a:	00c79713          	slli	a4,a5,0xc
2000263e:	00075a63          	bgez	a4,20002652 <__subtf3+0x1b4>
20002642:	6721                	lui	a4,0x8
20002644:	0805                	addi	a6,a6,1
20002646:	177d                	addi	a4,a4,-1 # 7fff <HeapSize+0x77ff>
20002648:	38e806e3          	beq	a6,a4,200031d4 <__subtf3+0xd36>
2000264c:	49379793          	bclri	a5,a5,0x13
20002650:	de3e                	sw	a5,60(sp)
20002652:	1818                	addi	a4,sp,48
20002654:	03c10893          	addi	a7,sp,60
20002658:	4314                	lw	a3,0(a4)
2000265a:	434c                	lw	a1,4(a4)
2000265c:	828d                	srli	a3,a3,0x3
2000265e:	05f6                	slli	a1,a1,0x1d
20002660:	8ecd                	or	a3,a3,a1
20002662:	c314                	sw	a3,0(a4)
20002664:	0711                	addi	a4,a4,4
20002666:	fee899e3          	bne	a7,a4,20002658 <__subtf3+0x1ba>
2000266a:	66a1                	lui	a3,0x8
2000266c:	fff68713          	addi	a4,a3,-1 # 7fff <HeapSize+0x77ff>
20002670:	838d                	srli	a5,a5,0x3
20002672:	00e81e63          	bne	a6,a4,2000268e <__subtf3+0x1f0>
20002676:	55d2                	lw	a1,52(sp)
20002678:	5742                	lw	a4,48(sp)
2000267a:	8f4d                	or	a4,a4,a1
2000267c:	55e2                	lw	a1,56(sp)
2000267e:	8f4d                	or	a4,a4,a1
20002680:	8fd9                	or	a5,a5,a4
20002682:	c791                	beqz	a5,2000268e <__subtf3+0x1f0>
20002684:	dc02                	sw	zero,56(sp)
20002686:	da02                	sw	zero,52(sp)
20002688:	d802                	sw	zero,48(sp)
2000268a:	87b6                	mv	a5,a3
2000268c:	4601                	li	a2,0
2000268e:	00f11623          	sh	a5,12(sp)
20002692:	01181793          	slli	a5,a6,0x11
20002696:	83c5                	srli	a5,a5,0x11
20002698:	063e                	slli	a2,a2,0xf
2000269a:	8e5d                	or	a2,a2,a5
2000269c:	00c11723          	sh	a2,14(sp)
200026a0:	55c2                	lw	a1,48(sp)
200026a2:	56d2                	lw	a3,52(sp)
200026a4:	5762                	lw	a4,56(sp)
200026a6:	47b2                	lw	a5,12(sp)
200026a8:	4476                	lw	s0,92(sp)
200026aa:	c10c                	sw	a1,0(a0)
200026ac:	c154                	sw	a3,4(a0)
200026ae:	c518                	sw	a4,8(a0)
200026b0:	c55c                	sw	a5,12(a0)
200026b2:	44e6                	lw	s1,88(sp)
200026b4:	4956                	lw	s2,84(sp)
200026b6:	49c6                	lw	s3,80(sp)
200026b8:	4a36                	lw	s4,76(sp)
200026ba:	4aa6                	lw	s5,72(sp)
200026bc:	6125                	addi	sp,sp,96
200026be:	8082                	ret
200026c0:	57b2                	lw	a5,44(sp)
200026c2:	29379793          	bseti	a5,a5,0x13
200026c6:	d63e                	sw	a5,44(sp)
200026c8:	07400793          	li	a5,116
200026cc:	3107cfe3          	blt	a5,a6,200031ea <__subtf3+0xd4c>
200026d0:	8742                	mv	a4,a6
200026d2:	40575793          	srai	a5,a4,0x5
200026d6:	01f77913          	andi	s2,a4,31
200026da:	00279993          	slli	s3,a5,0x2
200026de:	2077c6b3          	sh2add	a3,a5,t2
200026e2:	871e                	mv	a4,t2
200026e4:	4881                	li	a7,0
200026e6:	02e69363          	bne	a3,a4,2000270c <__subtf3+0x26e>
200026ea:	468d                	li	a3,3
200026ec:	8e9d                	sub	a3,a3,a5
200026ee:	02091563          	bnez	s2,20002718 <__subtf3+0x27a>
200026f2:	01338733          	add	a4,t2,s3
200026f6:	4318                	lw	a4,0(a4)
200026f8:	0905                	addi	s2,s2,1
200026fa:	0391                	addi	t2,t2,4
200026fc:	fee3ae23          	sw	a4,-4(t2)
20002700:	ff26d9e3          	bge	a3,s2,200026f2 <__subtf3+0x254>
20002704:	4711                	li	a4,4
20002706:	40f707b3          	sub	a5,a4,a5
2000270a:	a83d                	j	20002748 <__subtf3+0x2aa>
2000270c:	00072803          	lw	a6,0(a4)
20002710:	0711                	addi	a4,a4,4
20002712:	0108e8b3          	or	a7,a7,a6
20002716:	bfc1                	j	200026e6 <__subtf3+0x248>
20002718:	01338833          	add	a6,t2,s3
2000271c:	00082803          	lw	a6,0(a6)
20002720:	02000f93          	li	t6,32
20002724:	412f8fb3          	sub	t6,t6,s2
20002728:	01f81833          	sll	a6,a6,t6
2000272c:	0108e8b3          	or	a7,a7,a6
20002730:	4281                	li	t0,0
20002732:	00d2cd63          	blt	t0,a3,2000274c <__subtf3+0x2ae>
20002736:	4711                	li	a4,4
20002738:	40f707b3          	sub	a5,a4,a5
2000273c:	5732                	lw	a4,44(sp)
2000273e:	2076c6b3          	sh2add	a3,a3,t2
20002742:	01275733          	srl	a4,a4,s2
20002746:	c298                	sw	a4,0(a3)
20002748:	4711                	li	a4,4
2000274a:	a035                	j	20002776 <__subtf3+0x2d8>
2000274c:	00072803          	lw	a6,0(a4)
20002750:	4344                	lw	s1,4(a4)
20002752:	41370a33          	sub	s4,a4,s3
20002756:	01285833          	srl	a6,a6,s2
2000275a:	01f494b3          	sll	s1,s1,t6
2000275e:	00986833          	or	a6,a6,s1
20002762:	010a2023          	sw	a6,0(s4)
20002766:	0285                	addi	t0,t0,1
20002768:	0711                	addi	a4,a4,4
2000276a:	b7e1                	j	20002732 <__subtf3+0x294>
2000276c:	2087c6b3          	sh2add	a3,a5,s0
20002770:	0006a023          	sw	zero,0(a3)
20002774:	0785                	addi	a5,a5,1
20002776:	fee79be3          	bne	a5,a4,2000276c <__subtf3+0x2ce>
2000277a:	5782                	lw	a5,32(sp)
2000277c:	011038b3          	snez	a7,a7
20002780:	00f8e8b3          	or	a7,a7,a5
20002784:	5792                	lw	a5,36(sp)
20002786:	98ae                	add	a7,a7,a1
20002788:	56a2                	lw	a3,40(sp)
2000278a:	933e                	add	t1,t1,a5
2000278c:	00b8b5b3          	sltu	a1,a7,a1
20002790:	959a                	add	a1,a1,t1
20002792:	da2e                	sw	a1,52(sp)
20002794:	00f337b3          	sltu	a5,t1,a5
20002798:	0065b5b3          	sltu	a1,a1,t1
2000279c:	9e36                	add	t3,t3,a3
2000279e:	8fcd                	or	a5,a5,a1
200027a0:	97f2                	add	a5,a5,t3
200027a2:	dc3e                	sw	a5,56(sp)
200027a4:	00de36b3          	sltu	a3,t3,a3
200027a8:	01c7b7b3          	sltu	a5,a5,t3
200027ac:	8edd                	or	a3,a3,a5
200027ae:	57b2                	lw	a5,44(sp)
200027b0:	d846                	sw	a7,48(sp)
200027b2:	8876                	mv	a6,t4
200027b4:	97fa                	add	a5,a5,t5
200027b6:	96be                	add	a3,a3,a5
200027b8:	00c69793          	slli	a5,a3,0xc
200027bc:	2e07c063          	bltz	a5,20002a9c <__subtf3+0x5fe>
200027c0:	de36                	sw	a3,60(sp)
200027c2:	bd35                	j	200025fe <__subtf3+0x160>
200027c4:	5312                	lw	t1,36(sp)
200027c6:	5e22                	lw	t3,40(sp)
200027c8:	5f32                	lw	t5,44(sp)
200027ca:	18080963          	beqz	a6,2000295c <__subtf3+0x4be>
200027ce:	41d28833          	sub	a6,t0,t4
200027d2:	060e9c63          	bnez	t4,2000284a <__subtf3+0x3ac>
200027d6:	4752                	lw	a4,20(sp)
200027d8:	4fe2                	lw	t6,24(sp)
200027da:	4ef2                	lw	t4,28(sp)
200027dc:	01f768b3          	or	a7,a4,t6
200027e0:	01d8e8b3          	or	a7,a7,t4
200027e4:	00b8e8b3          	or	a7,a7,a1
200027e8:	00089763          	bnez	a7,200027f6 <__subtf3+0x358>
200027ec:	d83e                	sw	a5,48(sp)
200027ee:	da1a                	sw	t1,52(sp)
200027f0:	dc72                	sw	t3,56(sp)
200027f2:	de7a                	sw	t5,60(sp)
200027f4:	b529                	j	200025fe <__subtf3+0x160>
200027f6:	fff80393          	addi	t2,a6,-1
200027fa:	02039a63          	bnez	t2,2000282e <__subtf3+0x390>
200027fe:	00f588b3          	add	a7,a1,a5
20002802:	933a                	add	t1,t1,a4
20002804:	00b8b5b3          	sltu	a1,a7,a1
20002808:	959a                	add	a1,a1,t1
2000280a:	da2e                	sw	a1,52(sp)
2000280c:	00e33733          	sltu	a4,t1,a4
20002810:	0065b5b3          	sltu	a1,a1,t1
20002814:	9e7e                	add	t3,t3,t6
20002816:	8f4d                	or	a4,a4,a1
20002818:	9772                	add	a4,a4,t3
2000281a:	dc3a                	sw	a4,56(sp)
2000281c:	01fe36b3          	sltu	a3,t3,t6
20002820:	01c73733          	sltu	a4,a4,t3
20002824:	d846                	sw	a7,48(sp)
20002826:	8ed9                	or	a3,a3,a4
20002828:	01ee87b3          	add	a5,t4,t5
2000282c:	b37d                	j	200025da <__subtf3+0x13c>
2000282e:	6721                	lui	a4,0x8
20002830:	177d                	addi	a4,a4,-1 # 7fff <HeapSize+0x77ff>
20002832:	1ce812e3          	bne	a6,a4,200031f6 <__subtf3+0xd58>
20002836:	d83e                	sw	a5,48(sp)
20002838:	da1a                	sw	t1,52(sp)
2000283a:	dc72                	sw	t3,56(sp)
2000283c:	de7a                	sw	t5,60(sp)
2000283e:	67a1                	lui	a5,0x8
20002840:	fff78813          	addi	a6,a5,-1 # 7fff <HeapSize+0x77ff>
20002844:	bb6d                	j	200025fe <__subtf3+0x160>
20002846:	87ae                	mv	a5,a1
20002848:	b7fd                	j	20002836 <__subtf3+0x398>
2000284a:	6721                	lui	a4,0x8
2000284c:	177d                	addi	a4,a4,-1 # 7fff <HeapSize+0x77ff>
2000284e:	fee284e3          	beq	t0,a4,20002836 <__subtf3+0x398>
20002852:	4772                	lw	a4,28(sp)
20002854:	29371713          	bseti	a4,a4,0x13
20002858:	ce3a                	sw	a4,28(sp)
2000285a:	07400713          	li	a4,116
2000285e:	1b0740e3          	blt	a4,a6,200031fe <__subtf3+0xd60>
20002862:	83c2                	mv	t2,a6
20002864:	02000713          	li	a4,32
20002868:	02e3c733          	div	a4,t2,a4
2000286c:	8836                	mv	a6,a3
2000286e:	4881                	li	a7,0
20002870:	4581                	li	a1,0
20002872:	02e5c563          	blt	a1,a4,2000289c <__subtf3+0x3fe>
20002876:	448d                	li	s1,3
20002878:	01f3f413          	andi	s0,t2,31
2000287c:	8c99                	sub	s1,s1,a4
2000287e:	00271993          	slli	s3,a4,0x2
20002882:	e405                	bnez	s0,200028aa <__subtf3+0x40c>
20002884:	013685b3          	add	a1,a3,s3
20002888:	418c                	lw	a1,0(a1)
2000288a:	0405                	addi	s0,s0,1
2000288c:	c28c                	sw	a1,0(a3)
2000288e:	0691                	addi	a3,a3,4
20002890:	fe84dae3          	bge	s1,s0,20002884 <__subtf3+0x3e6>
20002894:	4691                	li	a3,4
20002896:	40e68733          	sub	a4,a3,a4
2000289a:	a0b1                	j	200028e6 <__subtf3+0x448>
2000289c:	00082e83          	lw	t4,0(a6)
200028a0:	0585                	addi	a1,a1,1
200028a2:	0811                	addi	a6,a6,4
200028a4:	01d8e8b3          	or	a7,a7,t4
200028a8:	b7e9                	j	20002872 <__subtf3+0x3d4>
200028aa:	02000593          	li	a1,32
200028ae:	02b3e3b3          	rem	t2,t2,a1
200028b2:	0a076833          	max	a6,a4,zero
200028b6:	20d84833          	sh2add	a6,a6,a3
200028ba:	00082803          	lw	a6,0(a6)
200028be:	4f81                	li	t6,0
200028c0:	407585b3          	sub	a1,a1,t2
200028c4:	00b81833          	sll	a6,a6,a1
200028c8:	0108e8b3          	or	a7,a7,a6
200028cc:	01368833          	add	a6,a3,s3
200028d0:	009fcd63          	blt	t6,s1,200028ea <__subtf3+0x44c>
200028d4:	4591                	li	a1,4
200028d6:	40e58733          	sub	a4,a1,a4
200028da:	45f2                	lw	a1,28(sp)
200028dc:	20d4c6b3          	sh2add	a3,s1,a3
200028e0:	0085d5b3          	srl	a1,a1,s0
200028e4:	c28c                	sw	a1,0(a3)
200028e6:	468d                	li	a3,3
200028e8:	a03d                	j	20002916 <__subtf3+0x478>
200028ea:	00082e83          	lw	t4,0(a6)
200028ee:	00482383          	lw	t2,4(a6)
200028f2:	41380a33          	sub	s4,a6,s3
200028f6:	008edeb3          	srl	t4,t4,s0
200028fa:	00b393b3          	sll	t2,t2,a1
200028fe:	007eeeb3          	or	t4,t4,t2
20002902:	01da2023          	sw	t4,0(s4)
20002906:	0f85                	addi	t6,t6,1
20002908:	0811                	addi	a6,a6,4
2000290a:	b7d9                	j	200028d0 <__subtf3+0x432>
2000290c:	212745b3          	sh2add	a1,a4,s2
20002910:	0005a023          	sw	zero,0(a1)
20002914:	0705                	addi	a4,a4,1
20002916:	fee6dbe3          	bge	a3,a4,2000290c <__subtf3+0x46e>
2000291a:	4742                	lw	a4,16(sp)
2000291c:	011038b3          	snez	a7,a7
20002920:	00e8e8b3          	or	a7,a7,a4
20002924:	4752                	lw	a4,20(sp)
20002926:	98be                	add	a7,a7,a5
20002928:	46e2                	lw	a3,24(sp)
2000292a:	933a                	add	t1,t1,a4
2000292c:	00f8b7b3          	sltu	a5,a7,a5
20002930:	00f305b3          	add	a1,t1,a5
20002934:	da2e                	sw	a1,52(sp)
20002936:	00e337b3          	sltu	a5,t1,a4
2000293a:	0065b5b3          	sltu	a1,a1,t1
2000293e:	9e36                	add	t3,t3,a3
20002940:	8fcd                	or	a5,a5,a1
20002942:	97f2                	add	a5,a5,t3
20002944:	dc3e                	sw	a5,56(sp)
20002946:	00de36b3          	sltu	a3,t3,a3
2000294a:	01c7b7b3          	sltu	a5,a5,t3
2000294e:	8edd                	or	a3,a3,a5
20002950:	47f2                	lw	a5,28(sp)
20002952:	d846                	sw	a7,48(sp)
20002954:	8816                	mv	a6,t0
20002956:	97fa                	add	a5,a5,t5
20002958:	96be                	add	a3,a3,a5
2000295a:	bdb9                	j	200027b8 <__subtf3+0x31a>
2000295c:	001e8813          	addi	a6,t4,1
20002960:	01181693          	slli	a3,a6,0x11
20002964:	82c9                	srli	a3,a3,0x12
20002966:	4752                	lw	a4,20(sp)
20002968:	4fe2                	lw	t6,24(sp)
2000296a:	48f2                	lw	a7,28(sp)
2000296c:	eae9                	bnez	a3,20002a3e <__subtf3+0x5a0>
2000296e:	01f76833          	or	a6,a4,t6
20002972:	01186833          	or	a6,a6,a7
20002976:	00b86833          	or	a6,a6,a1
2000297a:	060e9963          	bnez	t4,200029ec <__subtf3+0x54e>
2000297e:	00081663          	bnez	a6,2000298a <__subtf3+0x4ec>
20002982:	d83e                	sw	a5,48(sp)
20002984:	da1a                	sw	t1,52(sp)
20002986:	dc72                	sw	t3,56(sp)
20002988:	a829                	j	200029a2 <__subtf3+0x504>
2000298a:	01c36833          	or	a6,t1,t3
2000298e:	01e86833          	or	a6,a6,t5
20002992:	00f86833          	or	a6,a6,a5
20002996:	00081963          	bnez	a6,200029a8 <__subtf3+0x50a>
2000299a:	d82e                	sw	a1,48(sp)
2000299c:	da3a                	sw	a4,52(sp)
2000299e:	dc7e                	sw	t6,56(sp)
200029a0:	8f46                	mv	t5,a7
200029a2:	de7a                	sw	t5,60(sp)
200029a4:	4801                	li	a6,0
200029a6:	b9a1                	j	200025fe <__subtf3+0x160>
200029a8:	00f586b3          	add	a3,a1,a5
200029ac:	933a                	add	t1,t1,a4
200029ae:	d836                	sw	a3,48(sp)
200029b0:	00b6b6b3          	sltu	a3,a3,a1
200029b4:	969a                	add	a3,a3,t1
200029b6:	00e33733          	sltu	a4,t1,a4
200029ba:	da36                	sw	a3,52(sp)
200029bc:	0066b6b3          	sltu	a3,a3,t1
200029c0:	9e7e                	add	t3,t3,t6
200029c2:	8ed9                	or	a3,a3,a4
200029c4:	96f2                	add	a3,a3,t3
200029c6:	dc36                	sw	a3,56(sp)
200029c8:	01fe37b3          	sltu	a5,t3,t6
200029cc:	01c6b6b3          	sltu	a3,a3,t3
200029d0:	8fd5                	or	a5,a5,a3
200029d2:	01e88733          	add	a4,a7,t5
200029d6:	00e78f33          	add	t5,a5,a4
200029da:	00cf1793          	slli	a5,t5,0xc
200029de:	fc07d2e3          	bgez	a5,200029a2 <__subtf3+0x504>
200029e2:	493f1f13          	bclri	t5,t5,0x13
200029e6:	de7a                	sw	t5,60(sp)
200029e8:	4805                	li	a6,1
200029ea:	b911                	j	200025fe <__subtf3+0x160>
200029ec:	00080f63          	beqz	a6,20002a0a <__subtf3+0x56c>
200029f0:	01c36333          	or	t1,t1,t3
200029f4:	01e36333          	or	t1,t1,t5
200029f8:	00f36333          	or	t1,t1,a5
200029fc:	00031c63          	bnez	t1,20002a14 <__subtf3+0x576>
20002a00:	d82e                	sw	a1,48(sp)
20002a02:	da3a                	sw	a4,52(sp)
20002a04:	dc7e                	sw	t6,56(sp)
20002a06:	de46                	sw	a7,60(sp)
20002a08:	bd1d                	j	2000283e <__subtf3+0x3a0>
20002a0a:	85be                	mv	a1,a5
20002a0c:	871a                	mv	a4,t1
20002a0e:	8ff2                	mv	t6,t3
20002a10:	88fa                	mv	a7,t5
20002a12:	b7fd                	j	20002a00 <__subtf3+0x562>
20002a14:	67a1                	lui	a5,0x8
20002a16:	de3e                	sw	a5,60(sp)
20002a18:	dc02                	sw	zero,56(sp)
20002a1a:	da02                	sw	zero,52(sp)
20002a1c:	d802                	sw	zero,48(sp)
20002a1e:	181c                	addi	a5,sp,48
20002a20:	1050                	addi	a2,sp,36
20002a22:	47d8                	lw	a4,12(a5)
20002a24:	4794                	lw	a3,8(a5)
20002a26:	17f1                	addi	a5,a5,-4 # 7ffc <HeapSize+0x77fc>
20002a28:	070e                	slli	a4,a4,0x3
20002a2a:	82f5                	srli	a3,a3,0x1d
20002a2c:	8f55                	or	a4,a4,a3
20002a2e:	cb98                	sw	a4,16(a5)
20002a30:	fef619e3          	bne	a2,a5,20002a22 <__subtf3+0x584>
20002a34:	67a1                	lui	a5,0x8
20002a36:	fff78813          	addi	a6,a5,-1 # 7fff <HeapSize+0x77ff>
20002a3a:	4601                	li	a2,0
20002a3c:	b6c9                	j	200025fe <__subtf3+0x160>
20002a3e:	00f586b3          	add	a3,a1,a5
20002a42:	933a                	add	t1,t1,a4
20002a44:	d836                	sw	a3,48(sp)
20002a46:	00b6b6b3          	sltu	a3,a3,a1
20002a4a:	969a                	add	a3,a3,t1
20002a4c:	da36                	sw	a3,52(sp)
20002a4e:	00e33733          	sltu	a4,t1,a4
20002a52:	0066b6b3          	sltu	a3,a3,t1
20002a56:	9e7e                	add	t3,t3,t6
20002a58:	8f55                	or	a4,a4,a3
20002a5a:	9772                	add	a4,a4,t3
20002a5c:	dc3a                	sw	a4,56(sp)
20002a5e:	01fe37b3          	sltu	a5,t3,t6
20002a62:	01c73733          	sltu	a4,a4,t3
20002a66:	8fd9                	or	a5,a5,a4
20002a68:	01e88733          	add	a4,a7,t5
20002a6c:	97ba                	add	a5,a5,a4
20002a6e:	de3e                	sw	a5,60(sp)
20002a70:	1818                	addi	a4,sp,48
20002a72:	03c10893          	addi	a7,sp,60
20002a76:	4314                	lw	a3,0(a4)
20002a78:	434c                	lw	a1,4(a4)
20002a7a:	8285                	srli	a3,a3,0x1
20002a7c:	05fe                	slli	a1,a1,0x1f
20002a7e:	8ecd                	or	a3,a3,a1
20002a80:	c314                	sw	a3,0(a4)
20002a82:	0711                	addi	a4,a4,4
20002a84:	fee899e3          	bne	a7,a4,20002a76 <__subtf3+0x5d8>
20002a88:	6721                	lui	a4,0x8
20002a8a:	177d                	addi	a4,a4,-1 # 7fff <HeapSize+0x77ff>
20002a8c:	8385                	srli	a5,a5,0x1
20002a8e:	74e81063          	bne	a6,a4,200031ce <__subtf3+0xd30>
20002a92:	de02                	sw	zero,60(sp)
20002a94:	dc02                	sw	zero,56(sp)
20002a96:	da02                	sw	zero,52(sp)
20002a98:	d802                	sw	zero,48(sp)
20002a9a:	b695                	j	200025fe <__subtf3+0x160>
20002a9c:	49369693          	bclri	a3,a3,0x13
20002aa0:	de36                	sw	a3,60(sp)
20002aa2:	0805                	addi	a6,a6,1
20002aa4:	08fe                	slli	a7,a7,0x1f
20002aa6:	181c                	addi	a5,sp,48
20002aa8:	03c10313          	addi	t1,sp,60
20002aac:	4398                	lw	a4,0(a5)
20002aae:	43cc                	lw	a1,4(a5)
20002ab0:	8305                	srli	a4,a4,0x1
20002ab2:	05fe                	slli	a1,a1,0x1f
20002ab4:	8f4d                	or	a4,a4,a1
20002ab6:	c398                	sw	a4,0(a5)
20002ab8:	0791                	addi	a5,a5,4
20002aba:	fef319e3          	bne	t1,a5,20002aac <__subtf3+0x60e>
20002abe:	57c2                	lw	a5,48(sp)
20002ac0:	01f8d893          	srli	a7,a7,0x1f
20002ac4:	8285                	srli	a3,a3,0x1
20002ac6:	0117e7b3          	or	a5,a5,a7
20002aca:	d83e                	sw	a5,48(sp)
20002acc:	67a1                	lui	a5,0x8
20002ace:	de36                	sw	a3,60(sp)
20002ad0:	17fd                	addi	a5,a5,-1 # 7fff <HeapSize+0x77ff>
20002ad2:	b2f816e3          	bne	a6,a5,200025fe <__subtf3+0x160>
20002ad6:	bf75                	j	20002a92 <__subtf3+0x5f4>
20002ad8:	1d005463          	blez	a6,20002ca0 <__subtf3+0x802>
20002adc:	4352                	lw	t1,20(sp)
20002ade:	4e62                	lw	t3,24(sp)
20002ae0:	4f72                	lw	t5,28(sp)
20002ae2:	08029163          	bnez	t0,20002b64 <__subtf3+0x6c6>
20002ae6:	5892                	lw	a7,36(sp)
20002ae8:	5fa2                	lw	t6,40(sp)
20002aea:	5732                	lw	a4,44(sp)
20002aec:	01f8e6b3          	or	a3,a7,t6
20002af0:	8ed9                	or	a3,a3,a4
20002af2:	8edd                	or	a3,a3,a5
20002af4:	aa0685e3          	beqz	a3,2000259e <__subtf3+0x100>
20002af8:	fff80693          	addi	a3,a6,-1
20002afc:	e6b9                	bnez	a3,20002b4a <__subtf3+0x6ac>
20002afe:	40f586b3          	sub	a3,a1,a5
20002b02:	411307b3          	sub	a5,t1,a7
20002b06:	406888b3          	sub	a7,a7,t1
20002b0a:	00d5b833          	sltu	a6,a1,a3
20002b0e:	0018b893          	seqz	a7,a7
20002b12:	410785b3          	sub	a1,a5,a6
20002b16:	01187833          	and	a6,a6,a7
20002b1a:	00f337b3          	sltu	a5,t1,a5
20002b1e:	0107e7b3          	or	a5,a5,a6
20002b22:	41cf8833          	sub	a6,t6,t3
20002b26:	41fe08b3          	sub	a7,t3,t6
20002b2a:	00183813          	seqz	a6,a6
20002b2e:	40f88333          	sub	t1,a7,a5
20002b32:	0107f7b3          	and	a5,a5,a6
20002b36:	011e38b3          	sltu	a7,t3,a7
20002b3a:	40ef0733          	sub	a4,t5,a4
20002b3e:	00f8e8b3          	or	a7,a7,a5
20002b42:	41170733          	sub	a4,a4,a7
20002b46:	4805                	li	a6,1
20002b48:	aa2d                	j	20002c82 <__subtf3+0x7e4>
20002b4a:	67a1                	lui	a5,0x8
20002b4c:	17fd                	addi	a5,a5,-1 # 7fff <HeapSize+0x77ff>
20002b4e:	a4f808e3          	beq	a6,a5,2000259e <__subtf3+0x100>
20002b52:	07400793          	li	a5,116
20002b56:	02d7d463          	bge	a5,a3,20002b7e <__subtf3+0x6e0>
20002b5a:	d602                	sw	zero,44(sp)
20002b5c:	d402                	sw	zero,40(sp)
20002b5e:	d202                	sw	zero,36(sp)
20002b60:	4685                	li	a3,1
20002b62:	a8c1                	j	20002c32 <__subtf3+0x794>
20002b64:	67a1                	lui	a5,0x8
20002b66:	17fd                	addi	a5,a5,-1 # 7fff <HeapSize+0x77ff>
20002b68:	ccfe8fe3          	beq	t4,a5,20002846 <__subtf3+0x3a8>
20002b6c:	57b2                	lw	a5,44(sp)
20002b6e:	29379793          	bseti	a5,a5,0x13
20002b72:	d63e                	sw	a5,44(sp)
20002b74:	07400793          	li	a5,116
20002b78:	ff07c1e3          	blt	a5,a6,20002b5a <__subtf3+0x6bc>
20002b7c:	86c2                	mv	a3,a6
20002b7e:	4056d793          	srai	a5,a3,0x5
20002b82:	01f6f493          	andi	s1,a3,31
20002b86:	00279993          	slli	s3,a5,0x2
20002b8a:	2077c733          	sh2add	a4,a5,t2
20002b8e:	891e                	mv	s2,t2
20002b90:	4681                	li	a3,0
20002b92:	03271363          	bne	a4,s2,20002bb8 <__subtf3+0x71a>
20002b96:	470d                	li	a4,3
20002b98:	8f1d                	sub	a4,a4,a5
20002b9a:	e48d                	bnez	s1,20002bc4 <__subtf3+0x726>
20002b9c:	01338833          	add	a6,t2,s3
20002ba0:	00082803          	lw	a6,0(a6)
20002ba4:	0485                	addi	s1,s1,1 # 10001 <HeapSize+0xf801>
20002ba6:	0391                	addi	t2,t2,4
20002ba8:	ff03ae23          	sw	a6,-4(t2)
20002bac:	fe9758e3          	bge	a4,s1,20002b9c <__subtf3+0x6fe>
20002bb0:	4711                	li	a4,4
20002bb2:	40f707b3          	sub	a5,a4,a5
20002bb6:	a081                	j	20002bf6 <__subtf3+0x758>
20002bb8:	00092803          	lw	a6,0(s2)
20002bbc:	0911                	addi	s2,s2,4
20002bbe:	0106e6b3          	or	a3,a3,a6
20002bc2:	bfc1                	j	20002b92 <__subtf3+0x6f4>
20002bc4:	01338833          	add	a6,t2,s3
20002bc8:	00082803          	lw	a6,0(a6)
20002bcc:	02000893          	li	a7,32
20002bd0:	409888b3          	sub	a7,a7,s1
20002bd4:	01181833          	sll	a6,a6,a7
20002bd8:	0106e6b3          	or	a3,a3,a6
20002bdc:	4f81                	li	t6,0
20002bde:	00efce63          	blt	t6,a4,20002bfa <__subtf3+0x75c>
20002be2:	4811                	li	a6,4
20002be4:	40f807b3          	sub	a5,a6,a5
20002be8:	5832                	lw	a6,44(sp)
20002bea:	20774733          	sh2add	a4,a4,t2
20002bee:	00985833          	srl	a6,a6,s1
20002bf2:	01072023          	sw	a6,0(a4)
20002bf6:	4711                	li	a4,4
20002bf8:	a03d                	j	20002c26 <__subtf3+0x788>
20002bfa:	00092803          	lw	a6,0(s2)
20002bfe:	00492283          	lw	t0,4(s2)
20002c02:	41390a33          	sub	s4,s2,s3
20002c06:	00985833          	srl	a6,a6,s1
20002c0a:	011292b3          	sll	t0,t0,a7
20002c0e:	00586833          	or	a6,a6,t0
20002c12:	010a2023          	sw	a6,0(s4)
20002c16:	0f85                	addi	t6,t6,1
20002c18:	0911                	addi	s2,s2,4
20002c1a:	b7d1                	j	20002bde <__subtf3+0x740>
20002c1c:	2087c833          	sh2add	a6,a5,s0
20002c20:	00082023          	sw	zero,0(a6)
20002c24:	0785                	addi	a5,a5,1
20002c26:	fee79be3          	bne	a5,a4,20002c1c <__subtf3+0x77e>
20002c2a:	5782                	lw	a5,32(sp)
20002c2c:	00d036b3          	snez	a3,a3
20002c30:	8edd                	or	a3,a3,a5
20002c32:	5712                	lw	a4,36(sp)
20002c34:	58a2                	lw	a7,40(sp)
20002c36:	40d586b3          	sub	a3,a1,a3
20002c3a:	40e307b3          	sub	a5,t1,a4
20002c3e:	40670733          	sub	a4,a4,t1
20002c42:	00d5b833          	sltu	a6,a1,a3
20002c46:	00173713          	seqz	a4,a4
20002c4a:	410785b3          	sub	a1,a5,a6
20002c4e:	00e87833          	and	a6,a6,a4
20002c52:	00f337b3          	sltu	a5,t1,a5
20002c56:	0107e7b3          	or	a5,a5,a6
20002c5a:	5732                	lw	a4,44(sp)
20002c5c:	411e0833          	sub	a6,t3,a7
20002c60:	41c888b3          	sub	a7,a7,t3
20002c64:	0018b893          	seqz	a7,a7
20002c68:	40f80333          	sub	t1,a6,a5
20002c6c:	0117f7b3          	and	a5,a5,a7
20002c70:	010e3833          	sltu	a6,t3,a6
20002c74:	00f86833          	or	a6,a6,a5
20002c78:	40ef0733          	sub	a4,t5,a4
20002c7c:	41070733          	sub	a4,a4,a6
20002c80:	8876                	mv	a6,t4
20002c82:	de3a                	sw	a4,60(sp)
20002c84:	dc1a                	sw	t1,56(sp)
20002c86:	da2e                	sw	a1,52(sp)
20002c88:	d836                	sw	a3,48(sp)
20002c8a:	00c71793          	slli	a5,a4,0xc
20002c8e:	9607d8e3          	bgez	a5,200025fe <__subtf3+0x160>
20002c92:	000807b7          	lui	a5,0x80
20002c96:	17fd                	addi	a5,a5,-1 # 7ffff <HeapSize+0x7f7ff>
20002c98:	8f7d                	and	a4,a4,a5
20002c9a:	de3a                	sw	a4,60(sp)
20002c9c:	8ec2                	mv	t4,a6
20002c9e:	ae51                	j	20003032 <__subtf3+0xb94>
20002ca0:	5392                	lw	t2,36(sp)
20002ca2:	58a2                	lw	a7,40(sp)
20002ca4:	5432                	lw	s0,44(sp)
20002ca6:	1a080b63          	beqz	a6,20002e5c <__subtf3+0x9be>
20002caa:	41d28833          	sub	a6,t0,t4
20002cae:	080e9563          	bnez	t4,20002d38 <__subtf3+0x89a>
20002cb2:	4352                	lw	t1,20(sp)
20002cb4:	4ee2                	lw	t4,24(sp)
20002cb6:	4772                	lw	a4,28(sp)
20002cb8:	01d36e33          	or	t3,t1,t4
20002cbc:	00ee6e33          	or	t3,t3,a4
20002cc0:	00be6e33          	or	t3,t3,a1
20002cc4:	000e1863          	bnez	t3,20002cd4 <__subtf3+0x836>
20002cc8:	d83e                	sw	a5,48(sp)
20002cca:	da1e                	sw	t2,52(sp)
20002ccc:	dc46                	sw	a7,56(sp)
20002cce:	de22                	sw	s0,60(sp)
20002cd0:	867e                	mv	a2,t6
20002cd2:	b235                	j	200025fe <__subtf3+0x160>
20002cd4:	fff80f13          	addi	t5,a6,-1
20002cd8:	040f1663          	bnez	t5,20002d24 <__subtf3+0x886>
20002cdc:	40638633          	sub	a2,t2,t1
20002ce0:	40b786b3          	sub	a3,a5,a1
20002ce4:	40730333          	sub	t1,t1,t2
20002ce8:	00d7b7b3          	sltu	a5,a5,a3
20002cec:	00133313          	seqz	t1,t1
20002cf0:	40f605b3          	sub	a1,a2,a5
20002cf4:	0067f7b3          	and	a5,a5,t1
20002cf8:	00c3b633          	sltu	a2,t2,a2
20002cfc:	8fd1                	or	a5,a5,a2
20002cfe:	411e8633          	sub	a2,t4,a7
20002d02:	41d88833          	sub	a6,a7,t4
20002d06:	00163613          	seqz	a2,a2
20002d0a:	40f80333          	sub	t1,a6,a5
20002d0e:	8ff1                	and	a5,a5,a2
20002d10:	0108b833          	sltu	a6,a7,a6
20002d14:	40e40733          	sub	a4,s0,a4
20002d18:	00f86833          	or	a6,a6,a5
20002d1c:	41070733          	sub	a4,a4,a6
20002d20:	867e                	mv	a2,t6
20002d22:	b515                	j	20002b46 <__subtf3+0x6a8>
20002d24:	6721                	lui	a4,0x8
20002d26:	177d                	addi	a4,a4,-1 # 7fff <HeapSize+0x77ff>
20002d28:	4ee81163          	bne	a6,a4,2000320a <__subtf3+0xd6c>
20002d2c:	d83e                	sw	a5,48(sp)
20002d2e:	da1e                	sw	t2,52(sp)
20002d30:	dc46                	sw	a7,56(sp)
20002d32:	de22                	sw	s0,60(sp)
20002d34:	867e                	mv	a2,t6
20002d36:	b621                	j	2000283e <__subtf3+0x3a0>
20002d38:	6721                	lui	a4,0x8
20002d3a:	177d                	addi	a4,a4,-1 # 7fff <HeapSize+0x77ff>
20002d3c:	fee288e3          	beq	t0,a4,20002d2c <__subtf3+0x88e>
20002d40:	4772                	lw	a4,28(sp)
20002d42:	29371713          	bseti	a4,a4,0x13
20002d46:	ce3a                	sw	a4,28(sp)
20002d48:	07400713          	li	a4,116
20002d4c:	4d074363          	blt	a4,a6,20003212 <__subtf3+0xd74>
20002d50:	8f42                	mv	t5,a6
20002d52:	02000613          	li	a2,32
20002d56:	02cf4633          	div	a2,t5,a2
20002d5a:	85b6                	mv	a1,a3
20002d5c:	4e01                	li	t3,0
20002d5e:	4701                	li	a4,0
20002d60:	02c74563          	blt	a4,a2,20002d8a <__subtf3+0x8ec>
20002d64:	470d                	li	a4,3
20002d66:	01ff7493          	andi	s1,t5,31
20002d6a:	8f11                	sub	a4,a4,a2
20002d6c:	00261993          	slli	s3,a2,0x2
20002d70:	e485                	bnez	s1,20002d98 <__subtf3+0x8fa>
20002d72:	013685b3          	add	a1,a3,s3
20002d76:	418c                	lw	a1,0(a1)
20002d78:	0485                	addi	s1,s1,1
20002d7a:	c28c                	sw	a1,0(a3)
20002d7c:	0691                	addi	a3,a3,4
20002d7e:	fe975ae3          	bge	a4,s1,20002d72 <__subtf3+0x8d4>
20002d82:	4711                	li	a4,4
20002d84:	40c70633          	sub	a2,a4,a2
20002d88:	a0b1                	j	20002dd4 <__subtf3+0x936>
20002d8a:	0005a803          	lw	a6,0(a1)
20002d8e:	0705                	addi	a4,a4,1
20002d90:	0591                	addi	a1,a1,4
20002d92:	010e6e33          	or	t3,t3,a6
20002d96:	b7e9                	j	20002d60 <__subtf3+0x8c2>
20002d98:	02000593          	li	a1,32
20002d9c:	02bf6f33          	rem	t5,t5,a1
20002da0:	0a066833          	max	a6,a2,zero
20002da4:	20d84833          	sh2add	a6,a6,a3
20002da8:	00082803          	lw	a6,0(a6)
20002dac:	4e81                	li	t4,0
20002dae:	41e585b3          	sub	a1,a1,t5
20002db2:	00b81833          	sll	a6,a6,a1
20002db6:	010e6e33          	or	t3,t3,a6
20002dba:	01368833          	add	a6,a3,s3
20002dbe:	00eecd63          	blt	t4,a4,20002dd8 <__subtf3+0x93a>
20002dc2:	20d74733          	sh2add	a4,a4,a3
20002dc6:	46f2                	lw	a3,28(sp)
20002dc8:	4591                	li	a1,4
20002dca:	40c58633          	sub	a2,a1,a2
20002dce:	0096d6b3          	srl	a3,a3,s1
20002dd2:	c314                	sw	a3,0(a4)
20002dd4:	470d                	li	a4,3
20002dd6:	a03d                	j	20002e04 <__subtf3+0x966>
20002dd8:	00082303          	lw	t1,0(a6)
20002ddc:	00482f03          	lw	t5,4(a6)
20002de0:	41380a33          	sub	s4,a6,s3
20002de4:	00935333          	srl	t1,t1,s1
20002de8:	00bf1f33          	sll	t5,t5,a1
20002dec:	01e36333          	or	t1,t1,t5
20002df0:	006a2023          	sw	t1,0(s4)
20002df4:	0e85                	addi	t4,t4,1
20002df6:	0811                	addi	a6,a6,4
20002df8:	b7d9                	j	20002dbe <__subtf3+0x920>
20002dfa:	212646b3          	sh2add	a3,a2,s2
20002dfe:	0006a023          	sw	zero,0(a3)
20002e02:	0605                	addi	a2,a2,1
20002e04:	fec75be3          	bge	a4,a2,20002dfa <__subtf3+0x95c>
20002e08:	4742                	lw	a4,16(sp)
20002e0a:	01c036b3          	snez	a3,t3
20002e0e:	8ed9                	or	a3,a3,a4
20002e10:	4652                	lw	a2,20(sp)
20002e12:	4862                	lw	a6,24(sp)
20002e14:	40d786b3          	sub	a3,a5,a3
20002e18:	40c38733          	sub	a4,t2,a2
20002e1c:	40760633          	sub	a2,a2,t2
20002e20:	00d7b7b3          	sltu	a5,a5,a3
20002e24:	00163613          	seqz	a2,a2
20002e28:	40f705b3          	sub	a1,a4,a5
20002e2c:	8ff1                	and	a5,a5,a2
20002e2e:	00e3b733          	sltu	a4,t2,a4
20002e32:	8fd9                	or	a5,a5,a4
20002e34:	41088633          	sub	a2,a7,a6
20002e38:	4772                	lw	a4,28(sp)
20002e3a:	41180833          	sub	a6,a6,a7
20002e3e:	00183813          	seqz	a6,a6
20002e42:	40f60333          	sub	t1,a2,a5
20002e46:	0107f7b3          	and	a5,a5,a6
20002e4a:	00c8b633          	sltu	a2,a7,a2
20002e4e:	8e5d                	or	a2,a2,a5
20002e50:	40e40733          	sub	a4,s0,a4
20002e54:	8f11                	sub	a4,a4,a2
20002e56:	8816                	mv	a6,t0
20002e58:	867e                	mv	a2,t6
20002e5a:	b525                	j	20002c82 <__subtf3+0x7e4>
20002e5c:	001e8713          	addi	a4,t4,1
20002e60:	01171693          	slli	a3,a4,0x11
20002e64:	82c9                	srli	a3,a3,0x12
20002e66:	4352                	lw	t1,20(sp)
20002e68:	4e62                	lw	t3,24(sp)
20002e6a:	4f72                	lw	t5,28(sp)
20002e6c:	62a1                	lui	t0,0x8
20002e6e:	12069a63          	bnez	a3,20002fa2 <__subtf3+0xb04>
20002e72:	0113e733          	or	a4,t2,a7
20002e76:	01c366b3          	or	a3,t1,t3
20002e7a:	8f41                	or	a4,a4,s0
20002e7c:	01e6e6b3          	or	a3,a3,t5
20002e80:	8f5d                	or	a4,a4,a5
20002e82:	8ecd                	or	a3,a3,a1
20002e84:	0c0e9263          	bnez	t4,20002f48 <__subtf3+0xaaa>
20002e88:	ea99                	bnez	a3,20002e9e <__subtf3+0xa00>
20002e8a:	00e03733          	snez	a4,a4
20002e8e:	d83e                	sw	a5,48(sp)
20002e90:	da1e                	sw	t2,52(sp)
20002e92:	dc46                	sw	a7,56(sp)
20002e94:	de22                	sw	s0,60(sp)
20002e96:	01f77633          	and	a2,a4,t6
20002e9a:	f64ff06f          	j	200025fe <__subtf3+0x160>
20002e9e:	e319                	bnez	a4,20002ea4 <__subtf3+0xa06>
20002ea0:	d82e                	sw	a1,48(sp)
20002ea2:	b4cd                	j	20002984 <__subtf3+0x4e6>
20002ea4:	40730733          	sub	a4,t1,t2
20002ea8:	40f58633          	sub	a2,a1,a5
20002eac:	00c5b6b3          	sltu	a3,a1,a2
20002eb0:	00173913          	seqz	s2,a4
20002eb4:	40d709b3          	sub	s3,a4,a3
20002eb8:	411e0eb3          	sub	t4,t3,a7
20002ebc:	0126f6b3          	and	a3,a3,s2
20002ec0:	00e33733          	sltu	a4,t1,a4
20002ec4:	8f55                	or	a4,a4,a3
20002ec6:	001eb293          	seqz	t0,t4
20002eca:	40ee8a33          	sub	s4,t4,a4
20002ece:	00e2f733          	and	a4,t0,a4
20002ed2:	01de3eb3          	sltu	t4,t3,t4
20002ed6:	00eeeeb3          	or	t4,t4,a4
20002eda:	408f0733          	sub	a4,t5,s0
20002ede:	41d70733          	sub	a4,a4,t4
20002ee2:	de3a                	sw	a4,60(sp)
20002ee4:	dc52                	sw	s4,56(sp)
20002ee6:	da4e                	sw	s3,52(sp)
20002ee8:	d832                	sw	a2,48(sp)
20002eea:	00c71693          	slli	a3,a4,0xc
20002eee:	0406d363          	bgez	a3,20002f34 <__subtf3+0xa96>
20002ef2:	40b785b3          	sub	a1,a5,a1
20002ef6:	00b7b7b3          	sltu	a5,a5,a1
20002efa:	40638333          	sub	t1,t2,t1
20002efe:	40f30733          	sub	a4,t1,a5
20002f02:	0063b333          	sltu	t1,t2,t1
20002f06:	0127f7b3          	and	a5,a5,s2
20002f0a:	00f36333          	or	t1,t1,a5
20002f0e:	41c88e33          	sub	t3,a7,t3
20002f12:	01c8b8b3          	sltu	a7,a7,t3
20002f16:	0062f2b3          	and	t0,t0,t1
20002f1a:	41e40433          	sub	s0,s0,t5
20002f1e:	0058e8b3          	or	a7,a7,t0
20002f22:	41140433          	sub	s0,s0,a7
20002f26:	406e0e33          	sub	t3,t3,t1
20002f2a:	de22                	sw	s0,60(sp)
20002f2c:	dc72                	sw	t3,56(sp)
20002f2e:	da3a                	sw	a4,52(sp)
20002f30:	d82e                	sw	a1,48(sp)
20002f32:	bb79                	j	20002cd0 <__subtf3+0x832>
20002f34:	01366633          	or	a2,a2,s3
20002f38:	01466633          	or	a2,a2,s4
20002f3c:	8e59                	or	a2,a2,a4
20002f3e:	00c03633          	snez	a2,a2
20002f42:	8e65                	and	a2,a2,s1
20002f44:	ebaff06f          	j	200025fe <__subtf3+0x160>
20002f48:	ea9d                	bnez	a3,20002f7e <__subtf3+0xae0>
20002f4a:	e30d                	bnez	a4,20002f6c <__subtf3+0xace>
20002f4c:	de16                	sw	t0,60(sp)
20002f4e:	dc02                	sw	zero,56(sp)
20002f50:	da02                	sw	zero,52(sp)
20002f52:	d802                	sw	zero,48(sp)
20002f54:	181c                	addi	a5,sp,48
20002f56:	1050                	addi	a2,sp,36
20002f58:	47d8                	lw	a4,12(a5)
20002f5a:	4794                	lw	a3,8(a5)
20002f5c:	17f1                	addi	a5,a5,-4
20002f5e:	070e                	slli	a4,a4,0x3
20002f60:	82f5                	srli	a3,a3,0x1d
20002f62:	8f55                	or	a4,a4,a3
20002f64:	cb98                	sw	a4,16(a5)
20002f66:	fef619e3          	bne	a2,a5,20002f58 <__subtf3+0xaba>
20002f6a:	b4e9                	j	20002a34 <__subtf3+0x596>
20002f6c:	d83e                	sw	a5,48(sp)
20002f6e:	da1e                	sw	t2,52(sp)
20002f70:	dc46                	sw	a7,56(sp)
20002f72:	de22                	sw	s0,60(sp)
20002f74:	867e                	mv	a2,t6
20002f76:	fff28813          	addi	a6,t0,-1 # 7fff <HeapSize+0x77ff>
20002f7a:	e84ff06f          	j	200025fe <__subtf3+0x160>
20002f7e:	e6070563          	beqz	a4,200025e8 <__subtf3+0x14a>
20002f82:	de16                	sw	t0,60(sp)
20002f84:	dc02                	sw	zero,56(sp)
20002f86:	da02                	sw	zero,52(sp)
20002f88:	d802                	sw	zero,48(sp)
20002f8a:	181c                	addi	a5,sp,48
20002f8c:	1050                	addi	a2,sp,36
20002f8e:	47d8                	lw	a4,12(a5)
20002f90:	4794                	lw	a3,8(a5)
20002f92:	17f1                	addi	a5,a5,-4
20002f94:	070e                	slli	a4,a4,0x3
20002f96:	82f5                	srli	a3,a3,0x1d
20002f98:	8f55                	or	a4,a4,a3
20002f9a:	cb98                	sw	a4,16(a5)
20002f9c:	fef619e3          	bne	a2,a5,20002f8e <__subtf3+0xaf0>
20002fa0:	bc51                	j	20002a34 <__subtf3+0x596>
20002fa2:	40730733          	sub	a4,t1,t2
20002fa6:	40f584b3          	sub	s1,a1,a5
20002faa:	0095b6b3          	sltu	a3,a1,s1
20002fae:	00173993          	seqz	s3,a4
20002fb2:	40d70a33          	sub	s4,a4,a3
20002fb6:	411e02b3          	sub	t0,t3,a7
20002fba:	00e33733          	sltu	a4,t1,a4
20002fbe:	0136f6b3          	and	a3,a3,s3
20002fc2:	8ed9                	or	a3,a3,a4
20002fc4:	0012b913          	seqz	s2,t0
20002fc8:	40d28ab3          	sub	s5,t0,a3
20002fcc:	00d976b3          	and	a3,s2,a3
20002fd0:	005e32b3          	sltu	t0,t3,t0
20002fd4:	00d2e2b3          	or	t0,t0,a3
20002fd8:	408f0733          	sub	a4,t5,s0
20002fdc:	40570733          	sub	a4,a4,t0
20002fe0:	de3a                	sw	a4,60(sp)
20002fe2:	dc56                	sw	s5,56(sp)
20002fe4:	da52                	sw	s4,52(sp)
20002fe6:	d826                	sw	s1,48(sp)
20002fe8:	00c71693          	slli	a3,a4,0xc
20002fec:	0806d863          	bgez	a3,2000307c <__subtf3+0xbde>
20002ff0:	40b785b3          	sub	a1,a5,a1
20002ff4:	00b7b7b3          	sltu	a5,a5,a1
20002ff8:	40638333          	sub	t1,t2,t1
20002ffc:	40f306b3          	sub	a3,t1,a5
20003000:	0137f7b3          	and	a5,a5,s3
20003004:	0063b333          	sltu	t1,t2,t1
20003008:	00f36333          	or	t1,t1,a5
2000300c:	41c88e33          	sub	t3,a7,t3
20003010:	01c8b8b3          	sltu	a7,a7,t3
20003014:	01237933          	and	s2,t1,s2
20003018:	41e40733          	sub	a4,s0,t5
2000301c:	0128e8b3          	or	a7,a7,s2
20003020:	41170733          	sub	a4,a4,a7
20003024:	406e0e33          	sub	t3,t3,t1
20003028:	de3a                	sw	a4,60(sp)
2000302a:	dc72                	sw	t3,56(sp)
2000302c:	da36                	sw	a3,52(sp)
2000302e:	d82e                	sw	a1,48(sp)
20003030:	867e                	mv	a2,t6
20003032:	cf29                	beqz	a4,2000308c <__subtf3+0xbee>
20003034:	60071713          	clz	a4,a4
20003038:	1751                	addi	a4,a4,-12
2000303a:	02000593          	li	a1,32
2000303e:	01f77313          	andi	t1,a4,31
20003042:	02b746b3          	div	a3,a4,a1
20003046:	187c                	addi	a5,sp,60
20003048:	06030663          	beqz	t1,200030b4 <__subtf3+0xc16>
2000304c:	00269e13          	slli	t3,a3,0x2
20003050:	03010893          	addi	a7,sp,48
20003054:	41c787b3          	sub	a5,a5,t3
20003058:	02b76833          	rem	a6,a4,a1
2000305c:	410585b3          	sub	a1,a1,a6
20003060:	06f89b63          	bne	a7,a5,200030d6 <__subtf3+0xc38>
20003064:	fff68793          	addi	a5,a3,-1
20003068:	56c2                	lw	a3,48(sp)
2000306a:	98f2                	add	a7,a7,t3
2000306c:	006696b3          	sll	a3,a3,t1
20003070:	00d8a023          	sw	a3,0(a7)
20003074:	56fd                	li	a3,-1
20003076:	03010313          	addi	t1,sp,48
2000307a:	a059                	j	20003100 <__subtf3+0xc62>
2000307c:	0144e7b3          	or	a5,s1,s4
20003080:	0157e7b3          	or	a5,a5,s5
20003084:	8fd9                	or	a5,a5,a4
20003086:	9a078ae3          	beqz	a5,20002a3a <__subtf3+0x59c>
2000308a:	b765                	j	20003032 <__subtf3+0xb94>
2000308c:	5762                	lw	a4,56(sp)
2000308e:	c711                	beqz	a4,2000309a <__subtf3+0xbfc>
20003090:	60071713          	clz	a4,a4
20003094:	02070713          	addi	a4,a4,32
20003098:	b745                	j	20003038 <__subtf3+0xb9a>
2000309a:	5752                	lw	a4,52(sp)
2000309c:	c711                	beqz	a4,200030a8 <__subtf3+0xc0a>
2000309e:	60071713          	clz	a4,a4
200030a2:	04070713          	addi	a4,a4,64
200030a6:	bf49                	j	20003038 <__subtf3+0xb9a>
200030a8:	5742                	lw	a4,48(sp)
200030aa:	60071713          	clz	a4,a4
200030ae:	06070713          	addi	a4,a4,96
200030b2:	b759                	j	20003038 <__subtf3+0xb9a>
200030b4:	5871                	li	a6,-4
200030b6:	03068833          	mul	a6,a3,a6
200030ba:	458d                	li	a1,3
200030bc:	010788b3          	add	a7,a5,a6
200030c0:	0008a883          	lw	a7,0(a7)
200030c4:	15fd                	addi	a1,a1,-1
200030c6:	17f1                	addi	a5,a5,-4
200030c8:	0117a223          	sw	a7,4(a5)
200030cc:	fed5d8e3          	bge	a1,a3,200030bc <__subtf3+0xc1e>
200030d0:	fff68793          	addi	a5,a3,-1
200030d4:	b745                	j	20003074 <__subtf3+0xbd6>
200030d6:	0007a803          	lw	a6,0(a5)
200030da:	ffc7af03          	lw	t5,-4(a5)
200030de:	01c78fb3          	add	t6,a5,t3
200030e2:	00681833          	sll	a6,a6,t1
200030e6:	00bf5f33          	srl	t5,t5,a1
200030ea:	01e86833          	or	a6,a6,t5
200030ee:	010fa023          	sw	a6,0(t6)
200030f2:	17f1                	addi	a5,a5,-4
200030f4:	b7b5                	j	20003060 <__subtf3+0xbc2>
200030f6:	2067c5b3          	sh2add	a1,a5,t1
200030fa:	0005a023          	sw	zero,0(a1)
200030fe:	17fd                	addi	a5,a5,-1
20003100:	fed79be3          	bne	a5,a3,200030f6 <__subtf3+0xc58>
20003104:	0dd74063          	blt	a4,t4,200031c4 <__subtf3+0xd26>
20003108:	41d707b3          	sub	a5,a4,t4
2000310c:	0785                	addi	a5,a5,1
2000310e:	4057d713          	srai	a4,a5,0x5
20003112:	881a                	mv	a6,t1
20003114:	8bfd                	andi	a5,a5,31
20003116:	00271e93          	slli	t4,a4,0x2
2000311a:	206745b3          	sh2add	a1,a4,t1
2000311e:	869a                	mv	a3,t1
20003120:	4f81                	li	t6,0
20003122:	02d59263          	bne	a1,a3,20003146 <__subtf3+0xca8>
20003126:	458d                	li	a1,3
20003128:	8d99                	sub	a1,a1,a4
2000312a:	e785                	bnez	a5,20003152 <__subtf3+0xcb4>
2000312c:	01d806b3          	add	a3,a6,t4
20003130:	4294                	lw	a3,0(a3)
20003132:	0785                	addi	a5,a5,1
20003134:	0811                	addi	a6,a6,4
20003136:	fed82e23          	sw	a3,-4(a6)
2000313a:	fef5d9e3          	bge	a1,a5,2000312c <__subtf3+0xc8e>
2000313e:	4791                	li	a5,4
20003140:	40e78733          	sub	a4,a5,a4
20003144:	a83d                	j	20003182 <__subtf3+0xce4>
20003146:	0006a883          	lw	a7,0(a3)
2000314a:	0691                	addi	a3,a3,4
2000314c:	011fefb3          	or	t6,t6,a7
20003150:	bfc9                	j	20003122 <__subtf3+0xc84>
20003152:	01d30833          	add	a6,t1,t4
20003156:	00082803          	lw	a6,0(a6)
2000315a:	02000893          	li	a7,32
2000315e:	40f888b3          	sub	a7,a7,a5
20003162:	01181833          	sll	a6,a6,a7
20003166:	010fefb3          	or	t6,t6,a6
2000316a:	4e01                	li	t3,0
2000316c:	00be4d63          	blt	t3,a1,20003186 <__subtf3+0xce8>
20003170:	4691                	li	a3,4
20003172:	40e68733          	sub	a4,a3,a4
20003176:	56f2                	lw	a3,60(sp)
20003178:	2065c5b3          	sh2add	a1,a1,t1
2000317c:	00f6d6b3          	srl	a3,a3,a5
20003180:	c194                	sw	a3,0(a1)
20003182:	4791                	li	a5,4
20003184:	a03d                	j	200031b2 <__subtf3+0xd14>
20003186:	0006a803          	lw	a6,0(a3)
2000318a:	0046af03          	lw	t5,4(a3)
2000318e:	41d682b3          	sub	t0,a3,t4
20003192:	00f85833          	srl	a6,a6,a5
20003196:	011f1f33          	sll	t5,t5,a7
2000319a:	01e86833          	or	a6,a6,t5
2000319e:	0102a023          	sw	a6,0(t0)
200031a2:	0e05                	addi	t3,t3,1
200031a4:	0691                	addi	a3,a3,4
200031a6:	b7d9                	j	2000316c <__subtf3+0xcce>
200031a8:	206746b3          	sh2add	a3,a4,t1
200031ac:	0006a023          	sw	zero,0(a3)
200031b0:	0705                	addi	a4,a4,1
200031b2:	fef71be3          	bne	a4,a5,200031a8 <__subtf3+0xd0a>
200031b6:	5742                	lw	a4,48(sp)
200031b8:	01f037b3          	snez	a5,t6
200031bc:	8fd9                	or	a5,a5,a4
200031be:	d83e                	sw	a5,48(sp)
200031c0:	fe4ff06f          	j	200029a4 <__subtf3+0x506>
200031c4:	57f2                	lw	a5,60(sp)
200031c6:	40ee8833          	sub	a6,t4,a4
200031ca:	49379793          	bclri	a5,a5,0x13
200031ce:	de3e                	sw	a5,60(sp)
200031d0:	c2eff06f          	j	200025fe <__subtf3+0x160>
200031d4:	de02                	sw	zero,60(sp)
200031d6:	dc02                	sw	zero,56(sp)
200031d8:	da02                	sw	zero,52(sp)
200031da:	d802                	sw	zero,48(sp)
200031dc:	4781                	li	a5,0
200031de:	c74ff06f          	j	20002652 <__subtf3+0x1b4>
200031e2:	07400793          	li	a5,116
200031e6:	cee7d663          	bge	a5,a4,200026d2 <__subtf3+0x234>
200031ea:	d602                	sw	zero,44(sp)
200031ec:	d402                	sw	zero,40(sp)
200031ee:	d202                	sw	zero,36(sp)
200031f0:	4885                	li	a7,1
200031f2:	d92ff06f          	j	20002784 <__subtf3+0x2e6>
200031f6:	07400713          	li	a4,116
200031fa:	e6775563          	bge	a4,t2,20002864 <__subtf3+0x3c6>
200031fe:	ce02                	sw	zero,28(sp)
20003200:	cc02                	sw	zero,24(sp)
20003202:	ca02                	sw	zero,20(sp)
20003204:	4885                	li	a7,1
20003206:	f1eff06f          	j	20002924 <__subtf3+0x486>
2000320a:	07400713          	li	a4,116
2000320e:	b5e752e3          	bge	a4,t5,20002d52 <__subtf3+0x8b4>
20003212:	ce02                	sw	zero,28(sp)
20003214:	cc02                	sw	zero,24(sp)
20003216:	ca02                	sw	zero,20(sp)
20003218:	4685                	li	a3,1
2000321a:	bedd                	j	20002e10 <__subtf3+0x972>

2000321c <__unordtf2>:
2000321c:	4118                	lw	a4,0(a0)
2000321e:	00452e83          	lw	t4,4(a0)
20003222:	00852e03          	lw	t3,8(a0)
20003226:	4548                	lw	a0,12(a0)
20003228:	45d0                	lw	a2,12(a1)
2000322a:	66a1                	lui	a3,0x8
2000322c:	16fd                	addi	a3,a3,-1 # 7fff <HeapSize+0x77ff>
2000322e:	01055813          	srli	a6,a0,0x10
20003232:	419c                	lw	a5,0(a1)
20003234:	0045a303          	lw	t1,4(a1)
20003238:	0085a883          	lw	a7,8(a1)
2000323c:	00d87833          	and	a6,a6,a3
20003240:	01065593          	srli	a1,a2,0x10
20003244:	1141                	addi	sp,sp,-16
20003246:	8df5                	and	a1,a1,a3
20003248:	00d81b63          	bne	a6,a3,2000325e <__unordtf2+0x42>
2000324c:	01d76733          	or	a4,a4,t4
20003250:	08054533          	zext.h	a0,a0
20003254:	01c76733          	or	a4,a4,t3
20003258:	8f49                	or	a4,a4,a0
2000325a:	4505                	li	a0,1
2000325c:	ef19                	bnez	a4,2000327a <__unordtf2+0x5e>
2000325e:	6721                	lui	a4,0x8
20003260:	177d                	addi	a4,a4,-1 # 7fff <HeapSize+0x77ff>
20003262:	4501                	li	a0,0
20003264:	00e59b63          	bne	a1,a4,2000327a <__unordtf2+0x5e>
20003268:	0067e533          	or	a0,a5,t1
2000326c:	01156533          	or	a0,a0,a7
20003270:	08064633          	zext.h	a2,a2
20003274:	8d51                	or	a0,a0,a2
20003276:	00a03533          	snez	a0,a0
2000327a:	0141                	addi	sp,sp,16
2000327c:	8082                	ret

2000327e <__fixtfsi>:
2000327e:	4118                	lw	a4,0(a0)
20003280:	455c                	lw	a5,12(a0)
20003282:	4154                	lw	a3,4(a0)
20003284:	1101                	addi	sp,sp,-32
20003286:	4510                	lw	a2,8(a0)
20003288:	c03a                	sw	a4,0(sp)
2000328a:	c83a                	sw	a4,16(sp)
2000328c:	00179713          	slli	a4,a5,0x1
20003290:	c236                	sw	a3,4(sp)
20003292:	01175693          	srli	a3,a4,0x11
20003296:	6711                	lui	a4,0x4
20003298:	c432                	sw	a2,8(sp)
2000329a:	c63e                	sw	a5,12(sp)
2000329c:	cc32                	sw	a2,24(sp)
2000329e:	1779                	addi	a4,a4,-2 # 3ffe <HeapSize+0x37fe>
200032a0:	4501                	li	a0,0
200032a2:	00d75c63          	bge	a4,a3,200032ba <__fixtfsi+0x3c>
200032a6:	6711                	lui	a4,0x4
200032a8:	0775                	addi	a4,a4,29 # 401d <HeapSize+0x381d>
200032aa:	01f7d813          	srli	a6,a5,0x1f
200032ae:	00d75863          	bge	a4,a3,200032be <__fixtfsi+0x40>
200032b2:	80000537          	lui	a0,0x80000
200032b6:	157d                	addi	a0,a0,-1 # 7fffffff <__StackTop+0x5ff7dfff>
200032b8:	9542                	add	a0,a0,a6
200032ba:	6105                	addi	sp,sp,32
200032bc:	8082                	ret
200032be:	6711                	lui	a4,0x4
200032c0:	0807c7b3          	zext.h	a5,a5
200032c4:	06f70713          	addi	a4,a4,111 # 406f <HeapSize+0x386f>
200032c8:	8f15                	sub	a4,a4,a3
200032ca:	29079793          	bseti	a5,a5,0x10
200032ce:	40575593          	srai	a1,a4,0x5
200032d2:	ce3e                	sw	a5,28(sp)
200032d4:	8b7d                	andi	a4,a4,31
200032d6:	0808                	addi	a0,sp,16
200032d8:	eb19                	bnez	a4,200032ee <__fixtfsi+0x70>
200032da:	20a5c5b3          	sh2add	a1,a1,a0
200032de:	419c                	lw	a5,0(a1)
200032e0:	c83e                	sw	a5,16(sp)
200032e2:	4542                	lw	a0,16(sp)
200032e4:	fc080be3          	beqz	a6,200032ba <__fixtfsi+0x3c>
200032e8:	40a00533          	neg	a0,a0
200032ec:	b7f9                	j	200032ba <__fixtfsi+0x3c>
200032ee:	4889                	li	a7,2
200032f0:	4681                	li	a3,0
200032f2:	01159c63          	bne	a1,a7,2000330a <__fixtfsi+0x8c>
200032f6:	02000693          	li	a3,32
200032fa:	8e99                	sub	a3,a3,a4
200032fc:	00d796b3          	sll	a3,a5,a3
20003300:	00e65633          	srl	a2,a2,a4
20003304:	8ed1                	or	a3,a3,a2
20003306:	c836                	sw	a3,16(sp)
20003308:	4685                	li	a3,1
2000330a:	20a6c6b3          	sh2add	a3,a3,a0
2000330e:	00e7d7b3          	srl	a5,a5,a4
20003312:	c29c                	sw	a5,0(a3)
20003314:	b7f9                	j	200032e2 <__fixtfsi+0x64>

20003316 <__floatsitf>:
20003316:	1101                	addi	sp,sp,-32
20003318:	c1dd                	beqz	a1,200033be <__floatsitf+0xa8>
2000331a:	40b007b3          	neg	a5,a1
2000331e:	0af5e7b3          	max	a5,a1,a5
20003322:	01f5d893          	srli	a7,a1,0x1f
20003326:	6591                	lui	a1,0x4
20003328:	60079713          	clz	a4,a5
2000332c:	05f9                	addi	a1,a1,30 # 401e <HeapSize+0x381e>
2000332e:	8d99                	sub	a1,a1,a4
20003330:	05170713          	addi	a4,a4,81
20003334:	40575693          	srai	a3,a4,0x5
20003338:	c83e                	sw	a5,16(sp)
2000333a:	ca02                	sw	zero,20(sp)
2000333c:	cc02                	sw	zero,24(sp)
2000333e:	ce02                	sw	zero,28(sp)
20003340:	8b7d                	andi	a4,a4,31
20003342:	01010813          	addi	a6,sp,16
20003346:	c315                	beqz	a4,2000336a <__floatsitf+0x54>
20003348:	4609                	li	a2,2
2000334a:	06c69863          	bne	a3,a2,200033ba <__floatsitf+0xa4>
2000334e:	02000613          	li	a2,32
20003352:	8e19                	sub	a2,a2,a4
20003354:	00c7d633          	srl	a2,a5,a2
20003358:	ce32                	sw	a2,28(sp)
2000335a:	fff68613          	addi	a2,a3,-1
2000335e:	00e797b3          	sll	a5,a5,a4
20003362:	2106c6b3          	sh2add	a3,a3,a6
20003366:	c29c                	sw	a5,0(a3)
20003368:	a829                	j	20003382 <__floatsitf+0x6c>
2000336a:	470d                	li	a4,3
2000336c:	8f15                	sub	a4,a4,a3
2000336e:	21074733          	sh2add	a4,a4,a6
20003372:	4318                	lw	a4,0(a4)
20003374:	ce3a                	sw	a4,28(sp)
20003376:	4709                	li	a4,2
20003378:	863a                	mv	a2,a4
2000337a:	00e69463          	bne	a3,a4,20003382 <__floatsitf+0x6c>
2000337e:	cc3e                	sw	a5,24(sp)
20003380:	4605                	li	a2,1
20003382:	060a                	slli	a2,a2,0x2
20003384:	00082023          	sw	zero,0(a6)
20003388:	00082223          	sw	zero,4(a6)
2000338c:	1671                	addi	a2,a2,-4
2000338e:	4791                	li	a5,4
20003390:	00f66363          	bltu	a2,a5,20003396 <__floatsitf+0x80>
20003394:	cc02                	sw	zero,24(sp)
20003396:	47f2                	lw	a5,28(sp)
20003398:	4642                	lw	a2,16(sp)
2000339a:	46d2                	lw	a3,20(sp)
2000339c:	00f11623          	sh	a5,12(sp)
200033a0:	00f89793          	slli	a5,a7,0xf
200033a4:	8fcd                	or	a5,a5,a1
200033a6:	00f11723          	sh	a5,14(sp)
200033aa:	4762                	lw	a4,24(sp)
200033ac:	47b2                	lw	a5,12(sp)
200033ae:	c110                	sw	a2,0(a0)
200033b0:	c154                	sw	a3,4(a0)
200033b2:	c518                	sw	a4,8(a0)
200033b4:	c55c                	sw	a5,12(a0)
200033b6:	6105                	addi	sp,sp,32
200033b8:	8082                	ret
200033ba:	468d                	li	a3,3
200033bc:	bf79                	j	2000335a <__floatsitf+0x44>
200033be:	ce02                	sw	zero,28(sp)
200033c0:	cc02                	sw	zero,24(sp)
200033c2:	ca02                	sw	zero,20(sp)
200033c4:	c802                	sw	zero,16(sp)
200033c6:	4881                	li	a7,0
200033c8:	b7f9                	j	20003396 <__floatsitf+0x80>

200033ca <__extenddftf2>:
200033ca:	01465713          	srli	a4,a2,0x14
200033ce:	00c61793          	slli	a5,a2,0xc
200033d2:	7ff77713          	andi	a4,a4,2047
200033d6:	1101                	addi	sp,sp,-32
200033d8:	83b1                	srli	a5,a5,0xc
200033da:	00170693          	addi	a3,a4,1
200033de:	c82e                	sw	a1,16(sp)
200033e0:	ca3e                	sw	a5,20(sp)
200033e2:	ce02                	sw	zero,28(sp)
200033e4:	cc02                	sw	zero,24(sp)
200033e6:	7fe6f693          	andi	a3,a3,2046
200033ea:	827d                	srli	a2,a2,0x1f
200033ec:	c2b1                	beqz	a3,20003430 <__extenddftf2+0x66>
200033ee:	6691                	lui	a3,0x4
200033f0:	c0068693          	addi	a3,a3,-1024 # 3c00 <HeapSize+0x3400>
200033f4:	9736                	add	a4,a4,a3
200033f6:	0047d693          	srli	a3,a5,0x4
200033fa:	ce36                	sw	a3,28(sp)
200033fc:	07f2                	slli	a5,a5,0x1c
200033fe:	0045d693          	srli	a3,a1,0x4
20003402:	8fd5                	or	a5,a5,a3
20003404:	05f2                	slli	a1,a1,0x1c
20003406:	cc3e                	sw	a5,24(sp)
20003408:	ca2e                	sw	a1,20(sp)
2000340a:	c802                	sw	zero,16(sp)
2000340c:	47f2                	lw	a5,28(sp)
2000340e:	063e                	slli	a2,a2,0xf
20003410:	8e59                	or	a2,a2,a4
20003412:	00f11623          	sh	a5,12(sp)
20003416:	00c11723          	sh	a2,14(sp)
2000341a:	4842                	lw	a6,16(sp)
2000341c:	45d2                	lw	a1,20(sp)
2000341e:	46e2                	lw	a3,24(sp)
20003420:	47b2                	lw	a5,12(sp)
20003422:	01052023          	sw	a6,0(a0)
20003426:	c14c                	sw	a1,4(a0)
20003428:	c514                	sw	a3,8(a0)
2000342a:	c55c                	sw	a5,12(a0)
2000342c:	6105                	addi	sp,sp,32
2000342e:	8082                	ret
20003430:	00b7e6b3          	or	a3,a5,a1
20003434:	eb5d                	bnez	a4,200034ea <__extenddftf2+0x120>
20003436:	daf9                	beqz	a3,2000340c <__extenddftf2+0x42>
20003438:	cf9d                	beqz	a5,20003476 <__extenddftf2+0xac>
2000343a:	60079793          	clz	a5,a5
2000343e:	03178813          	addi	a6,a5,49
20003442:	40585693          	srai	a3,a6,0x5
20003446:	01f87813          	andi	a6,a6,31
2000344a:	0878                	addi	a4,sp,28
2000344c:	02080a63          	beqz	a6,20003480 <__extenddftf2+0xb6>
20003450:	02000e13          	li	t3,32
20003454:	00269313          	slli	t1,a3,0x2
20003458:	410e0e33          	sub	t3,t3,a6
2000345c:	01010f13          	addi	t5,sp,16
20003460:	40670733          	sub	a4,a4,t1
20003464:	07e71363          	bne	a4,t5,200034ca <__extenddftf2+0x100>
20003468:	971a                	add	a4,a4,t1
2000346a:	01059833          	sll	a6,a1,a6
2000346e:	16fd                	addi	a3,a3,-1
20003470:	01072023          	sw	a6,0(a4)
20003474:	a02d                	j	2000349e <__extenddftf2+0xd4>
20003476:	60069693          	clz	a3,a3
2000347a:	02068793          	addi	a5,a3,32
2000347e:	b7c1                	j	2000343e <__extenddftf2+0x74>
20003480:	5871                	li	a6,-4
20003482:	03068833          	mul	a6,a3,a6
20003486:	458d                	li	a1,3
20003488:	010708b3          	add	a7,a4,a6
2000348c:	0008a883          	lw	a7,0(a7)
20003490:	15fd                	addi	a1,a1,-1
20003492:	1771                	addi	a4,a4,-4
20003494:	01172223          	sw	a7,4(a4)
20003498:	fed5d8e3          	bge	a1,a3,20003488 <__extenddftf2+0xbe>
2000349c:	16fd                	addi	a3,a3,-1
2000349e:	0685                	addi	a3,a3,1
200034a0:	068a                	slli	a3,a3,0x2
200034a2:	45a1                	li	a1,8
200034a4:	0818                	addi	a4,sp,16
200034a6:	00b6e863          	bltu	a3,a1,200034b6 <__extenddftf2+0xec>
200034aa:	00072023          	sw	zero,0(a4)
200034ae:	00072223          	sw	zero,4(a4)
200034b2:	16e1                	addi	a3,a3,-8
200034b4:	0838                	addi	a4,sp,24
200034b6:	4591                	li	a1,4
200034b8:	00b6e463          	bltu	a3,a1,200034c0 <__extenddftf2+0xf6>
200034bc:	00072023          	sw	zero,0(a4)
200034c0:	6711                	lui	a4,0x4
200034c2:	c0c70713          	addi	a4,a4,-1012 # 3c0c <HeapSize+0x340c>
200034c6:	8f1d                	sub	a4,a4,a5
200034c8:	b791                	j	2000340c <__extenddftf2+0x42>
200034ca:	00072883          	lw	a7,0(a4)
200034ce:	ffc72e83          	lw	t4,-4(a4)
200034d2:	00670fb3          	add	t6,a4,t1
200034d6:	010898b3          	sll	a7,a7,a6
200034da:	01cedeb3          	srl	t4,t4,t3
200034de:	01d8e8b3          	or	a7,a7,t4
200034e2:	011fa023          	sw	a7,0(t6)
200034e6:	1771                	addi	a4,a4,-4
200034e8:	bfb5                	j	20003464 <__extenddftf2+0x9a>
200034ea:	ce91                	beqz	a3,20003506 <__extenddftf2+0x13c>
200034ec:	01c79713          	slli	a4,a5,0x1c
200034f0:	0045d693          	srli	a3,a1,0x4
200034f4:	8391                	srli	a5,a5,0x4
200034f6:	8f55                	or	a4,a4,a3
200034f8:	05f2                	slli	a1,a1,0x1c
200034fa:	28f79793          	bseti	a5,a5,0xf
200034fe:	cc3a                	sw	a4,24(sp)
20003500:	ca2e                	sw	a1,20(sp)
20003502:	c802                	sw	zero,16(sp)
20003504:	ce3e                	sw	a5,28(sp)
20003506:	6721                	lui	a4,0x8
20003508:	177d                	addi	a4,a4,-1 # 7fff <HeapSize+0x77ff>
2000350a:	b709                	j	2000340c <__extenddftf2+0x42>
2000350c:	0a26                	slli	s4,s4,0x9
2000350e:	2000                	.insn	2, 0x2000
20003510:	097c                	addi	a5,sp,156
20003512:	2000                	.insn	2, 0x2000
20003514:	0966                	slli	s2,s2,0x19
20003516:	2000                	.insn	2, 0x2000
20003518:	097c                	addi	a5,sp,156
2000351a:	2000                	.insn	2, 0x2000
2000351c:	0a18                	addi	a4,sp,272
2000351e:	2000                	.insn	2, 0x2000
20003520:	097c                	addi	a5,sp,156
20003522:	2000                	.insn	2, 0x2000
20003524:	0966                	slli	s2,s2,0x19
20003526:	2000                	.insn	2, 0x2000
20003528:	0a26                	slli	s4,s4,0x9
2000352a:	2000                	.insn	2, 0x2000
2000352c:	0a26                	slli	s4,s4,0x9
2000352e:	2000                	.insn	2, 0x2000
20003530:	0a18                	addi	a4,sp,272
20003532:	2000                	.insn	2, 0x2000
20003534:	0966                	slli	s2,s2,0x19
20003536:	2000                	.insn	2, 0x2000
20003538:	0982                	c.slli64	s3
2000353a:	2000                	.insn	2, 0x2000
2000353c:	0982                	c.slli64	s3
2000353e:	2000                	.insn	2, 0x2000
20003540:	0982                	c.slli64	s3
20003542:	2000                	.insn	2, 0x2000
20003544:	0a18                	addi	a4,sp,272
20003546:	2000                	.insn	2, 0x2000

20003548 <default_alarm_pool>:
	...
2000355c:	3dd8 2000 0000 0000 0000 0000 0000 0000     .=. ............
	...

20003580 <__VECTOR_TABLE>:
20003580:	1a00006f          	j	20003720 <__default_isrs_start>
	...
2000358c:	1960006f          	j	20003722 <isr_riscv_machine_soft_irq>
	...
2000359c:	1840006f          	j	20003720 <__default_isrs_start>
	...

200035ac <isr_riscv_machine_external_irq>:
200035ac:	715d                	addi	sp,sp,-80
200035ae:	c006                	sw	ra,0(sp)
200035b0:	c216                	sw	t0,4(sp)
200035b2:	c41a                	sw	t1,8(sp)
200035b4:	c61e                	sw	t2,12(sp)
200035b6:	c82a                	sw	a0,16(sp)
200035b8:	ca2e                	sw	a1,20(sp)
200035ba:	cc32                	sw	a2,24(sp)
200035bc:	ce36                	sw	a3,28(sp)
200035be:	d03a                	sw	a4,32(sp)
200035c0:	d23e                	sw	a5,36(sp)
200035c2:	d442                	sw	a6,40(sp)
200035c4:	d646                	sw	a7,44(sp)
200035c6:	d872                	sw	t3,48(sp)
200035c8:	da76                	sw	t4,52(sp)
200035ca:	dc7a                	sw	t5,56(sp)
200035cc:	de7e                	sw	t6,60(sp)
200035ce:	34102573          	csrr	a0,mepc
200035d2:	300025f3          	csrr	a1,mstatus
200035d6:	c0aa                	sw	a0,64(sp)
200035d8:	c2ae                	sw	a1,68(sp)

200035da <save_meicontext>:
200035da:	be516673          	csrrsi	a2,0xbe5,2
200035de:	c4b2                	sw	a2,72(sp)

200035e0 <get_first_irq>:
200035e0:	be40e573          	csrrsi	a0,0xbe4,1
200035e4:	02054163          	bltz	a0,20003606 <no_more_irqs>

200035e8 <dispatch_irq>:
200035e8:	30046073          	csrsi	mstatus,8
200035ec:	200035b7          	lui	a1,0x20003
200035f0:	95aa                	add	a1,a1,a0
200035f2:	6505a583          	lw	a1,1616(a1) # 20003650 <__soft_vector_table>
200035f6:	000580e7          	jalr	a1
200035fa:	30047073          	csrci	mstatus,8

200035fe <get_next_irq>:
200035fe:	be40e573          	csrrsi	a0,0xbe4,1
20003602:	fe0553e3          	bgez	a0,200035e8 <dispatch_irq>

20003606 <no_more_irqs>:
20003606:	4506                	lw	a0,64(sp)
20003608:	4596                	lw	a1,68(sp)
2000360a:	4626                	lw	a2,72(sp)
2000360c:	34151073          	csrw	mepc,a0
20003610:	30059073          	csrw	mstatus,a1
20003614:	be561073          	csrw	0xbe5,a2
20003618:	4082                	lw	ra,0(sp)
2000361a:	4292                	lw	t0,4(sp)
2000361c:	4322                	lw	t1,8(sp)
2000361e:	43b2                	lw	t2,12(sp)
20003620:	45d2                	lw	a1,20(sp)
20003622:	4662                	lw	a2,24(sp)
20003624:	46f2                	lw	a3,28(sp)
20003626:	5702                	lw	a4,32(sp)
20003628:	5792                	lw	a5,36(sp)
2000362a:	5822                	lw	a6,40(sp)
2000362c:	58b2                	lw	a7,44(sp)
2000362e:	5e42                	lw	t3,48(sp)
20003630:	5ed2                	lw	t4,52(sp)
20003632:	5f62                	lw	t5,56(sp)
20003634:	5ff2                	lw	t6,60(sp)

20003636 <check_irq_before_exit>:
20003636:	be402573          	csrr	a0,0xbe4
2000363a:	fa0550e3          	bgez	a0,200035da <save_meicontext>
2000363e:	4542                	lw	a0,16(sp)
20003640:	6161                	addi	sp,sp,80
20003642:	30200073          	mret
	...

20003650 <__soft_vector_table>:
20003650:	3724                	.insn	2, 0x3724
20003652:	2000                	.insn	2, 0x2000
20003654:	3724                	.insn	2, 0x3724
20003656:	2000                	.insn	2, 0x2000
20003658:	3724                	.insn	2, 0x3724
2000365a:	2000                	.insn	2, 0x2000
2000365c:	3724                	.insn	2, 0x3724
2000365e:	2000                	.insn	2, 0x2000
20003660:	3724                	.insn	2, 0x3724
20003662:	2000                	.insn	2, 0x2000
20003664:	3724                	.insn	2, 0x3724
20003666:	2000                	.insn	2, 0x2000
20003668:	3724                	.insn	2, 0x3724
2000366a:	2000                	.insn	2, 0x2000
2000366c:	3724                	.insn	2, 0x3724
2000366e:	2000                	.insn	2, 0x2000
20003670:	3724                	.insn	2, 0x3724
20003672:	2000                	.insn	2, 0x2000
20003674:	3724                	.insn	2, 0x3724
20003676:	2000                	.insn	2, 0x2000
20003678:	3724                	.insn	2, 0x3724
2000367a:	2000                	.insn	2, 0x2000
2000367c:	3724                	.insn	2, 0x3724
2000367e:	2000                	.insn	2, 0x2000
20003680:	3724                	.insn	2, 0x3724
20003682:	2000                	.insn	2, 0x2000
20003684:	3724                	.insn	2, 0x3724
20003686:	2000                	.insn	2, 0x2000
20003688:	3724                	.insn	2, 0x3724
2000368a:	2000                	.insn	2, 0x2000
2000368c:	3724                	.insn	2, 0x3724
2000368e:	2000                	.insn	2, 0x2000
20003690:	3724                	.insn	2, 0x3724
20003692:	2000                	.insn	2, 0x2000
20003694:	3724                	.insn	2, 0x3724
20003696:	2000                	.insn	2, 0x2000
20003698:	3724                	.insn	2, 0x3724
2000369a:	2000                	.insn	2, 0x2000
2000369c:	3724                	.insn	2, 0x3724
2000369e:	2000                	.insn	2, 0x2000
200036a0:	3724                	.insn	2, 0x3724
200036a2:	2000                	.insn	2, 0x2000
200036a4:	3724                	.insn	2, 0x3724
200036a6:	2000                	.insn	2, 0x2000
200036a8:	3724                	.insn	2, 0x3724
200036aa:	2000                	.insn	2, 0x2000
200036ac:	3724                	.insn	2, 0x3724
200036ae:	2000                	.insn	2, 0x2000
200036b0:	3724                	.insn	2, 0x3724
200036b2:	2000                	.insn	2, 0x2000
200036b4:	3724                	.insn	2, 0x3724
200036b6:	2000                	.insn	2, 0x2000
200036b8:	3724                	.insn	2, 0x3724
200036ba:	2000                	.insn	2, 0x2000
200036bc:	3724                	.insn	2, 0x3724
200036be:	2000                	.insn	2, 0x2000
200036c0:	3724                	.insn	2, 0x3724
200036c2:	2000                	.insn	2, 0x2000
200036c4:	3724                	.insn	2, 0x3724
200036c6:	2000                	.insn	2, 0x2000
200036c8:	3724                	.insn	2, 0x3724
200036ca:	2000                	.insn	2, 0x2000
200036cc:	3724                	.insn	2, 0x3724
200036ce:	2000                	.insn	2, 0x2000
200036d0:	3724                	.insn	2, 0x3724
200036d2:	2000                	.insn	2, 0x2000
200036d4:	3724                	.insn	2, 0x3724
200036d6:	2000                	.insn	2, 0x2000
200036d8:	3724                	.insn	2, 0x3724
200036da:	2000                	.insn	2, 0x2000
200036dc:	3724                	.insn	2, 0x3724
200036de:	2000                	.insn	2, 0x2000
200036e0:	3724                	.insn	2, 0x3724
200036e2:	2000                	.insn	2, 0x2000
200036e4:	3724                	.insn	2, 0x3724
200036e6:	2000                	.insn	2, 0x2000
200036e8:	3724                	.insn	2, 0x3724
200036ea:	2000                	.insn	2, 0x2000
200036ec:	3724                	.insn	2, 0x3724
200036ee:	2000                	.insn	2, 0x2000
200036f0:	3724                	.insn	2, 0x3724
200036f2:	2000                	.insn	2, 0x2000
200036f4:	3724                	.insn	2, 0x3724
200036f6:	2000                	.insn	2, 0x2000
200036f8:	3724                	.insn	2, 0x3724
200036fa:	2000                	.insn	2, 0x2000
200036fc:	3724                	.insn	2, 0x3724
200036fe:	2000                	.insn	2, 0x2000
20003700:	3724                	.insn	2, 0x3724
20003702:	2000                	.insn	2, 0x2000
20003704:	3724                	.insn	2, 0x3724
20003706:	2000                	.insn	2, 0x2000
20003708:	3724                	.insn	2, 0x3724
2000370a:	2000                	.insn	2, 0x2000
2000370c:	3724                	.insn	2, 0x3724
2000370e:	2000                	.insn	2, 0x2000
20003710:	3724                	.insn	2, 0x3724
20003712:	2000                	.insn	2, 0x2000
20003714:	3724                	.insn	2, 0x3724
20003716:	2000                	.insn	2, 0x2000
20003718:	3724                	.insn	2, 0x3724
2000371a:	2000                	.insn	2, 0x2000
2000371c:	3724                	.insn	2, 0x3724
2000371e:	2000                	.insn	2, 0x2000

20003720 <__default_isrs_start>:
20003720:	9002                	ebreak

20003722 <isr_riscv_machine_soft_irq>:
20003722:	9002                	ebreak

20003724 <__unhandled_user_irq>:
20003724:	8109                	srli	a0,a0,0x2
20003726:	9002                	ebreak

20003728 <__malloc_av_>:
	...
20003730:	3728 2000 3728 2000 3730 2000 3730 2000     (7. (7. 07. 07. 
20003740:	3738 2000 3738 2000 3740 2000 3740 2000     87. 87. @7. @7. 
20003750:	3748 2000 3748 2000 3750 2000 3750 2000     H7. H7. P7. P7. 
20003760:	3758 2000 3758 2000 3760 2000 3760 2000     X7. X7. `7. `7. 
20003770:	3768 2000 3768 2000 3770 2000 3770 2000     h7. h7. p7. p7. 
20003780:	3778 2000 3778 2000 3780 2000 3780 2000     x7. x7. .7. .7. 
20003790:	3788 2000 3788 2000 3790 2000 3790 2000     .7. .7. .7. .7. 
200037a0:	3798 2000 3798 2000 37a0 2000 37a0 2000     .7. .7. .7. .7. 
200037b0:	37a8 2000 37a8 2000 37b0 2000 37b0 2000     .7. .7. .7. .7. 
200037c0:	37b8 2000 37b8 2000 37c0 2000 37c0 2000     .7. .7. .7. .7. 
200037d0:	37c8 2000 37c8 2000 37d0 2000 37d0 2000     .7. .7. .7. .7. 
200037e0:	37d8 2000 37d8 2000 37e0 2000 37e0 2000     .7. .7. .7. .7. 
200037f0:	37e8 2000 37e8 2000 37f0 2000 37f0 2000     .7. .7. .7. .7. 
20003800:	37f8 2000 37f8 2000 3800 2000 3800 2000     .7. .7. .8. .8. 
20003810:	3808 2000 3808 2000 3810 2000 3810 2000     .8. .8. .8. .8. 
20003820:	3818 2000 3818 2000 3820 2000 3820 2000     .8. .8.  8.  8. 
20003830:	3828 2000 3828 2000 3830 2000 3830 2000     (8. (8. 08. 08. 
20003840:	3838 2000 3838 2000 3840 2000 3840 2000     88. 88. @8. @8. 
20003850:	3848 2000 3848 2000 3850 2000 3850 2000     H8. H8. P8. P8. 
20003860:	3858 2000 3858 2000 3860 2000 3860 2000     X8. X8. `8. `8. 
20003870:	3868 2000 3868 2000 3870 2000 3870 2000     h8. h8. p8. p8. 
20003880:	3878 2000 3878 2000 3880 2000 3880 2000     x8. x8. .8. .8. 
20003890:	3888 2000 3888 2000 3890 2000 3890 2000     .8. .8. .8. .8. 
200038a0:	3898 2000 3898 2000 38a0 2000 38a0 2000     .8. .8. .8. .8. 
200038b0:	38a8 2000 38a8 2000 38b0 2000 38b0 2000     .8. .8. .8. .8. 
200038c0:	38b8 2000 38b8 2000 38c0 2000 38c0 2000     .8. .8. .8. .8. 
200038d0:	38c8 2000 38c8 2000 38d0 2000 38d0 2000     .8. .8. .8. .8. 
200038e0:	38d8 2000 38d8 2000 38e0 2000 38e0 2000     .8. .8. .8. .8. 
200038f0:	38e8 2000 38e8 2000 38f0 2000 38f0 2000     .8. .8. .8. .8. 
20003900:	38f8 2000 38f8 2000 3900 2000 3900 2000     .8. .8. .9. .9. 
20003910:	3908 2000 3908 2000 3910 2000 3910 2000     .9. .9. .9. .9. 
20003920:	3918 2000 3918 2000 3920 2000 3920 2000     .9. .9.  9.  9. 
20003930:	3928 2000 3928 2000 3930 2000 3930 2000     (9. (9. 09. 09. 
20003940:	3938 2000 3938 2000 3940 2000 3940 2000     89. 89. @9. @9. 
20003950:	3948 2000 3948 2000 3950 2000 3950 2000     H9. H9. P9. P9. 
20003960:	3958 2000 3958 2000 3960 2000 3960 2000     X9. X9. `9. `9. 
20003970:	3968 2000 3968 2000 3970 2000 3970 2000     h9. h9. p9. p9. 
20003980:	3978 2000 3978 2000 3980 2000 3980 2000     x9. x9. .9. .9. 
20003990:	3988 2000 3988 2000 3990 2000 3990 2000     .9. .9. .9. .9. 
200039a0:	3998 2000 3998 2000 39a0 2000 39a0 2000     .9. .9. .9. .9. 
200039b0:	39a8 2000 39a8 2000 39b0 2000 39b0 2000     .9. .9. .9. .9. 
200039c0:	39b8 2000 39b8 2000 39c0 2000 39c0 2000     .9. .9. .9. .9. 
200039d0:	39c8 2000 39c8 2000 39d0 2000 39d0 2000     .9. .9. .9. .9. 
200039e0:	39d8 2000 39d8 2000 39e0 2000 39e0 2000     .9. .9. .9. .9. 
200039f0:	39e8 2000 39e8 2000 39f0 2000 39f0 2000     .9. .9. .9. .9. 
20003a00:	39f8 2000 39f8 2000 3a00 2000 3a00 2000     .9. .9. .:. .:. 
20003a10:	3a08 2000 3a08 2000 3a10 2000 3a10 2000     .:. .:. .:. .:. 
20003a20:	3a18 2000 3a18 2000 3a20 2000 3a20 2000     .:. .:.  :.  :. 
20003a30:	3a28 2000 3a28 2000 3a30 2000 3a30 2000     (:. (:. 0:. 0:. 
20003a40:	3a38 2000 3a38 2000 3a40 2000 3a40 2000     8:. 8:. @:. @:. 
20003a50:	3a48 2000 3a48 2000 3a50 2000 3a50 2000     H:. H:. P:. P:. 
20003a60:	3a58 2000 3a58 2000 3a60 2000 3a60 2000     X:. X:. `:. `:. 
20003a70:	3a68 2000 3a68 2000 3a70 2000 3a70 2000     h:. h:. p:. p:. 
20003a80:	3a78 2000 3a78 2000 3a80 2000 3a80 2000     x:. x:. .:. .:. 
20003a90:	3a88 2000 3a88 2000 3a90 2000 3a90 2000     .:. .:. .:. .:. 
20003aa0:	3a98 2000 3a98 2000 3aa0 2000 3aa0 2000     .:. .:. .:. .:. 
20003ab0:	3aa8 2000 3aa8 2000 3ab0 2000 3ab0 2000     .:. .:. .:. .:. 
20003ac0:	3ab8 2000 3ab8 2000 3ac0 2000 3ac0 2000     .:. .:. .:. .:. 
20003ad0:	3ac8 2000 3ac8 2000 3ad0 2000 3ad0 2000     .:. .:. .:. .:. 
20003ae0:	3ad8 2000 3ad8 2000 3ae0 2000 3ae0 2000     .:. .:. .:. .:. 
20003af0:	3ae8 2000 3ae8 2000 3af0 2000 3af0 2000     .:. .:. .:. .:. 
20003b00:	3af8 2000 3af8 2000 3b00 2000 3b00 2000     .:. .:. .;. .;. 
20003b10:	3b08 2000 3b08 2000 3b10 2000 3b10 2000     .;. .;. .;. .;. 
20003b20:	3b18 2000 3b18 2000 3b20 2000 3b20 2000     .;. .;.  ;.  ;. 

20003b30 <_impure_data>:
20003b30:	0000 0000 3f9c 2000 4004 2000 406c 2000     .....?. .@. l@. 
	...
20003bc8:	0001 0000 0000 0000 330e abcd 1234 e66d     .........3..4.m.
20003bd8:	deec 0005 000b 0000 0000 0000 0000 0000     ................
	...

20003c50 <__sglue>:
20003c50:	0000 0000 0003 0000 3f9c 2000               .........?. 

20003c5c <__global_locale>:
20003c5c:	0043 0000 0000 0000 0000 0000 0000 0000     C...............
	...
20003c7c:	0043 0000 0000 0000 0000 0000 0000 0000     C...............
	...
20003c9c:	0043 0000 0000 0000 0000 0000 0000 0000     C...............
	...
20003cbc:	0043 0000 0000 0000 0000 0000 0000 0000     C...............
	...
20003cdc:	0043 0000 0000 0000 0000 0000 0000 0000     C...............
	...
20003cfc:	0043 0000 0000 0000 0000 0000 0000 0000     C...............
	...
20003d1c:	0043 0000 0000 0000 0000 0000 0000 0000     C...............
	...
20003d3c:	7540 1000 6c14 1000 0000 0000 79fc 1000     @u...l.......y..
20003d4c:	78f8 1000 77d4 1000 77d4 1000 77d4 1000     .x...w...w...w..
20003d5c:	77d4 1000 77d4 1000 77d4 1000 77d4 1000     .w...w...w...w..
20003d6c:	77d4 1000 77d4 1000 ffff ffff ffff ffff     .w...w..........
20003d7c:	ffff ffff ffff 0000 0001 5341 4943 0049     ..........ASCII.
	...
20003da4:	0000 5341 4943 0049 0000 0000 0000 0000     ..ASCII.........
	...

20003dc8 <striped_spin_lock_num>:
20003dc8:	0010 0000                                   ....

20003dcc <__malloc_sbrk_base>:
20003dcc:	ffff ffff                                   ....

20003dd0 <__malloc_trim_threshold>:
20003dd0:	0000 0002                                   ....

20003dd4 <_impure_ptr>:
20003dd4:	3b30 2000                                   0;. 
