:020000041000EA
:10000000F2EB8871E07D0010FC7D0010A80000106C
:1000100090A31AE7D3DEFFFF420101114403000061
:100020003600001000200820FF040000C0BB0000C4
:10003000793512AB79A897510010938161901721FF
:100040000810130121FC173500101305B553731068
:100050005530732540F135ED1707000013070705EC
:100060000C4391C55043144731071D28D5BF974510
:1000700000109385A5D6174600101306A60E21A0E2
:1000800023A005009105E39DC5FEEF1040225D28E9
:10009000EF10601E0290FDBF884108C29105110655
:1000A000E36CD6FE82800100FC7D00100000002081
:1000B000D83D0020D4BB001000000820000008201C
:1000C000D4BB001000100820001008200000000021
:1000D000828021651305C5DF028552B837440020B0
:1000E000834784F599EF9307000089CB377500109B
:1000F0001305C57A97000000E70000008547230C30
:10010000F4F452BE9307000089CFB745002037753D
:1001100000109385C5F51305C57A17030000670025
:10012000000082804111FD4506C622C42A84252B89
:10013000228581450146852322852244B24081459E
:1001400041018DAB5D7186C6A2C4A6C266D2CAC08B
:100150004EDE52DC56DA5AD85ED662D46AD06ECE03
:10016000EF10201869457D3F6D456D3FB70C0A4083
:1001700083A70C00BD6637170A40F58F1CC31545D1
:10018000A12B93070002370400D01CDC1145A923E2
:10019000B787001083A787D7C1443EC604DCB727C2
:1001A0000A40114798C383A70C0093F70710E5DFB7
:1001B00003AC4C003704088013041408334C0C08BB
:1001C00013178C0033078741331487029356F74186
:1001D000854B130B007D370D00D021493A942D84B7
:1001E000158C9379F40F333730013307E040B3EBCC
:1001F000790B9306F00F33F48640B3FBEB00638872
:100200000902130A0002814A23204D030545814556
:1002100063CC8A06232C9D00232C2D01850AEF0038
:100220003041E3C33AFF1307F00F638EE906DE8D1A
:10023000930A0002130AF00F232C5D010545814546
:1002400063C78D06232C9D00232C2D01850DEF0007
:10025000303EE3934DFF7D1BE3130BFA628597104D
:100260000010E780803AB245EF00D063971000108D
:10027000E7804043B77700102A86AE861385077B58
:10028000E285EF10503821BF23209D02232C2D0141
:1002900005458145850AEF00B039E3C73AF71307F2
:1002A000F00FE396E9F87D1BE31F0BF445BF232015
:1002B0009D02232C2D0105458145850DEF0050370A
:1002C000E39C4DF77D1BE31C0BF249BF8280377521
:1002D000001041111305857D06C65D24411122C41D
:1002E00026C237740010B774001006C613040477D2
:1002F0009384847A637794001C4011048297E36DA1
:1003000094FEB2402244924441018280B747EFEF0D
:100310009387F7B7B72602403707F4039CC25917F3
:10032000B7370240B706024098C3A1069C42B37794
:10033000F740EDFF8280B7071150F847A1676303CC
:10034000F7008280B727115037070400F8C7828072
:10035000370700207D17B7370240B706024098C321
:10036000A1069C42B377F740EDFF828015654111ED
:100370001305352506C6EF00904CB240AA871145FB
:1003800041018287156541111305352506C6EF0029
:10039000104BB240AA8705454101828765A44111EF
:1003A00022C406C626C24AC03704014023220408DC
:1003B000EF00F04CB73701400547D8DF7C40E39FA2
:1003C000E7FE0D47B737014098DB0544370701408A
:1003D0001C5FE39F87FE37366859A285130606F037
:1003E0000947954637050540EF00903B154737967E
:1003F0008647BA86A285130606C037850540EF00FA
:10040000303AB726B700938606B0014689451145B4
:100410005120B7D6F008A2859386061801461545E7
:100420009528B776DC02938606C0014681452145B2
:100430009520B776DC02938606C0014681452545A6
:100440009128B7D6F00893860618014681451945CC
:100450009120B7D6F00893860618014681451D45C0
:10046000152811453122B7E71B43938737E8B3348A
:10047000F50201441949C9802285A6850504EF00CB
:10048000D03AE31B24FFB240224492440249410186
:1004900082800000B70701403327A5203347F720AB
:1004A00003284700C1676373F8005CC39387F5FFB7
:1004B0009308C5FF81E793B72800B5E737480020C8
:1004C0001308480FB347052103A307008D67BA97A8
:1004D000131EB02823A0C7010A05631903020323D2
:1004E000070016068567334666001376060EBA9730
:1004F00090C30546637016078967BA971316B0282C
:1005000090C34295C16714C15CC3828083274801B0
:10051000B3D767028507B3A7F72001009387E7FFEA
:10052000E3DE07FE6DBF8D67BA970D4823A0070174
:100530001C47858BF5DF03280700160685673346C1
:1005400006011376060EBA97374800200A0590C3B5
:100550001308480F832807003316B028B3C81501C5
:1005600093F8380023A017011C47F18FF5DF69B716
:10057000B74700209387470F3345F5200841828015
:1005800039713773001022CC2A841305437E06CEBE
:100590002ED232D436D63AD83EDA42DC46DEEF10DE
:1005A000701201CC4C1022852EC6EF0030423775F8
:1005B00000101305457FEF10F0100545EF00504681
:1005C000F3760430B74700209387F70D1397370071
:1005D0003317E028F19B2FA8E7443378E800E31CA9
:1005E00008FE0F00300393D735003E950347050002
:1005F00093F77500B317F0283378F70063110802FA
:100600005D8F2300E5000F003003B747002093877C
:10061000470DA3850700A18A73A00630828041118F
:10062000328506C6B13F37470020034587DCDD46EB
:100630009307150093F7F70F63F3F600C147230400
:10064000F7DC8280B74600209386460D814713066B
:1006500000020F0030033387F600230007008507F0
:10066000E399C7FE8280B78703409107B347F5201F
:1006700098438566BE96134707041377070C3786A1
:10068000024098C23365C5200D67BA974CC1130765
:10069000001098C38280B787034091073345F52047
:1006A0001C418E050A064D8E3D8E8567318A3E952A
:1006B00010C18280B787034091073345F52099C563
:1006C00089673E95930700041CC182808D673E9523
:1006D000930700041CC18280B316A028370700D0FE
:1006E000B787034034C3910714D3B347F520984329
:1006F0008566BE96134707041377070C37860240BA
:1007000098C23365C52015478D6658C1B697130743
:10071000001098C3828081463D481D4593054003E3
:1007200093F736008A073317F80013D626004207DE
:10073000518F733037BEB317F500C207D18F73A046
:1007400037BE8506E39EB6FC736004308280935703
:10075000550086073315A028C176E98E1387170048
:100760004205558F5D8D91C9733025BE733027BE0C
:10077000732005BE732007BE8280733005BE7330C0
:1007800007BE8280011106CE73770430B747002080
:100790009387D70D93963700B316D028F19B2FA6D9
:1007A000D744758E6DFE0F003003F32750301305CC
:1007B0004503F19BB347F5209443638FD500B737CA
:1007C0000020938747726389F6002EC62AC43AC276
:1007D000FD3CB24522451247F3275030F19B33458B
:1007E000F5200CC10F0030030F003003B747002085
:1007F0009387470DA3840700218B73200730F240B5
:1008000005618280B74700209387470DAE971CC1D2
:100810008280011122CC26CA37440020B744002030
:1008200006CE130484DD938484DD637694024AC883
:100830004EC61309F00FFD591C409DC3ED33AA8528
:100840002285C937231224010F0030032104E365F8
:1008500094FE4249B249F2406244D244056182802A
:10086000D933AA852285793F230234010F00300352
:100870002104E36394FCF1BFB746002083A7C613AD
:1008800073770430139637003316C028F19BAFA559
:10089000C744F18DEDFD0F00300383A7C6130F0091
:1008A0003003238007009377870073A0073033203D
:1008B0001000014581458280397106DE22DC26DA8E
:1008C0004AD84ED652D456D25AD05ECE62CC66CAE0
:1008D0006AC8F32750BE139707016347073213D93D
:1008E00047009377C91F13793900B3192029B70B33
:1008F0000B406397073437470020B3C727211307FE
:10090000C711B3C7E72083AA07008D679387470401
:10091000DE97371A001023A03701130A8A8B7D5403
:10092000FD54039B8A0023AE3B0363570B0883D718
:100930004A009397576063DC071483C76A00639586
:10094000071E039B8A0063460B0403A74A01332B4F
:100950006B21FD57336BEB20032C8B00032BCB005B
:100960006301FC2AB346792103A78B029C4A330614
:10097000EC40998F636FF60283A70B02B3D7274928
:100980008DCB5E85E12B63C66501E31CBBF8E37A82
:1009900085F933201000F2506254D2544259B259B2
:1009A000225A925A025BF24B624CD24C424D216168
:1009B000828023A88601F1B783A74A01332C6B21DB
:1009C0005E85336CFC20832CCC00032D8C007923B6
:1009D000E3CF95F56383BC1C63C50C1C83270C0116
:1009E00083254C016385472503978A0003552C0016
:1009F0004207598D82972E87AA87B3E6E700638264
:100A0000061A63590720B306FD40333DDD00B38766
:100A1000EC40B387A74103170C002324DC002326F6
:100A2000FC00E34607F003A84A013325E72013162C
:100A30001700336505214C4583288500E3C9B7EECF
:100A40006394F500E3E516EF2394EA0013858A002A
:100A500031A0832886004C46131617003A9663CEC1
:100A6000B7006383F51E336506210317050033269F
:100A7000E72033660621E35E07FC2310EC00231019
:100A8000650183D74A0093975760E3C807EA83A7B5
:100A90000A017377043093963700B316D028F19B80
:100AA0002FA6D744758E6DFE0F00300383D84A0001
:100AB000FD572392FA009398586083A70A010F000C
:100AC0003003238007009377870073A00730E3C6C5
:100AD00008E603A54A0103978A0033A81821336862
:100AE000A82093858A006345070203238800032614
:100AF000C80001A8638BC60E03970700BE85634933
:100B00000700B327E720B3E7A720D447E354D6FE76
:100B100023901501831808002310E800E3DD08FA8C
:100B200083C76A00E38F07E023830A00039B8A00E0
:100B3000FD555A87E30FBBE403A54A01B327E7201D
:100B40003A86B3E7A72083D62700039707001388C8
:100B50008A009396566063C206023E88E305B7DEBC
:100B6000B327E720B3E7A72083D627003A86039769
:100B7000070093965660E3D206FE80C7C4C7E30F12
:100B8000CBFC2310E80083D68A00328B2390D70059
:100B90002394CA00E316B7FC7DB3E36AA5D9E3DF6B
:100BA0000CE203570C0083A70A012394EA00737731
:100BB000043093963700B316D028F19B2FA6D74464
:100BC000758E6DFE0F00300383D62A0083A70A01BD
:100BD0002310DC0023916A010F00300323800700FB
:100BE0009377870073A0073099B39447E376D3F0E7
:100BF00023901501831808002310E800E3DD08ECBA
:100C000005B7E3118BD7B5BB8549CE870149B78BB3
:100C10000B40D5B15E853AC63EC48926A24732470D
:100C2000B306F500B3B7A600BA95AE97EDB39C49ED
:100C30002E852EC4829735D5A2459C41D84175BBDF
:100C40008547B78B0B4045B9E3FF16E13DB5B73794
:100C5000002093878754984B19C737450020130508
:100C6000C513A94545B641118D4537050B4006C64C
:100C700022C4E924373400209307845437080B40FA
:100C800023A607014D3293078454AA850D4523807E
:100C9000A700370700D003230700B7460020D84B32
:100CA0009386460D37061100AE967D16BD4894CB4F
:100CB000A380670090C723911701FD550943914810
:100CC000154699462392B70023146704231C17077F
:100CD0002318C7082314D70A9D42A146A54F294FC0
:100CE000AD4E314E3543B9480546231CD70C231071
:100CF000A7062310570C2318F70F2314E71123100E
:100D0000D713231CC7132318671423141717231092
:100D1000B7002318C702231C070037080B40B7157C
:100D200000102320D802374700209385858B232489
:100D3000F712893C85450D45193C2244B240B7273E
:100D40000B40A146B4C3374500201305C513A94580
:100D500041014DBCB283AA8710492E83F37504303C
:100D6000131536003315A028719A2F28A64433781E
:100D7000A800E31C08FE0F0030038398270013F639
:100D800085008C4B63CE0808C84B33A81821336804
:100D9000A820035508002391A7000F0030032380EB
:100DA0000500732006300356280085451395080179
:100DB0002E96460645823376B60A232AE800232873
:100DC000D80023246800232678002311C800518D01
:100DD000984BF3760430131637003316C028719BF6
:100DE000AF25C744F18DEDFD0F00300303D647005A
:100DF000984B2310C800239217010F0030032300E3
:100E0000070013F786007320073003C70700DC478D
:100E10008966938646043317E028B69798C3828084
:100E20000F00300323800500732006307D5582803B
:100E3000011122CC26CA2A844AC806CE2E894EC663
:100E40003522B304A40033B484002E99B707008080
:100E50004A94FD1763F487003E84FD541389A4FF70
:100E6000B33999009307F4FFBE99636A340363862C
:100E70008902ED283305A940B385B940B337A900ED
:100E80009D8D634AB002CDC9A2856244F2404249B9
:100E9000B2492685D2440561DDA0E3FC24FDF9209A
:100EA000014981493305A940B385B940B337A90049
:100EB0009D8DE35AB0FC5D283305A9403335A90068
:100EC000B385B940898D63C10502B7160010373567
:100ED000002093868687130585540147CA854E8670
:100EE000953DFD57E302F5FAB7060B403746002063
:100EF000DC5263E737019856E398F9F8E37627F96F
:100F00008327C6137377043093953700B315B02841
:100F1000F19B2FA5B7446D8D6DFD0F003003832726
:100F2000C6130F003003238007009377870073A058
:100F30000730332000006DBF21D9B5BFB787F4BF9C
:100F4000AA973745002093B7170013050514377685
:100F500000103E951306867F6FF08FE64C51AA87EE
:100F600088572E87CC53E31DB7FE8280B7070B400E
:100F7000CC5388572E87CC53E39DE5FE82803707FC
:100F80000B405C53E3EFB7FE639BF500B7070B40E4
:100F900021A0D8536395E5009857E36CA7FE8280A3
:100FA000B727B700938707B0B3D7B70283280500E8
:100FB000C206320733E8E6003356F60263C408047B
:100FC000B787054011676300F506B727024098C34D
:100FD000B7060240B737024098C3A1069C42B377D8
:100FE000F740EDFF0D670CC1110710C52A97930755
:100FF00010021CC31C41E3DF07FE23260501A147A5
:101000001CC382801C4193F7F703E39BB7FA1C458E
:10101000D207D183E396C7FA5C4537770700F98F8B
:10102000E39007FB828021674DB7B78710403325D7
:10103000A5203345F5204CC185471CC18280A1679E
:101040009387A7DF83D7070085458287B7170E40B0
:101050009387878298437DDF0F0030038280B71724
:101060000E4037170E409387C7801307C7820F00C3
:10107000300323A007009107E39BE7FE828085678A
:10108000938707AA378704401CC39307A0115CC746
:10109000B7B6FA00B7A7044094C35C43E3DF07FE8A
:1010A0008280000063D405001315F5690B46751D99
:1010B0008BC6751D9302F00F25CEC1C6630D560871
:1010C0006384560A1358F5411317850093978500DA
:1010D0001317F7299397F729B305F7023337F70268
:1010E000131507603317A700098E3696130626F8E6
:1010F0006359C002B335B0004D8F935587482E9782
:101100001307F707635C070063505602337606093E
:101110005E06060725833305C70082800583050622
:10112000E5B71315F801828033F502095E05828068
:10113000639056029397950099C32E8582807D55C2
:101140008280631756009315950091E17D5582804A
:101150007D817E058280131795006DFFE39C56FE0E
:1011600093979500F9FB828093979500F9F77D8519
:1011700033F5A2085E058280010011E182806F00D4
:10118000704B37430020397103234314130E41027F
:1011900006CE2ED232D436D63AD83EDA42DC46DEFD
:1011A00072C6630F0300AA86371500102C007287E1
:1011B0001305A5177D560293F240054521618280F3
:1011C000EF005050F240014521618280B747002076
:1011D00083A74714011106CE91CFAA8637150010B8
:1011E0002E871305A5176C007D568297F2400545A2
:1011F00005618280EF00104DF2400145056182805B
:101200000D45731025BE7D15E35D05FE05651305CF
:101210000580731045307360043073100034828091
:101220000290FDBF83A7C18081CF370708203E957C
:10123000130707006361A70223A6A1803E85828071
:10124000938741823707082023A6F1803E95130734
:101250000700E373A7FEFD573E8582807D5582809F
:101260007D5582807D5582807D5582807D5582802E
:10127000133535008280411106C65D374111B287B2
:1012800006C62A862E85B68589CF378700101307B4
:10129000C78637880010AA861305C887DD3505453F
:1012A0004137377700101307477DBA87DDB7411103
:1012B00022C426C237740010B77400101304847A55
:1012C0009384C47A06C6EFF06F81637794001C4064
:1012D00011048297E36D94FEB2402244924441018E
:1012E00082803727024085471CC3B7360240370744
:1012F00002409CC221071C438546B3F7F640E5FF38
:1013000037070A4085471CC31C4393F70710EDDFDE
:101310008280B3B7C502011106CEB385C502BDEB0D
:101320005128AA8725CD0326C5FF93064002719A4E
:10133000711663EFC602CD452A8763F1C5022320EB
:101340000500232205006D47637DC70223240500A5
:1013500023260500130705016307D6042320070091
:101360002322070023240700F2403E850561828086
:1013700081452AC6EF007047B247F2403E850561BD
:1013800082801307850023200700232207002324DF
:101390000700D9BFEF003037B1471CC1F240814789
:1013A0003E850561828023280500232A0500130756
:1013B00085016DB7397122DC06DE9387B500594788
:1013C0002A84636FF704C14663E5B604E52BC14682
:1013D00061478948373800201308887242975C4378
:1013E000130687FF6389C730D843D0478C47719B6A
:1013F0003E975443D0C53EC60CC693E616002285E0
:1014000054C3D123B247F25062541385870021613F
:101410008280B1471CC00145F25062542161828034
:1014200093F687FFE3C707FEE3E5B6FE36C6592B02
:10143000B2469307701F63F9D73693D79600638738
:1014400007101147636EF72E93D7660093889703B2
:10145000138E8703139538003738002013088872DD
:1014600042955C4161156301F5023D4339A0CC47CB
:1014700063510626630AB500AE87D843719B3306D5
:10148000D740E356C3FEF28883270801373E002089
:10149000130E0E736389C721D843BD45719B330674
:1014A000D74063C4C532232AC8012328C801635228
:1014B00006301306F01F032348006363E624137607
:1014C00087FF210642960C4215833313E328130746
:1014D00086FF8CC7D8C7232268001CC2DCC513D581
:1014E00028403315A028636AA306B377650089EF07
:1014F000060593F8C8FFB3776500910891E70605E4
:10150000B37765009108E5DFBD4EB3EF08217E8318
:101510000327C300468F6305E3245043BA87584727
:10152000719AB305D64063C5BE24E3C605FE3E9658
:1015300054428C47228593E6160054C2D8C50CC786
:101540003EC65121B24713858700F9B51305002027
:1015500093080004130EF00301B783278800D843D3
:10156000719B3306D7406366D70093250601638FCE
:1015700005123743002083A581810325C3DC7D56F6
:10158000B695630AC52E05663D06B29593F50580AE
:101590009395B548228542CE3ECC36CA3AC82EC66F
:1015A000EF0010137D56B2454247D246E2477248DB
:1015B000AA8837430020630CC5243385E70063E61F
:1015C000A824374E0020130E4EF703260E002E9649
:1015D0002320CE00B28E63091533032FC3DC7D5662
:1015E0006300CF343386A84076962320CE0093FE46
:1015F0007800638A0E2893F888FF0566A108210603
:101600003383B8003306D6413306664052069355FD
:101610004601228542D672D43ED236D03ACE46CC4E
:1016200076CA1AC82EC6EF00B00A7D56B2454243AC
:10163000D24EE248724782569257225E3258630178
:10164000C53203260E00330515412E95136515008E
:10165000232418012E9623A2A8002320CE006386FF
:1016600007033D456371E52CCC435117619B858988
:10167000D98DCCC31543B385E70023A2650023A40D
:1016800065006364E52E03A5480003A741816374E8
:10169000C70023AAC18003A701816374C70023A8E0
:1016A000C180C68785AA0323480015BD13E716002D
:1016B000D8C3BE96136616002324D8002285D0C254
:1016C0003EC61126B247F25062541385870021614D
:1016D000828090473E9754434CC63EC693E6160020
:1016E00090C5228554C3C524B247F2506254138575
:1016F0008700216182805C478908E307F7D8EDB154
:1017000013569700914563FAC50ED14563EBC51A90
:101710001305C6050E059305B605429510416115E2
:101720006316C50099AA10466306C5004C42F1999C
:10173000E36BB7FE4846C8C790C71CC55CC645B337
:1017400051476375F70E130740056368F71893D781
:10175000C6009388F706138EE70613953800EDB997
:10176000050F93773F002103F1CF0327C30065B333
:10177000884793E8160023A2170158C508C7BE96EC
:10178000232AD8002328D80013E715003E9623A665
:10179000C60123A4C601D8C222850CC23EC6252498
:1017A000B247138587008DB993D83600138786001A
:1017B00015B13E9754433EC6228593E6160054C3A6
:1017C0001924B2471385870081B993E51600CCC36D
:1017D000BE96232AD8002328D800936516003E978A
:1017E00023A6C60123A4C601CCC2228510C33EC6CF
:1017F000D92AB2471385870005B113566700130530
:1018000096030E059305860309BF6385070F83279B
:101810008800C84371993306D5406366D500132705
:101820000601E30507E82285792AF5B69388C705FE
:10183000138EB7051395380005B183A78F00FD18E7
:10184000639FF71793F73800E11FE5FB83274800F4
:10185000B3F7A7402322F80006051307F5FFE37E40
:10186000F7CE3377F50011E706053377F500110F52
:1018700065DFFA8859B9C10531BB89853313B328AF
:10188000232268004DBD3383B80033066040520602
:1018900093554601228542D472D23ED036CE3ACC00
:1018A00046CA2EC61AC82D257D56B245D248624773
:1018B000F2468257125E2258E315C5D8424581454B
:1018C00049B39305400563E4C5061356C7001305E5
:1018D000F6060E059305E60689B513074015636401
:1018E000F70693D7F60093888707138E770713952B
:1018F00038009DB6374E0020130E4EF7832E0E0093
:10190000AE9E2320DE01D1B9139F4801E3170FCC0F
:1019100083288800BA9513E5150023A2A800B5B363
:10192000232613DDE9B1854723A2F800EDBD930519
:10193000401563EEC5041356F700130586070E0520
:1019400093057607D9BB13074055636EF70493D709
:1019500026019388D707138EC70713953800EDBC6F
:10196000E11E3305D3018145E9B9228593858700BE
:1019700042CA72C836C6EF0070135248424EB24691
:101980008328880003260E0003A54800FDB99305AF
:10199000405563E1C502135627011305D6070E050E
:1019A0009305C6079DBB1305803F9308F007130EF0
:1019B000E0075DB41305803F9305E007B9BB8327BB
:1019C000480059BD82808280638E0514011122CCAB
:1019D00026CA2E8406CEAA8432C0ED3782455947E6
:1019E0009387B5006371F70EE19BBE8613D7F701AD
:1019F00063EDB714631B07140326C4FF130884FFA9
:101A00001377C6FF635CD70C373E0020130E8E722F
:101A100083288E003303E8000325430063806814A5
:101A20009378E5FF9A9883A8480093F8180063918B
:101A3000080E7199B308A70063DBD808058A0DE288
:101A4000832E84FFB30ED84103A64E00719A3295BF
:101A5000B308E50063D0D822B308C70063DFD81A03
:101A600026853AC442C23EC0EFF0DF948247124856
:101A70002247AA866300052E0326C4FF930585FF2F
:101A8000799A4296630AB6161306C7FF9307400277
:101A900063EDC71C4D476366C716AA8722871043AC
:101AA00090C35043D0C3184798C7A285268536C037
:101AB000EF00C07F2685013F8246F2406244D24457
:101AC000368505618280C146B687014715B78326F2
:101AD000C30003268300468754C690C68326480069
:101AE0003305F740BD45858A3306E80063EFA5025C
:101AF000D98E2322D8005C4293E717005CC226856A
:101B0000D935A286F2406244D2443685056182808E
:101B1000058A39F6832E84FFB30ED84103A64E0002
:101B2000719A1DBFB2856FF0FF88DD8E2322D80029
:101B3000B305F80013651500C8C15C42A1052685F0
:101B400093E717005CC29D275DBFB1479CC08146EB
:101B5000F2406244D2443685056182807199B308AF
:101B6000E5001383070163DC6818058AE31A06EEB3
:101B7000832E84FFB30ED84103A64E00719A32958E
:101B8000B308E500E3CA68EC83A6CE0083A58E0007
:101B90001306C7FF13074002D4C58CC693868E0078
:101BA0006365C71ECD45368763FEC5000C406D4793
:101BB00023A4BE004C4023A6BE006363C7202104BB
:101BC00013870E01104010C3504050C3104410C77B
:101BD0003386FE003387F8402324CE0013671700B6
:101BE00058C203A74E00268536C0058BD98F23A285
:101BF000FE00D13B824639B78326C5FFF19A36975E
:101C0000F1BD0C406D470CC14C404CC16362C70C28
:101C1000130784009307850059B583A6CE0083A5DA
:101C20008E001306C7FF13054002D4C58CC69386E9
:101C30008E00636AC50ACD45368763FEC5000C4039
:101C40006D4723A4BE004C4023A6BE006368C70EA8
:101C5000210413870E01104010C3504050C310449C
:101C600010C736844687768895BDA2852AC04D2444
:101C7000824625BD8326C300832583001306C7FF44
:101C800013054002D4C58CC603A7CE0083A68E00E0
:101C900013888E00D8C614C76366C508CD46428730
:101CA00063FEC60014406D4723A4DE00544023A603
:101CB000DE00636EC70A210413870E01144014C3AB
:101CC000544054C3144414C742844687768839B5B7
:101CD000184418C5584458C56302F6081307040190
:101CE000930705016DBB3685A28576C63EC446C204
:101CF00036C0392CB24EA247924882469DB73E98D4
:101D00003387F84023240E01136717002322E800CD
:101D10000327C4FF2685058BD98F232EF4FE65315A
:101D2000A286CDB34285A28576C63EC446C242C0D5
:101D3000C52202489248A247B24E79B7184423A858
:101D4000EE00584423AAEE006301A606410413875F
:101D50008E0111B7268585398146DDBB10481307F2
:101D600084019307850110C9504850C90DBB144424
:101D70001307400223A8DE00544423AADE00630FA9
:101D8000E604410413878E0115BF3685A28576C609
:101D90003EC446C236C0AD2AB7370020138E8772C4
:101DA000B24EA2479248824625B5104813870E02CC
:101DB000610423ACCE000326C4FF23AECE0061BD78
:101DC0000C441307400223A8BE004C4423AABE00C3
:101DD0006301E602410413878E01EDB314481387B3
:101DE0000E02610423ACDE008326C4FF23AEDE00B6
:101DF000F1B5104813870E0223ACCE0050486104A1
:101E000023AECE00C1B337430020032343DD397135
:101E100032D436D62ED23AD83EDA42DC46DE83259C
:101E2000830054102A861A8506CE36C64525F24010
:101E300021618280B747002083A747DDAA859047AC
:101E40003E856F205070397122DC2A842E852EC683
:101E500006DE2526B245B7770010585893081500BE
:101E60009387477F0548101089462ED02AD246CE48
:101E70003ED442D632CA36CC0C441DCF8397C5001F
:101E8000F8519396270163C306029397D728131737
:101E9000D7482396F500F8D122855008EF2050311D
:101EA00011E92945F250625421618280931727017C
:101EB000E3D407FE7D55FDB722852EC6EF20902D79
:101EC000B2456DBFB7470020AA8503A547DDA5BF72
:101ED000411122C426C2AA842E8506C623A00182EF
:101EE000EFF04FB4FD576307F500B240224492442F
:101EF0004101828083A70182EDDBB24022449CC075
:101F0000924441018280B747002003A547DD8280CB
:101F100063F1A502B387C500637DF50005CE2A965F
:101F200003C7F7FF7D16FD172300E600E31AC5FE81
:101F30008280BD4763E1C702AA879306F6FF5DC2B0
:101F40008506BE9603C7050085078505A38FE7FEB6
:101F5000E39AD7FE8280B367B5008D8BAE88BDEF64
:101F600093574600139847002A98FD172A879441F3
:101F7000C10541072328D7FE83A645FF232AD7FEA4
:101F800083A685FF232CD7FE83A6C5FF232ED7FE6D
:101F9000E31F07FD92073387170193050701AA97EF
:101FA0001378C600C1072E8E9376F600630D0802E3
:101FB000F116F19A369751073308154103A305002E
:101FC000B3880501910523A06800E399E5FE138716
:101FD0004600B305C701BA970D8A85B79306F6FF89
:101FE000AA87B9BF8280368689BF3D432A8763733B
:101FF000C3029377F700BDEFADE5937606FF3D8A08
:10200000BA960CC34CC30CC74CC74107E36BD7FE51
:1020100011E28280B306C3408A06970200009696BA
:102020006780A6002307B700A306B7002306B70002
:10203000A305B7002305B700A304B7002304B70026
:10204000A303B7002303B700A302B7002302B7001E
:10205000A301B7002301B700A300B7002300B70016
:10206000828093F5F50F93968500D58D93960501A3
:10207000D58D61B7939627009702000096968682C9
:10208000E78086FA9680C1171D8F3E96E374C3F8E9
:10209000A5B7B3C7A5008D8BB308C500B1E713364C
:1020A000460039E2937735002A87CDE713F6C8FF5B
:1020B000B306E6409307000263C4D704AE86BA872E
:1020C0006371C70203A806009107910623AE07FFBC
:1020D000E3EAC7FE7D16198E719A91051107B29534
:1020E00032976366170182802A87E37E15FF83C7D4
:1020F000050005078505A30FF7FEE39AE8FE828039
:10210000944183A2450083AF850003AFC50083AE31
:10211000050103AE450103A3850103A8C50114C34E
:10212000945113074702232057FE232ED7FE232264
:10213000F7FFB306E6402324E7FF2326D7FF232833
:10214000C7FF232A67FE232C07FF93854502E3C9B7
:10215000D7FAADB783C60500050793773700A30FFD
:10216000D7FE8505A1D783C60500050793773700FD
:10217000A30FD7FE8505F9FF15BF937735002A8792
:102180009DEFB7867F7F9386F6F7FD5510431107C5
:10219000B377D600B697D18FD58FE389B7FE834644
:1021A000C7FFB307A7408DCA8346D7FF9DC203452B
:1021B000E7FF3335A0003E9579158280F9D2834739
:1021C0000700050793763700F5FB098F1305F7FF26
:1021D00082801385D7FF82801385C7FF828001111B
:1021E0004AC83739002022CC26CA4EC62E8406CED5
:1021F000AA8913098972EFF0EFFC8327890005672C
:10220000C443F1989387F47F9387077F3384874093
:1022100031807D143204634AE40081454E854D3996
:1022200083278900A697630DF5004E85EFF0AFF97F
:10223000F2406244D2444249B2490145056182807C
:10224000B30580404E856931FD57630AF502374773
:10225000002083268900832747F7818C93E41400AC
:102260004E85818FC4C2232AF7F6EFF0CFF5F240F6
:102270006244D2444249B2490545056182808145A4
:102280004E85B93103278900BD46B307E540E3DE3B
:10229000F6F8B746002003A6C6DC93E71700B7465A
:1022A0000020118D5CC323AAA6F641B7F9CD011118
:1022B00022CC2EC62A8406CEEFF0CFF0B2453738B6
:1022C00000201308887203A5C5FF138785FF8328A4
:1022D00088009377E5FF3306F70054421373150027
:1022E000F19A638FC81054C2B308D60083A848007F
:1022F00093F818006316030603A385FFB735002083
:10230000938505733307674008479A97630DB50CAB
:102310000323C700232665002324A300638D081030
:1023200093E6170054C31CC29306F01F63E9F60638
:1023300093F687FFA10603264800C2968C42958338
:10234000B317F628138686FF0CC750C72322F80060
:1023500098C2D8C522856244F24005616FF0AFE6AD
:1023600063960802B7350020B69793850573144627
:1023700093E817003305F700638BB60E5046D0C6BE
:1023800014C6232217011CC145B7828013651500AE
:1023900023AEA5FE1CC29306F01FE3FBF6F893D60E
:1023A00097001146636BD60893D667009385960312
:1023B0008E0513868603C2959441E1156396D50078
:1023C000C9A094466386D500D042719AE3EBC7FE5C
:1023D000CC464CC714C722856244F24098C5D8C683
:1023E00005616FF04FDE639908064C461046BE96B5
:1023F00093E716004CC690C55CC3369714C399BFCB
:10240000BE96631A030083A785FF1D8F1047BE96F3
:102410005C475CC690C7B747002013E6160083A749
:1024200007DD50C32324E800E3E6F6F283A58181AB
:102430002285753305B7B6971DBF51466373D60223
:10244000130640056367D60493D6C7009385F60646
:102450008E051386E60685B793E6170054C31CC2A3
:10246000D5BD9385C6058E051386B605A9B7232A63
:10247000E8002328E8004CC70CC7232217011CC121
:10248000D1BD832748000986B397C7282322F800C7
:1024900089B713064015636AD60093D6F700938573
:1024A00086078E051386760739B713064055636A8B
:1024B000D60093D627019385D6078E051386C607C7
:1024C000DDBD9305803F1306E007F5B54571232672
:1024D000111C2324811C2322911C2320A11B36CCF8
:1024E000328DAE842320211D2A842AC6EF20504637
:1024F00018413A853ADA51312AD882C909C45C5860
:1025000099E36F10A03D8397C400F850939627017C
:1025100063C506249397D7281317D7482396F4004A
:10252000F8D09397576013F78700630E071C9848FD
:10253000630B071CE98B29476382E71EB7870010EE
:10254000232E311B232C411B9309C10E378A001007
:10255000938707B02328611B232A511B2326711B55
:102560002324811B2322911B232EB11982C782C5EC
:10257000CEC34E8B3ED0130ACAC602D202DC02DEA4
:1025800082C882C0414402CA83470D00EA8A138789
:10259000B7FD29C3A1C3568C83C71A00850A81C71A
:1025A0001387B7FD6DFBB38CAA416385AA03BE47B1
:1025B0002E452320AB01E697050523229B01BEC7CC
:1025C000AAC59D47210B63C0A718D247E6973ECA0C
:1025D00083471C0099E36F10A03D83C81A00138D38
:1025E0001A00A301010AFD5A02C8814B130CA00571
:1025F000050D938708FE636CFC020257B3C7E72002
:102600009C438287938708FD02C8A54642478348BA
:102610000D00050D3347E720B327F7203EC8938709
:1026200008FDE3F5F6FE938708FEE378FCFC63946F
:1026300008006F10E037854C23061113A301010A2F
:10264000668C02CE814A02D602D4014E7C123E46EE
:1026500093FD4B083288638E0D760347310A31C3F0
:10266000AE4501471305310A2320AB000506054599
:1026700085052322AB00B2C7AEC51D45210B634CB7
:10268000B53C05C3AE4558112320EB0009060947A8
:1026900085052322EB00B2C7AEC51D47210BE34ED3
:1026A000B74213070008E381ED30B38A9A41634FC4
:1026B000507313F70B106319077C2320FB00AE4700
:1026C0006696B2C7850723229B011D47BEC563419D
:1026D000F746210B13F34B0063070300C247B38A8D
:1026E0008741E34C5041C247B3E6870BD247B697C8
:1026F0003ECAE3170636F24782C581C7F245324526
:1027000075364E8B51B53245A685EF20700631E9FE
:102710008397C4002947E98BE392E7E28397E400BB
:10272000E3CE07E0E24632456A86A685EF103065C3
:102730002A896F00503783480D005DBD83480D0026
:1027400093EB0B0275B53245D001A685EF10306CC6
:1027500019C16F1090434E8B8DBD93162701E3D4A2
:1027600006DC7D596F00303493F78B00E3900766E9
:10277000E247080946CE9D07E19BD0438C43A10761
:102780003ECC97100010E78080C44A46DA466A477C
:10279000FA47F248880946CEBECFB2C9B6CBBACD09
:1027A000EF20B0522AD58947F2486314F5006F1024
:1027B000201985476314F5006F10602A13FCF8FD9B
:1027C000930710046304FC006F10202D930700038F
:1027D0002302F10A13071006930780056394E800AB
:1027E0006F104064A302F10A9307300663D45701C7
:1027F0006F10E06F7E47CE465E46EE45635407009D
:102800006F10F02D82C202CE7C12930D010932C3EB
:102810002EC56E850C013011BEC446DC36C13AC7E8
:10282000EF2050226A474A46DA463AC57A4732C113
:1028300036C39018B706FC3F0C016E85B6DE3AC76A
:1028400082D882DA82DC97F0FF0FE780601D4A436E
:102850005A486A460C016E851AD642D432D202C159
:1028600002C302C502C797F0FF0FE78000F213E929
:102870002B001256FA4B22583253E258A64719E160
:10288000854636D5930610066394D8006F10D04164
:10289000B78600101387068D3AD25AD4CAC4DE8C8C
:1028A000A6CA46D692543EDC3E89EAC61A8B328CC2
:1028B000C28B1DA00C016E855AC95ECB62CD66CF5E
:1028C00002C102C302C502C797F0FF0FE780E0EB29
:1028D00019E16F10502DFD1AB707034090180C0135
:1028E0006E85BEDE5AC15EC362C566C782D882DA13
:1028F00082DC97F0FF0FE780A0126E859710001022
:10290000E7802098AA852A8D6E85CA4C5A4CEA4BDE
:102910007A4B97100010E78040A06A474A46DA4693
:10292000BAD47A47B2D08C1890100801E6D8E2DA0F
:10293000DEDCDADEBAD6B6D297000010E78060B6E9
:102940003387A401834507004A8705090A4B9A4B40
:102950002A4CBA4CA30FB9FEE39E0AF4B258E257D0
:102960005A835E886286E68BB70AFE3F0C016E854D
:10297000BACEC6CC3ED6D6444A8CEA8C2649364DD1
:102980001AC99ACA42CBC2C632CDB2C45ECF02C106
:1029900002C302C556C797F0FF0FE780A0EA225B8B
:1029A000B257E64876476342A0020C016E8546D6D0
:1029B0003AD497F0FF0FE78040DDB258E25739E58F
:1029C00093FC1C00225763830C043AD91257034628
:1029D000FCFF8345F7006287639EC5001305000373
:1029E000A30FA7FE4A579306F7FF36D90346F7FF12
:1029F000E388C5FE930516001305900393F5F50FC4
:102A00006314A6006F102069A30FB7FE2A56138720
:102A1000F800230AE10AB306FC401307F6FF3AD593
:102A200036D2635407006F10B0259306B002A30A94
:102A3000D10AA54663D4E6006F10005C9306610BD3
:102A4000130707032380E600180B998E1387D60D12
:102A50003ADC6F10C0603245D001A685F2CABEC60E
:102A6000C6C4BAC2EF10B03AE31305003E46564E54
:102A7000B647A64816474E8B29B1AE4A925605472F
:102A80003A96BA9A930D8B00E351D72A0547232231
:102A9000EB002320FB00B2C7D6C51D47E3475753C1
:102AA0004257850AD6C53A965257B2C7A10D23ACF4
:102AB000EDFE425723AEEDFE1D47E34657536E47EA
:102AC0004E45DE453ED63ACD92577E472AC92ECB9B
:102AD00008090C0132D402C102C302C502C73ACFB1
:102AE000138BF7FF97F0FF0FE78020CA2256E3070A
:102AF0000526B257850A5A968507D6C5B2C723A0C0
:102B0000FD0023A26D019D47E3CE5723A10DE2579F
:102B1000E25658193E9693871A0023A0ED00B2C7DB
:102B2000BEC523A2DD001D47138B8D00E354F7BA09
:102B30003245D001A685EF10902D631A05723E46EE
:102B40004E8B49BEE2476247A301010A9C43130929
:102B50004700E38D073AE3C70A663E8556868145FE
:102B600046D43ECCEF2000502ACE0347310AE2473C
:102B7000A25819E16F10C067B30CF54033EC0C0A92
:102B800011C3050C4ACC6F00903993F70B02CDE3CB
:102B9000E24713F70B01910719C36F10006FE2466C
:102BA00013F70B0403AC0600E3030766131C5C6019
:102BB000935CFC413ECC66876348070863C60A0AFB
:102BC000B3679C0193FBFBF7C5E3639F0A08834E41
:102BD000310AE3870E6E014C014E02CE814C814AD0
:102BE0001C0B050C63140E006F1070143E46AE45AE
:102BF00093FD4B08090C32882E8563830D6C02D639
:102C000002D4014EE3810EA80947A9BCE247854CD6
:102C1000A301010A9C432306F112E24791073ECC2F
:102C200005B493F70B0213E30B01E388071C9A8B9F
:102C3000E2479D07E19BD8439386870036CC03ACDF
:102C40000700BA8CE35C07F6B3378001B30C904100
:102C5000B38CFC409307D002A301F10A330C8041EE
:102C600063C40A0093FBFBF763970C34A54763E446
:102C70008735834E310A130C0C03054FA3078119C6
:102C8000FA8C33ECEA0B014E9307F11802CEE38B7A
:102C90000EF4050C81BFE2479C433EC8E3DD0710FC
:102CA000C247B307F0403EC8E24791073ECC834895
:102CB0000D0093EB4B002DBA9307B00283480D0033
:102CC000A301F10A35B283480D0093EB0B080DB256
:102CD00083480D009307A00293061D006394F8003B
:102CE0006F10607D938708FD25460147368D814A28
:102CF000E361F69083C806003347E7203327F720C7
:102D0000938708FD8506E377F6FEFD57368DB36A97
:102D1000F70AC5B032494A85EF2080435C413E85C1
:102D2000BEC0EFF08FC5AA874A85BEC83E89EF2096
:102D30002042184583480D003ADEE30B098AE30977
:102D4000078A83470700E385078A93EB0B404DB062
:102D500083480D0093EB1B0061B88347310A834819
:102D60000D00E397078893070002A301F10A49B019
:102D700093F70B0293E60B01E38D0708E2479D07EB
:102D8000E19B138787003ACCD0439843A301010A03
:102D900093FBF6BF63C00A5EB367C70093FBF6B749
:102DA000639A075C63980A5C13FC160063060C7652
:102DB0003E4693070003A307F11802CE02D602D4C1
:102DC00093FD4B08E28C014E9307F1183288E3968D
:102DD0000D884247330787416344E06A0347310A5D
:102DE000E3100788B38A9A41E355508D3788001065
:102DF000AE451308C8C6635A54055689BEC49D4DD6
:102E0000DA87C6C2F28A528B21A041196359240382
:102E10004106850523A04701C0C3B2C7AEC5A107BF
:102E2000E3D5BDFE3245D001A685EF10407E63108C
:102E3000054441193E46AE45CE87E34B24FD5A88F2
:102E400096483E8BA647568ECA8A569685052320FD
:102E50000B0123225B01B2C7AEC51D47210BE35A0C
:102E6000B7843245D001A685F2C6BEC4C6C2EF10F3
:102E7000007A631E053E13F70B103E46364EA647FA
:102E800096484E8BE30B078213075006E35717BF94
:102E90005E47CE456E453ACB7E472EC92ACD0C0102
:102EA0000809B2C4BEC2F2C602C102C302C502C74B
:102EB0003ACF97F0FF0FE780408D96472646364E73
:102EC000631D054EAE473787001013078783232005
:102ED000EB000506054785072322EB00B2C7BEC5F8
:102EE0001D47210BE341F720AA57125763D0E76C27
:102EF0004257AE47210B3A9652578507B2C7232C4B
:102F0000EBFE4257BEC5232EEBFE1D47634FF776FF
:102F10009257938AF7FF635F50FB37880010C14CCC
:102F2000AE479D4D1309C8C663C65C01B9A3C11A5B
:102F3000E3D85C1F4106850723202B0123229B0138
:102F4000B2C7BEC5210BE3D4FDFE3245D001A68534
:102F5000EF10E06B631D05303E46AE474E8BC1BFA0
:102F600083480D00930780066382F87493EB0B048B
:102F70006FF00FE893F70B026399071E93F70B01AD
:102F800099C36F10002B624793F70B04032C0700C3
:102F900011073ACCE3890728A301010A334C0C0836
:102FA000814CE3C30ACC33EE8A0193FBFBF7630346
:102FB0000E10E38D0CCAB7DDCCCCB7D6CCCC938D3C
:102FC000DDCC9386C6CC13F80B4001450C0B46892B
:102FD0009DA0725703470700130617F019C2E30FAD
:102FE000A710628E6683BE8533069C013337860147
:102FF0003A963337B603935E2700719B7697198E06
:103000003307CC403336EC003386CC40330FD70245
:103010003306B603B33EB7037A963307B703769603
:10302000931EF601935C16000583338CEE00631447
:1030300003006F10801A33069C01333786013297E4
:103040003333B70305059387F5FF135E230013732E
:10305000C3FF7293330767403307EC403307B7036E
:1030600005833347E72006073307EC4013070703C0
:10307000A38FE5FEE31F08F4628E6683BE85BDB7AD
:10308000A1679387078362472312F10AE247A301EE
:10309000010A18439107014663C20A5A13F3FBF76A
:1030A000936B2300E39B0A0EE319070E3ECC094EF7
:1030B00093088007834E310A814A014C814C1C0BD6
:1030C00002CEF1B693F70B0263970756E24713F768
:1030D0000B01910719C36F10E01A624793F60B04B6
:1030E0001843E3830616334707083ECCDE860146C5
:1030F00071B9624793F70B0211076394075293F774
:103100000B01E395070893F70B04E398073E13F3CD
:103110000B20E30D0306E247D2463ACC9C432380C2
:10312000D7006FF06FC683480D009307C006638811
:10313000F85693EB0B016FF0AFCB93F70B0213E351
:103140000B018DE7E2476247A301010A9107032CB7
:103150000700814CE3CF0A163ECC937BF3F7E317CD
:103160000CB0E3950AB0014EB1B75E83E247A3010C
:10317000010A9D07E19B138787003ACC03AC070047
:1031800083AC470063C00A50937BF3F7E39E0AAC1D
:10319000B3679C01E39A07AC014E29BF83480D0039
:1031A00093EB8B006FF0CFC44247B30D8741635E52
:1031B000B0CFC14EAE453788001063C4BE016F105A
:1031C000800F6E89BEC4EA8DDA87668D9D42E28CDF
:1031D000C6C2568C728B930AC8C621A0411963DB04
:1031E0002E034106850523A0570123A2D701B2C7AC
:1031F000AEC5A107E3D4B2FE3245D001A685EF10DB
:10320000004135E5C14E41193E46AE45CE879D424F
:10321000E3C92EFD5A8E96483E8BA6475688E28A11
:10322000668CEA8C6E8DCA8D6E96850523200B0107
:103230002322BB01B2C7AEC51D47210B6357B7C6DA
:103240003245D001A685F2C6BEC4C6C2EF10203CEE
:1032500019ED3E469648A647364E4E8B6FF0EFC4AA
:103260003245D001A685EF10803A630605C8F245C5
:10327000524981C53245EFF06F8383D7C40083295B
:10328000C11B032A811B93F70704832A411B032BCD
:10329000011B832BC11A032C811A832C411A832D05
:1032A000C119639007CC8320C11C0324811C832493
:1032B000411C032D011A4A850329011C7961828072
:1032C000424702D602D433078741014E6344E024CB
:1032D000638B0EBA09476FF0EFB83245D001A6856F
:1032E000F2C6BEC4C6C2EF10803251F13E46364E21
:1032F000A64796484E8B6FF0CFBAC14CAE47378881
:10330000001063C45C016F00B07832499D4D930B8F
:10331000C8C721A0C11A63D95C03410685072320D1
:103320007B0123229B01B2C7BEC5210BE3D4FDFE66
:10333000D001A6854A85EF10802D15F9C11A3E46A9
:10334000AE474E8BE3CB5CFD5E8856968507B2C7D1
:10335000BEC523200B0123225B011D476355F7B82F
:103360003245D001A685EF10802AE31205F03E46D3
:103370006FF06FB71C0B9315D601937677000D8312
:103380003E852E97938606030D82B365C700A38FF3
:10339000D7FEFD17EDF1938606FD89C613F71B00D6
:1033A00063110724180BB30CF74033EC9A0B02CED1
:1033B00002D602D4014E6FF08FA92A556356A04859
:1033C0001257B34AEE0A635F50012E4756962320E8
:1033D000FB00050723225B01B2C7BAC59D45210B3F
:1033E000E3CAE508B3EA0A0AB30A5E41634050350E
:1033F00013F70B40B38DC70163160772AA5A125711
:1034000063C6EA0013F71B00E307070CC2562E47FA
:103410009D453696D2560507B2C72320DB00C2561B
:10342000BAC5210B232EDBFEE3CCE5581257B38C33
:10343000E700B38CBC41B30A5741B3CC5C0B635F6C
:103440009001AE4766962320BB01850723229B018E
:10345000B2C7BEC51D47210BE348F75AB3EC0C0AAF
:10346000B38A9A41635850A737880010C14CAE47C1
:103470009D4D1309C8C663CF5C311308C8C655A15A
:103480002E45C14E4286AA8537880010E3DEEE54F1
:10349000BEC49D43DA873A89568BC6C2F2C6930AE8
:1034A000C8C721A0411963DC2E034106850523A06E
:1034B000570123A2D701B2C7AEC5A107E3D4B3FE1B
:1034C0003245D001A685EF108014E31205DAC14E13
:1034D00041193E46AE45CE879D43E3C82EFD568832
:1034E0009648DA8A364E3E8BA6474A873A96850535
:1034F0002322EB00B2C7AEC523200B011D47634D4D
:10350000B7300347310A210B55EF63800D9A814D87
:103510006FF06F97894DB5B7814C814A02D602D4BE
:10352000014E02CE1C0B6FF08F92B3F5EB00639F40
:1035300005D42320FB002322EB00B2C7D6C59D474C
:1035400063D757DD3245D001A685EF10400CE3105C
:1035500005D23E46AE4ACE8D6FF06FDB12578547DF
:1035600063D7E7DAC54737880010E3D3E776C14C65
:103570009D471309C8C621A0411B63DD6C47410666
:10358000850A23A02D0123A29D01B2C7D6C5A10D96
:10359000E3D457FF3245D001A685EF104007E3186A
:1035A00005CC3E46AE4ACE8D9D47F9B793F71B003A
:1035B0006382079235BAE24783480D0091073ECCFB
:1035C0006FF00F836E87814D6FF0CF89E2476247BE
:1035D0009C4311073ACC9043D4439847DC476FF0A3
:1035E0006F9B7915180BB30CA74013070003A38F2B
:1035F000E7FE33EC9A0BAA875DBBE247910762476F
:103600009A8B3ECC032C0700935CFC4166876FF0DD
:10361000AFDAE2479107624701463ECC18436FF0AC
:10362000EFF6E247D24652469C43FD863ACC90C321
:10363000D4C36FE07FF5DE866FF04FF4B7850010DE
:1036400093EB2B003ECC9385C58B094E814E93089E
:1036500080071C0B9376F700AE9683C60600118395
:10366000FD172380D7009316C60136971182B366E3
:10367000C700EDF2180BB30CF74033EC9A0B02CEF7
:103680006FF0EFE09A8B6FF02FDE3245D001A68508
:10369000EF00F077E31D05BC3E464E8B95B883489E
:1036A0001D0093EB0B02050D6FE09FF483481D0096
:1036B00093EB0B20050D6FE0BFF3B78500109385EA
:1036C000058D93F70B02FDC3E2479D07E19B13872E
:1036D00087003ACCD043984393F71B00B366C700EA
:1036E00099C3639B061CA301010A63C20A1293FBE0
:1036F000FBB7014E63940A00E38E069A834E310AAB
:1037000089BFB78500109385C58B65BF994633DCAB
:10371000DA0AB78700104ACCE28C9387478E02CE34
:10372000814A02D602D4014E6FE07FF2C1482E4793
:1037300037880010E3D1585F56899D4CBE8DF2C288
:10374000930AC8C621A0411963D0283B410605074A
:1037500023205B0123221B01B2C7BAC5210BE3D48E
:10376000ECFE3245D001A685EF00706AE31105B08A
:103770003E462E474E8BC148F9B73245D001A6854B
:10378000EF00F068E31505AE3E46AE474E8BC11A1A
:1037900063D85C194106850723202B0123229B0156
:1037A000B2C7BEC5210BE3D4FDFEC1BFE2466247EE
:1037B00093F70B01910636CC1843A1EB93F70B045A
:1037C000A9C333470708014601BF3245D001A6858A
:1037D0003ED4EF00D063E31C05A83E46AE4AA25794
:1037E000CE8D6FF0EFAB3245D001A6853ED4EF0011
:1037F0001062E31E05A63E46AE4AA257CE8D6FF07C
:103800000FAC93F70B206396074E0146F1B593FB7F
:10381000FBBF014E814E35BD3245D001A685F2C6B3
:10382000BEC4C6C2EF00B05EE31305A40347310A6D
:103830003E469648A647364E6307071A6E87AE4542
:10384000814D4E8B6FE01FE22E47B78500109385A8
:1038500085832320BB000506854505072322BB0081
:10386000B2C7BAC59D45210BE3CCE5061257498F77
:1038700063010742C2562E479D453696D25605072C
:10388000B2C72320DB00C256BAC5210B232EDBFEB4
:1038900063C5E542E342051A925605072320FB0063
:1038A0003696B2C7BAC52322DB009D4763C4E70042
:1038B0006FE03FE26FF0CFA793070003A302110B65
:1038C000A301010A2302F10A63C90A2013F3FBB71B
:1038D000834E310A936B2300094EA5BB3245EF108E
:1038E000600B6FE05FC23245D001A685EF00305219
:1038F000E31F05963E464E8B6FF00FDF63920C463A
:103900002547636F8745180BB30CF740834E310A88
:10391000CA882AD233EC9A0B014E02CE6FF02FB731
:103920004A8856968507B2C7BEC523200B012322BD
:103930005B011D476344F7006FE0BFD96FF04F9FF5
:103940004E47DE470C013AC93ECB6E47FE47080999
:1039500002C102C302C502C73ACD3ECF97E0FF0FB6
:10396000E78020FDF24893FBFBF7E34E0502930747
:1039700070040347310A63C0173FB787001093876D
:10398000C78A631307108D4C668C51BBE247D24641
:103990009C4394C33ACC6FE03FBFB7850010834E81
:1039A000310A3ECC9385C58B93088007094E55B1EB
:1039B000BE475249E383078C3245D001A685EF000C
:1039C000104565B83E8546CE3ECCEFE00FFB034781
:1039D000310AE247F248AA8C336C050A6304079A5D
:1039E000050C6FF02F9A63830D30AE45814D4E8BE1
:1039F0006FE07FC94A885A96850AB2C7D6C523A008
:103A00000D0123A26D019D4763D2579125BE13F787
:103A10000B2063080730131C4C60935CFC413ECCC8
:103A200066876FF06F9913FE0B20A301010A6313E1
:103A30000E2E814C63CC0AA293FBFBF763980AA27B
:103A4000630A0CE66FF08FA293F60B20638F062AB1
:103A50001377F70F3ECCDE8601466FF02FB3FE4F93
:103A6000B707008093FBFBF733FEFF0063010E2CCA
:103A70009307D002A301F10A93077004E3DF171143
:103A8000B78700109387878B02CE8D4C814A02D670
:103A900002D4014E114C6FE09FBB13E70B10FD5792
:103AA0003ACECE4E5E4FEE42FE4C6381FA3893071B
:103AB0009CFB99E3638C0A46E3CD0C0082C29DAE69
:103AC00002CE814C02D602D4014E1C0B014C6FE099
:103AD0001FB83ECC9A8B6FF06F9913F3FBBF936BBB
:103AE0002300094E814EB5B6164E5688EE87CA8A17
:103AF0005696050723200B0123225B01B2C7BAC5E6
:103B00009D45210BE3D6E58E3245D001A685F2C452
:103B1000BEC2EF00D02F631C05F43E46264E9647EA
:103B20004E8BF9B02257B256558FE30F072012572C
:103B3000DEC4E2C6EE8BEACAA25AB25D464C725DA2
:103B4000B7880010DA869388C8C61D48C14CBEC22B
:103B5000338BE7006342B0077D1DFD1AAE47064771
:103B60006296850798C223A28601B2C7BEC5A10688
:103B70006340F80C83450D00B3077B415A8733C976
:103B8000B70A63502003AE454A96B2C7850523A005
:103B9000760123A22601AEC5634BB80A83450D000A
:103BA000A106B367090A3389F54063492001AE9B3A
:103BB000E34250FB6351B037FD1D4DB7B782001093
:103BC000AE459382C2C663D72C053AD446D621A00F
:103BD000411963DF2C034106850523A0160123A2AA
:103BE0009601B2C7AEC5A106E354B8FE3245D00176
:103BF000A685EF00D021631C05E6B78700104119A8
:103C00003E46AE45CE869388C7C61D48E3C52CFD0B
:103C10002257B2524A968505B2C7AEC523A05600B8
:103C200023A22601634FB85483450D00A10641B776
:103C30003245D001A685EF00901D631A05E2B787D3
:103C400000103E46CE869388C7C61D4825B732452C
:103C5000D001A6855AD4EF00901B631A05E0B78700
:103C6000001083450D003E462257CE869388C7C676
:103C70001D4805BF3245D001A685F2C4BEC2EF0083
:103C80001019631605DE3E46264E96474E8B6FF0A2
:103C90006FF513F71B0019E36FE0DFA3C2562E4741
:103CA0009D453696D2560507B2C72320DB00C25683
:103CB000BAC52322DB0063D3E54C3245D001A6858B
:103CC0003ED4EF00D014631405DA2A553E462E4741
:103CD000A2574E8BC1B61257B38CE700B38CBC41D0
:103CE000B30A5741B3CC5C0B6FF04FF74E8B6FE0CC
:103CF000DF9B1377F70F0146C5B2E247D2463ACCB5
:103D00009C432390D7006FE03F883ECCDE8601467F
:103D10006FF0CF87137CFC0F814C63D60AA86FE04D
:103D2000BFF4935CFC413ECC66876FE0FFE89307ED
:103D300070040347310A63DD1765B7870010938766
:103D4000878BE31C07008D4C668C814A02D602D417
:103D500002CE6FE0DF8FB78700109387078B15B116
:103D60004647864542D2B388E7403A86468546CEE6
:103D7000EF10C03633079C01B337870137D6CCCC60
:103D80001306D6CC3E97B335C70237D5CCCC130536
:103D9000C5CCF257F256F24883C717001258B33712
:103DA000F00013D32500F1999A950D8F3307EC405D
:103DB000B335EC00B385BC403305A702B697B7D640
:103DC000CCCC3EDE9386C6CC9387F8FFB385C50284
:103DD000AA953335C7023307C702AA951393F50195
:103DE00093DC150005450583330CE30033079C0184
:103DF000B33587012E97B335C70213D32500F19948
:103E00009A950D8F3307EC403307C702058333477C
:103E1000E72006073307EC4013070703A38FE8FEEC
:103E20006FF02F9B930780076FE0DF9B63C20C4A04
:103E300082C2994A930760046311FC2C32457C11BD
:103E40003811D6860C091308010B0D46C6C476C975
:103E500076D67ACB7AD416CD16D266CFEF10E04C58
:103E600083460500130700039252225FB25EA64804
:103E7000AA87330955016382E65AAA5D08090C0135
:103E80003ED466CF46D276C97ACB16CD02C102C3E4
:103E900002C502C797E0FF0FE780208FA257B30C3F
:103EA000B9016E8E631405563387FC403AD213F77E
:103EB0001B00336757016351C06363170758F28CC7
:103EC0009308600613F30B4033EC0C0A63120348AB
:103ED0001647630A07341307D002A301E10A050C51
:103EE000F24B814A02CE02D602D46FE04FF6324541
:103EF00093851A0046CEEFD0EFCBF248AA87630C29
:103F000005627E472ACECE465E46EE45634B073CB1
:103F100082C26FE09F8FDE8D6ADE9647A64B364CDD
:103F2000564D368BB3DDED0A6FF04FCD82C263D7AD
:103F30000C009307D002939CFC69BEC23245930DDE
:103F400001097C11EE851308010B381185460946DD
:103F5000C6C676C9F6C47ACB7AD616CD16D466CF45
:103F6000EF10A03CA252325FA64EB648854AAA87FF
:103F700056D213F71B00630507126E850C013ED65F
:103F800046D476C97ACB16CD66CF02C102C302C52C
:103F900002C797D0FF0FE780407FA258B257630A4D
:103FA000055692564A57B38CD7006370975D130637
:103FB00000039306170036D92300C7004A57E36A67
:103FC00097FF1D8F930670043AD22A5E630EDC0CB5
:103FD00013076004E30DECEC1307FEFF230A110B3B
:103FE0003AD5634B07469306B002A30AD10AA54609
:103FF00063DEE6465E8902CE930E310C37D3CCCC1D
:1040000076851303D3CC130F3006B33667023A8894
:10401000AA857D158D8233C6D6200606118F13071B
:104020000703A38FE5FE3687E3410FFF13870603DF
:10403000A30FE5FE1387E5FF6373D74F1305610BED
:10404000AA860346070005078506A38FC6FEE31A66
:10405000D7FF2A9709070D8F5419158F3ADC92560E
:1040600062560547B38CC6006352D72A4257BA9CA2
:1040700016471373F9BF936B0310137E290033ECBB
:104080000C0A630E0722930ED002A301D10B814AC2
:10409000050C6FE03FB5925683C5A6006FE0DF9632
:1040A0004A572A5E1D8F3AD21327DEFF19E363D4E5
:1040B000CA01F91815B712576340EE1E13F71B001B
:1040C000F28C01C74257B30CEE0013F30B406304AC
:1040D0000300634DC02733EC0C0A93087006CDBB78
:1040E0003245D001A6853ED41D23631205982A557A
:1040F0003E46A2574E8B6FF06FF79307BCFB3245DD
:1041000093B71700D697930D01093ED2BE8638119A
:104110007C11EE851308010B0946C6C676C9F6C4A4
:104120007ACB7AD616CD16D466CFEF1000201307BF
:104130007004A252325FA64EB648AA87E30BECE2A7
:104140002AD60C016E8546D476C97ACB16CD66CFB9
:1041500002C102C302C502C797D0FF0FE780E06229
:10416000A258B257630B054092564A57B38CD700FA
:10417000E36F97E31D8F2A5E3AD2B9BD210B6FF032
:10418000AFF13245D001A6853AD451216311058E95
:10419000B787001083450D003E462257CE86938890
:1041A000C7C61D4829B49307D002A301F10A93079B
:1041B000700463DF1713B78700109387078BE9B08C
:1041C0003245D001A6853ED499216312058AAA5AA8
:1041D0003E46A2574E8B6FF06FA525476374C7010B
:1041E0006FE07FE56FF02FF21308C8C76FF00FB0D4
:1041F0004ACC63050710138C1A00D68C02D6814A6C
:1042000002D4014E6FE0AFC43245D001A685012132
:1042100019C16FF0CF85AA5A92573E464E8BB38A8A
:1042200057416FF0AFA30347310AE30B07CA050CF0
:1042300045B95E836FE01FF1C155B30AA0403788CE
:1042400000106359B530C14C9D4D3ED41309C8C60A
:1042500021A0C11A63D15C0D4106050723202B0163
:1042600023229B01B2C7BAC5210BE3D4EDFE324530
:10427000D001A685692E19C16FE07FFF3E462E470B
:104280004E8BC1BFDE866FF00FB95E836FF02FB724
:104290001308C8C76FF06F8B1257C2569308700689
:1042A000B30CD700E340C0C3338FCC41930C1F0045
:1042B00033EC0C0A31B91308C8C66FE0FFF6834E21
:1042C000310A814A63840E006FE0BF9C6FE09F91CA
:1042D000994A9307D002939CFC69BEC2A1BE02CE4C
:1042E0007C121305D0021317F769AAC26FE0EFD151
:1042F000B78700109387C78A6FF00FF9D68C568C5A
:1043000002D6814A02D4014E6FE06FB43377E900E0
:10431000E30007D6A1BBA2574A8856960507B2C745
:10432000BAC523200B0123225B019D45E3D8E5E4B8
:104330003245D001A6853ED4D92C19C16FE03FF398
:104340003E462E47A2574E8B6FF00FD5930870064E
:10435000725703470700930617F0638C0620635AD1
:10436000C721F2560145814501A88505850613063A
:1043700017F035C66355C707330EEE4003C7160066
:104380006DF703C706000505DDB752496FE0FFEE84
:10439000B78700109387478B6DB2B787001093875C
:1043A000478B6FF06FEE4A8C938CFAFF225BB2580A
:1043B000E2572649364DD644E29A62871306000337
:1043C00063D40C006FE08FE40507A30FC7FEE39DE5
:1043D000EAFE33079C01130C17006FE02FE336DE73
:1043E000C6463307B5002ED43307D7022AD6BA9C67
:1043F000164733EC0C0A45C31307D002F24BA30156
:10440000E10A050C02CE814A6FE06FA44A57925828
:10441000E36F97B91D8F3AD265BE08090C013ED4EF
:1044200046D276C97ACB16CD66CF02C102C302C589
:1044300002C797D0FF0FE78040359258A2575DE141
:104440002A5EB30CC9018DB44257338FCA01930859
:104450006006B30CEF00BDB41307D002A30AE10A53
:10446000E15605473307C741E346DEB8930600032C
:10447000230BD10A5E8902CE9306710B6FE04FDCED
:104480001307D002A30AE10AE1560547118FE3455D
:10449000D6B66FE0AFDA0347310A49C7F24B050CD5
:1044A00002CE814A6FE0AF9AB78600101387C68BA1
:1044B0003AD26FE08FBEE247624683481D009843C0
:1044C0001106FD5732CC368DB36AF70A6FE04F9272
:1044D0001308C8C66FF02FD21DE3054CE28C930879
:1044E0006006FDB2854F4A57B38F5F417ED5938CEE
:1044F0001700E36E97AB1D8F7E8E3AD24DBA4257AE
:1045000093086006130F1700B30C5F0133EC0C0A1D
:10451000C1B22A5E51BE1308C8C66FF06FDD0947ED
:104520003ADC35BEF24B814A02CE6FE04F9202D6A2
:1045300002D46FE0CF9183D7C400524993E70704B8
:104540002396F4006FE07FD312573E97B3DDED0A58
:104550006FE0DFEA1308C8C6C9B3814A02D602D4A5
:1045600002CE8D4C114C6FE08F8E1D8F2A5E3AD299
:1045700025BE014702D602D49DBD2A5EB1BC83D7B9
:10458000C50083AE450603DEE50003A3C50183A88D
:104590004502130101B7F59B1308010813070040FA
:1045A000232481482E842C08232291482312F102CF
:1045B0002326114802D8F6DE2313C1031ADA46DE99
:1045C00042CC42D43AD03AD6AA84EFD03FF0AA8760
:1045D00063570502035741021377070419C70357AE
:1045E000C400136707042316E4008320C148032492
:1045F0008148832441483E851301014982802AC6AF
:104600002C0826856D2AB24771D5FD57E1B71846AB
:1046100009E70145232206008280011106CE32C639
:10462000412EB247F24023A4070023A207000561F0
:1046300082808397C500011122CC4EC606CE13F7A7
:1046400087002E84AA8969E3D4411397B72823965B
:10465000E5006358D010032884026301080A26CAC3
:104660009396370183A4090023A0090063C20610B2
:104670004C4C014685464E850298FD572A86630EAE
:10468000F5100317C40003288402118B19C7584082
:104690001C58198E99C35C5C1D8E4C4C81464E850E
:1046A00002987D578317C4006316E50C83A60900A2
:1046B0007547636FD70E3707402005073356D74835
:1046C00065CA14481397B7482316E4002322040050
:1046D00014C0139737016355070083A70900DDC78E
:1046E0000C5823A09900C5C9930704046385F500FD
:1046F0004E85EFD0BFBBD24423280402F24062446F
:10470000B2490145056182804AC803A90501630FCA
:10471000090426CA84418D8B23A02501B38424413A
:10472000014791E3D84918C4634690003DA82A99EF
:10473000635D90025C504C4CA6864A864E858297FB
:10474000898CE346A0FE8357C400424993E70704DF
:10475000F2402316F4006244D244B2497D5505610B
:104760008280D45DE349D0EE51BFD244424979B74B
:10477000304821BF14481397B7482316E40023227A
:10478000040014C013973701E35C07F40C5828C8E1
:1047900023A09900B1F9D24495B783A70900E38219
:1047A00007EE138737FE01CBA91791C78357C400C3
:1047B00093E7070471BF23A09900D24481B7AA8769
:1047C00019C1585901CB0397C50019E301458280EF
:1047D0003E8585B501112EC606CE2AC4652AB2458E
:1047E000A2470397C50009C7F2403E85056191B510
:1047F000F24001450561828037460020B775001000
:1048000037450020130606C593850556130505B3E5
:10481000D1A14C414111B747002022C406C693875D
:10482000C7F92A846384F500EF2090530C44B747FE
:104830000020938747006385F5002285EF205052C2
:104840004C44B74700209387C7066388F50022854C
:104850002244B24041016F20B050B2402244410195
:1048600082800111B747001022CC9387877F37449D
:104870000020374500201304C4F906CE26CA4AC8D2
:104880004EC652C423AEF18021469147814513059F
:1048900085FF5CC423200400232204002324040099
:1048A0002322040623280400232A0400232C0400C6
:1048B000EFD0AFF3375A0010B75900103759001036
:1048C000B754001037450020C167130A8ADC93896A
:1048D000C9DF130949E59384E4E8A507214681452A
:1048E000130505067CD82320440323223403232404
:1048F000240344D440CC232404062326040623287E
:1049000004062326040C232C0406232E040623204D
:104910000408EFD08FED3747002037450020B70758
:104920000200C907130747001305850C214681457E
:10493000232444092326340923282409232A9408FC
:10494000232EF40C2328040C232A040C232C040CFF
:10495000232A04122320040E2322040E2324040EEF
:104960002322E408EFD06FE8B74700209387C706FB
:104970002328440F232A340F232C240F232E940E94
:10498000F2402326F40E6244D2444249B249224AFC
:10499000056182805C5991C38280B757001003A7DC
:1049A000C181938727815CD965FB65BD8280828048
:1049B0001C46638107188396C500397122DC52D4E6
:1049C00056D206DE93F786002E84AA8A328AADC3B9
:1049D0009C49B9CF26DA4AD84ED65AD093F726004A
:1049E00083240A00B5C7370B0080130B0BC0814925
:1049F0000149B356690B4E865685630709125C5010
:104A00004C4C8297635DA02A83278A00AA993309B8
:104A1000A940898F2324FA00E9FFD2544259B259A0
:104A2000025B0145F2506254225A925A21618280FF
:104A3000A2855685352B631A051A8316C40026DA1B
:104A40004AD84ED65AD093F7260083240A00C1FFD5
:104A50005ECE62CC93F71600E5E31C40370700807A
:104A6000130CF7FF014B8149638A090A13F70620EB
:104A7000032984003E85630C0716CA8B63EF291D4A
:104A800013F706483DC758480C483327E720135909
:104A9000F701B38BB7403A9993871B00135919401C
:104AA000CE974A866374F9003E893E8693F60640A7
:104AB000638C061CB2855685EFC0DF8F630405202A
:104AC0000C485E862AC6EFD0CFDC8357C40032473D
:104AD00093F7F7B793E707082316F400B307794174
:104AE00033057701232A240118C808C01CC44E8945
:104AF000CE8BDA855E86EFD0AFC118441C403307F9
:104B0000274118C403278A00DE971CC033073741AA
:104B10002324EA006302071A8316C40003AB0400CF
:104B200083A94400A10489B783A9040003A9440010
:104B3000A104C1B501458280014B814B0145014C67
:104B4000630C0B0435C1DE895448032984000840F6
:104B50001C48B3593B0B369963F4A70063403907EF
:104B600063C7D9105C504C4C6286568582972A895F
:104B70006351A006B38B2B41054563830B0E83273E
:104B80008A00B38727412324FA0063870712330B77
:104B90002B414A9CE3180BFA03AB4400A687A104FF
:104BA000E30C0BFE03AC07005A86A94562855D291C
:104BB000630005100505B30B854171B7E2854A8690
:104BC000EFD00FB51C40A2855685CA971CC0C53EC4
:104BD00055D18317C400F24B624CD2544259B2599A
:104BE000025B93E707042316F4007D5525BD1848A2
:104BF0006360F704584863EDE902B3D6890B33E7E5
:104C0000E6025C504C4C5A865685998E8297E35248
:104C1000A0FC2A8983278A00B3892941B3872741C9
:104C20002324FA00D1CB8316C4001C404A9B2DBD1F
:104C30003359390B3E854A86DA85EFD06FAD1C407B
:104C40001844CA97330727411CC018C461F7A285CE
:104C50005685EFF0DFB65DDDADBF4E89CE8B51BD21
:104C6000A2855685EFF0BFB5E30B05F09DB74E86E4
:104C7000E285EFD0EFA918441C404E893307374135
:104C8000CE9718C41CC0FDB55685EFC0FFD32A8748
:104C9000E31605E40C485685EFD04FE18357C40076
:104CA0003147F24B624C23A0EA0093F7F7F735B790
:104CB00093091B00CE8B49BDF24B624CB9BB8317E5
:104CC000C40021BFB14723A0FA00F24B8317C400F0
:104CD000624C21B779714AD04ECE52CC56CA5AC8CE
:104CE0005EC606D622D426D2B28A2A8BAE8B014A61
:104CF00085497D5983A44A00FD1463C6040203A4B8
:104D00008A008357C40063FBF9008317E400A2857F
:104D10005A8563852701829B336AAA00FD14130418
:104D20008406E39024FF83AA0A00E3950AFCB250AC
:104D3000225492540259F249D24A424BB24B528504
:104D4000624A456182802A8719C15C598DCB1C4615
:104D500093F6F50FFD171CC663D80700084E63CE07
:104D6000A700938766FF91CB1C4213F5F50F1387BD
:104D7000170018C22380D70082803A8521AA01112A
:104D800032C62EC406CE2AC231313246A24512475F
:104D90001C4693F6F50FFD171CC663D80700084E96
:104DA00063C0A702938766FF81CF1C4213F5F50FFE
:104DB0001387170018C22380D700F2400561828054
:104DC000F2403A850561F9A0411122C42E848395F1
:104DD000E50006C6E52E634905003C48B240AA97A7
:104DE0003CC82244410182808357C400B24093975B
:104DF000C7482316F4002244410182808397C500EE
:104E000036832E8793F6071089EA8395E5009397FA
:104E1000C7482316F7009A86C5AE8395E5000111B1
:104E200032C48946014606CE1AC63AC02AC28D2629
:104E300002473243A2488317C7001248F240831545
:104E4000E7009397C7482316F7009A86468642855F
:104E500005615DAE411122C42E848395E50006C62E
:104E6000052E7D578317C400630BE5009397C72871
:104E7000B24028C82316F40022444101828093974F
:104E8000C748B2402316F400224441018280839532
:104E9000E500E1A4011122CC26CA06CEAA842E8404
:104EA00019C15C59E9C3184E8317C60018C613F719
:104EB000870031CF184A21CF93962701785263D5C6
:104EC00006069317270163CE070818421C4A544A66
:104ED000B307F74063D8D706850714469305170034
:104EE0000CC2FD1614C623008700584A1374F40F31
:104EF0006304F706930764FF89E78357C600858B31
:104F0000A1EFF24022856244D24405618280B285DD
:104F1000268532C6B12831E532468317C60078525D
:104F200093962701E3CF06F89397D7281317D7480E
:104F30002316F60078D21C4A1842544AB307F740A9
:104F4000E3CCD7F8B285268532C6EFF05F8711E94A
:104F500032468547184251B7B2852685EFF03F8625
:104F60004DD17D5479BF32C6EFF0DFA2324625BF66
:104F7000B747002003A747DD011106CE2A86AE877A
:104F800019C3545BE1C20397C700937687009DC2A3
:104F9000944B8DCE0397C7001376170039CAD04BB8
:104FA00023A4070001453306C04090CFB9CAF240A0
:104FB0000561828093760701D1CE93764700B9EAE6
:104FC000944B136787002396E700E9F6D8479305CB
:104FD000002013770728E30FB7FA3285BE853EC459
:104FE000EF208062A2470397C700944B1376170007
:104FF0005DF613762700814511E2CC4B8CC7014545
:10500000DDF693760708C5D6136707042396E700F5
:105010007D5571BF8C5B85C193860704638BD5007A
:1050200032853EC632C4EFD06FA8B24722460397FE
:10503000C70023A80702944B1377B7FD23A20700EC
:1050400094C341B72AC43A852EC6EFF0BF94B24745
:10505000224615BFA5461367070414C22396E7002E
:105060007D55B1B79377350013F7F50F99CB2DC662
:10507000834705007D166380E706050593773500B5
:10508000FDF70D48637FC80293F5F50F93978500F0
:10509000BE95939705013703FFFEB7888080BE95C4
:1050A0001303F3EF938808081C41AD8FB3866700A4
:1050B000B3F7F640B3F7170191E771161105E365F1
:1050C000C8FE19CA2A9621A005056307C5008347B3
:1050D0000500E39BE7FE828001458280B3E7A500DF
:1050E0008D8B81E79337460095CB2A8711A883C61D
:1050F000F5FF1308F6FFA38FD7FE81CA3E874286CD
:1051000085059307170065F68280329763010804CE
:105110008507A38F07FEE39DE7FE8280B708FFFEA9
:10512000378880809388F8EF130808082A870D4392
:105130009441B3871601B3F7D740B3F70701E9F3FA
:10514000711614C311079105E364C3FE55BF828035
:10515000374500201305C5D48280411122C426C2E0
:10516000AA842E8506C623A00182EFC0AF8FFD570B
:105170006307F500B240224492444101828083A734
:105180000182EDDBB24022449CC092444101828006
:105190004111AE8722C426C2B285AA8436863E85D6
:1051A00006C623A00182EFC02F8CFD576307F500D0
:1051B000B240224492444101828083A70182EDDB08
:1051C000B24022449CC09244410182804111AE878A
:1051D00022C426C2B285AA8436863E8506C623A08E
:1051E0000182EFC0AF87FD576307F500B24022444C
:1051F00092444101828083A70182EDDBB2402244C8
:105200009CC09244410182804111AE8722C426C2D3
:10521000B285AA8436863E8506C623A00182EFC0E9
:105220002F84FD576307F500B240224492444101A8
:10523000828083A70182EDDBB24022449CC092446D
:1052400041018280D845597183A8050003A8450013
:105250009445A6D2A164A2D486D693570701FD1423
:1052600023200600BACEE58FC6C8C2CAB6CC2A84AF
:10527000638F970888000C18CAD0C6C046CCC2C23B
:1052800042CAB6C436C8BAC63AC6328902D802DAA9
:1052900002DC02DE3ECE97C0FF0FE780004F3247B0
:1052A000C2465248E24841C1F24781459DEFB707E7
:1052B00071400C181010880036DC3ADE3ED646D815
:1052C00042DA02D002D202D497C0FF0FE7804075C5
:1052D000364786451646A64693570701AEC8B2CA5A
:1052E000B6CCBACEE58F9305E0F8F176890676471D
:1052F000B69737060180AE977D162320F900C64881
:105300005648E6460659718F3706FE3F518FB65014
:10531000232014012322040114C458C422852654D6
:105320009654656182800659DDB7B788001093886E
:10533000C8C803A38800717183AE080003AE48009B
:105340009AD203A3C80083A8080122D526D3C6D6C3
:10535000832885034AD14ECF52CD56CB5AC96AC154
:10536000EEDE06D75EC762C566C3F6CEF2D09AD42B
:1053700042CE03A90500C441804503AAC500AA8AFC
:10538000328DB68D3A8BBE8963870800C685EF10D3
:10539000806623AC0A0226579356FA0123A0D9004F
:1053A00093571740F58FB98FBED413171A00F177B2
:1053B0009319FA49938717F9135C1701B34B0A083D
:1053C00008180C104AD826DA22DC4AD026D222D479
:1053D0004EDE4ED6CAC6A6C8A2CAB30CFC00DECCAE
:1053E00097E0FF0FE780C0E371ED3707FF7FFD57C0
:1053F0007D170C1008183AD63ED03ED23ED497E026
:10540000FF0FE780E0E139ED0C10081897C0FF0F9F
:10541000E78020526358A0048D47BEC4F247B8000D
:105420006E883EC06686EA875685DA88F400EC0806
:105430001D2A03270B00E1776317F700B7070080E9
:10544000FD172320FB00BA502A549A540A59FA49EE
:105450006A4ADA4A4A4BBA4B2A4C9A4C0A4DF65DD4
:105460004D618280C1670C1008184EDE3ED64AD8C6
:1054700026DA22DC02D002D202D497C0FF0FE780E6
:10548000603C63480500939B0B298547DECCBEC476
:1054900071B70C1008184AD826DA22DC52DE02D086
:1054A00002D202D402D697C0FF0FE780002E19E186
:1054B00082C4ADB7F177938727F90947B30CFC0095
:1054C000BAC4A9BF9147BEC491BF397122DC40451F
:1054D0004AD84ED6032985008329450052D4032A91
:1054E00005001314F44908088A8506DE22CE22C678
:1054F00052C852C04ECA4EC24ACC4AC497E0FF0FAF
:10550000E78000D229E93707FF7FFD577D178A859D
:10551000080826DA3AC63EC03EC23EC4854497E03B
:10552000FF0FE780E0CF11CDF250625413951400C5
:105530008947D2544259B259225A33F5A7402161C2
:1055400082808A85080897C0FF0FE780803EE35D70
:10555000A0FC8144D1BFF25062544259B259225A40
:1055600005452161828055714EDF83290700A2C560
:105570004E4466D313F3F9FC86C7232067000D4E13
:1055800013F3F9003EC042C4A28C6300C32D6AD15C
:1055900013F4C900228D631004246ECF46CE36CAA0
:1055A00032D02ED63AD4AA8D630C0326CAC103A9E1
:1055B000050093070002814563D62701860785050C
:1055C000E3CE27FF6E85EF10E0682A846309052289
:1055D000D2479306F9FF958693952600A6C3B3C6D6
:1055E000F62013074501904391071107232EC7FEAC
:1055F000E3FBF6FED24785068507B3B6F600FD1637
:1056000033F7D50011079307040193542740BA9745
:1056100021A0F117638B04249843A686FD1475DB43
:10562000B3C48420C84814C836CCEF100078E246D2
:105630009606B384A6402285EF10E05982572AC708
:105640003EDA631C05501C486386071C6C012285EA
:1056500056DB5AD95ED762D552DDEF107061939751
:10566000C500B1833707F03F5D8F5258B7870010F0
:1056700003A607D883A647D82698AA88BA85930B8D
:10568000F8FF3AD2428CC6C8AAC097C0FF0FE78085
:10569000A093B787001003A687D883A6C7D897B072
:1056A000FF0FE7806050B787001003A607D983A6D5
:1056B00047D997B0FF0FE780E094AA8A5E852E8BCA
:1056C00097C0FF0FE78060EFB787001003A687D968
:1056D00083A6C7D997B0FF0FE780004D2A86AE8614
:1056E0005685DA8597B0FF0FE780C091AA8A2E8B86
:1056F0005E8563D50B000545330585411305B5BCB3
:10570000635AA00297C0FF0FE78020EBB787001015
:1057100003A607DA83A647DA97B0FF0FE780C048F1
:105720002A86AE865685DA8597B0FF0FE780808D92
:10573000AA8A2E8BDA85568597C0FF0FE780E0E1B5
:105740005A8AD2852A8B0146568581465ACC97B013
:10575000FF0FE780003A635205025A8597C0FF0F9A
:10576000E780A0E55686D28697C0FF0FE78060FBF2
:105770003335A000B307AB403ECC125793974B0193
:10578000338AE700338774419306F7FF36D8E24641
:10579000D94763EFD70CE24737880010930808CB4E
:1057A000B3E81721064603A5080083A54800D28662
:1057B0003AD297B0FF0FE780602812576345A03CAC
:1057C000E357E03AC257624782C602DCBA973ED836
:1057D000BAC202DE7DA891476315F3022E440A5D2A
:1057E000BE40FA59E17766869A5CB785001023A01F
:1057F000F800F2869385859069616F1000190E4953
:10580000FA4D8147BE402E440A5DFA599A5C3E85A6
:1058100069618280A2856E85EF10004A9E440E4920
:10582000F2478546B785001066866E8594C39385DA
:105830008583EF108015BE402E44AA87FA4D0A5D7D
:10584000FA599A5C3E856961828022862E44BE4068
:10585000FA599A5CE177B785001023A0F800938588
:10586000C58FA14669616F10401223280400E1B37F
:105870008547BEC6C25702DC63C20730E24763D821
:10588000072EE257624782C2998F3EDCB307E040A1
:105890003EDE0247A54763E4E74082471547635A67
:1058A000F760F1173EC082469147638DF642E38C64
:1058B000E622894782CC814A6389F6428D473EC001
:1058C000A2476247BA97BEC485073ED26352F02C06
:1058D000BE856E853EC7EF106007AA876302055C30
:1058E00032570328C7007D18630C08006353080073
:1058F000094893F90910638009320D4733080741BD
:1059000012571337F7006308073063860A3062477F
:105910003367E800631107300647B64602C7BACEC0
:10592000D2D495C2B786001003A606DB83A646DB59
:105930003A85D285BEC0BAD097B0FF0FE780601B12
:105940008647E34F053CBEC0F647B709C0FC3E861C
:105950003E85A657BE86BE8597A0FF0FE780806A6A
:1059600037870010032687DC8326C7DC97A0FF0F4C
:10597000E7804069125786472A83AE99630407245B
:105980001257F64A265B82D6BAC0064737880010FF
:10599000930808CBB3661721664703A686FF83A644
:1059A000C6FF6309076637870010032587DD832557
:1059B000C7DD9AD0BEC8C6DACED89389170097B093
:1059C000FF0FE78000BC0656C656D68B5A8A97B0A2
:1059D000FF0FE780605F2A86AE865685DA85B68A35
:1059E000328B97C0FF0FE78040B72A8C97C0FF0F1C
:1059F000E780A0BC2A86AE865E85D28597B0FF0F71
:105A0000E780805CC64713070C032A86AE86238096
:105A1000E7002A8AAE8B5A85D68597B0FF0FE780BC
:105A2000E001C647E34BA04EB786001003A746DB54
:105A300083A606DB37860010BAD2B6D00327C6DBB2
:105A4000832686DB228CCADCA6DEB6C8BACABED8DC
:105A50005284DA845689BDA0BA47064785073EC7F7
:105A6000E3D7E75497B0FF0FE78000144646D646C9
:105A7000AA842E892285DE8597B0FF0FE780C012A9
:105A8000AE8A2A8A97C0FF0FE78020AD2A8497C08C
:105A9000FF0FE78080B22A86AE865285D68597B002
:105AA000FF0FE7806052930704032686CA8623808F
:105AB000F90085092A84AE8B97B0FF0FE780600359
:105AC000E34A0544065596552286DE8697B0FF0FB9
:105AD000E780804F2686CA8697B0FF0FE780600177
:105AE000AA874646D6462685CA85E3D707F6C6570F
:105AF00003C9F9FF62841306900331A0E383D72E14
:105B000003C9F6FFB6899386F9FFE309C9FE0509C3
:105B1000365723802601130D0002130C1700A285AF
:105B20006E853EC0EF104019F2472380090023A084
:105B30008701824763840C0023A03C012257A256B0
:105B40009E4418430E496A5A3367A701DA5A4A5BE2
:105B5000BA5B2A5CFA4D98C275B1AA852285EF001E
:105B6000907DBA4702579D8CBA973EDAE9BCC2577E
:105B7000624702DEBA973ED8BAC221BB8547998FE9
:105B80003EDC02D8E5B9E24782C6FD173ECCDDB166
:105B900085473DBB3A863A85D286D285BEC097A05E
:105BA000FF0FE780204637870010032687DC832617
:105BB000C7DCB709C0FC97A0FF0FE780A044864769
:105BC0002A83AE99B786001003A606DD764583A624
:105BD00046DDA655BEC09AC897B0FF0FE780C03E0D
:105BE0004646CE862A8AAE8A97B0FF0FE78000E548
:105BF0008647E34FA01E46469396F9695285D6859F
:105C000097B0FF0FE780E0EE8647634C0568764764
:105C1000265A0148BAC852576342070E62471327F3
:105C2000F70069CFB7880010938808CB6247B36844
:105C3000172103A7480083A608003AC2224736C0AE
:105C40006353072A12576340E02A631C07643787AF
:105C50000010032607DD832647DD024592453ECA34
:105C600097B0FF0FE78040F44646D28697B0FF0F0B
:105C7000E780C0DCD2476356056213071003238018
:105C8000E70081456E85938917003EC0EF10C00282
:105C9000E247130D0002138C2700824749B5930792
:105CA000DC3F93BA877F02C04A8597C0FF0FE78029
:105CB000C090B787001003A687DA83A6C7DA97B02B
:105CC000FF0FE78060EE97C0FF0FE78000897D57E8
:105CD000FD57930535003AD20547BEC402C4AE87CE
:105CE000BACCC5BE8547814ABECCA2478545B3E53F
:105CF000B70AAE87AEC42ED22EC4E1BE6647630299
:105D000007423257525633099940584393061900B7
:105D100036C7330926416359E9688246F516F59A74
:105D2000638A065C82463307E640125693A6260035
:105D3000050793B616003326C0003AC7F18E81C618
:105D40009256E3C7E632C256725ABA9636D8E2562F
:105D5000B309D70085456E85BEC042DAEF108015C5
:105D60002A89630F051262575258864715C3425756
:105D70006350E002C25662573347D70AE2563AC729
:105D8000B389E940998E36DCC2563387E6403AD86B
:105D9000725719CF63140A747256A2856E85BEC0FD
:105DA00042DAEF102032525886472A84630A050EE1
:105DB00085456E853EDE42DAEF10C00F2A836DC145
:105DC00016475258F2576318075402471327270003
:105DD00019C3FD14D9CC7D454257B304E540F114F5
:105DE000FD8826C7338634012687634FC04CC256D0
:105DF0003386E600634CC00836476313075C1257CE
:105E00006349E034024713273700631407349A8547
:105E1000814615466E853EC0EF00306BAA8549C1AC
:105E200012578247631C07662AC022853ECAEF10BC
:105E300040488245D2476353A0661307100323806E
:105E4000E700624793891700130D000205073ACC5B
:105E50006E853EC0EF0050668247E305092CCA8577
:105E60006E853EC0EF005065E247138C17008247F5
:105E70007DB13257825658430507E35ED7F4425747
:105E8000850905073AD80547BAC2B1B79A856E8524
:105E90003ED642D0EF1040310258B2572A8329FD36
:105EA0009E440E496A5ADA5A4A5BBA5B2A5CFA4D3A
:105EB00089BA9307DC3F93BA877F8247914663890B
:105EC000D75E6383E742024789476300F75E8D47E9
:105ED00082CCE307F79EC9BB832608CB032748CBB8
:105EE000014836C03AC24649D289924AD285024A0E
:105EF0000547D68652864A853EC442CA3AC797A00D
:105F0000FF0FE780006897B0FF0FE7800065AA8465
:105F100097B0FF0FE780606A5286D68697B0FF0F72
:105F2000E78080C82A86AE864A85CE8597B0FF0F67
:105F3000E7808009A2471387040301462380E70016
:105F400093891700E24781462A8A138C17002E890D
:105F500097B0FF0FE780E07CA247E30205BCB7865D
:105F6000001003A7C6DB524883A686DB22CA3AC6C6
:105F700036C442D63ED05284B5A042C797B0FF0F78
:105F8000E78080C2024A924A2A8B5286D686AE8B1E
:105F900097A0FF0FE780E05E97B0FF0FE780E05B20
:105FA000AA8497B0FF0FE78040615286D68697B0EB
:105FB000FF0FE78060BF2A86AE865A85DE8597B0E0
:105FC000FF0FE7806000850993870403A38FF9FE24
:105FD000014681462A842E8997B0FF0FE7806074BE
:105FE000630A054A3A4792572246B2462285CA8535
:105FF00013081700E313F7F8325882575244630925
:1060000008608546414DE31CD8B06247BAD603C943
:10601000F9FFD5B4CE851A85C2D8BED097B0FF0F90
:10602000E78080B837870010832787DB0328C7DB2A
:10603000C648D28E0547228AA6C88659AA8B2E8CBE
:10604000BE8A428B3AC74684F68401A83AC797B005
:10605000FF0FE78060B52A84AE842285A68597B0BD
:10606000FF0FE780804F2A8919CD97B0FF0FE78097
:10607000C0542A86AE862285A68597B0FF0FE7809A
:10608000A0F42A84AE84130909031379F90F23803D
:106090002901BA47064885092285A6855686DA86EB
:1060A00013871700E39407FB3783001086570326F6
:1060B00083DD8326C3DD5E85E285BEDAA2D0A6C07D
:1060C00097A0FF0FE78000F486588646C6444686B0
:1060D000C6C897B0FF0FE780C0A1D6575284E34CE3
:1060E00005A037830010032583DD8325C3DD5E868D
:1060F000E286BED097B0FF0FE78000ED46468646A9
:1061000097B0FF0FE7808093864EC6488657465863
:10611000634DA06A7647265ABAC85257E35E07DA3B
:1061200001486257630F07244257630C0724C25685
:1061300062573347D70AE2563AC7B389E640C25698
:106140003387E6403AD87257631107244EDC014981
:1061500085B166476303072C62573386E4006342C8
:10616000C04616474A8A631A07501307E8FF3AD613
:10617000854642C4D2893E8B9A8B3ED8DE852285E5
:1061800036C7EF001008CA85AA8A2A8C2285EF102C
:106190004012DE85AA844E866E85EF104015AA85D2
:1061A000E30005D05C45938A0A03B5CF6E85EF0006
:1061B000B030854563C604588247DD8C91E4D247F0
:1061C0009C43858B638E075693041B00A6866355FC
:1061D000B000B25763940762A38F54FFBA471257B7
:1061E0006385E760A285814629466E85EF00F02D24
:1061F0002A84E30705CACA85814629466E85630E4F
:10620000390BEF00902C2A89E30C05C8CE85814616
:1062100029466E85EF00702BAA89E30305C8BA46AC
:10622000268B8506A1BF2AD02285EF1080088255D3
:106230002A8A6E85EF0050280247B365EA00639012
:10624000053AD24722479C43858BD98FA5F7930601
:1062500090034E8AC257D6895A875E836389DA32A1
:106260006357906A93091C03130D0002CA88230028
:1062700037015289930917009A856E853EC446C03E
:10628000EF0090238248A247630E0968E38908BCA7
:10629000E38728BDC6856E853EC0EF00F0218247AA
:1062A0007DBE81456E853EC0EF001021A247414D65
:1062B000330CF0408247BE899DB0EF0010212A893F
:1062C000E30005BEAA89A1BFA2856E853EDA1AD673
:1062D00042D0EF00706D2A84E30405BC3A47D257E0
:1062E0003253025829B6814A95473EC08547BECCF5
:1062F0006FF00FDD1257F2567D1763CFE61A338A1F
:10630000E6401257635F075A6257925602C7BA892E
:10631000158F3ADC81B4AA853A866E85EF00905AD3
:106320002A83E30F05B68247525813A72700F25776
:1063300019C3FD1485C082C2032703013EDA42D689
:1063400033476720084B1AD0EF003026D257325817
:10635000025359B43257825658430507E35DD7FCC0
:106360004257850905073AD80547BAC2F1B78547AC
:10637000998F3EDCE24782C602DE3ED8BEC26FF095
:106380004FD17257E259E30407DC7256A2856E853D
:10639000BEC042DAEF0010532A84E30305B08647FB
:1063A00052584EDC014929B402460547E344C7F47C
:1063B0004257725A36973AD86257B389E60059BAAB
:1063C0009A8522853ED842D61AD0EF00906E0253AD
:1063D0003258C257E35505A2A285814629466E85EB
:1063E0003ED61AD242D0EF00500E2A84E30A05AA04
:1063F000E24766470258FD173ECC1253B257631B63
:10640000074826476349E00002471327370001E7A2
:1064100026473AD2EDBA26473AD24A8BBE84125961
:106420000547C28A1A8ABE8B11A8A2856E85EF0025
:10643000D0092A84E30605A63A470507D2852285B6
:106440003AC7C123850493090503A38F34FFBA47D4
:1064500081462946E3CB27FD56885A895283DE8739
:106460008148630608260947630BE8281448054756
:106470006348D7125848631507123337E000131DDD
:10648000470013060003A68903C7F4FFFD14E30CBD
:10649000C7FEDDB3524482576FF06FE82247BE89D2
:1064A000414D1347F7FF3ACC65B282CC6FF0FF83C2
:1064B0008547BECC6FF07F83F25616463ADEB306B0
:1064C000D740B296B6C292561256625736C7C256D7
:1064D000B309C700014AB29636D8ADB8CA8552860C
:1064E0006E85BEC042DAEF00F03D2A89E30A059AC4
:1064F000AA8522866E85EF00D023E303059AA28544
:10650000AAC86E85EF00407B725746445258B307C5
:1065100047413EDE3E878647E30C07886FF0DF8702
:1065200092560657638806E6A6466352D0EE3A8531
:1065300037870010032687DB8326C7DBD285BED0D2
:1065400097A0FF0FE780406637870010032607DC1F
:10655000832647DCAA8A2E8BAAC82E8A97A0FF0F13
:10656000E780806437870010032687DC8326C7DC3A
:10657000B709C0FC97A0FF0FE780C0A8A647AE9957
:106580002A83BEC0FD57BED686576FF00FC01306D4
:10659000170093069003CA88B28452892300D7005B
:1065A0001306900319A0638A971083C6F4FFA68987
:1065B000FD14E38AC6FE85062380D400130D000275
:1065C00065B9CA856E853ED61AD042C4EF00D03D6B
:1065D00022480253B2572A89E31505B8D1B0D285B3
:1065E000D1BE3657130910030507BAD66FF04FD244
:1065F000130710032380E70081456E8593891700F8
:106600003EC05D2D8247094C130D00026FF02FD163
:10661000CA862A863EC497A0FF0FE780A09E024A42
:10662000924A2A8B5286D686AE8B97A0FF0FE780C0
:10663000E04003C9F9FFA247634AA00C5286D68600
:106640005A85DE853EC097B0FF0FE780800D8247F8
:1066500001E593F61400DDEA6247CE86414DBAD6D5
:106660009305000303C7F6FFB689FD16E30CB7FEDA
:106670003657130C17006FF08FCA832549006E85BB
:106680003ED61AD042C4F923AA84E30B0580032620
:1066900009019305C900310509060A06EFB07F9F7D
:1066A000A6856E850546EF00303022480253B2576A
:1066B0002A8AE31C05AA6FF0AFFE62479306100317
:1066C0002380D70005073ACC130D000275B6A285CA
:1066D00005466E853ECA1AC046C4EF00F02C2A84D7
:1066E000630005FC8245EF00D03C0243A248D2473C
:1066F000E348A0EA09E593F91900E39309EA14488D
:106700000547414DE34FD7D6584885BB6247BAD6B7
:106710006FF06FBEC657228A628481465285DE853D
:1067200001463EC097B0FF0FE780A0FFB657B336D3
:10673000A000139D4600138C170082476FF02FBEF8
:1067400022484E8AC257D6895A875E83630B080C4B
:106750001048854663D1C61889466304D8184A8B09
:10676000D2843A899A8ABE8B19A88523D6852A8431
:106770000509630705F27124CE8493090503A685F4
:106780005685EF00103381462946635EA01423002E
:106790003901A6856E85152BAA8981462946A285D1
:1067A0006E85638F09EEE3129BFC4E8B7DBF7647AF
:1067B0006659F654BAC85257C657D658265A6284F4
:1067C0000148635507C66FF0CFD301468146468521
:1067D000F6853EC097B0FF0FE780A0F43336A000E7
:1067E0008247CE86131D4600A5BD4E87CA88224823
:1067F000C257D689B6845E833A89A5B193069003C1
:10680000C2574E8A5A875E832686E384DAD89389F4
:106810001A0023003B01CA88A6895289130D000281
:10682000A1BC635DB002A28505466E853ECA1AC052
:106830003AC4EF0070172A84630405E68245EF002E
:10684000502702432247D247635CA00A9306900375
:10685000E38FD9D293091C03130800021048854620
:10686000414DE3C5C6A05448E39206A0428DFDBA4F
:106870001257F2567D17E3C1E6C41256C25632C70C
:10688000B29636D8F256338AE6406257B309C7004B
:106890006FF04FCCCA85814629466E853D212A89F5
:1068A000630005E0264702581253B2576347E000E1
:1068B000024713273700E30D07B426473AD26FF09B
:1068C000BF8992563AC7425736973AD86257B309AA
:1068D000D7006FF02FC85448E39006E8E345B0F4C2
:1068E00071B2414D61B2930690034A87268A5A8954
:1068F0005683DE87E38DD9C88509130D0002BDB22A
:1069000001E593F61900B9F21308000281BF10489F
:106910008546414DE3CCC6945448B336D000139D10
:106920004600A9B26247130C17006FF04F9FB7865D
:1069300000103785001041119386C690130505920B
:1069400001469305900306C6EFA05F93411122C450
:1069500006C6DD462A840547914763F3B6028607DB
:10696000938647013A860507E3FBD5FEB28550DCE6
:106970002285CD2411C9B24008DC22444101828025
:10698000232E05028145EDB75D37011122CC26CAC1
:1069900006CE5D48AA842E84054791476376D804C5
:1069A000860713854701BA850507E3FBA6FECCDC05
:1069B000268532C64524324615CD88DC834704003F
:1069C0002300F50095C793051400AA8703C70500A7
:1069D000850585072380E70075FB11C21CC2F240C4
:1069E0006244D24405618280232E05028145C9B7E5
:1069F000AA87E5B72D3F5C5D3317F02898C5DCC149
:106A000065AC03A805011C4963C507137D181386EF
:106A100045013343C820130E450183270300B343C8
:106A2000C82103A703007971850706D622D4B3587D
:106A3000F7026360F708B28F728F0144814283A727
:106A40000F00832E0F00110FB3C60708C18333C791
:106A50000E0893DE0E01910FB3861603B38717035A
:106A6000A29633C40608018FC18233075740935260
:106A70000749B697B3C607089696B386DE403347F4
:106A8000D708232EEFFE93D2064913D40701E378EB
:106A9000F3FB83A7030091EF9387C3FF6366FE00B8
:106AA00039A07D186375FE009843F1177DDB23281C
:106AB000050146C672CE1ACC32CA42C82A84EF00FB
:106AC000407FB24863420506724E624352464248D6
:106AD0008508F2850145984114429105B34707089E
:106AE000B3CE0608B387D741898F13D50749C18232
:106AF000AA964183158FB3C7E708110623AEF5FEAA
:106B000013550749E379C3FCB347C821984309EFFC
:106B1000F1176366FE0039A07D186375FE00984387
:106B2000F1177DDB23280401B250225446854561CC
:106B30008280014582800328050113DE55406347AA
:106B40000E0123280500232A050082801303450136
:106B5000FD89B3486820B3476E20A1C594439107CF
:106B6000B3D6B60063F41707930E0002B38EBE408F
:106B70001A869843110691073317D701558F232E94
:106B8000E6FE83A6C7FFB3D6B600E3E417FF3308DB
:106B9000C84133486820232ED8FE71188DC21108D1
:106BA00039A81A87E3FF17F9944391071107232E99
:106BB000D7FEE3EB17FF3308C84133486820B3071B
:106BC000684089871CC9E30068F8828054C9B5DA37
:106BD0001A881108EDB7144951058147B3C6A6209C
:106BE0006368D50035A01105938707026372D5024B
:106BF000184175DB637ED5007971680806D63EC6FC
:106C00003ACE012CB247B250AA973E8545618280A8
:106C10003E85828099C91DC695CA834706009CC1DE
:106C2000034506003335A000828041116C0009CE77
:106C300085C2834706009CC1034506003335A0008A
:106C400041018280014582800145DDBF7955828006
:106C50007955FDB77C41011106CE2A87AE8691CFCA
:106C6000B3C7F620884305C9184198C323280500F7
:106C700023260500F240056182802EC6130610020D
:106C800091452AC4EFA0EFE82247B246AA8768C31D
:106C900061F90145C5B7B317D028138657003A8567
:106CA0000A06854536C63EC4EFA0AFE67DD1B246A2
:106CB000A24754C11CC55DBF81C97841DC41B3C73F
:106CC000E720984398C18CC3828003A305012E8ED0
:106CD000138845018148832708001108850833C7B8
:106CE00007083307C702C183B387C7023697935695
:106CF000070133470708B697939607013697232E67
:106D0000E8FE93D60701E3C868FC99CA83278E0082
:106D1000635AF300B347C321D4CB050323286E0085
:106D20007285828083254E00011122CC850536C4F0
:106D30001AC272C006CE2A84313F024E1243A246C6
:106D40002A8739C503260E019305CE0031050906B1
:106D50000A0636C61AC472C23AC0EFB08FB3124EDA
:106D60007040224383274E00B246F240B3C7C7208B
:106D7000904362442320CE0023A0C701024EB347B4
:106D8000C321D4CB050323286E0072850561828060
:106D9000B7860010378500109386C6901305859638
:106DA00001469305A00BEFA06FCDAA87416701456F
:106DB00063F4E700C20741453707000163F4E700C9
:106DC0002105A2073707001063ECE70037070040F2
:106DD00063F9E70213972700634B07020D058280D2
:106DE00013974700B70600401105637DD7009A0747
:106DF00063CF070013971700E34207FE1305000255
:106E000082803E871347F7FF7D833A95828009058C
:106E100082801C4113F7770009CF93F617000147D2
:106E200099E613F7270035C785831CC105473A85C6
:106E3000828033C7070815E7C18393F6F70F4147F0
:106E400099E26147A18393F6F70095CE93F6370058
:106E500085C693F6170099E2050785831CC13A851C
:106E6000828013F7F70F1DC313F7F7000DEF1147DB
:106E7000918393F63700F1FE93D6274885C2898324
:106E800009071CC1E9BF11079183E5B72147A18319
:106E90005DBF898309471CC13A8582808D8381EB60
:106EA0001307000269B78D830D471CC14DBF0D0745
:106EB0001CC175B77C41011106CE2A87AE8689CFE9
:106EC000C84321C51841F240D8C385472326050091
:106ED00054C91CC9056182802EC613061002914553
:106EE0002AC4EFA00FC32247B246AA8768C369F934
:106EF000B7860010378500109386C69013058596D7
:106F0000014693055014EFA06FB73A857146854549
:106F100036C4EFA00FC069DDA246F24089471CC508
:106F20000547854758C12326050054C91CC905617A
:106F3000828001114EC652C483A90501032A0601AD
:106F400026CA4AC806CE22CC2E89B28463C749011C
:106F50005287AE844E8A3289BA899C44CC4033042D
:106F60003A01B3A78700BE95EFF0DFCE630F05129D
:106F70009308450133481421C68763F7080123A00D
:106F800007009107E3ED07FF9305490133C3B920DB
:106F900063FB650E938E4401B346DA21138E5401D0
:106FA00033BEC60133869640134E1E002D1609A827
:106FB00093DF0F01639B0F069105910863F5650C44
:106FC00083AF0500B3C30F08E38403FEC682F68FC8
:106FD000814483A70F0003AF0200910233C7070863
:106FE00033077702C18333490F08135F0F01910FF5
:106FF000B38777024A97269793540701FA97A69783
:107000003347F70823AEE2FE93D40701E3E3DFFC46
:10701000814763040E009377C6FFC697C4C383AF4E
:10702000050093DF0F01E3890FF883A70800C682EC
:10703000768FBE83814403570F0093D90301110F4C
:107040003307F70383A34200910233C9030826974D
:107050004E97B3C7E70823AEF2FE8357EFFF418395
:10706000B387F703CA97BA9793D40701E365DFFCA8
:10707000014763040E001377C6FF46975CC3910572
:107080009108E3EF65F26345800039A07D1409C4DF
:107090008327C8FF7118FDDBF24000C96244D24467
:1070A0004249B249224A05618280B786001037857D
:1070B00000109386C6901305859601469305201609
:1070C000EFA0CF9B011122CC4AC84EC606CE9377C3
:1070D00036003284AA892E89B5EF09842DC426CAC8
:1070E00083A40904C9C493771400058481EB884004
:1070F0001DC9AA84937714000584F5DB2686CA850A
:107100004E85053D630D090003A749048327490007
:10711000B3C7E72098432320E90023A0270109CC27
:107120002A89884079F52686A6854E85193588C036
:1071300023200500AA847DBFF2406244D244424924
:10714000B24905618280F2406244B2494A854249AF
:107150000561828037870010130707CAB3C7E7208D
:1071600003A6C7FF8146EFF05FB62A89BDB7854504
:107170004E85EFF03FAEAA8419C913071027854743
:1071800058C91CC923A0A90423200500A9BFB7869C
:107190000010378500109386C6901305859601462A
:1071A00093055014EFA08F8D79714AD003A9050182
:1071B0009C4552CC135A5640529922D426D24ECED8
:1071C00006D613041900AE84AA89CC4163D6870081
:1071D00086078505E3CE87FE4E8532C6EFF09FA772
:1071E00032465DC993054501635E400113075A00AD
:1071F0003347A720AE87910723AE07FEE39DE7FE46
:10720000B345BA2083A80401938744017D8AB3C89B
:10721000F82025C6130300023303C3402E8881469D
:107220009843110891073317C700558F232EE8FEA6
:1072300083A6C7FFB3D66600E3E417FF9387540124
:10724000014763E7F800B3889840AD1813F7C8FF0B
:10725000BA95D4C191E24A8403A74904DC40B250F4
:1072600000C9B3C7E72098432254025998C084C389
:10727000F2499254624A4561828098439107910590
:1072800023AEE5FEE3F917FD98439107910523AE80
:10729000E5FEE3E417FFC1B7B7860010378500109D
:1072A0009386C6901305859601469305E01DEF90E1
:1072B000FFFC18499C492A863305F7406318F702FA
:1072C0005106D105B3C5B720B3C7C72019A0637F46
:1072D000F60083A6C7FF03A7C5FFF117F115E388E2
:1072E000E6FE054563F4E6007D55828082809C4978
:1072F000184A011106CEAE8FB388E7406398E702C3
:10730000D10593064601B347B7203347D72019A0CC
:1073100063F7F51003A8C7FF8326C7FFF11771179E
:10732000E308D8FE6378D810854839A0E3CE08FE7C
:10733000B28781482E86BE8F4C427EC646C432C27A
:10734000EFF05F911246A248B24F63060510032E7C
:10735000060183A50F019302460113884F01930391
:10736000450123261501B34E5E201683B3C50521C2
:107370009E88814603270300032608009108B3472F
:107380000708334F0608B387E741B6974183418228
:1073900093D60741118F3697B3C7E708110823AE7C
:1073A000F8FE110393560741E366B8FC13865F01AC
:1073B000014763E7C500B385F541AD1513F7C5FF78
:1073C0003383E20011031E97B38853401A86130FCC
:1073D0004700637BD3031C42B3051601110633C774
:1073E0000708369713D807014187B6974297B3C766
:1073F000E7089CC193560741E36FD6FD1387FEFF54
:1074000033076740719B7A9791E78327C7FF71170E
:107410007D1EE5DFF2402328C5010561828081459C
:10742000EFF05F8301CDF2408547232A05001CC998
:1074300005618280B2877E86BE8FFDBDB786001053
:10744000378500109386C6901305859601469305EF
:107450007023EF90BFE2B786001037850010938647
:10746000C69013058596014693055024EF901FE1C1
:10747000797126D2044922D413044501B3C484206F
:107480004AD003A9C4FF4ECE2EC64A8506D6EFF0D9
:10749000DF91B24513070002B307A7409CC1A9477B
:1074A0009389C4FF63DAA706130655FF637D34038F
:1074B00083A784FF29C6B306C74033D7D700331943
:1074C000C9003369E900B397C7003707F03F138657
:1074D00084FF3367E9006378C40203A644FFB35610
:1074E000D600D58F0DA0AD47630AF5003319C9004A
:1074F0003707F03F3367E900814731A081473707FD
:10750000F03F3367E900B250225492540259F249D5
:107510003E85BA8545618280AD46898EB707F03FCA
:107520003357D9005D8F81476376340183A784FF89
:10753000B3D7D70055053319A900B367F900E1B7F0
:1075400091CD9307F00F63E6C7002380C500054582
:1075500082809307A0081CC17D55828001458280EE
:10756000411106C64AC089CD22C426C22E84AA84EF
:1075700019C15C59D9C78317C40089EB22449244CE
:10758000B24001494A85024941018280A28526858F
:10759000EFD02F8A5C542A8991C74C4C268582975C
:1075A000634605048357C40093F70708B1E70C58F6
:1075B00091C9930704046385F5002685EFA01FCFCA
:1075C000232804026C4091C52685EFA03FCE2322DC
:1075D0000404EFD0AFBD23160400EFD04FBDB2407E
:1075E000224492444A850249410182808357C40063
:1075F0007D5993F70708C5DF0C482685EFA01FCB00
:107600007DB7EFD02FB985BF0397C50093772700CB
:1076100081CB9387350405479CC19CC9D8C982801A
:10762000AE878395E5001971A2DC86DE2A8463C5E6
:10763000050630083EC4E920A247634D05049305C2
:1076400000402285A6DA3EC4F244EF90BFD6A2479E
:107650000397C70041C19306004013670708D4CBC6
:1076600093D6C4402396E70088C388CBBD8A0946D9
:107670006394C6088395E70022853EC47D28A2470F
:107680009316B0280397C70035C5719BD65413676E
:10769000170015A80397C70093557748FD1593F574
:1076A000053C9385050422853EC62EC4EF909FD0ED
:1076B000B247A2450397C70019CD1367070888C3CF
:1076C00088CBCCCB8146558F2396E700F650665485
:1076D00009618280D65493760720EDFA719B9386D8
:1076E00037041367270005462396E70094C394CB1D
:1076F000D0CBE9BFD654C1BFD6549316B028E1B75A
:107700004111AE8722C426C2B285AA843E8506C630
:1077100023A00182EF909FB5FD576307F500B240AB
:10772000224492444101828083A70182EDDBB24072
:1077300022449CC0924441018280411122C426C24D
:10774000AA842E8506C623A00182EF907FB2FD5742
:107750006307F500B240224492444101828083A72E
:107760000182EDDBB24022449CC092444101828000
:107770006C0300100C030010360300109E03001071
:10778000500300109C0300105E1000104C100010FD
:10779000120800104E0C0010CC02001084030010E0
:0C77A00000120010160700100401001079
:1077B000526177206A6F79737469636B2076616CAC
:1077C00075653A20783A253464202825312E3366B1
:1077D0002056290A0000000048617264206173731A
:1077E000657274000A2A2A2A2050414E4943202AF1
:1077F0002A2A0A000A0000004861726477617265F3
:1078000020616C61726D20256420616C7265616419
:107810007920636C61696D656400000052656C6578
:1078200061736500626F6F74325F77323571303823
:1078300030000000322E322E300000007761766575
:1078400073686172655F7270323335305F6C636488
:107850005F312E32380000006C616232620000003D
:107860004D61792031382032303236002C20667557
:107870006E6374696F6E3A20000000006173736577
:107880007274696F6E2022257322206661696C65AF
:10789000643A2066696C6520222573222C206C696D
:1078A0006E65202564257325730A0000494E460045
:1078B000696E66004E414E006E616E0030313233AB
:1078C000343536373839616263646566000000001C
:1078D0003031323334353637383941424344454606
:1078E00000000000286E756C6C2900004300000049
:1078F000504F5349580000002E000000496E666941
:107900006E697479000000004E614E0042616C6C3B
:107910006F632073756363656564656400000000D0
:10792000503A2F6275696C642F72697363762D67A4
:107930006E752D746F6F6C636861696E2F6E6577FD
:107940006C69622F6E65776C69622F6C6962632F58
:107950007374646C69622F6764746F612D646D6900
:1079600073632E6300000000503A2F6275696C64E7
:107970002F72697363762D676E752D746F6F6C63EC
:107980006861696E2F6E65776C69622F6E65776CC2
:1079900069622F6C6962632F7374646C69622F6D06
:1079A000707265632E63000006005250D3F075427A
:1079B0001C78001006005250E182887F2478001065
:1079C00006005250ABB3605334780010060052509A
:1079D000BBFF3CB63C78001006005250861C0302E8
:1079E00058780010060052505422A29D6078001072
:1079F00005005250DE65F468E8BB0010002020202E
:107A0000202020202020282828282820202020204E
:107A1000202020202020202020202020208810101E
:107A2000101010101010101010101010100404047A
:107A30000404040404040410101010101010414138
:107A40004141414101010101010101010101010126
:107A5000010101010101010110101010101042423A
:107A600042424242020202020202020202020202F6
:107A70000202020202020202101010102000000096
:107A800000000000000000000000000000000000F6
:107A900000000000000000000000000000000000E6
:107AA00000000000000000000000000000000000D6
:107AB00000000000000000000000000000000000C6
:107AC00000000000000000000000000000000000B6
:107AD00000000000000000000000000000000000A6
:107AE0000000000000000000000000000000000096
:107AF0000000000000000000000000000000000086
:107B00005A2D00102E2600102E260010502D001089
:107B10002E2600102E2600102E260010142D0010E8
:107B20002E2600102E260010962C0010B82C0010C7
:107B30002E260010AE2C0010D02C00102E26001087
:107B4000C62C001004260010042600100426001085
:107B5000042600100426001004260010042600103D
:107B600004260010042600102E2600102E260010D9
:107B70002E2600102E2600102E2600102E26001075
:107B80002E260010682700102E2600100C2C001046
:107B9000222C0010682700106827001068270010AA
:107BA0002E2600102E2600102E2600102E26001045
:107BB0009C3100102E2600102E260010702D001073
:107BC0002E2600102E2600102E260010442B00100A
:107BD0002E2600103A3100102E2600102E260010FE
:107BE000BA3600102E2600102E2600102E26001069
:107BF0002E2600102E2600102E2600102E260010F5
:107C00002E260010682700102E2600100C2C0010C5
:107C10008A2B0010682700106827001068270010C2
:107C2000602F00108A2B00103C2700102E26001019
:107C3000263100102E260010F2300010C430001043
:107C4000803000103C2700102E260010442B00101E
:107C500036270010742F00102E2600102E2600103C
:107C6000023700102E26001036270010303030303A
:107C70003030303030303030303030302020202044
:107C80002020202020202020202020207100000003
:107C900092BFFFFF8F3F00000100000000000000C6
:107CA00005000000190000007D0000000000000039
:107CB000000000000000F03F000000000000244031
:107CC00000000000000059400000000000408F400C
:107CD000000000000088C34000000000006AF84077
:107CE0000000000080842E4100000000D01263419B
:107CF0000000000084D797410000000065CDCD4111
:107D0000000000205FA00242000000E876483742F1
:107D1000000000A2941A6D42000040E59C30A2428F
:107D20000000901EC4BCD64200003426F56B0C4304
:107D30000080E03779C3414300A0D88557347643AB
:107D400000C84E676DC1AB43003D9160E458E1430C
:107D5000408CB5781DAF154450EFE2D6E41A4B4481
:107D600092D54D06CFF08044F64AE1C7022DB544C6
:107D7000B49DD9794378EA446740533A0000000043
:107D8000000000000000F83F61436F63A787D23F07
:107D9000B3C8608B288AC63FFB799F501344D33FFA
:107DA00004FA7D9D162D943C325A47551344D33F17
:107DB000000000000000F03F000000000000244030
:107DC00000000000000008400000000000001C400F
:107DD0000000000000001440000000000000E03F30
:107DE000A8790010B4790010C0790010CC79001087
:0C7DF000D8790010E4790010F079001040
:107DFC00370810007D18B377B80013D745013378D6
:107E0C00D80013DE46019358D5010E081353D60142
:107E1C001377F77F8E07137EFE7FFD81FD82B3E71C
:107E2C00F800336303010E050E063308C7419308AF
:107E3C00F07F6392D5246358000D63140E02B36671
:107E4C00C30091CE1308F7FF631908002A969A977E
:107E5C003335A600AA97054789A8631817012A8607
:107E6C00B5AAE30E17FF131373299306800363C798
:107E7C000609FD46130E000263CD0605330E0E41B6
:107E8C00B316C301B3580601331EC601B3E616017F
:107E9C00333EC001B3E6C601335803013386A60056
:107EAC003E98B336D600B307D8009396870063D8B4
:107EBC00061805079306F07F630CD71A9356160025
:107ECC00058A13957749558EFE075D8E93571500DD
:107EDC00BDA2930608FEB356D30081486308C801BF
:107EEC0093080004B3880841B3181301B3E8C80021
:107EFC00B3381001B3E6160101484DB7B366C300A1
:107F0C00B336D000D5BF6300080A3308EE4001EF4A
:107F1C0033E7A70011C79306F8FF8DDA631A18012F
:107F2C009A87428765A8630E1E4393977729C2866A
:107F3C00130780036344D7067D4793080002634A06
:107F4C00D702B388D840339717013358D500B318EC
:107F5C00150133670701B338100133671701B3D626
:107F6C00D7003A963337E6009A96B387E6007287C5
:107F7C002DBF138706FE33D7E7000148638816012F
:107F8C00130800043308D840339807013368A8005D
:107F9C0033380001336707018146E1B733E7A700A7
:107FAC003337E000D5BF9306170013F8E67F631B49
:107FBC000806B3E6A70039EF638B06383367C300B6
:107FCC00630907382A969A973335A600AA97139710
:107FDC008700635A07269397774905470D82939636
:107FEC00D701D18E1306F07F8D836319C700DD8E08
:107FFC00814789C6B7070800814681451377F77F0B
:10800C00B207B18352075D8FFE05B367B7003685A3
:10801C00BE858280638106343363C30063170324F7
:10802C002A861DAE638C16332A963335A6009A9792
:10803C00AA971397F7010582598E85833687937615
:10804C00760081CE9376F60011456388A600B306C0
:10805C00A60033B5C600AA97368693968700E3DF51
:10806C0006F605079306F07F93977749E318D7F642
:10807C0081470146A5B76352000D63110E08B36624
:10808C00C300E38E06DC1308F7FF631B08003306FE
:10809C00C540B38767403335C500898F0547A1A01C
:1080AC00E30F17DB9306800363C40609FD46130E2A
:1080BC00000263CA0605330E0E41B316C301B35852
:1080CC000601331EC601B3E61601333EC001B3E60A
:1080DC00C601335803013306D54033880741333585
:1080EC00C500B307A84093968700E3DA06F4B708F7
:1080FC008000FD18B3F81701328875A2E30117D779
:10810C001313732945B7930608FEB356D300814861
:10811C006308C80193080004B3880841B31813011D
:10812C00B3E8C800B3381001B3E61601014865B7CF
:10813C00B366C300B336D000D5BF630D080A33084D
:10814C00EE400DE733E7A70005C31307F8FF19EB63
:10815C003305A6403337A600B307F3402A86998F20
:10816C00B6852DBF63191801B6855DBB630A1E1F4A
:10817C009397772942879305800363C8E506FD45ED
:10818C009308000263CEE502B388E840B39517016B
:10819C003358E500B3181501B3E50501B3381001E8
:1081AC00B3E5150133D7E700B305B640B337B600D6
:1081BC003307E3402E86B307F740B685728725B7A1
:1081CC00930507FEB3D5B7000148630817011308E0
:1081DC0000043308E840339807013368A8003338AB
:1081EC000001B3E505010147C1B7B3E5A700B335FD
:1081FC00B000D5BF130817001378E87F631F08067B
:10820C0033EEA7003368C30021EF63170E009A8783
:10821C00631A08028145A9BD630D0812B308C54055
:10822C00333E1501338867403308C841131E88005C
:10823C0063510E023305A6403337A600B307F34053
:10824C002A86998FB6853367F600E30307E2014768
:10825C00FDB333E6080163090610C2874686E5B70D
:10826C00631A0E00B6856318080E8145B7074000E7
:10827C000146DDA0E30608DACDBF330EC540B33EA0
:10828C00C501B3886740B388D841939E8800728833
:10829C0063D50E063308A640B308F3403336060107
:1082AC00B388C840B6856381080693960860E116CA
:1082BC0093070002958FB398D800B357F800B3E733
:1082CC0017013316D80063C0E608998E1388160080
:1082DC007D471305000263450705330505413397B8
:1082EC00A700B35606013315A600558F3335A000F1
:1082FC003366A700B3D70701B9B733661E0145F63D
:10830C00814581470147D9B9931708609386870146
:10831C007D46E35FD6F8E117B317F800014665B761
:10832C008516B3D6D70001476308A80013070004CD
:10833C00330707413397E700518F3337E00033E6BB
:10834C00E600814709B7158F93977749CDB99A877E
:10835C00DDBD2A86CDBD9A87468749B1368709BBD4
:10836C00B6859A8772879DB98145814785B9411138
:10837C0093D845019397C50022C626C493F8F87F7D
:10838C00B183FD81638E08061307F07F6383E80CCD
:10839C001358D5018E073368F80013187829131F6A
:1083AC003500938818C0014E13D746019397C60029
:1083BC001377F77FB183FD8245CF1305F07F6301FF
:1083CC00A7101355D6018E07C98F939777291315CC
:1083DC003600130717C00143B388E84013172E006B
:1083EC00336767007D17B94E33C6D50063E7EE0ED1
:1083FC00B73E0020938ECE503347D72118430287C7
:10840C0033E8A700630E080485CB13970760930825
:10841C0057FF7548130387FF33081841B39767005C
:10842C00335805013368F800B31765009308D0C0C2
:10843C00B388E8403E8F85BF131805609308580138
:10844C00714313070802E35613FD61183318050135
:10845C00F1BF33E8A70063190800014F094EA9B713
:10846C00014F8148054E89B72A8F3E880D4E2DBF8E
:10847C0033E5C70021CD85CB13950760930E55FFCF
:10848C007543130785FF3303D341B397E700335389
:10849C0066003363F300B317E6001307D0C0098FEF
:1084AC003E859A870DBF13170660930E57017143D3
:1084BC0013050702E356D3FD61173313E600F1BF32
:1084CC0033E5C70001E98147094339B781470147C3
:1084DC00054319B732850D4301B763E607016318ED
:1084EC00F8246366AF249315F80113571F009316F5
:1084FC00FF011358180033EFE500139E87009355C6
:10850C008501B3E5C501135E0E01131385003355C8
:10851C00C803B3CE050893570F013378C8033387CC
:10852C00AE024208B3E7070163F8E700AE9763E4D5
:10853C00B70063E1E7207D15998F33D8C70333F774
:10854C00C703B38F0E033347EF086378F7012E97F9
:10855C006374F7016373B71E7D184205B36205019E
:10856C0093D702011358030133C50208334F030894
:10857C00B303E5033307F7413384E7033305A8025C
:10858C00B30F850013D503017E95B387070363747E
:10859C008500C16FFE97935F0501B3C303084205C5
:1085AC00BE9F1E956366F701631CF71963FAA61844
:1085BC00B383660033B4D300B304B4002697938717
:1085CC00F2FF9E8663E5E5000DE06390E5026366CD
:1085DC00F701639CEF0063FAA300B3067300938763
:1085EC00E2FFB3B26600AE921697B382A640330791
:1085FC00F741B3B65600158F7D55638CE50C33559A
:10860C00C7033377C703B38FAE029316070113D793
:10861C000201558F6378F7012E976364B70063638B
:10862C00F7137D153307F741B35FC7033377C703E0
:10863C00B38EFE0333C7E2086378D7012E976374B9
:10864C00D7016374B710FD1F93160501B3E6F6014D
:10865C0033C506083307D74193DE0601B30FAF02CB
:10866C00338FEE03B30ED8033308A8023305E801A9
:10867C0013D80F012A986374E8014165AA9E135E12
:10868C000801B3CF0F084208769E7E986366C70137
:10869C00631FC703630E080AB38EE5001385F6FF4C
:1086AC00768763E1BE0263E6CE016391CE03637B02
:1086BC0003011385E6FF9316130033B766002E975C
:1086CC0076973683631403016305C701AA8613E505
:1086DC0016001387F83F6352E00A9376750081CE3B
:1086EC009376F50091456388B600B306B500B3B533
:1086FC00A600AE9736859396770063D606009397BF
:10870C008749138708409306E07F63C6E61093966B
:10871C00D7010D81558D8D833244B2075207B18339
:10872C005D8F7E06A244B365C70041018280FD18AF
:10873C008146E1B37915AE9701B579182E9731BD05
:10874C00968765B579152E97F1BDF91F2E97EDBD5E
:10875C000143368585BF36861A8E0947630DEE0AAE
:10876C000D476303EE0A0547E315EEF68147014515
:10877C00ADA02E86C2877A85CDB735C3930690FC03
:10878C00E346D7FE8956634ED7048546998E938867
:10879C00E8413357D500331515013335A000B39894
:1087AC00170133651501498FB3D7D700937677003E
:1087BC0081CE9376F70091456388B600B306B70077
:1087CC00B3B5E600AE9736879396870063CA060466
:1087DC001395D7010D83598D8D83014735BF854680
:1087EC007DB70558B306E840B3D6D700814563067C
:1087FC0007019388E843B3951701C98DB335B000D1
:10880C0033E7B60081475DB7B7070800014513078A
:10881C00F07F014611B7814701451307F07FEDBD8D
:10882C00814701450547CDBD93D845013707100059
:10883C007D1713D8460193F8F87F9307F07F3373B5
:10884C00B7001378F87F758FFD81FD82638DF8007A
:10885C00130EF07FC287631FC801336EC700630B12
:10886C000E00F95731A0336EA300F957E3020EFE48
:10887C003E858280014E63960800336EA300133E42
:10888C001E0063130804B36EC70063080E00E38177
:10889C000EFE93971600FD17E1BF63990E02B30508
:1088AC00B04093E71500E9B7E3C508FFE36967FE3D
:1088BC006374A600E305E3FE6365C5008147E379B5
:1088CC00E3FA93971500C1BFE3150EFCE399B6FCD0
:1088DC00E35C18FDB306D04093E7160051BF93D864
:1088EC004501370710007D1713D8460193F8F87F20
:1088FC009307F07F3373B7001378F87F758FFD8182
:10890C00FD82638DF800130EF07FC287631FC801D0
:10891C00336EC700630B0E00894731A0336EA30082
:10892C008947E3020EFE3E858280014E6396080065
:10893C00336EA300133E1E0063130804B36EC7000E
:10894C0063080E00E3810EFE93971600FD17E1BF3E
:10895C0063990E02B305B04093E71500E9B7E3C580
:10896C0008FFE36967FE6374A600E305E3FE636535
:10897C00C5008147E379E3FA93971500C1BFE3156E
:10898C000EFCE399B6FCE35C18FDB306D04093E70C
:10899C00160051BF411193D745011398C50022C64B
:1089AC0026C44AC293F7F77F1358C800FD81C9CB80
:1089BC001307F07F6381E70E1357D5010E08336858
:1089CC00070113187829931E3500138317C0014F24
:1089DC0013D546019397C6001375F57FB183FD82BD
:1089EC0079C91307F07F6301E5121357D6018E077F
:1089FC00D98F9397772913173600130515C0014E9D
:108A0C003306A30013152F003365C501A9481303C2
:108A1C00160063C7A8128948B58D63C4A8107D15CC
:108A2C00854663E8A612728F8946630CDF368D4645
:108A3C006305DF3685466310DF268147814815A61E
:108A4C00B36EA80063810E06630A08021317086050
:108A5C00930857FFF547130387FFB3871741331864
:108A6C006800B357F500B3E707013318650013032B
:108A7C00D0C0C28E3303E3403E8891BF931705608C
:108A8C0093885701714313870702E35513FDE117D0
:108A9C00B317F500E9BFB36EA800639A0E00014846
:108AAC003E83094F35B701480143054F15B7AA8ED0
:108ABC003E830D4F31BF33E7C70029CF8DCB139EBB
:108ACC00076013055EFFF54813078EFFB388A840B7
:108ADC00B397E700B3581601B3E8F800B317E600F4
:108AEC001305D0C03E873305C541C68709BF131790
:108AFC00066013055701F148130E0702E3D5A8FCD5
:108B0C006117B318E600E9BF33E7C70001EB8147F3
:108B1C00094EFDB581470145054EDDB532870D4E39
:108B2C00C5B53315A0289378055363910802137FBC
:108B3C000524631E0F241375850801CDB685E5B594
:108B4C003D46630CC5242D46E30AC5FEC2877687D5
:108B5C00E1BD13DE0E0193560701B3CE0E08B343ED
:108B6C00070833877E02B30F7E0293580701338FB9
:108B7C00D6037E9FFA983305DE0263F4F801416F49
:108B8C007A953347070813D40801C208B3CF0708F6
:108B9C00BA9813D70701B382FE03B307FE0313DFA2
:108BAC000201B30ED703BE9E769F330EEE026374A2
:108BBC00FF00C1673E9EB3440808935E0F019317F4
:108BCC000F01135F0801B3C2020896973389740230
:108BDC00F29E3E94B3037F02935209013388E6035D
:108BEC00B38696029E96969663F47600416E7298C2
:108BFC00B382F40313DE0601429E13980601334937
:108C0C0009084A98B30FFF0393D60201330FE70309
:108C1C00330797027E97BA9663F4F60141673A9F41
:108C2C0013970601B3C2020822951697BA9EB33762
:108C3C00F500F6972A983E9E33B7EE003335A80020
:108C4C00B3BED7017295C1823367D7013697B3365D
:108C5C00FE00333EC501B3E6C601BA961317980061
:108C6C0033671701FA963337E00013587801A606DC
:108C7C0093577501336707012605498F13957600C5
:108C8C00D58F635C050693561700058BD98E139709
:108C9C00F701558F85839306F33F6352D006137605
:108CAC00770001CE1376F70011456308A600330652
:108CBC00A7003335E600AA973287139677006356E0
:108CCC00060093978749930603401306E07F634A97
:108CDC00D60C9398D7010D83B3E8E8008D83B207C7
:108CEC003244B183D206FE05DD8EB3E7B600A24452
:108CFC0012494685BE8541018280328369BFA5C673
:108D0C00130690FCE3CBC6D2095663C0C6060546D3
:108D1C00B306D6401303E3413356D700331767002D
:108D2C003337E0003393670033676700518FB3D755
:108D3C00D7009376770081CE9376F700114663883F
:108D4C00C600B306C70033B6E600B29736879396D3
:108D5C00870063CD06049398D7010D83B3E8E80030
:108D6C008D838146ADBF854675B705583306D8400F
:108D7C0033D6C7000145638606011303E3433395DD
:108D8C006700498F3337E000518F81475DB7B707D4
:108D9C0008009306F07F814599B7B7070800814812
:108DAC00CDBF814781489306F07F15BF814781482D
:108DBC00854635B7370810007D18B377B80033787F
:108DCC00D80013DE46010E081353D60113D7450104
:108DDC009358D5018E0733630301137EFE7F13086E
:108DEC00F07F1377F77FFD81B3E7F8000E05FD8266
:108DFC000E0663160E013368C3006314080093C695
:108E0C0016003308C7419308F07F6392B624635869
:108E1C00000D63140E02B366C30091CE1308F7FF66
:108E2C00631908002A969A973335A600AA97054726
:108E3C0089A8631817012A86B5AAE30E17FF131326
:108E4C0073299306800363C70609FD46130E0002BF
:108E5C0063CD0605330E0E41B316C301B35806019C
:108E6C00331EC601B3E61601333EC001B3E6C6019C
:108E7C00335803013386A6003E98B336D600B307A9
:108E8C00D8009396870063D8061805079306F07FE1
:108E9C00630CD71A93561600058A13957749558E8D
:108EAC00FE075D8E93571500BDA2930608FEB356C0
:108EBC00D30081486308C80193080004B3880841B3
:108ECC00B3181301B3E8C800B3381001B3E61601A8
:108EDC0001484DB7B366C300B336D000D5BF6300AD
:108EEC00080A3308EE4001EF33E7A70011C79306D9
:108EFC00F8FF8DDA631A18019A87428765A8630E0A
:108F0C001E4393977729C286130780036344D706C1
:108F1C007D4793080002634AD702B388D840339741
:108F2C0017013358D500B318150133670701B3384F
:108F3C00100133671701B3D6D7003A963337E600E2
:108F4C009A96B387E60072872DBF138706FE33D738
:108F5C00E700014863881601130800043308D84061
:108F6C00339807013368A8003338000133670701D1
:108F7C008146E1B733E7A7003337E000D5BF93064E
:108F8C00170013F8E67F631B0806B3E6A70039EF5A
:108F9C00638B06383367C300630907382A969A97A0
:108FAC003335A600AA9713978700635A0726939721
:108FBC00774905470D829396D701D18E1306F07F22
:108FCC008D836319C700DD8E814789C6B7070800FA
:108FDC00814681451377F77FB207B18352075D8FC6
:108FEC00FE05B367B7003685BE8582806381063483
:108FFC003363C300631703242A861DAE638C1633B8
:10900C002A963335A6009A97AA971397F7010582EB
:10901C00598E858336879376760081CE9376F600CB
:10902C0011456388A600B306A60033B5C600AA97FF
:10903C00368693968700E3DF06F605079306F07FE6
:10904C0093977749E318D7F681470146A5B7635242
:10905C00000D63110E08B366C300E38E06DC130823
:10906C00F7FF631B08003306C540B38767403335F1
:10907C00C500898F0547A1A0E30F17DB930680037A
:10908C0063C40609FD46130E000263CA0605330EBF
:10909C000E41B316C301B3580601331EC601B3E625
:1090AC001601333EC001B3E6C60133580301330643
:1090BC00D540338807413335C500B307A840939694
:1090CC008700E3DA06F4B7088000FD18B3F817013F
:1090DC00328875A2E30117D71313732945B793068A
:1090EC0008FEB356D30081486308C80193080004F6
:1090FC00B3880841B3181301B3E8C800B3381001A2
:10910C00B3E61601014865B7B366C300B336D000A9
:10911C00D5BF630D080A3308EE400DE733E7A7000F
:10912C0005C31307F8FF19EB3305A6403337A60028
:10913C00B307F3402A86998FB6852DBF63191801A2
:10914C00B6855DBB630A1E1F9397772942879305EB
:10915C00800363C8E506FD459308000263CEE50273
:10916C00B388E840B39517013358E500B3181501DF
:10917C00B3E50501B3381001B3E5150133D7E700AA
:10918C00B305B640B337B6003307E3402E86B307BA
:10919C00F740B685728725B7930507FEB3D5B700A0
:1091AC00014863081701130800043308E84033989A
:1091BC0007013368A80033380001B3E50501014706
:1091CC00C1B7B3E5A700B335B000D5BF130817007E
:1091DC001378E87F631F08063368C30033EEA700DB
:1091EC0021EF63170E009A87631A08028145A9BD07
:1091FC00630D0812B308C540333E15013388674030
:10920C003308C841131E880063510E023305A64073
:10921C003337A600B307F3402A86998FB685336798
:10922C00F600E30307E20147FDB333E608016309E7
:10923C000610C2874686E5B7631A0E00B68563181A
:10924C00080E8145B70740000146DDA0E30608DAA9
:10925C00CDBF330EC540B33EC501B3886740B3885C
:10926C00D841939E8800728863D50E063308A640B9
:10927C00B308F34033360601B388C840B685638122
:10928C00080693960860E11693070002958FB39831
:10929C00D800B357F800B3E717013316D80063C0F2
:1092AC00E608998E138816007D4713050002634566
:1092BC000705330505413397A700B356060133154F
:1092CC00A600558F3335A0003366A700B3D707012E
:1092DC00B9B733661E0145F6814581470147D9B9B7
:1092EC0093170860938687017D46E35FD6F8E117F4
:1092FC00B317F800014665B78516B3D6D7000147FA
:10930C006308A80013070004330707413397E700ED
:10931C00518F3337E00033E6E600814709B7158FEC
:10932C0093977749CDB99A87DDBD2A86CDBD9A87AB
:10933C00468749B1368709BBB6859A8772879DB92E
:10934C008145814785B913D745019397C50013779C
:10935C00F77F9306E03FB183FD8163D4E604930667
:10936C00D04163D7E600370500807D152E958280AD
:10937C00930630419397472963D1E6029306D7BEF3
:10938C00B397D700930630433387E6403355E50057
:10939C005D8D89C93305A0408280998E33D5D70065
:1093AC00CDBF0145828029C53307A0403367E50A4C
:1093BC001356F501931607601305E041A947158D67
:1093CC0063C3D702AD47958FD506B357F700331754
:1093DC00D700B207B18352055D8D7E06B367C50019
:1093EC00BE853A858280D516B317D7000147D5B70D
:1093FC0001468147E5BF59C5B307A040B367F50ADD
:10940C001356F501139707601305E0099D46198D56
:10941C0063DFE600A146630AD7066117B397E7003E
:10942C00A607A5835E055D8D7E06518D82809146D3
:10943C00954563C2E6049306B701B396D700998DA0
:10944C00B336D000B3D7B700D58F93F5770093968A
:10945C00A74999CDBD8B9145638CB700AE96939778
:10946C00560063D707001305F0099396A649198D8A
:10947C0093D7360075B7E30AB7FC9306B7FFB397DB
:10948C00D700E1B70146814761BF1305600949BFA9
:10949C009356750193F6F60F9387160013179500E4
:1094AC0093F7E70F25837D8185C393573700938608
:1094BC0006387607B207B183D206DD8E7E05B3E798
:1094CC00A600BE853A8582808DEA6DD7131607609B
:1094DC00A94763CEC700AD47918F93065601B3578A
:1094EC00F7003317D70093069038918EE1B79307A6
:1094FC0056FFB317F7000147FDB7814711C79357C4
:10950C0037009397372976079306F07F65B7B7072F
:10951C00100013D84501FD1713D346011378F87FBB
:10952C00930EF07F33F7B700AA8893DFF501F58F20
:10953C001373F37F13DFF6016317D801336EA700A3
:10954C00054563190E026315D301D18F05459DE3C3
:10955C00AD8E9397160091EF631D16010145638B39
:10956C00EF01054563180800336717013335E00038
:10957C008280054582808328C50003A3C5009441E1
:10958C00D0419845A16513D80801FD1593570301E7
:10959C003378B80033CE0808B3420308832E050095
:1095AC00832F4500032F8500411193D8F801ED8FCF
:1095BC001353F301631DB800B3E5DF01B3E5E50117
:1095CC00B3E5C5010545ADE16390070719A06399A3
:1095DC00B700B3E5C600D98DB3E555000545A9E53F
:1095EC00B386D6413386CF40B336D0003336C00075
:1095FC00B3870741D18EB337F0003307EF40D58FD7
:10960C003337E0005D8F1DE363125E020145638D0D
:10961C0068000545631A080033E5DF013365E50191
:10962C003365C5013335A000410182800545EDBF8E
:10963C005C45D44521677D1783A2050003A3450033
:10964C0083A3850093D5070113D60601F98D33CE7C
:10965C000708032F050083284500832F850041113F
:10966C00FD83798E93DEF601639AE50033E7E8011A
:10967C003367F7013367C701795521EF21677D17F0
:10968C00B3C6060832856318E600336753003367A8
:10969C007700558F29E3014789E933E7E801336700
:1096AC00F7013367C7011337170015EA3368530006
:1096BC00336878003368D80019C7630C0800139519
:1096CC001E007D1539A0631D08003305F04013659D
:1096DC001500410182807955EDBF0145DDBF65F371
:1096EC00E395FEFE3305D041E343B6FEE3C9C5FC6A
:1096FC00E3EDC6FD6312DE02E3E9F3FD639EF301C5
:10970C00E36513FD3307134163F3E2015DDF63E5AA
:10971C006800E3745FFC71F3139517005DB75C454B
:10972C00D44521677D1783A2050003A3450083A3BD
:10973C00850093D5070113D60601F98D33CE0708A2
:10974C00032F050083284500832F85004111FD83DD
:10975C00798E93DEF601639AE50033E7E80133670F
:10976C00F7013367C701094521EF21677D17B3C6A0
:10977C00060832856318E6003367530033677700B9
:10978C00558F29E3014789E933E7E8013367F7018E
:10979C003367C7011337170015EA33685300336872
:1097AC0078003368D80019C7630C080013951E00A5
:1097BC007D1539A0631D08003305F04013651500B5
:1097CC00410182800945EDBF0145DDBF65F3E3959D
:1097DC00FEFE3305D041E343B6FEE3C9C5FCE3ED21
:1097EC00C6FD6312DE02E3E9F3FD639EF301E3655C
:1097FC0013FD3307134163F3E2015DDF63E568009A
:10980C00E3745FFC71F3139517005DB703AFC500EC
:10981C0083AF0500DC4103A88500A168357133478F
:10982C000F0893560F01FD1822CF26CD4ACB4EC9F7
:10983C0052C756C55AC35EC1E2DEE6DCEADAEED8A0
:10984C00FEC8BECAC2CCFACE7ED03ED242D43AD6E4
:10985C00B3F61601032306004C42032E8600832E1A
:10986C00C6001356FF0163830668638B16751317C6
:10987C0007293AD61C1093084101D84703A8870042
:10988C00F1170E071358D8013367070198CBE396ED
:10989C00F8FEF1778E0F85077ED0BE968148216F3A
:1098AC0033C70E0893D70E017D1F9AC8AECAF2CCEF
:1098BC00F6CE1AD82EDA72DC3ADEB3F7E70113D8FB
:1098CC00FE0163890770638FE77D131707293ADE62
:1098DC00930E410218184C47032E870071178E0502
:1098EC00135EDE01B3E5C5010CCBE396EEFE71779A
:1098FC000E0305071AD8BA970147B6973EC68507D7
:10990C003EC493972800D98FA94663CDF67C89462F
:10991C00B34D060163C4F67AFD17854663FCF67CED
:10992C008258C25E93D9080193D60E01B3C80808B9
:10993C00B3CE0E0833861E03B385D90393570601A5
:10994C00338716032E97BA97338CD90263F4B7007A
:10995C0041673A9C525E3346060813D70701C2078B
:10996C00B29793540E01334E0E08B385C9033EC80B
:10997C00BEC833861403B3071E032E9693DF07016C
:10998C00B29FB38B990263F4BF004166B29B12582D
:10999C00B3C7070813D60F0113590801C20F334878
:1099AC000808BE9FB302D9037E97B307D80333834D
:1099BC00060313DF070116931A9FB38526036374FE
:1099CC005F0041639A95935A0F01AE9AB3C707088B
:1099DC00420F3E9FB3050E033303C90393D7050112
:1099EC00B38304039A939E97B382240363F46700B2
:1099FC0041639A9213D30701330453006253B3C5E6
:109A0C000508C207AE979353030133430308B3050C
:109A1C00130322CA3ECC3384690213DA0501B387DF
:109A2C001303A297D297B382790263F4870041643F
:109A3C00A29213DA0701B3C50508C207AE97A25567
:109A4C00169A3ECE13D40501B3C50508B382D503CF
:109A5C00330DD40393D70201338BB6026A9B3E9B22
:109A6C00B38C86026374AB01416DEA9C6297B33F81
:109A7C00F7017E965E96E2473A9FB29A3337EF0033
:109A8C005697135D0B01B3C20208420BDA9233BB3B
:109A9C00CA00B33A57013336F601B30FF700D24779
:109AAC00336B5B015A96B30AF600F24733B7EF00FB
:109ABC005697FE973A9AB3BFF701D29F33B6CA00B6
:109ACC00B33A57013337EA0033BA4F0133674701D2
:109ADC00725A336656013A96935A0A01334A0A0867
:109AEC0033071A03BE92EA9CFE9CB3B7F200E697CA
:109AFC00B3BFFC01B3BC9701B3EF9F01B29F338B93
:109B0C00490313560701FACA96CCB3881A03DA989C
:109B1C004696B389590363746601C168C699325B72
:109B2C009358060133470708C699420693580B0110
:109B3C00334B0B08B38B16033A96B3866603330785
:109B4C00DB03B38ED803135C0701F696E29663F43D
:109B5C00D601C16EF69B93DE060133470708C20699
:109B6C00DE9E369776CAB30668023ACCB30E69020B
:109B7C0013DC06013387030376976297B30B7902E4
:109B8C006374D701C16EF69B935E0701B3C60608DA
:109B9C004207DE9E3697330CC403B306BE02B38B6A
:109BAC00B40213DD0601E29BEA9BB38C840263F4DE
:109BBC008B01416CE29C13DC0B01B3C60608C20B93
:109BCC00DE96E24B3E96669CD24CFE99B337F6007D
:109BDC00CE97B29BBE9C33B6CB0066965E97B29E78
:109BEC00B33B7701F69BBA965E9CB3BFF90133B7D2
:109BFC00E600B3B93701B3B7FC00B33C9601B3E947
:109C0C003F0133B6CE00B3E79701B3BEDB016297D9
:109C1C00CE973366D601B33E7C01333C87013E962A
:109C2C00B3EE8E01B30F6402B29EB6CE3306B3020E
:109C3C00B38BB30293570601FE9BDE97B389830265
:109C4C0063F4F701C16FFE9993DF070133460608F1
:109C5C00C207B297CE9F33060A03B30B490393593D
:109C6C00060133880A035E98C2993309590363F4D9
:109C7C0079014168429913D8090133460608C20993
:109C8C00B29942993306CB03B38B140313580601D4
:109C9C00338EC803B3846403F29426986374C801AA
:109CAC00416EF29B135E0801334606084208B3046A
:109CBC00440332985E9E3306BA02B385BA02935BB4
:109CCC000601A695DE953304540363F49500C16434
:109CDC00269493D40501269433460608C205B29502
:109CEC00B3046B02B38B130313D6040133836802E2
:109CFC00B38363039A931E966374660041639A9BC5
:109D0C00BA97F69F33B7E7007E97BE993A99B3B7E7
:109D1C00F900B303F900B387090133086A031E9EE7
:109D2C00BED0B3B73701F297B3BEDF01B33FF70133
:109D3C003337E90033B9230133672701338A4803EA
:109D4C00B3337E00B3EEFE0133BEC701BA9EB3E35C
:109D5C00C301BE9513530601F6934206B3881A034A
:109D6C00B3C404081E942696B3B7F500A2972E969A
:109D7C005E933E93B2D2B38A6A033336B6001A9618
:109D8C0013570801B333740033B48700B337F300AF
:109D9C0033336600B3E38300B3E76700D29A569778
:109DAC0063744701C165AE989355070133480808A1
:109DBC00420742979E953297AE973336C7003E9630
:109DCC00C2474696B606B3E7E701B3E2F200B2D655
:109DDC00BAD4B3E656009C088C10D847904B4D83F0
:109DEC003606518F98C39107E399F5FEC647B336F3
:109DFC00D0007647DD8EE647BAC6B6C0BEC4D6479D
:109E0C00BEC29317B70063D60732FE069C00130838
:109E1C00C1049043CC430582FE054D8E90C391073F
:109E2C00E319F8FE8647FD820583D58FBAC6BEC0FE
:109E3C0022479167FD17BA976350F0300647937627
:109E4C00770095CA9376F70011466386C602B3066F
:109E5C00C7001337C7FFB6C093361700164736979F
:109E6C00BAC23337D700A6463697BAC43337D700B1
:109E7C00B6463697BAC636479316B70063D806006F
:109E8C00A246131747499167BAC6B69794001308B0
:109E9C00C1049042CC420D82F6054D8E90C29106C3
:109EAC00E319D8FEA166F91663CCF63C0D83BAC64D
:109EBC00364786451646231EE1041397FD00D98FBD
:109ECC00231FF104A646F6477A440CC150C114C5B1
:109EDC005CC5EA445A49CA493A4AAA4A1A4B8A4BBF
:109EEC00765CE65C565DC65D0D618280B3E6F7017B
:109EFC00B3E60601D98E8548E383069A29C3131766
:109F0C000760130847FF935658401378F8017C10EC
:109F1C006309080493020002939F2600B382024156
:109F2C00130F0102B387F7416316FF069387F6FF01
:109F3C0082567E9FB39606012320DF0099A063070B
:109F4C000800131808601307080265BF91C79397A0
:109F5C0007601387070475B7939F0F6013870F066D
:109F6C004DB7F158B38816030D48338F1701032FE3
:109F7C000F007D18F11723A2E701E358D8FE938751
:109F8C00F6FFFD56130801026396D702F176C5065B
:109F9C00998E29B283A8070083A3C7FF3384F701E6
:109FAC00B3980801B3D35300B3E87800232014010D
:109FBC00F1179DBFB3C8072123A00800FD17E9B70F
:109FCC00B3E7F701B3E70701D98F8948E389078C19
:109FDC008D48F1B0B3E76500B3E7C701D98FF9CB72
:109FEC0029C313170760130347FF9355534013738B
:109FFC00F3017C1863090304930F0002139F2500DF
:10A00C00B38F6F40930E0103B387E7416396FE064F
:10A01C009387F5FFC255FA9EB395650023A0BE0049
:10A02C0099A063070E0013170E601307070265BF94
:10A03C0091C5139705601307070475B713170360D1
:10A04C00130707064DB7715E338EC5030D43B38EF0
:10A05C00C70183AE0E007D13F11723A2D701E3587D
:10A06C00B3FE9387F5FFFD55130301036396B70207
:10A07C00F177C507998F49B003AE070083A2C7FFDC
:10A08C00B383E701331E6E00B3D2F201336E5E0070
:10A09C0023A0C301F1179DBF33CE672023200E00F0
:10A0AC00FD17E9B7B3E56500B3E5C5014D8F09E7C9
:10A0BC000947A1B0054791B00D4781B0B317F028FF
:10A0CC0093F60753A1E293F6870885E693F70724E6
:10A0DC00E3880784A167BEC682C482C282C0FD1712
:10A0EC00814DF9B3BD46E387D7FEAD46B28D639B78
:10A0FC00D700C28DC257BEC0D257BEC2E257BEC433
:10A10C00F25709A882574687BEC09257BEC2A257C3
:10A11C00BEC4B257BEC689476304F7168D47E30B1E
:10A12C00F7FA8547E316F7D082C682C482C282C092
:10A13C002DAAB2473EC4EDB9B1C71307D0F863C816
:10A14C00E71285469D8E13D656409800FD8A931EC5
:10A15C0026003348E620BA8581476317B8020D48BC
:10A16C003308C84085EABA85B388D50183A80800AE
:10A17C00850623A015019105E358D8FE9146338638
:10A18C00C64091A08546C1B783A805009105B3E7E9
:10A19C001701E1B7B308D70183A808001303000225
:10A1AC003303D340B3986800B3E71701014E634EF5
:10A1BC000E0191453386C540B6453348E820B3D6E9
:10A1CC00D5002320D80091463DA083A8050003AFFD
:10A1DC004500B38FD541B3D8D800331F6F00B3E817
:10A1EC00E80123A01F01050E9105D1B7B345E62068
:10A1FC0023A005000506E31BD6FE8646B337F00008
:10A20C00D58FBEC093F677008DCA93F6F7006386A0
:10A21C00C60293864700B6C0964693B7C7FF93B75E
:10A22C001700B697BEC2B3B7D700A646B697BEC442
:10A23C00B3B7D700B646B697BEC6B6469397C60018
:10A24C0063D8070082C682C482C282C085478DB1A2
:10A25C009305C7001C4350438D837606D18F1CC3D6
:10A26C001107E399E5FE8D82B6C6814791B1164779
:10A27C008647D98F2647D98F3647D98FFDD76DB5ED
:10A28C00A16782C682C482C282C0FD1715B11D713E
:10A29C009845A6CCC445D44183A805003ADC3ACCF9
:10A2AC0033C7040836DA26DE36CA3ACE14081397BA
:10A2BC001400FD801C42032E460003238600832FCE
:10A2CC00C600CACA935E1701A2CECEC8D2C6D6C4E7
:10A2DC0046D846C82686130F410036873689032890
:10A2EC00C7000C4771170E08F5813368B800232896
:10A2FC000701E316EFFE33C70F0893030102939592
:10A30C0038003AD613971F001ADC7EDE1AD493520B
:10A31C0017012EC83ED872DA3ED072D293DFFF01FD
:10A32C00130341011E871E840328C700832887005E
:10A33C0071170E0893D8D801336818012328070128
:10A34C00E314E3FE8E0721673ED07D17639BE2008A
:10A35C0022581257336707013258336707015D8F54
:10A36C0019E393CF1F0033885E40639F9F54635360
:10A37C0000255243624E724F63920206925FA256C0
:10A38C00B25233E7DF00336757005D8F19E32ED8E5
:10A39C00B9A41307F8FF0DEFB388F5007E93B3B59E
:10A3AC00B8009A952EDAB33FF301B3B56500369E2B
:10A3BC00B3EFBF00F29F7EDCB336DE00B3BFCF013C
:10A3CC0046D8B3E6F601B387E201BE960548E9AA82
:10A3DC00A167FD17E31FF83E2ED8B9A4A167FD179E
:10A3EC006398FE0C2ED81ADA72DC7ADE7688C257A5
:10A3FC0013F7770015CB13F7F70091466306D702D6
:10A40C003387D7003AD8525793B7C7FF93B7170083
:10A41C00BA973EDAB3B7E7006257BA973EDCB3B7E8
:10A42C00E7007257BA973EDEF2571397C700635A8C
:10A43C000700216705087D17E306E838939737492D
:10A44C003EDE18189308C10314434C438D82F60565
:10A45C00CD8E14C31107E399E8FEA1661387F6FFAE
:10A46C008D83631EE800D25542574D8FE2554D8FB8
:10A47C00D98F91C702DC02DA02D8B68701462316BF
:10A48C00F10093171801C5833E065D8E2317C1009A
:10A49C00C255D2566257B24776440CC154C118C546
:10A4AC005CC5E6445649C649364AA64A25618280AF
:10A4BC00B257939737293ED693074007E3CF07311E
:10A4CC004287935757401379F70193992700B3C6E6
:10A4DC0077201E8781486393E6028D469D8E631517
:10A4EC0009023387330118430509910323AEE3FEB8
:10A4FC00E3D926FF1147B307F7403DA8032807000F
:10A50C001107B3E80801C1BF3388330103280800E1
:10A51C00930F0002B38F2F413318F801B3E80801F1
:10A52C00814263CDD2001147B307F7403257B3C60F
:10A53C0076203357270198C2114735A0032807000E
:10A54C004443330A374133582801B394F401336838
:10A55C00980023200A0185021107E1B7B3C68720B2
:10A56C0023A006008507E39BE7FE8257B338100152
:10A57C00B3E8F8009257AE98A2563E93B3B5B80024
:10A58C009A952EDAB337F300B3B56500369ECD8FAE
:10A59C00F2973EDCB336DE00B3B7C701DD8EB2579F
:10A5AC0046D87688FA97BE969397C60063C0072E56
:10A5BC0036DE35BD1253225E325F630908183388CC
:10A5CC00D241639C0E065247E24FF24EB368F7013C
:10A5DC00B3E8D801B3E8B800639708003ED81ADA9C
:10A5EC0072DC7ADE29B59303F8FF639A0302B38811
:10A5FC00F5003A93B3B5B8009A952EDA3337E300E9
:10A60C00B3B565007E9E4D8F72973ADCB336FE0172
:10A61C003337C70146D8D98EB387EE017DB3216796
:10A62C007D17E312E81C3ED81ADA72DC7ADEA167D9
:10A63C001388F7FF6DBBAE87FDB721677D17E384E9
:10A64C00E2FE7247131737293ACE13074007E3404F
:10A65C00071BC2831307000233C7E3023688814805
:10A66C00814563C5E5028D4413F4F301998C93196C
:10A67C00270005E4B38536018C4105048CC2910694
:10A68C00E3DA84FE91463387E640B1A0832E0800BE
:10A69C0085051108B3E8D801E9B793050002B3E3C7
:10A6AC00B3023368070A3348D82003280800814FC7
:10A6BC00B38575403318B800B3E808013388360108
:10A6CC0063CD9F0091453387E540F245B3C6D42056
:10A6DC00B3D585008CC28D463DA0832E0800832304
:10A6EC004800330A3841B3DE8E00B393B300B3EEA7
:10A6FC007E002320DA01850F1108D9B7B345272135
:10A70C0023A005000507E3DBE6FE4247B338100142
:10A71C00B3E8E8005247BE98E2463A93B3B7F80064
:10A72C00B305F3002EDAB337E300B3B56500369EFC
:10A73C00CD8FF2973EDCB336DE00B3B7C701DD8EAA
:10A74C00F24746D81688FA97BE96B9BD13881E00F4
:10A75C0093161801C9825247E24FF248E9EA33686E
:10A76C00F701336818013368B80063990E06631655
:10A77C0008003ED81ADA72DC29A83368C3013368A2
:10A78C00E8013368F800631908002ED83ADA7EDC49
:10A79C00468F7ADE0148A1B9B386F5003A9336D8D4
:10A7AC00B3B6B6009A963337E30036DAB3B6660022
:10A7BC007E9ED98EF29636DCB337FE01B3B6C60157
:10A7CC00D58F3387E801338FE7009317CF00E3D29F
:10A7DC0007FC131F3F497ADE054811B9630F0800C7
:10A7EC003363C3013363E3013363F300631C03007E
:10A7FC002ED83ADA7EDC46DE1DBDBE851A87F28F76
:10A80C00FA88FDB7A1673EDE02DC02DA02D81C181A
:10A81C005010D8479447F1170E07F582558F98CBF7
:10A82C00E319F6FEA1671388F7FF0146C9B6B38694
:10A83C00F5003A9336D8B3B6B6009A9636DA333773
:10A84C00E300B3B666007E9E558F72973ADCB33741
:10A85C00FE013337C701D98F3387E801BA973EDE43
:10A86C0018189308C10314434C438582FE05CD8E02
:10A87C0014C31107E399E8FE21677D1785836310E4
:10A88C00E87402DE02DC02DA02D895B693963649F9
:10A89C0036DE0508FE081C181303C1039843CC438D
:10A8AC000583FE054D8F98C39107E319F3FEC2573C
:10A8BC0093D8F8018582B3E717013ED8A16736DE3D
:10A8CC00FD17E316F8B275BF6354001D5243624E78
:10A8DC00724F639102089258A25F3257B3E6F801A7
:10A8EC00D98EDD8EE38506AA9306F8FFB9E6B3860A
:10A8FC00F540B3071341B388684033B8D50093B81B
:10A90C001800B385074133781801B337F300B3E768
:10A91C0007013388CF41B308FE4113381800338345
:10A92C00F840B3F70701B3381E013307EF40B3E823
:10A93C00F8003307174105482DAAA167FD17E30856
:10A94C00F8A49307400763D4D70202D602D402D2EC
:10A95C008546C1A8A167FD17E38FFECCB25793972C
:10A96C0037293ED693074007E3C107FFC28693D72A
:10A97C00564093F4F6019399270033C777201E892C
:10A98C008146631327030D471D8F8DE433883301F4
:10A99C00032808008504910323AE03FFE35897FEB8
:10A9AC001147B307F74081A0032809001109B3E64A
:10A9BC000601C1BF33883301032808009308000245
:10A9CC00B388984033181801B3E60601814F63CE63
:10A9DC00EF001148B307F84032583347772033580B
:10A9EC0098002320070111473DA00328090083226A
:10A9FC004900330A394133589800B3921201336835
:10AA0C00580023200A01850F1109D1B733C88720BC
:10AA1C00232008008507E39BE7FE8257B336D0005E
:10AA2C00DD8E1257A258B386D540B307E3403307E7
:10AA3C00674033B8D50013371700B3850741337817
:10AA4C00E800B337F300B3E70701325733081E4170
:10AA5C00B388C84193B818003303F840B3F7170113
:10AA6C0033380E013368F8003307EF4033070741E2
:10AA7C0076883ADE1ADC2EDA36D89317C700E3D87C
:10AA8C000796B7070800FD177D8F3ADEC28E51AED0
:10AA9C009253A2583254630B081A3388D2416395EF
:10AAAC000E085243E24E7247336ED301336EEE0002
:10AABC00336EBE0063180E003ED81EDA46DC22DE72
:10AACC007E8635B2130FF8FF63160F04338663408E
:10AADC00B386B74033037340B3B7D70013331300B7
:10AAEC00B305F640B3F7670033B6C300D18F338696
:10AAFC001E413388D841133616003303F840F18FCA
:10AB0C0033B808013307E4403368F80033070741D2
:10AB1C007E8615B521677D176311E84E3ED81EDA87
:10AB2C0046DC22DE7E8621B621677D17E388E2FEB5
:10AB3C007247131737293ACE130740076343074D63
:10AB4C00428F130600023346CF02B685014E0147F1
:10AB5C006345C7020D479374FF01118F93192600AB
:10AB6C0085E4B38536018C4185048CC29106E35A89
:10AB7C0097FE11473306C740B1A003A8050005078F
:10AB8C009105336E0E01E9B793050002336FBF02D6
:10AB9C003368060A3348D82003280800814EB38551
:10ABAC00E5413318B800336E0E013388360163CD9E
:10ABBC00EE003347D720F24691453386C540B3D6D5
:10ABCC00960014C30D473DA003230800032F480033
:10ABDC00330A384133539300331FBF003363E3010F
:10ABEC0023206A00850E1108D9B7B346262123A06D
:10ABFC0006000506E35BC7FE4247B336C001D98E9B
:10AC0C0052466248B386D7403387C34033067640FA
:10AC1C00B3B7D70013361600B305F740F18F33B72F
:10AC2C00E300D98F33860841724733081841133833
:10AC3C0018003303F640B3F7070133B6C8005D8E36
:10AC4C003307E440118F16887E8625B513871E00C6
:10AC5C0093161701C9825243624E724FA162639AD6
:10AC6C00061233E71301B366C301418FB3E6E60165
:10AC7C005D8FCD8E63920E0C99EA3337E0003ED88F
:10AC8C001EDA46DC22DE3376F7016FF04FF619E35D
:10AC9C002ED8CDB4330773403386F540B3B6C50018
:10ACAC0013391700B309D740B30E1E41B3F6260172
:10ACBC003337E300558F93B21E00338AEE4033F7DF
:10ACCC00E200B33EDE01B3EEEE0033078F403307F4
:10ACDC00D7413ADE52DC4EDA32D89316C70063D332
:10ACEC000604B385B740B3B7B7003383634033076B
:10ACFC00F34033B36300B3F727013363F300338EB0
:10AD0C00C841B3B8C801B3F262003304E441B3E8FC
:10AD1C00580033041441330E6E4022DE72DC3ADAF2
:10AD2C002ED879BB3366360133664601598E3336DD
:10AD3C00C000658E6FF0AFEB9DEA0DE316DE02DC12
:10AD4C0002DA02D81C185010D8479447F1170E0796
:10AD5C00F582558F98CBE319F6FEE9B43ED81EDA8E
:10AD6C0046DC22DE7E861388F2FF6FF04FE8630527
:10AD7C0007E616DE02DC02DA02D81C185010D8479F
:10AD8C009447F1170E07F582558F98CBE319F6FE11
:10AD9C0051BC33077340B384F540B3B69500933977
:10ADAC001700330AD740B3021E413337E300B3F622
:10ADBC003601D98E13B91200B38AD240B376D900BA
:10ADCC00B3325E00B3E2D20033078F4033075740F3
:10ADDC003ADE56DC52DA26D89316C70063D806083A
:10ADEC00B385B740B3B7B70033836340B306F340C2
:10ADFC00B3F7370133B363003363F300338EC841C9
:10AE0C00B3B8C801337923013307E441B3E828010F
:10AE1C0033071741330E6E403ADE72DC36DA2ED829
:10AE2C007E8629CF13170760511793050002137301
:10AE3C00F701B346B7027C1863060306139E26007F
:10AE4C0093080103B387C7413368B702B385054143
:10AE5C00639BF8069387F6FFC256F298B39666008A
:10AE6C0023A0D800FD561303010359A0B3E74401F6
:10AE7C00B3E75701D98FE38A079A65B7625711C7B1
:10AE8C00131707601307070245B7525711C713175B
:10AE9C0007601307070449BF4257131707601307CE
:10AEAC00070659B77158338806038D45B3880701D7
:10AEBC0083A80800FD15F11723A21701E3D8D5FECE
:10AECC009387F6FF45B703A8070003AFC7FFB38FFF
:10AEDC00C70133186800335FBF003368E80123A053
:10AEEC000F01F117B5B7B3C5672023A00500FD17F7
:10AEFC00E39BD7FE6340D70DB307D741850713D724
:10AF0C0057401A88FD8B931E2700B34567209A86FD
:10AF1C00814F6392D5028D45998D85E7B306D80193
:10AF2C00944285071108232ED8FEE3D9F5FE9147EC
:10AF3C003387E7403DA883A806009106B3EF1F01B5
:10AF4C00C9BF3308D3010328080093080002B38853
:10AF5C00F84033181801B3EF0F01014E634DBE00DA
:10AF6C0091463387E640F256B3C56520B3D6F6005A
:10AF7C0094C191473DA003A8060003AF4600B382DD
:10AF8C00D6413358F800331F1F013368E80123A062
:10AF9C000201050E9106D9B7B346672023A006001F
:10AFAC000507E31BF7FE4257B337F001D98F3ED8A4
:10AFBC006FF04FFEF2573388EE40939737493EDEE1
:10AFCC006FF0EFC202DE02DC02DA02D881476FF0CA
:10AFDC004FC79307400763D6E7CE02D602D402D2FE
:10AFEC0085486FF02FD913074007635577E602CEDB
:10AFFC0002CC02CA85486FF0EFF113074007E35209
:10B00C00E7B502CE02CC02CA8546DDBE1841832EBE
:10B01C004500032E85004845D045A166FD16135802
:10B02C0005019C4103A3450083A885003378D80013
:10B03C00935506014111F58D631BD8003367D70179
:10B04C00334505083367C701498F054519EF21675B
:10B05C007D170145639BE50033E5670033651501FA
:10B06C0033460608518D3335A000410182801841CA
:10B07C005C455441011110453AC03AC8139717006A
:10B08C0036C293561701116732C43EC632CC7917BB
:10B09C000145635CD7001167750713D8F701635836
:10B0AC00D700370500807D154295056182801167B8
:10B0BC00B3C707081307F706158F939707299355FE
:10B0CC0057403ECE7D8B080819EBB3C5A5209C419B
:10B0DC003EC84245E30B08FC3305A040F9B789484C
:10B0EC008146639C150193060002998EB396D70096
:10B0FC003356E600D18E36C88546B3C6A620B3D7E4
:10B10C00E7009CC2F9B70111DDC1B307B040B3E74A
:10B11C00F50A93D8F501916513970760F905998D98
:10B12C0013071705935657403EC802CA02CC02CEED
:10B13C007D8B1308010115C309466398C6061306D7
:10B14C000002198E33D6C70032CE1386F6FFB397A2
:10B15C00E700B3C606219CC229A80D47158F3347BB
:10B16C00072118433ACE09473A866394E6003ECC51
:10B17C0005460A0623200800232208007116914771
:10B18C006363F60002CCF2474246D2462316F10026
:10B19C009397F800CD8F2317F1006247B24710C187
:10B1AC0054C118C55CC5056182808D4679BF02CE3D
:10B1BC0002CC02CA02C88148F9B71357460193174B
:10B1CC00C6001377F77F0111B183930617002EC8C1
:10B1DC003ECA02CE02CC93F6E67F7D82B1C2916666
:10B1EC00938606C0369793D6470036CEF20793D691
:10B1FC004500D58FF2053ECC2ECA02C8F2473E065A
:10B20C00598E2316F1002317C1004248D245E2465D
:10B21C00B247232005014CC114C55CC50561828071
:10B22C00B3E6B7005DEBF9DA9DCF9397076013880F
:10B23C001703935658401378F8017808630A0802EC
:10B24C00130E000213932600330E0E41130F01014F
:10B25C00330767406313E7071A9733980501FD1608
:10B26C00232007012DA09396066093870602C1B791
:10B27C007158338806038D45B308070183A808006D
:10B28C00FD15711723221701E3D8D5FEFD1685068F
:10B29C008A06A145180863E8B6002320070023227C
:10B2AC000700E1163808914563E4B6002320070037
:10B2BC0011671307C7C01D8F91B783280700832E12
:10B2CC00C7FFB30F6700B3980801B3DECE01B3E834
:10B2DC00D80123A01F017117B5BF91CE1397C701D9
:10B2EC0093D645009183558FF2059397F7283ACC66
:10B2FC002ECA02C83ECE21677D1709B7260A002048
:10B30C007C090020660900207C090020180A002016
:10B31C007C09002066090020260A0020260A00204D
:10B32C00180A0020660900208209002082090020EA
:10B33C0082090020180A0020000000000000000014
:10B34C00000000000000000000000000D83D0020BC
:10B35C0000000000000000000000000000000000E1
:10B36C0000000000000000000000000000000000D1
:10B37C006F00001A00000000000000006F00601950
:10B38C000000000000000000000000006F004018EA
:10B39C000000000000000000000000005D7106C00D
:10B3AC0016C21AC41EC62AC82ECA32CC36CE3AD001
:10B3BC003ED242D446D672D876DA7ADC7EDE73255B
:10B3CC001034F3250030AAC0AEC2736651BEB2C4AD
:10B3DC0073E540BE6341050273600430B73500204D
:10B3EC00AA9583A50565E78005007370043073E5A5
:10B3FC0040BEE35305FE06459645264673101534AC
:10B40C0073900530731056BE824092422243B24371
:10B41C00D2456246F246025792572258B258425EC3
:10B42C00D25E625FF25F732540BEE35005FA42457F
:10B43C00616173002030000000000000000000007B
:10B44C002437002024370020243700202437002004
:10B45C0024370020243700202437002024370020F4
:10B46C0024370020243700202437002024370020E4
:10B47C0024370020243700202437002024370020D4
:10B48C0024370020243700202437002024370020C4
:10B49C0024370020243700202437002024370020B4
:10B4AC0024370020243700202437002024370020A4
:10B4BC002437002024370020243700202437002094
:10B4CC002437002024370020243700202437002084
:10B4DC002437002024370020243700202437002074
:10B4EC002437002024370020243700202437002064
:10B4FC002437002024370020243700202437002054
:10B50C002437002024370020243700202437002043
:10B51C0002900290098102900000000000000000DF
:10B52C002837002028370020303700203037002003
:10B53C0038370020383700204037002040370020B3
:10B54C004837002048370020503700205037002063
:10B55C005837002058370020603700206037002013
:10B56C0068370020683700207037002070370020C3
:10B57C007837002078370020803700208037002073
:10B58C008837002088370020903700209037002023
:10B59C009837002098370020A0370020A0370020D3
:10B5AC00A8370020A8370020B0370020B037002083
:10B5BC00B8370020B8370020C0370020C037002033
:10B5CC00C8370020C8370020D0370020D0370020E3
:10B5DC00D8370020D8370020E0370020E037002093
:10B5EC00E8370020E8370020F0370020F037002043
:10B5FC00F8370020F83700200038002000380020F1
:10B60C00083800200838002010380020103800209E
:10B61C00183800201838002020380020203800204E
:10B62C0028380020283800203038002030380020FE
:10B63C0038380020383800204038002040380020AE
:10B64C00483800204838002050380020503800205E
:10B65C00583800205838002060380020603800200E
:10B66C0068380020683800207038002070380020BE
:10B67C00783800207838002080380020803800206E
:10B68C00883800208838002090380020903800201E
:10B69C009838002098380020A0380020A0380020CE
:10B6AC00A8380020A8380020B0380020B03800207E
:10B6BC00B8380020B8380020C0380020C03800202E
:10B6CC00C8380020C8380020D0380020D0380020DE
:10B6DC00D8380020D8380020E0380020E03800208E
:10B6EC00E8380020E8380020F0380020F03800203E
:10B6FC00F8380020F83800200039002000390020EC
:10B70C000839002008390020103900201039002099
:10B71C001839002018390020203900202039002049
:10B72C0028390020283900203039002030390020F9
:10B73C0038390020383900204039002040390020A9
:10B74C004839002048390020503900205039002059
:10B75C005839002058390020603900206039002009
:10B76C0068390020683900207039002070390020B9
:10B77C007839002078390020803900208039002069
:10B78C008839002088390020903900209039002019
:10B79C009839002098390020A0390020A0390020C9
:10B7AC00A8390020A8390020B0390020B039002079
:10B7BC00B8390020B8390020C0390020C039002029
:10B7CC00C8390020C8390020D0390020D0390020D9
:10B7DC00D8390020D8390020E0390020E039002089
:10B7EC00E8390020E8390020F0390020F039002039
:10B7FC00F8390020F8390020003A0020003A0020E7
:10B80C00083A0020083A0020103A0020103A002094
:10B81C00183A0020183A0020203A0020203A002044
:10B82C00283A0020283A0020303A0020303A0020F4
:10B83C00383A0020383A0020403A0020403A0020A4
:10B84C00483A0020483A0020503A0020503A002054
:10B85C00583A0020583A0020603A0020603A002004
:10B86C00683A0020683A0020703A0020703A0020B4
:10B87C00783A0020783A0020803A0020803A002064
:10B88C00883A0020883A0020903A0020903A002014
:10B89C00983A0020983A0020A03A0020A03A0020C4
:10B8AC00A83A0020A83A0020B03A0020B03A002074
:10B8BC00B83A0020B83A0020C03A0020C03A002024
:10B8CC00C83A0020C83A0020D03A0020D03A0020D4
:10B8DC00D83A0020D83A0020E03A0020E03A002084
:10B8EC00E83A0020E83A0020F03A0020F03A002034
:10B8FC00F83A0020F83A0020003B0020003B0020E2
:10B90C00083B0020083B0020103B0020103B00208F
:10B91C00183B0020183B0020203B0020203B00203F
:10B92C00000000009C3F0020044000206C400020E0
:10B93C0000000000000000000000000000000000FB
:10B94C0000000000000000000000000000000000EB
:10B95C0000000000000000000000000000000000DB
:10B96C0000000000000000000000000000000000CB
:10B97C0000000000000000000000000000000000BB
:10B98C0000000000000000000000000000000000AB
:10B99C00000000000000000000000000000000009B
:10B9AC00000000000000000000000000000000008B
:10B9BC00000000000000000001000000000000007A
:10B9CC000E33CDAB34126DE6ECDE05000B0000003F
:10B9DC00000000000000000000000000000000005B
:10B9EC00000000000000000000000000000000004B
:10B9FC00000000000000000000000000000000003B
:10BA0C00000000000000000000000000000000002A
:10BA1C00000000000000000000000000000000001A
:10BA2C00000000000000000000000000000000000A
:10BA3C0000000000000000000000000000000000FA
:10BA4C0000000000030000009C3F002043000000A9
:10BA5C0000000000000000000000000000000000DA
:10BA6C000000000000000000000000004300000087
:10BA7C0000000000000000000000000000000000BA
:10BA8C000000000000000000000000004300000067
:10BA9C00000000000000000000000000000000009A
:10BAAC000000000000000000000000004300000047
:10BABC00000000000000000000000000000000007A
:10BACC000000000000000000000000004300000027
:10BADC00000000000000000000000000000000005A
:10BAEC000000000000000000000000004300000007
:10BAFC00000000000000000000000000000000003A
:10BB0C0000000000000000000000000043000000E6
:10BB1C000000000000000000000000000000000019
:10BB2C000000000000000000000000004075001044
:10BB3C00146C001000000000FC790010F878001064
:10BB4C00D4770010D4770010D4770010D47700107D
:10BB5C00D4770010D4770010D4770010D47700106D
:10BB6C00D4770010FFFFFFFFFFFFFFFFFFFFFFFF7A
:10BB7C00FFFF000001004153434949000000000051
:10BB8C0000000000000000000000000000000000A9
:10BB9C000000000000004153434949000000000030
:10BBAC000000000000000000000000000000000089
:10BBBC00000000000000000010000000FFFFFFFF6D
:08BBCC0000000200303B0020E4
:10BBD400D3DEFFFFFE010000FF0100004044FFFF31
:04BBE400793512ABF2
:0400000510000034B3
:00000001FF
